GW,week,player_key,player,team,Pos,mins,xG_scaled,xA_scaled,xPts,fixtures_in_week,MC_MeanPts,MC_StdPts,MC_Floor,MC_P25,MC_P75,MC_Upside,MC_CaptainMean,MC_CaptainUpside,MC_P1_Return,MC_P2_Return,Bracket_LE_2,Bracket_3_to_6,Bracket_7_to_9,Bracket_10_to_14,Bracket_15_plus,MC_MinPts,MC_MaxPts
35,1,aaron hickey|brentford,Aaron Hickey,Brentford,DEF,75.0,0.047338,0.050916,2.96862,1,2.7845,2.851957178851043,0,1,5,7,5.569,14,0.0898,0.0038,0.6848,0.21,0.0813,0.0214,0.0025,-3,21
35,1,aaron ramsdale|newcastle united,Aaron Ramsdale,Newcastle United,GK,0.0,0.0,0.0,0.0,1,0.0,0.0,0,0,0,0,0.0,0,0.0,0.0,1.0,0.0,0.0,0.0,0.0,0,0
35,1,aaron wan-bissaka|west ham,Aaron Wan-Bissaka,West Ham,DEF,90.0,0.0,0.05258,2.418198,1,2.4606,2.367286978800838,0,1,4,6,4.9212,12,0.0454,0.0012,0.6741,0.2581,0.0619,0.0057,0.0002,-3,17
35,1,abduqodir khusanov|manchester city,Abduqodir Khusanov,Manchester City,DEF,75.0,0.022574,0.023965,3.457349,1,3.2617,2.823900336414159,1,1,6,7,6.5234,14,0.044,0.0008,0.5769,0.2938,0.1136,0.0136,0.0021,-3,18
35,1,adam armstrong|wolverhampton wanderers,Adam Armstrong,Wolverhampton Wanderers,FWD,60.0,0.083119,0.09593,2.560296,1,1.8324,2.0139290553542346,0,0,2,5,3.6648,10,0.118,0.0109,0.8817,0.0754,0.0357,0.0068,0.0004,-1,17
35,1,adam smith|bournemouth,Adam Smith,Bournemouth,DEF,15.0,0.0,0.014778,0.987332,1,0.3867,0.6546473172632727,0,0,1,1,0.7734,2,0.0107,0.0001,0.9896,0.0102,0.0002,0.0,0.0,-3,8
35,1,adam wharton|crystal palace,Adam Wharton,Crystal Palace,MID,75.0,0.030013,0.155783,2.697645,1,2.6466,2.047561583933436,1,1,3,5,5.2932,10,0.1562,0.0142,0.6594,0.2806,0.0475,0.0122,0.0003,-2,15
35,1,adama traoré|west ham,Adama Traoré,West Ham,MID,15.0,0.020729,0.027223,1.120315,1,0.6582,1.0895745775301477,0,0,1,1,1.3164,2,0.0346,0.0011,0.9656,0.0248,0.0092,0.0004,0.0,-2,11
35,1,adrien truffert|bournemouth,Adrien Truffert,Bournemouth,DEF,90.0,0.04744,0.136378,4.188018,1,4.1561,3.121559352310957,1,2,6,8,8.3122,16,0.1454,0.0124,0.4505,0.352,0.1465,0.0449,0.0061,-3,24
35,1,alejandro garnacho|chelsea,Alejandro Garnacho,Chelsea,MID,15.0,0.050445,0.058925,1.402334,1,0.8776,1.5907917022665161,0,0,1,1,1.7552,2,0.07,0.0072,0.9301,0.0445,0.0212,0.0041,0.0001,-2,15
35,1,alejandro jiménez|bournemouth,Alejandro Jiménez,Bournemouth,DEF,90.0,0.056926,0.099676,3.2324,1,3.3882,3.072832693135114,0,1,6,7,6.7764,14,0.1319,0.0092,0.5555,0.3201,0.088,0.0325,0.0039,-4,21
35,1,alex iwobi|fulham,Alex Iwobi,Fulham,MID,90.0,0.033542,0.082592,2.480668,1,2.4867,1.5075885081811948,2,2,2,4,4.9734,8,0.0958,0.0056,0.7748,0.1886,0.0311,0.0053,0.0002,-1,16
35,1,alex murphy|newcastle united,Alex Murphy,Newcastle United,DEF,0.0,0.0,0.0,0.0,1,0.0,0.0,0,0,0,0,0.0,0,0.0,0.0,1.0,0.0,0.0,0.0,0.0,0,0
35,1,alex scott|bournemouth,Alex Scott,Bournemouth,MID,90.0,0.140136,0.142934,4.259004,1,4.1741,2.7111970031703714,2,2,5,8,8.3482,16,0.2253,0.0269,0.343,0.4893,0.1092,0.0537,0.0048,-1,25
35,1,alex tóth|bournemouth,Alex Tóth,Bournemouth,MID,0.0,0.0,0.0,0.0,1,0.0,0.0,0,0,0,0,0.0,0,0.0,0.0,1.0,0.0,0.0,0.0,0.0,0,0
35,1,alexander isak|liverpool,Alexander Isak,Liverpool,FWD,75.0,0.328037,0.066354,3.436444,1,3.4534,2.8934457727768113,1,2,6,7,6.9068,14,0.3041,0.0554,0.6959,0.14,0.1166,0.0431,0.0044,-2,25
35,1,alexis mac allister|liverpool,Alexis Mac Allister,Liverpool,MID,75.0,0.105556,0.043058,2.66609,1,2.5545,2.109935958743772,1,2,3,6,5.109,12,0.1282,0.0075,0.7383,0.1763,0.0722,0.0122,0.001,-2,21
35,1,alisson|liverpool,Alisson,Liverpool,GK,0.0,0.0,0.0,0.0,1,0.0,0.0,0,0,0,0,0.0,0,0.0,0.0,1.0,0.0,0.0,0.0,0.0,0,0
35,1,alphonse areola|west ham,Alphonse Areola,West Ham,GK,0.0,0.0,0.0,0.0,1,0.0,0.0,0,0,0,0,0.0,0,0.0,0.0,1.0,0.0,0.0,0.0,0.0,0,0
35,1,altay bayindir|manchester united,Altay Bayindir,Manchester United,GK,0.0,0.0,0.0,0.0,1,0.0,0.0,0,0,0,0,0.0,0,0.0,0.0,1.0,0.0,0.0,0.0,0.0,0,0
35,1,alysson edward|aston villa,Alysson Edward,Aston Villa,FWD,0.0,0.0,0.0,0.0,1,0.0,0.0,0,0,0,0,0.0,0,0.0,0.0,1.0,0.0,0.0,0.0,0.0,0,0
35,1,amad diallo traore|manchester united,Amad Diallo Traore,Manchester United,MID,30.0,0.071291,0.067049,1.514296,1,0.9625,1.7522253707785422,0,0,1,1,1.925,2,0.0835,0.0074,0.9163,0.0527,0.0253,0.0054,0.0003,-2,18
35,1,amadou onana|aston villa,Amadou Onana,Aston Villa,MID,75.0,0.110948,0.027909,3.235671,1,3.1449,2.3589624816855395,1,2,4,6,6.2898,12,0.1184,0.0079,0.5461,0.3571,0.0684,0.026,0.0024,-2,18
35,1,amine adli|bournemouth,Amine Adli,Bournemouth,MID,15.0,0.049361,0.023022,1.277539,1,0.8219,1.4940483225116916,0,0,1,1,1.6438,2,0.0538,0.0032,0.9459,0.031,0.0204,0.0026,0.0001,-2,19
35,1,andrew robertson|liverpool,Andrew Robertson,Liverpool,DEF,15.0,0.014419,0.015212,1.071429,1,0.298,1.035275808661634,0,0,1,1,0.596,2,0.0229,0.0005,0.9779,0.0137,0.0073,0.0011,0.0,-4,12
35,1,andrey santos|chelsea,Andrey Santos,Chelsea,MID,60.0,0.078579,0.037037,2.622238,1,1.9283,2.2055745532627093,0,0,3,4,3.8566,8,0.08,0.0047,0.7352,0.2075,0.0457,0.0108,0.0008,-1,20
35,1,andrés garcía|aston villa,Andrés García,Aston Villa,DEF,0.0,0.0,0.0,0.0,1,0.0,0.0,0,0,0,0,0.0,0,0.0,0.0,1.0,0.0,0.0,0.0,0.0,0,0
35,1,andré|wolverhampton wanderers,André,Wolverhampton Wanderers,MID,75.0,0.016068,0.034549,2.578269,1,2.4892,1.6895216364403267,1,1,3,5,4.9784,10,0.0464,0.0016,0.5952,0.3805,0.0192,0.0049,0.0002,-2,17
35,1,andy irving|west ham,Andy Irving,West Ham,MID,0.0,0.0,0.0,0.0,1,0.0,0.0,0,0,0,0,0.0,0,0.0,0.0,1.0,0.0,0.0,0.0,0.0,0,0
35,1,angel gomes|wolverhampton wanderers,Angel Gomes,Wolverhampton Wanderers,MID,60.0,0.025183,0.038657,2.34858,1,1.6052,1.5856648321760813,0,0,2,3,3.2104,6,0.0453,0.0017,0.8135,0.1652,0.0185,0.0027,0.0001,-1,15
35,1,angus gunn|nottingham forest,Angus Gunn,Nottingham Forest,GK,0.0,0.0,0.0,0.0,1,0.0,0.0,0,0,0,0,0.0,0,0.0,0.0,1.0,0.0,0.0,0.0,0.0,0,0
35,1,anthony elanga|newcastle united,Anthony Elanga,Newcastle United,MID,60.0,0.066703,0.108332,2.82852,1,2.0405,2.279837658694145,0,0,2,5,4.081,10,0.1253,0.0117,0.7594,0.1788,0.0481,0.0123,0.0014,-1,21
35,1,anthony gordon|newcastle united,Anthony Gordon,Newcastle United,MID,0.0,0.0,0.0,0.0,1,0.0,0.0,0,0,0,0,0.0,0,0.0,0.0,1.0,0.0,0.0,0.0,0.0,0,0
35,1,antoine semenyo|manchester city,Antoine Semenyo,Manchester City,MID,90.0,0.301158,0.090236,4.084204,1,4.1921,3.316745029392522,2,2,6,9,8.3842,18,0.2974,0.0525,0.4482,0.3078,0.169,0.0604,0.0146,-1,24
35,1,anton stach|leeds,Anton Stach,Leeds,MID,75.0,0.109761,0.341284,4.078246,1,4.0281,3.021342481414512,1,2,6,8,8.0562,16,0.3385,0.0655,0.4014,0.4166,0.1204,0.0546,0.007,-2,24
35,1,antonee robinson|fulham,Antonee Robinson,Fulham,DEF,90.0,0.003411,0.036552,2.173798,1,2.1731,2.231173769566145,0,1,3,6,4.3462,12,0.0359,0.0004,0.7287,0.2161,0.0499,0.0053,0.0,-4,13
35,1,antoni milambo|brentford,Antoni Milambo,Brentford,MID,0.0,0.0,0.0,0.0,1,0.0,0.0,0,0,0,0,0.0,0,0.0,0.0,1.0,0.0,0.0,0.0,0.0,0,0
35,1,ao tanaka|leeds,Ao Tanaka,Leeds,MID,60.0,0.113907,0.130498,3.347187,1,2.5244,2.830159825875563,0,0,3,7,5.0488,14,0.1565,0.0202,0.6087,0.2863,0.0773,0.0235,0.0042,-1,22
35,1,archie gray|tottenham,Archie Gray,Tottenham,MID,75.0,0.087473,0.128612,2.76724,1,2.7481,2.2888963257430426,1,1,3,6,5.4962,12,0.1872,0.0165,0.6801,0.2262,0.0758,0.0168,0.0011,-2,22
35,1,armando broja|burnley,Armando Broja,Burnley,FWD,60.0,0.095863,0.030742,2.435786,1,1.7081,1.8989192689527379,0,0,2,2,3.4162,4,0.0885,0.0062,0.9112,0.046,0.0375,0.0049,0.0004,-1,16
35,1,arnaud kalimuendo muinga|nottingham forest,Arnaud Kalimuendo Muinga,Nottingham Forest,FWD,0.0,0.0,0.0,0.0,1,0.0,0.0,0,0,0,0,0.0,0,0.0,0.0,1.0,0.0,0.0,0.0,0.0,0,0
35,1,arthur masuaku|sunderland,Arthur Masuaku,Sunderland,FWD,0.0,0.0,0.0,0.0,1,0.0,0.0,0,0,0,0,0.0,0,0.0,0.0,1.0,0.0,0.0,0.0,0.0,0,0
35,1,ashley barnes|burnley,Ashley Barnes,Burnley,FWD,15.0,0.066858,0.0,1.228073,1,0.7739,1.359183133356208,0,0,1,1,1.5478,2,0.0478,0.0036,0.9522,0.0352,0.01,0.0024,0.0002,-2,16
35,1,axel disasi|west ham,Axel Disasi,West Ham,DEF,90.0,0.090851,0.00022,2.514964,1,2.5843,2.902187711020774,0,1,4,7,5.1686,14,0.0763,0.0026,0.7216,0.1712,0.0828,0.0208,0.0036,-4,22
35,1,axel tuanzebe|burnley,Axel Tuanzebe,Burnley,DEF,75.0,0.030568,0.0,2.147192,1,2.03,2.4112444919584575,0,1,3,6,4.06,12,0.0267,0.0004,0.7237,0.2096,0.0564,0.0091,0.0012,-4,19
35,1,ayden heaven|manchester united,Ayden Heaven,Manchester United,DEF,15.0,0.003255,0.006137,0.965965,1,0.2617,0.7126100686911462,0,0,1,1,0.5234,2,0.0075,0.0,0.9924,0.0057,0.0018,0.0001,0.0,-3,10
35,1,bafode diakite|bournemouth,Bafode Diakite,Bournemouth,DEF,0.0,0.0,0.0,0.0,1,0.0,0.0,0,0,0,0,0.0,0,0.0,0.0,1.0,0.0,0.0,0.0,0.0,0,0
35,1,bart verbruggen|brighton,Bart Verbruggen,Brighton,GK,90.0,0.0,0.000946,3.207007,1,2.9398,2.2928096214033995,1,1,4,7,5.8796,14,0.0011,0.0,0.5937,0.2837,0.1198,0.0028,0.0,-3,11
35,1,bashir humphreys|burnley,Bashir Humphreys,Burnley,DEF,15.0,0.00341,0.006023,0.895198,1,0.073,0.7814544132577408,-1,0,0,1,0.146,2,0.0082,0.0,0.9922,0.0056,0.0021,0.0001,0.0,-5,10
35,1,ben davies|tottenham,Ben Davies,Tottenham,DEF,0.0,0.0,0.0,0.0,1,0.0,0.0,0,0,0,0,0.0,0,0.0,0.0,1.0,0.0,0.0,0.0,0.0,0,0
35,1,ben doak|bournemouth,Ben Doak,Bournemouth,FWD,0.0,0.0,0.0,0.0,1,0.0,0.0,0,0,0,0,0.0,0,0.0,0.0,1.0,0.0,0.0,0.0,0.0,0,0
35,1,ben white|arsenal,Ben White,Arsenal,DEF,15.0,0.011386,0.044401,1.17296,1,0.583,1.0815317840914338,0,0,1,1,1.166,2,0.0385,0.0014,0.9619,0.0303,0.007,0.0007,0.0001,-3,16
35,1,ben winterburn|bournemouth,Ben Winterburn,Bournemouth,MID,0.0,0.0,0.0,0.0,1,0.0,0.0,0,0,0,0,0.0,0,0.0,0.0,1.0,0.0,0.0,0.0,0.0,0,0
35,1,bendito mantato|manchester united,Bendito Mantato,Manchester United,MID,0.0,0.0,0.0,0.0,1,0.0,0.0,0,0,0,0,0.0,0,0.0,0.0,1.0,0.0,0.0,0.0,0.0,0,0
35,1,benjamin sesko|manchester united,Benjamin Sesko,Manchester United,FWD,60.0,0.362128,0.022034,3.454638,1,2.6757,3.231923500022858,0,0,2,7,5.3514,14,0.2365,0.0491,0.7635,0.0901,0.0992,0.0415,0.0057,-1,21
35,1,benoit badiashile mukinayi|chelsea,Benoit Badiashile Mukinayi,Chelsea,DEF,0.0,0.0,0.0,0.0,1,0.0,0.0,0,0,0,0,0.0,0,0.0,0.0,1.0,0.0,0.0,0.0,0.0,0,0
35,1,bernardo silva|manchester city,Bernardo Silva,Manchester City,MID,75.0,0.058813,0.124351,2.775949,1,2.6885,2.098444126013366,1,1,3,6,5.377,12,0.1588,0.0126,0.6217,0.3101,0.0531,0.0138,0.0013,-2,18
35,1,bernd leno|fulham,Bernd Leno,Fulham,GK,90.0,0.0,0.0,2.492044,1,2.1845,2.0530123599238266,0,1,3,6,4.369,12,0.0,0.0,0.7318,0.2064,0.0608,0.001,0.0,-5,12
35,1,bertrand traoré|sunderland,Bertrand Traoré,Sunderland,MID,0.0,0.0,0.0,0.0,1,0.0,0.0,0,0,0,0,0.0,0,0.0,0.0,1.0,0.0,0.0,0.0,0.0,0,0
35,1,beto|everton,Beto,Everton,FWD,60.0,0.250175,0.018919,2.904773,1,2.1599,2.650986984124969,0,0,2,6,4.3198,12,0.1732,0.0247,0.8257,0.0796,0.0722,0.0205,0.002,-1,18
35,1,borna sosa|crystal palace,Borna Sosa,Crystal Palace,DEF,0.0,0.0,0.0,0.0,1,0.0,0.0,0,0,0,0,0.0,0,0.0,0.0,1.0,0.0,0.0,0.0,0.0,0,0
35,1,boubacar kamara|aston villa,Boubacar Kamara,Aston Villa,MID,0.0,0.0,0.0,0.0,1,0.0,0.0,0,0,0,0,0.0,0,0.0,0.0,1.0,0.0,0.0,0.0,0.0,0,0
35,1,bradley burrowes|aston villa,Bradley Burrowes,Aston Villa,MID,0.0,0.0,0.0,0.0,1,0.0,0.0,0,0,0,0,0.0,0,0.0,0.0,1.0,0.0,0.0,0.0,0.0,0,0
35,1,brajan gruda|brighton,Brajan Gruda,Brighton,MID,0.0,0.0,0.0,0.0,1,0.0,0.0,0,0,0,0,0.0,0,0.0,0.0,1.0,0.0,0.0,0.0,0.0,0,0
35,1,brenden aaronson|leeds,Brenden Aaronson,Leeds,MID,75.0,0.221361,0.240658,4.252819,1,4.2195,3.371931160329344,1,2,6,9,8.439,18,0.346,0.0743,0.4231,0.3534,0.1432,0.0664,0.0139,-2,26
35,1,brennan johnson|crystal palace,Brennan Johnson,Crystal Palace,MID,75.0,0.111754,0.045741,2.660875,1,2.5734,2.187192821860935,1,2,2,6,5.1468,12,0.1339,0.0098,0.7691,0.1357,0.0798,0.0135,0.0019,-2,18
35,1,brian brobbey|sunderland,Brian Brobbey,Sunderland,FWD,60.0,0.149313,0.042853,2.572496,1,1.8092,2.176188263914683,0,0,2,5,3.6184,10,0.1212,0.0132,0.879,0.0634,0.0467,0.0104,0.0005,-1,17
35,1,bruno fernandes|manchester united,Bruno Fernandes,Manchester United,MID,90.0,0.300269,0.475103,5.221843,1,5.3132,3.8877893152793144,2,2,8,11,10.6264,22,0.4986,0.1545,0.3673,0.3102,0.1809,0.1105,0.0311,-1,27
35,1,bruno guimarães|newcastle united,Bruno Guimarães,Newcastle United,MID,90.0,0.299303,0.162498,4.246158,1,4.2857,3.4712642524014217,2,2,6,9,8.5714,18,0.3357,0.0644,0.483,0.2738,0.1596,0.0682,0.0154,-1,28
35,1,bryan mbeumo|manchester united,Bryan Mbeumo,Manchester United,MID,80.0,0.27377,0.139536,3.83712,1,3.7809,3.318688775706454,1,2,6,8,7.5618,16,0.3108,0.0563,0.5832,0.1952,0.1601,0.0494,0.0121,-2,26
35,1,bukayo saka|arsenal,Bukayo Saka,Arsenal,MID,60.0,0.296502,0.16984,4.352809,1,3.3407,3.909453096022512,0,0,5,9,6.6814,18,0.2691,0.0654,0.5565,0.2349,0.1303,0.059,0.0193,-1,29
35,1,callum hudson-odoi|nottingham forest,Callum Hudson-Odoi,Nottingham Forest,MID,60.0,0.061128,0.129564,2.784728,1,1.9787,2.1813863275449403,0,0,2,5,3.9574,10,0.128,0.0119,0.7934,0.1501,0.0462,0.0091,0.0012,-1,19
35,1,callum marshall|west ham,Callum Marshall,West Ham,FWD,0.0,0.0,0.0,0.0,1,0.0,0.0,0,0,0,0,0.0,0,0.0,0.0,1.0,0.0,0.0,0.0,0.0,0,0
35,1,callum olusesi|tottenham,Callum Olusesi,Tottenham,DEF,0.0,0.0,0.0,0.0,1,0.0,0.0,0,0,0,0,0.0,0,0.0,0.0,1.0,0.0,0.0,0.0,0.0,0,0
35,1,callum wilson|west ham,Callum Wilson,West Ham,FWD,15.0,0.101888,0.011762,1.427838,1,0.9354,1.6373841455199205,0,0,1,1,1.8708,2,0.0758,0.0067,0.9244,0.0554,0.015,0.0049,0.0003,-2,20
35,1,calvin bassey|fulham,Calvin Bassey,Fulham,DEF,90.0,0.030649,0.005044,2.274,1,2.2595,2.462023507198906,0,1,3,6,4.519,12,0.0318,0.0009,0.7051,0.223,0.0614,0.0089,0.0016,-4,19
35,1,caoimhin kelleher|brentford,Caoimhin Kelleher,Brentford,GK,90.0,0.0,0.005502,3.513613,1,3.2397,2.388900146510942,1,2,6,7,6.4794,14,0.0047,0.0,0.5491,0.3028,0.1447,0.0034,0.0,-4,13
35,1,carlos alcaraz|everton,Carlos Alcaraz,Everton,MID,15.0,0.00891,0.021652,1.044505,1,0.5905,0.8530004396247401,0,0,1,1,1.181,2,0.0209,0.0002,0.9791,0.017,0.0039,0.0,0.0,-2,9
35,1,carlos baleba|brighton,Carlos Baleba,Brighton,MID,60.0,0.023345,0.053892,2.200626,1,1.6319,1.8010559097373962,0,0,2,4,3.2638,8,0.0538,0.0035,0.7887,0.1877,0.0185,0.0049,0.0002,-1,17
35,1,casemiro|manchester united,Casemiro,Manchester United,MID,75.0,0.153701,0.087441,3.385224,1,3.3475,2.826790361876876,1,2,4,7,6.695,14,0.1993,0.0224,0.5402,0.3185,0.0985,0.0364,0.0064,-2,25
35,1,chadi riad|crystal palace,Chadi Riad,Crystal Palace,DEF,60.0,0.016425,0.044046,1.867898,1,1.2991,2.126978888000537,0,0,2,5,2.5982,10,0.0451,0.0021,0.8629,0.1049,0.0269,0.0048,0.0005,-4,20
35,1,charalampos kostoulas|brighton,Charalampos Kostoulas,Brighton,FWD,15.0,0.133737,0.059612,1.653783,1,1.1493,2.059953764044232,0,0,1,5,2.2986,10,0.1251,0.0195,0.875,0.091,0.0228,0.0104,0.0008,-2,20
35,1,chemsdine talbi|sunderland,Chemsdine Talbi,Sunderland,MID,75.0,0.112453,0.063692,2.910993,1,2.7737,2.2282029328586748,1,2,3,6,5.5474,12,0.1488,0.0117,0.6455,0.256,0.0827,0.0139,0.0019,-2,18
35,1,chimuanya ugochukwu|burnley,Chimuanya Ugochukwu,Burnley,MID,90.0,0.080701,0.01723,2.663386,1,2.6376,1.8415390954307758,1,2,3,5,5.2752,10,0.0813,0.0037,0.7371,0.1971,0.0541,0.0107,0.001,-1,19
35,1,chris richards|crystal palace,Chris Richards,Crystal Palace,DEF,90.0,0.065179,0.01615,3.09437,1,3.0335,2.803315492412511,0,1,4,7,6.067,14,0.0661,0.0024,0.5448,0.3296,0.0978,0.0236,0.0042,-4,20
35,1,chris rigg|sunderland,Chris Rigg,Sunderland,MID,15.0,0.013937,0.018998,1.105011,1,0.6361,0.9231883827258659,0,0,1,1,1.2722,2,0.0218,0.0005,0.9782,0.0156,0.0059,0.0003,0.0,-2,12
35,1,chris wood|nottingham forest,Chris Wood,Nottingham Forest,FWD,0.0,0.0,0.0,0.0,1,0.0,0.0,0,0,0,0,0.0,0,0.0,0.0,1.0,0.0,0.0,0.0,0.0,0,0
35,1,christantus uche|crystal palace,Christantus Uche,Crystal Palace,MID,0.0,0.0,0.0,0.0,1,0.0,0.0,0,0,0,0,0.0,0,0.0,0.0,1.0,0.0,0.0,0.0,0.0,0,0
35,1,christian nørgaard|arsenal,Christian Nørgaard,Arsenal,MID,0.0,0.0,0.0,0.0,1,0.0,0.0,0,0,0,0,0.0,0,0.0,0.0,1.0,0.0,0.0,0.0,0.0,0,0
35,1,cody gakpo|liverpool,Cody Gakpo,Liverpool,MID,75.0,0.228234,0.121913,3.581324,1,3.5069,3.0547917097569846,1,2,5,8,7.0138,16,0.2711,0.043,0.629,0.18,0.1424,0.0406,0.008,-2,24
35,1,cole palmer|chelsea,Cole Palmer,Chelsea,MID,75.0,0.313006,0.107703,3.892512,1,3.9378,3.512823815678777,1,2,6,9,7.8756,18,0.3237,0.0632,0.5339,0.229,0.1607,0.0619,0.0145,-2,23
35,1,conor bradley|liverpool,Conor Bradley,Liverpool,DEF,0.0,0.0,0.0,0.0,1,0.0,0.0,0,0,0,0,0.0,0,0.0,0.0,1.0,0.0,0.0,0.0,0.0,0,0
35,1,conor gallagher|tottenham,Conor Gallagher,Tottenham,MID,60.0,0.082288,0.046553,2.65972,1,1.9885,2.2213886985397218,0,0,2,5,3.977,10,0.0922,0.0054,0.7677,0.1705,0.0486,0.0127,0.0005,-1,23
35,1,cristhian mosquera|arsenal,Cristhian Mosquera,Arsenal,DEF,75.0,0.015957,0.018966,3.740107,1,3.5347,2.8451706293296364,1,1,6,7,7.0694,14,0.0316,0.0004,0.5077,0.3411,0.1359,0.0138,0.0015,-3,17
35,1,cristian romero|tottenham,Cristian Romero,Tottenham,DEF,0.0,0.0,0.0,0.0,1,0.0,0.0,0,0,0,0,0.0,0,0.0,0.0,1.0,0.0,0.0,0.0,0.0,0,0
35,1,crysencio summerville|west ham,Crysencio Summerville,West Ham,MID,75.0,0.162901,0.161594,3.327526,1,3.3214,2.8398066906041333,1,2,5,8,6.6428,16,0.2628,0.0374,0.6261,0.2163,0.1168,0.0363,0.0045,-2,22
35,1,curtis jones|liverpool,Curtis Jones,Liverpool,MID,15.0,0.014454,0.01789,1.105939,1,0.638,0.9592476218370313,0,0,1,1,1.276,2,0.0233,0.0008,0.9765,0.0166,0.0064,0.0005,0.0,-2,14
35,1,daichi kamada|crystal palace,Daichi Kamada,Crystal Palace,MID,15.0,0.009589,0.013703,1.055723,1,0.5887,0.8012067835459209,0,0,1,1,1.1774,2,0.0164,0.0003,0.9837,0.0128,0.0035,0.0,0.0,-2,9
35,1,dan ballard|sunderland,Dan Ballard,Sunderland,DEF,90.0,0.114839,0.068117,4.827669,1,4.8289,3.483823300628205,1,2,7,9,9.6578,18,0.1451,0.0129,0.3086,0.4092,0.1997,0.0644,0.0181,-3,23
35,1,dan burn|newcastle united,Dan Burn,Newcastle United,DEF,75.0,0.008338,0.019345,2.424687,1,2.2691,2.4968951099315326,0,1,3,6,4.5382,12,0.0252,0.0006,0.6839,0.2438,0.0653,0.0065,0.0005,-4,16
35,1,dan ndoye|nottingham forest,Dan Ndoye,Nottingham Forest,MID,60.0,0.0332,0.055109,2.429612,1,1.7289,1.779439459492792,0,0,2,3,3.4578,6,0.0667,0.0041,0.8353,0.1312,0.0298,0.0037,0.0,-1,14
35,1,dan neil|sunderland,Dan Neil,Sunderland,MID,0.0,0.0,0.0,0.0,1,0.0,0.0,0,0,0,0,0.0,0,0.0,0.0,1.0,0.0,0.0,0.0,0.0,0,0
35,1,dane scarlett|tottenham,Dane Scarlett,Tottenham,FWD,0.0,0.0,0.0,0.0,1,0.0,0.0,0,0,0,0,0.0,0,0.0,0.0,1.0,0.0,0.0,0.0,0.0,0,0
35,1,dango ouattara|brentford,Dango Ouattara,Brentford,MID,75.0,0.261725,0.206592,4.052534,1,3.9864,3.391373621410652,1,2,6,9,7.9728,18,0.3427,0.0733,0.5157,0.2671,0.1395,0.0645,0.0132,-2,24
35,1,daniel james|leeds,Daniel James,Leeds,MID,15.0,0.021467,0.024961,1.16055,1,0.7023,1.112148690598519,0,0,1,1,1.4046,2,0.036,0.0013,0.9641,0.0266,0.0086,0.0007,0.0,-2,14
35,1,daniel muñoz|crystal palace,Daniel Muñoz,Crystal Palace,DEF,90.0,0.090707,0.143164,2.765105,1,2.816,3.152228418119474,0,1,5,7,5.632,14,0.1859,0.0189,0.6389,0.2334,0.0902,0.0321,0.0054,-4,23
35,1,danny welbeck|brighton,Danny Welbeck,Brighton,FWD,60.0,0.356343,0.052579,3.409299,1,2.6636,3.254448500130245,0,0,2,7,5.3272,14,0.2472,0.0555,0.7527,0.1073,0.0912,0.0423,0.0065,-1,20
35,1,david brooks|bournemouth,David Brooks,Bournemouth,MID,15.0,0.07978,0.054773,1.464885,1,0.9746,1.8634792298279044,0,0,1,1,1.9492,2,0.0918,0.009,0.9085,0.0551,0.0295,0.0066,0.0003,-2,17
35,1,david møller wolfe|wolverhampton wanderers,David Møller Wolfe,Wolverhampton Wanderers,DEF,15.0,0.001042,0.019668,1.016772,1,0.3378,0.7240795260190693,0,0,1,1,0.6756,2,0.0137,0.0003,0.9865,0.0124,0.0011,0.0,0.0,-3,8
35,1,david raya|arsenal,David Raya,Arsenal,GK,90.0,0.0,0.0,4.024443,1,3.8667,2.4281950312938214,1,2,6,7,7.7334,14,0.0,0.0,0.4836,0.3633,0.1521,0.001,0.0,-2,10
35,1,dean henderson|crystal palace,Dean Henderson,Crystal Palace,GK,90.0,0.0,0.00013,2.766205,1,2.493,2.131232272653546,1,1,3,6,4.986,12,0.0001,0.0,0.6554,0.2603,0.0829,0.0014,0.0,-4,12
35,1,declan rice|arsenal,Declan Rice,Arsenal,MID,90.0,0.113108,0.233062,4.222697,1,4.185,2.7657503502666323,2,2,5,8,8.37,16,0.2673,0.041,0.3294,0.497,0.1184,0.0496,0.0056,-1,26
35,1,dennis cirkin|sunderland,Dennis Cirkin,Sunderland,DEF,15.0,0.068501,0.0,1.351723,1,0.642,1.6628397397223824,0,0,1,1,1.284,2,0.0444,0.0019,0.9555,0.0066,0.0349,0.0023,0.0007,-3,16
35,1,diego coppola|brighton,Diego Coppola,Brighton,DEF,0.0,0.0,0.0,0.0,1,0.0,0.0,0,0,0,0,0.0,0,0.0,0.0,1.0,0.0,0.0,0.0,0.0,0,0
35,1,diego gómez|brighton,Diego Gómez,Brighton,MID,0.0,0.0,0.0,0.0,1,0.0,0.0,0,0,0,0,0.0,0,0.0,0.0,1.0,0.0,0.0,0.0,0.0,0,0
35,1,dilane bakwa|nottingham forest,Dilane Bakwa,Nottingham Forest,MID,0.0,0.0,0.0,0.0,1,0.0,0.0,0,0,0,0,0.0,0,0.0,0.0,1.0,0.0,0.0,0.0,0.0,0,0
35,1,diogo dalot|manchester united,Diogo Dalot,Manchester United,DEF,90.0,0.074391,0.120689,2.973607,1,3.0434,3.0646560067975,0,1,6,7,6.0868,14,0.1603,0.0122,0.642,0.2316,0.0893,0.033,0.0041,-3,22
35,1,divine mukasa|manchester city,Divine Mukasa,Manchester City,MID,0.0,0.0,0.0,0.0,1,0.0,0.0,0,0,0,0,0.0,0,0.0,0.0,1.0,0.0,0.0,0.0,0.0,0,0
35,1,djed spence|tottenham,Djed Spence,Tottenham,DEF,75.0,0.041214,0.089374,2.544989,1,2.3808,2.7048828736194843,0,1,4,6,4.7616,12,0.1163,0.007,0.7311,0.1879,0.0632,0.0161,0.0017,-4,18
35,1,djiamgone jocelin ta bi|sunderland,Djiamgone Jocelin Ta Bi,Sunderland,FWD,0.0,0.0,0.0,0.0,1,0.0,0.0,0,0,0,0,0.0,0,0.0,0.0,1.0,0.0,0.0,0.0,0.0,0,0
35,1,djordje petrovic|bournemouth,Djordje Petrovic,Bournemouth,GK,90.0,0.0,0.0,4.037797,1,3.7711,2.460061948406991,1,2,6,7,7.5422,14,0.0,0.0,0.4368,0.3617,0.1962,0.0053,0.0,-2,12
35,1,dominic calvert-lewin|leeds,Dominic Calvert-Lewin,Leeds,FWD,90.0,0.767964,0.09187,5.208273,1,5.3771,4.079619539859078,2,2,7,11,10.7542,22,0.5235,0.1717,0.4766,0.1798,0.1812,0.1292,0.0332,-1,33
35,1,dominic solanke|tottenham,Dominic Solanke,Tottenham,FWD,0.0,0.0,0.0,0.0,1,0.0,0.0,0,0,0,0,0.0,0,0.0,0.0,1.0,0.0,0.0,0.0,0.0,0,0
35,1,dominik szoboszlai|liverpool,Dominik Szoboszlai,Liverpool,MID,90.0,0.191888,0.151381,3.67734,1,3.7318,2.9091010226528744,2,2,5,8,7.4636,16,0.2722,0.037,0.5389,0.2841,0.1259,0.0448,0.0063,-1,23
35,1,donyell malen|aston villa,Donyell Malen,Aston Villa,MID,0.0,0.0,0.0,0.0,1,0.0,0.0,0,0,0,0,0.0,0,0.0,0.0,1.0,0.0,0.0,0.0,0.0,0,0
35,1,douglas luiz|aston villa,Douglas Luiz,Aston Villa,MID,90.0,0.105546,0.13917,3.603776,1,3.5791,2.4857480141800377,2,2,5,7,7.1582,14,0.1958,0.0223,0.4674,0.4059,0.0916,0.0314,0.0037,-1,20
35,1,dwight mcneil|everton,Dwight McNeil,Everton,MID,60.0,0.05244,0.085784,2.482365,1,1.7878,2.0151851428590875,0,0,2,4,3.5756,8,0.0937,0.0072,0.8265,0.1276,0.0379,0.0076,0.0004,-1,19
35,1,eberechi eze|arsenal,Eberechi Eze,Arsenal,MID,60.0,0.16856,0.101982,3.529633,1,2.5207,2.8792310622803443,0,0,3,7,5.0414,14,0.1663,0.0223,0.6193,0.2635,0.0864,0.0263,0.0045,-1,26
35,1,eddie nketiah|crystal palace,Eddie Nketiah,Crystal Palace,FWD,0.0,0.0,0.0,0.0,1,0.0,0.0,0,0,0,0,0.0,0,0.0,0.0,1.0,0.0,0.0,0.0,0.0,0,0
35,1,el hadji malick diouf|west ham,El Hadji Malick Diouf,West Ham,DEF,90.0,0.015357,0.141899,2.676272,1,2.7227,2.673388245279761,0,1,4,6,5.4454,12,0.1294,0.0091,0.6299,0.2744,0.0775,0.0168,0.0014,-4,18
35,1,eli junior kroupi|bournemouth,Eli Junior Kroupi,Bournemouth,FWD,60.0,0.335498,0.110533,3.406953,1,2.6281,3.285786114463326,0,0,4,7,5.2562,14,0.2567,0.0625,0.7409,0.1231,0.0861,0.0423,0.0076,-1,25
35,1,eliezer mayenda|sunderland,Eliezer Mayenda,Sunderland,FWD,15.0,0.038397,0.017798,1.175316,1,0.7002,1.1443425885634075,0,0,1,1,1.4004,2,0.0387,0.0021,0.9616,0.0315,0.0058,0.0011,0.0,-2,13
35,1,elliot anderson|nottingham forest,Elliot Anderson,Nottingham Forest,MID,90.0,0.06929,0.098424,3.900905,1,3.7997,2.1588376293737332,2,2,4,6,7.5994,12,0.1336,0.0102,0.3263,0.5755,0.069,0.027,0.0022,-1,19
35,1,emil krafth|newcastle united,Emil Krafth,Newcastle United,DEF,0.0,0.0,0.0,0.0,1,0.0,0.0,0,0,0,0,0.0,0,0.0,0.0,1.0,0.0,0.0,0.0,0.0,0,0
35,1,emile smith-rowe|fulham,Emile Smith-Rowe,Fulham,MID,75.0,0.082197,0.026179,2.580729,1,2.4623,1.8508318967426511,1,2,2,4,4.9246,8,0.0946,0.0044,0.7906,0.1377,0.0628,0.0079,0.001,-2,20
35,1,emiliano buendía|aston villa,Emiliano Buendía,Aston Villa,MID,75.0,0.161248,0.104376,3.250295,1,3.2565,2.7913630630930113,1,2,4,8,6.513,16,0.2261,0.0259,0.5793,0.2754,0.1066,0.0336,0.0051,-2,22
35,1,emiliano martinez|aston villa,Emiliano Martinez,Aston Villa,GK,90.0,0.0,0.0,3.423775,1,3.2057,2.3993306379071644,1,1,6,7,6.4114,14,0.0,0.0,0.5395,0.3163,0.1421,0.0021,0.0,-3,11
35,1,emmanuel agbadou|wolverhampton wanderers,Emmanuel Agbadou,Wolverhampton Wanderers,DEF,0.0,0.0,0.0,0.0,1,0.0,0.0,0,0,0,0,0.0,0,0.0,0.0,1.0,0.0,0.0,0.0,0.0,0,0
35,1,enes ünal|bournemouth,Enes Ünal,Bournemouth,FWD,0.0,0.0,0.0,0.0,1,0.0,0.0,0,0,0,0,0.0,0,0.0,0.0,1.0,0.0,0.0,0.0,0.0,0,0
35,1,enzo fernández|chelsea,Enzo Fernández,Chelsea,MID,90.0,0.284763,0.25259,4.221907,1,4.3325,3.4740673208790875,1,2,6,9,8.665,18,0.3825,0.0839,0.4534,0.3023,0.1588,0.0695,0.016,-1,32
35,1,enzo le fée|sunderland,Enzo Le Fée,Sunderland,MID,90.0,0.151298,0.21853,3.834379,1,3.9098,2.8756675677136254,2,2,5,8,7.8196,16,0.2855,0.0449,0.4497,0.3792,0.1155,0.0487,0.0069,-1,24
35,1,erling haaland|manchester city,Erling Haaland,Manchester City,FWD,90.0,0.720233,0.117632,5.094709,1,5.3567,4.0081248870263515,2,2,7,11,10.7134,22,0.5264,0.1735,0.4738,0.1852,0.1803,0.1289,0.0318,-1,28
35,1,estêvão|chelsea,Estêvão,Chelsea,MID,15.0,0.056164,0.040871,1.381767,1,0.8949,1.608307803251604,0,0,1,1,1.7898,2,0.0709,0.0049,0.9292,0.0441,0.0234,0.0029,0.0004,-2,17
35,1,ethan ampadu|leeds,Ethan Ampadu,Leeds,MID,90.0,0.104418,0.096276,3.881473,1,3.805,2.4356877878742997,2,2,5,7,7.61,14,0.1615,0.0137,0.3486,0.5309,0.0806,0.037,0.0029,-1,20
35,1,ethan nwaneri|arsenal,Ethan Nwaneri,Arsenal,MID,0.0,0.0,0.0,0.0,1,0.0,0.0,0,0,0,0,0.0,0,0.0,0.0,1.0,0.0,0.0,0.0,0.0,0,0
35,1,ethan pinnock|brentford,Ethan Pinnock,Brentford,DEF,0.0,0.0,0.0,0.0,1,0.0,0.0,0,0,0,0,0.0,0,0.0,0.0,1.0,0.0,0.0,0.0,0.0,0,0
35,1,evanilson|bournemouth,Evanilson,Bournemouth,FWD,75.0,0.373869,0.086748,3.680836,1,3.7273,3.1231610124999962,1,2,6,8,7.4546,16,0.3446,0.0717,0.6554,0.1565,0.127,0.0531,0.008,-2,21
35,1,evann guessand|crystal palace,Evann Guessand,Crystal Palace,MID,15.0,0.022083,0.013297,1.135306,1,0.6622,1.0269815772446942,0,0,1,1,1.3244,2,0.0244,0.0008,0.9757,0.015,0.0089,0.0004,0.0,-2,13
35,1,ezra mayers|west ham,Ezra Mayers,West Ham,DEF,0.0,0.0,0.0,0.0,1,0.0,0.0,0,0,0,0,0.0,0,0.0,0.0,1.0,0.0,0.0,0.0,0.0,0,0
35,1,ezri konsa ngoyo|aston villa,Ezri Konsa Ngoyo,Aston Villa,DEF,90.0,0.036393,0.016032,2.971435,1,3.0619,2.6860134753943434,1,1,6,7,6.1238,14,0.0467,0.0012,0.6568,0.2412,0.0851,0.0153,0.0016,-3,21
35,1,fabian schär|newcastle united,Fabian Schär,Newcastle United,DEF,0.0,0.0,0.0,0.0,1,0.0,0.0,0,0,0,0,0.0,0,0.0,0.0,1.0,0.0,0.0,0.0,0.0,0,0
35,1,fabio carvalho|brentford,Fabio Carvalho,Brentford,MID,0.0,0.0,0.0,0.0,1,0.0,0.0,0,0,0,0,0.0,0,0.0,0.0,1.0,0.0,0.0,0.0,0.0,0,0
35,1,facundo buonanotte|leeds,Facundo Buonanotte,Leeds,MID,0.0,0.0,0.0,0.0,1,0.0,0.0,0,0,0,0,0.0,0,0.0,0.0,1.0,0.0,0.0,0.0,0.0,0,0
35,1,federico chiesa|liverpool,Federico Chiesa,Liverpool,MID,15.0,0.091145,0.068776,1.623718,1,1.1142,2.0689993620105347,0,0,1,4,2.2284,8,0.1085,0.0143,0.8916,0.0628,0.0356,0.0087,0.0013,-2,19
35,1,ferdi kadioglu|brighton,Ferdi Kadioglu,Brighton,DEF,90.0,0.069658,0.044269,2.687147,1,2.7644,2.8482086721306077,0,1,5,7,5.5288,14,0.0957,0.0047,0.7009,0.1935,0.0832,0.0198,0.0026,-4,20
35,1,fernando lópez|wolverhampton wanderers,Fernando López,Wolverhampton Wanderers,FWD,0.0,0.0,0.0,0.0,1,0.0,0.0,0,0,0,0,0.0,0,0.0,0.0,1.0,0.0,0.0,0.0,0.0,0,0
35,1,filip jorgensen|chelsea,Filip Jorgensen,Chelsea,GK,0.0,0.0,0.0,0.0,1,0.0,0.0,0,0,0,0,0.0,0,0.0,0.0,1.0,0.0,0.0,0.0,0.0,0,0
35,1,florentino luís|burnley,Florentino Luís,Burnley,MID,60.0,0.024455,0.011487,2.444619,1,1.8678,1.8521131606897026,0,0,3,4,3.7356,8,0.0269,0.0003,0.7347,0.2436,0.0167,0.0049,0.0001,-1,16
35,1,florian wirtz|liverpool,Florian Wirtz,Liverpool,MID,85.0,0.18736,0.14092,3.488471,1,3.384,2.829230284017192,1,2,5,8,6.768,16,0.2582,0.0365,0.6282,0.2077,0.123,0.0355,0.0056,-2,26
35,1,frank onyeka|brentford,Frank Onyeka,Brentford,MID,0.0,0.0,0.0,0.0,1,0.0,0.0,0,0,0,0,0.0,0,0.0,0.0,1.0,0.0,0.0,0.0,0.0,0,0
35,1,freddie potts|west ham,Freddie Potts,West Ham,MID,75.0,0.010365,0.071279,2.449105,1,2.3638,1.4925312593041393,1,2,3,4,4.7276,8,0.0749,0.0024,0.7368,0.2388,0.0212,0.0031,0.0001,-2,15
35,1,gabriel gudmundsson|leeds,Gabriel Gudmundsson,Leeds,DEF,0.0,0.0,0.0,0.0,1,0.0,0.0,0,0,0,0,0.0,0,0.0,0.0,1.0,0.0,0.0,0.0,0.0,0,0
35,1,gabriel jesus|arsenal,Gabriel Jesus,Arsenal,FWD,15.0,0.157511,0.005328,1.552693,1,1.0488,1.944844096579466,0,0,1,4,2.0976,8,0.1047,0.0133,0.8953,0.0755,0.0187,0.0101,0.0004,-2,16
35,1,gabriel martinelli|arsenal,Gabriel Martinelli,Arsenal,MID,30.0,0.154919,0.057497,1.860431,1,1.23,2.333902311580328,0,0,1,5,2.46,10,0.1241,0.0167,0.876,0.0645,0.0456,0.0126,0.0013,-2,19
35,1,gabriel|arsenal,Gabriel,Arsenal,DEF,90.0,0.1112,0.103094,5.009232,1,5.1267,3.546526062219196,1,2,7,9,10.2534,18,0.1693,0.0172,0.3343,0.3753,0.1991,0.0725,0.0188,-2,25
35,1,george earthy|west ham,George Earthy,West Ham,MID,0.0,0.0,0.0,0.0,1,0.0,0.0,0,0,0,0,0.0,0,0.0,0.0,1.0,0.0,0.0,0.0,0.0,0,0
35,1,george hemmings|aston villa,George Hemmings,Aston Villa,MID,0.0,0.0,0.0,0.0,1,0.0,0.0,0,0,0,0,0.0,0,0.0,0.0,1.0,0.0,0.0,0.0,0.0,0,0
35,1,georginio rutter|brighton,Georginio Rutter,Brighton,MID,30.0,0.051238,0.059792,1.382231,1,0.8294,1.4655700733844153,0,0,1,1,1.6588,2,0.0632,0.0046,0.9373,0.043,0.0169,0.0027,0.0001,-2,15
35,1,gianluigi donnarumma|manchester city,Gianluigi Donnarumma,Manchester City,GK,90.0,0.0,0.0,3.771982,1,3.5642,2.4683756521242874,1,2,6,7,7.1284,14,0.0,0.0,0.4874,0.3511,0.1598,0.0017,0.0,-3,11
35,1,giorgi mamardashvili|liverpool,Giorgi Mamardashvili,Liverpool,GK,0.0,0.0,0.0,0.0,1,0.0,0.0,0,0,0,0,0.0,0,0.0,0.0,1.0,0.0,0.0,0.0,0.0,0,0
35,1,granit xhaka|sunderland,Granit Xhaka,Sunderland,MID,90.0,0.027816,0.160366,3.495141,1,3.4053,2.0146542904429037,2,2,4,6,6.8106,12,0.1528,0.0114,0.4394,0.4823,0.062,0.0153,0.001,-1,19
35,1,guglielmo vicario|tottenham,Guglielmo Vicario,Tottenham,GK,90.0,0.0,0.001999,3.081279,1,2.8124,2.2496680288433666,1,1,3,7,5.6248,14,0.0013,0.0,0.6165,0.2749,0.1067,0.0019,0.0,-4,12
35,1,guido rodríguez|west ham,Guido Rodríguez,West Ham,MID,0.0,0.0,0.0,0.0,1,0.0,0.0,0,0,0,0,0.0,0,0.0,0.0,1.0,0.0,0.0,0.0,0.0,0,0
35,1,habib diarra|sunderland,Habib Diarra,Sunderland,MID,75.0,0.145335,0.019042,2.771284,1,2.6526,2.3506835686667826,1,1,3,7,5.3052,14,0.1366,0.0099,0.6964,0.1936,0.0915,0.0168,0.0017,-2,21
35,1,hamed junior traore|bournemouth,Hamed Junior Traore,Bournemouth,MID,0.0,0.0,0.0,0.0,1,0.0,0.0,0,0,0,0,0.0,0,0.0,0.0,1.0,0.0,0.0,0.0,0.0,0,0
35,1,hannibal mejbri|burnley,Hannibal Mejbri,Burnley,MID,60.0,0.019442,0.084979,2.118038,1,1.5324,1.6930298993225137,0,0,2,3,3.0648,6,0.0746,0.0046,0.8549,0.1236,0.0183,0.003,0.0002,-1,17
35,1,harrison armstrong|everton,Harrison Armstrong,Everton,MID,15.0,0.00877,0.003119,1.03821,1,0.5845,0.7219832061758777,0,0,1,1,1.169,2,0.0077,0.0,0.9922,0.0042,0.0036,0.0,0.0,-2,9
35,1,harrison reed|fulham,Harrison Reed,Fulham,MID,15.0,0.076008,0.091374,1.627492,1,1.0846,1.9531110669903031,0,0,1,4,2.1692,8,0.108,0.014,0.8921,0.0706,0.0286,0.0078,0.0009,-2,19
35,1,harry howell|brighton,Harry Howell,Brighton,MID,0.0,0.0,0.0,0.0,1,0.0,0.0,0,0,0,0,0.0,0,0.0,0.0,1.0,0.0,0.0,0.0,0.0,0,0
35,1,harry maguire|manchester united,Harry Maguire,Manchester United,DEF,90.0,0.060253,0.043344,2.891557,1,2.9757,2.897500562553871,0,1,5,7,5.9514,14,0.0915,0.0046,0.6293,0.2489,0.0956,0.0231,0.0031,-4,20
35,1,harry wilson|fulham,Harry Wilson,Fulham,MID,90.0,0.12752,0.081924,2.809974,1,2.8167,2.2325548391920855,1,2,3,7,5.6334,14,0.1601,0.0153,0.7384,0.1585,0.0845,0.0161,0.0025,-1,20
35,1,harvey barnes|newcastle united,Harvey Barnes,Newcastle United,MID,60.0,0.25347,0.108332,3.762542,1,2.8425,3.426265277237009,0,0,3,8,5.685,16,0.223,0.0428,0.6809,0.1467,0.1201,0.0414,0.0109,-1,23
35,1,harvey elliott|aston villa,Harvey Elliott,Aston Villa,MID,0.0,0.0,0.0,0.0,1,0.0,0.0,0,0,0,0,0.0,0,0.0,0.0,1.0,0.0,0.0,0.0,0.0,0,0
35,1,hee-chan hwang|wolverhampton wanderers,Hee-Chan Hwang,Wolverhampton Wanderers,MID,30.0,0.147918,0.031518,1.736946,1,1.0894,2.1211807183736138,0,0,1,1,2.1788,2,0.0994,0.0102,0.9006,0.0489,0.0415,0.0084,0.0006,-2,19
35,1,hjalmar ekdal|burnley,Hjalmar Ekdal,Burnley,DEF,15.0,0.004025,0.002177,0.970695,1,0.1268,0.7249287965034911,0,0,0,1,0.2536,2,0.0047,0.0,0.9952,0.0025,0.0022,0.0001,0.0,-3,10
35,1,hugo bueno|wolverhampton wanderers,Hugo Bueno,Wolverhampton Wanderers,DEF,90.0,0.031483,0.156586,3.342966,1,3.4195,2.9364467899146414,1,1,6,7,6.839,14,0.1524,0.0125,0.5714,0.2915,0.1031,0.0307,0.0033,-3,19
35,1,hugo ekitike|liverpool,Hugo Ekitike,Liverpool,FWD,0.0,0.0,0.0,0.0,1,0.0,0.0,0,0,0,0,0.0,0,0.0,0.0,1.0,0.0,0.0,0.0,0.0,0,0
35,1,hákon valdimarsson|brentford,Hákon Valdimarsson,Brentford,GK,0.0,0.0,0.0,0.0,1,0.0,0.0,0,0,0,0,0.0,0,0.0,0.0,1.0,0.0,0.0,0.0,0.0,0,0
35,1,ian maatsen|aston villa,Ian Maatsen,Aston Villa,DEF,60.0,0.057716,0.110486,3.197091,1,2.3665,3.088814942660049,0,0,4,7,4.733,14,0.1134,0.0106,0.7158,0.1817,0.0723,0.0267,0.0035,-3,26
35,1,ibrahim sangare|nottingham forest,Ibrahim Sangare,Nottingham Forest,MID,75.0,0.033746,0.051636,2.480866,1,2.415,1.712826611189819,1,1,3,4,4.83,8,0.0758,0.0031,0.7028,0.2584,0.0332,0.0053,0.0003,-2,16
35,1,ibrahima konaté|liverpool,Ibrahima Konaté,Liverpool,DEF,90.0,0.04467,0.017987,2.923378,1,2.9576,2.789050419049466,0,1,4,7,5.9152,14,0.058,0.0022,0.5724,0.3077,0.0964,0.0206,0.0029,-4,23
35,1,idrissa gueye|everton,Idrissa Gueye,Everton,MID,90.0,0.065296,0.058836,2.837153,1,2.7884,1.8441869319567363,2,2,3,5,5.5768,10,0.1023,0.0044,0.686,0.2528,0.0493,0.0115,0.0004,-1,16
35,1,igor jesus|nottingham forest,Igor Jesus,Nottingham Forest,FWD,75.0,0.129409,0.070228,2.628874,1,2.5395,1.9912909757240402,1,2,2,6,5.079,12,0.1664,0.0146,0.8334,0.1011,0.0547,0.0102,0.0006,-2,20
35,1,igor julio|west ham,Igor Julio,West Ham,DEF,0.0,0.0,0.0,0.0,1,0.0,0.0,0,0,0,0,0.0,0,0.0,0.0,1.0,0.0,0.0,0.0,0.0,0,0
35,1,ilia gruev|leeds,Ilia Gruev,Leeds,MID,60.0,0.039484,0.0913,2.674788,1,1.8692,1.9971708389619554,0,0,3,4,3.7384,8,0.0839,0.0074,0.7136,0.2475,0.03,0.0087,0.0002,-1,15
35,1,iliman ndiaye|everton,Iliman Ndiaye,Everton,MID,90.0,0.170333,0.094379,3.566493,1,3.5588,2.6335418280331147,2,2,4,8,7.1176,16,0.2064,0.0218,0.5667,0.2835,0.1088,0.036,0.005,-1,23
35,1,ismaila sarr|crystal palace,Ismaila Sarr,Crystal Palace,MID,30.0,0.185957,0.022349,1.937074,1,1.2703,2.403422124804546,0,0,1,6,2.5406,12,0.1189,0.0148,0.881,0.0519,0.0532,0.0122,0.0017,-2,19
35,1,issa diop|fulham,Issa Diop,Fulham,DEF,15.0,0.000568,0.000141,0.89518,1,0.0844,0.5982279164331935,0,0,0,1,0.1688,2,0.0001,0.0,0.9999,0.0,0.0,0.0001,0.0,-4,10
35,1,iyenoma destiny udogie|tottenham,Iyenoma Destiny Udogie,Tottenham,DEF,30.0,0.008111,0.037341,0.970287,1,0.3058,0.9835071733342874,0,0,1,1,0.6116,2,0.0294,0.0013,0.9722,0.023,0.0045,0.0003,0.0,-4,10
35,1,jack fletcher|manchester united,Jack Fletcher,Manchester United,MID,0.0,0.0,0.0,0.0,1,0.0,0.0,0,0,0,0,0.0,0,0.0,0.0,1.0,0.0,0.0,0.0,0.0,0,0
35,1,jack grealish|everton,Jack Grealish,Everton,MID,0.0,0.0,0.0,0.0,1,0.0,0.0,0,0,0,0,0.0,0,0.0,0.0,1.0,0.0,0.0,0.0,0.0,0,0
35,1,jack harrison|leeds,Jack Harrison,Leeds,MID,0.0,0.0,0.0,0.0,1,0.0,0.0,0,0,0,0,0.0,0,0.0,0.0,1.0,0.0,0.0,0.0,0.0,0,0
35,1,jack hinshelwood|brighton,Jack Hinshelwood,Brighton,MID,80.0,0.229575,0.112218,3.713101,1,3.5879,3.0296985972205226,1,2,5,8,7.1758,16,0.2632,0.0382,0.5867,0.2262,0.1369,0.0421,0.0081,-2,25
35,1,jackson tchatchoua|wolverhampton wanderers,Jackson Tchatchoua,Wolverhampton Wanderers,DEF,0.0,0.0,0.0,0.0,1,0.0,0.0,0,0,0,0,0.0,0,0.0,0.0,1.0,0.0,0.0,0.0,0.0,0,0
35,1,jacob bruun larsen|burnley,Jacob Bruun Larsen,Burnley,FWD,30.0,0.088096,0.025664,1.411161,1,0.8885,1.5171248300650808,0,0,1,1,1.777,2,0.0727,0.0053,0.9274,0.0573,0.0119,0.0034,0.0,-2,13
35,1,jacob murphy|newcastle united,Jacob Murphy,Newcastle United,MID,30.0,0.073373,0.11607,1.675075,1,1.0627,1.843629222484825,0,0,1,4,2.1254,8,0.1099,0.0107,0.8903,0.0749,0.03,0.0047,0.0001,-2,17
35,1,jacob ramsey|newcastle united,Jacob Ramsey,Newcastle United,MID,60.0,0.066703,0.054166,2.403918,1,1.7652,2.0706687229008893,0,0,2,4,3.5304,8,0.0884,0.0051,0.798,0.149,0.0453,0.0068,0.0009,-1,18
35,1,jadon sancho|aston villa,Jadon Sancho,Aston Villa,MID,0.0,0.0,0.0,0.0,1,0.0,0.0,0,0,0,0,0.0,0,0.0,0.0,1.0,0.0,0.0,0.0,0.0,0,0
35,1,jaidon anthony|burnley,Jaidon Anthony,Burnley,MID,90.0,0.124413,0.102194,3.019453,1,2.994,2.316325538433663,1,2,3,7,5.988,14,0.1754,0.0176,0.6899,0.2033,0.0826,0.0222,0.002,-1,23
35,1,jair|nottingham forest,Jair,Nottingham Forest,DEF,0.0,0.0,0.0,0.0,1,0.0,0.0,0,0,0,0,0.0,0,0.0,0.0,1.0,0.0,0.0,0.0,0.0,0,0
35,1,jaka bijol|leeds,Jaka Bijol,Leeds,DEF,0.0,0.0,0.0,0.0,1,0.0,0.0,0,0,0,0,0.0,0,0.0,0.0,1.0,0.0,0.0,0.0,0.0,0,0
35,1,jake o'brien|everton,Jake O'Brien,Everton,DEF,90.0,0.01258,0.018995,1.929816,1,1.9693,2.2262878317953407,0,1,2,6,3.9386,12,0.0282,0.0007,0.7809,0.1694,0.0443,0.0049,0.0005,-5,20
35,1,jamaal lascelles|newcastle united,Jamaal Lascelles,Newcastle United,DEF,0.0,0.0,0.0,0.0,1,0.0,0.0,0,0,0,0,0.0,0,0.0,0.0,1.0,0.0,0.0,0.0,0.0,0,0
35,1,jamaldeen jimoh|aston villa,Jamaldeen Jimoh,Aston Villa,MID,0.0,0.0,0.0,0.0,1,0.0,0.0,0,0,0,0,0.0,0,0.0,0.0,1.0,0.0,0.0,0.0,0.0,0,0
35,1,james garner|everton,James Garner,Everton,MID,90.0,0.031511,0.107028,3.369189,1,3.3056,1.9279545222852121,2,2,4,5,6.6112,10,0.1164,0.0067,0.4686,0.4624,0.0563,0.0121,0.0006,-1,17
35,1,james hill|bournemouth,James Hill,Bournemouth,DEF,90.0,0.063087,0.073248,4.669388,1,4.6636,3.23561973043805,1,2,7,9,9.3272,18,0.1166,0.0066,0.3218,0.4048,0.2077,0.0567,0.009,-3,23
35,1,james justin|leeds,James Justin,Leeds,DEF,75.0,0.11114,0.141194,4.507339,1,4.319,3.6673749467432426,1,1,6,9,8.638,18,0.2034,0.0246,0.4549,0.3149,0.15,0.0656,0.0146,-3,24
35,1,james mcatee|nottingham forest,James McAtee,Nottingham Forest,MID,0.0,0.0,0.0,0.0,1,0.0,0.0,0,0,0,0,0.0,0,0.0,0.0,1.0,0.0,0.0,0.0,0.0,0,0
35,1,james milner|brighton,James Milner,Brighton,MID,15.0,0.00405,0.011189,0.993819,1,0.5551,0.6963935597060041,0,0,1,1,1.1102,2,0.0107,0.0,0.9893,0.0088,0.0019,0.0,0.0,-2,9
35,1,james rowswell|tottenham,James Rowswell,Tottenham,MID,0.0,0.0,0.0,0.0,1,0.0,0.0,0,0,0,0,0.0,0,0.0,0.0,1.0,0.0,0.0,0.0,0.0,0,0
35,1,james tarkowski|everton,James Tarkowski,Everton,DEF,90.0,0.041715,0.037796,2.899863,1,2.9148,2.676666015774101,0,1,4,7,5.8296,14,0.0709,0.0022,0.5286,0.3563,0.0919,0.0214,0.0018,-5,20
35,1,james trafford|manchester city,James Trafford,Manchester City,GK,0.0,0.0,0.0,0.0,1,0.0,0.0,0,0,0,0,0.0,0,0.0,0.0,1.0,0.0,0.0,0.0,0.0,0,0
35,1,james ward-prowse|burnley,James Ward-Prowse,Burnley,MID,30.0,0.004653,0.078072,1.227481,1,0.7397,1.1017912279556414,0,0,1,1,1.4794,2,0.0538,0.0032,0.9462,0.0488,0.0048,0.0002,0.0,-2,10
35,1,jamie bynoe-gittens|chelsea,Jamie Bynoe-Gittens,Chelsea,MID,0.0,0.0,0.0,0.0,1,0.0,0.0,0,0,0,0,0.0,0,0.0,0.0,1.0,0.0,0.0,0.0,0.0,0,0
35,1,jan paul van hecke|brighton,Jan Paul van Hecke,Brighton,DEF,90.0,0.081765,0.039791,3.264464,1,3.2974,3.115502084736905,0,1,6,8,6.5948,16,0.1038,0.0058,0.5677,0.2795,0.1141,0.0334,0.0053,-3,24
35,1,jarrad branthwaite|everton,Jarrad Branthwaite,Everton,DEF,90.0,0.028109,0.01281,2.203131,1,2.2371,2.444112024846652,0,1,3,6,4.4742,12,0.0368,0.0004,0.6958,0.2343,0.058,0.0112,0.0007,-4,18
35,1,jarrod bowen|west ham,Jarrod Bowen,West Ham,FWD,90.0,0.277917,0.230741,3.676151,1,3.8217,2.9400525692579036,2,2,6,8,7.6434,16,0.3679,0.0741,0.6098,0.2168,0.1178,0.0501,0.0055,-1,21
35,1,jaydee canvot|crystal palace,Jaydee Canvot,Crystal Palace,DEF,15.0,0.014554,0.001658,1.008105,1,0.2195,0.9813866465364199,0,0,0,1,0.439,2,0.0131,0.0003,0.9856,0.007,0.0066,0.0008,0.0,-5,14
35,1,jayden bogle|leeds,Jayden Bogle,Leeds,DEF,75.0,0.062354,0.182383,4.239739,1,4.0222,3.332432618973713,1,1,6,8,8.0444,16,0.2064,0.0224,0.4988,0.3203,0.1206,0.0531,0.0072,-3,26
35,1,jaydon banel|burnley,Jaydon Banel,Burnley,FWD,0.0,0.0,0.0,0.0,1,0.0,0.0,0,0,0,0,0.0,0,0.0,0.0,1.0,0.0,0.0,0.0,0.0,0,0
35,1,jean-clair todibo|west ham,Jean-Clair Todibo,West Ham,DEF,15.0,0.003109,0.003361,0.949253,1,0.1769,0.697858431202203,0,0,0,1,0.3538,2,0.0043,0.0,0.9961,0.0021,0.0018,0.0,0.0,-4,9
35,1,jean-philippe mateta|crystal palace,Jean-Philippe Mateta,Crystal Palace,FWD,30.0,0.156393,0.009766,1.601538,1,1.0476,1.8775873455048637,0,0,1,1,2.0952,2,0.0997,0.0101,0.9005,0.072,0.0199,0.0072,0.0004,-2,19
35,1,jean-ricner bellegarde|wolverhampton wanderers,Jean-Ricner Bellegarde,Wolverhampton Wanderers,MID,60.0,0.033961,0.06426,2.370057,1,1.6558,1.785476507826412,0,0,2,3,3.3116,6,0.0694,0.003,0.8051,0.1643,0.0259,0.0047,0.0,-1,14
35,1,jefferson lerma|crystal palace,Jefferson Lerma,Crystal Palace,MID,0.0,0.0,0.0,0.0,1,0.0,0.0,0,0,0,0,0.0,0,0.0,0.0,1.0,0.0,0.0,0.0,0.0,0,0
35,1,jenson seelt|sunderland,Jenson Seelt,Sunderland,DEF,0.0,0.0,0.0,0.0,1,0.0,0.0,0,0,0,0,0.0,0,0.0,0.0,1.0,0.0,0.0,0.0,0.0,0,0
35,1,jeremie frimpong|liverpool,Jeremie Frimpong,Liverpool,DEF,60.0,0.025597,0.117836,2.504961,1,1.7841,2.546819033618211,0,0,2,6,3.5682,12,0.0997,0.0074,0.7992,0.1421,0.0436,0.014,0.0011,-3,18
35,1,jhon arias|wolverhampton wanderers,Jhon Arias,Wolverhampton Wanderers,MID,0.0,0.0,0.0,0.0,1,0.0,0.0,0,0,0,0,0.0,0,0.0,0.0,1.0,0.0,0.0,0.0,0.0,0,0
35,1,joachim andersen|fulham,Joachim Andersen,Fulham,DEF,90.0,0.024,0.014579,2.867666,1,2.8292,2.448678696766891,0,1,4,6,5.6584,12,0.0335,0.0005,0.5307,0.3755,0.0811,0.0112,0.0015,-4,19
35,1,joe knight|brighton,Joe Knight,Brighton,MID,0.0,0.0,0.0,0.0,1,0.0,0.0,0,0,0,0,0.0,0,0.0,0.0,1.0,0.0,0.0,0.0,0.0,0,0
35,1,joe rodon|leeds,Joe Rodon,Leeds,DEF,90.0,0.067702,0.047805,4.539237,1,4.6052,3.129877467250116,1,2,6,8,9.2104,16,0.0966,0.0044,0.3906,0.3741,0.1839,0.0422,0.0092,-3,23
35,1,joe willock|newcastle united,Joe Willock,Newcastle United,MID,30.0,0.043357,0.061904,1.282603,1,0.7552,1.3827049432181835,0,0,1,1,1.5104,2,0.0589,0.004,0.9408,0.0432,0.0141,0.0018,0.0001,-2,15
35,1,joe worrall|burnley,Joe Worrall,Burnley,DEF,15.0,0.001884,0.0,0.94139,1,0.1087,0.6645933418264135,0,0,0,1,0.2174,2,0.0013,0.0,0.9954,0.0039,0.0007,0.0,0.0,-4,8
35,1,joelinton|newcastle united,Joelinton,Newcastle United,MID,60.0,0.073373,0.07738,2.542408,1,1.919,2.268356012622357,0,0,3,5,3.838,10,0.1025,0.0075,0.7435,0.1987,0.0457,0.0113,0.0008,-1,20
35,1,john mcginn|aston villa,John McGinn,Aston Villa,MID,60.0,0.071865,0.138373,2.875951,1,2.0661,2.35315337154211,0,0,3,5,4.1322,10,0.138,0.0146,0.7367,0.1979,0.0513,0.0132,0.0009,-1,19
35,1,john stones|manchester city,John Stones,Manchester City,DEF,0.0,0.0,0.0,0.0,1,0.0,0.0,0,0,0,0,0.0,0,0.0,0.0,1.0,0.0,0.0,0.0,0.0,0,0
35,1,john victor|nottingham forest,John Victor,Nottingham Forest,GK,0.0,0.0,0.0,0.0,1,0.0,0.0,0,0,0,0,0.0,0,0.0,0.0,1.0,0.0,0.0,0.0,0.0,0,0
35,1,jonah kusi-asare|fulham,Jonah Kusi-Asare,Fulham,FWD,0.0,0.0,0.0,0.0,1,0.0,0.0,0,0,0,0,0.0,0,0.0,0.0,1.0,0.0,0.0,0.0,0.0,0,0
35,1,jordan henderson|brentford,Jordan Henderson,Brentford,MID,60.0,0.014202,0.088183,2.363187,1,1.6798,1.7422605890049858,0,0,2,3,3.3596,6,0.0684,0.0047,0.7878,0.1885,0.0208,0.0027,0.0002,-1,15
35,1,jordan pickford|everton,Jordan Pickford,Everton,GK,90.0,0.0,0.000659,2.448244,1,2.1761,2.0575443591815947,0,1,3,6,4.3522,12,0.0006,0.0,0.7268,0.2073,0.0644,0.0015,0.0,-4,11
35,1,jorge cuenca|fulham,Jorge Cuenca,Fulham,DEF,0.0,0.0,0.0,0.0,1,0.0,0.0,0,0,0,0,0.0,0,0.0,0.0,1.0,0.0,0.0,0.0,0.0,0,0
35,1,jorrel hato|chelsea,Jorrel Hato,Chelsea,DEF,15.0,0.00713,0.013521,0.974864,1,0.3815,0.867846616632225,0,0,1,1,0.763,2,0.0163,0.0003,0.9841,0.0107,0.0049,0.0003,0.0,-3,13
35,1,joseph gomez|liverpool,Joseph Gomez,Liverpool,DEF,90.0,0.023147,0.133345,2.575773,1,2.6478,2.742217197816395,0,1,4,6,5.2956,12,0.1321,0.0101,0.645,0.2588,0.0761,0.0185,0.0016,-4,18
35,1,josh acheampong|chelsea,Josh Acheampong,Chelsea,DEF,15.0,0.011391,0.005465,1.026256,1,0.3975,0.8419582828145347,0,0,1,1,0.795,2,0.0108,0.0,0.9895,0.0046,0.0056,0.0003,0.0,-3,10
35,1,josh cullen|burnley,Josh Cullen,Burnley,MID,0.0,0.0,0.0,0.0,1,0.0,0.0,0,0,0,0,0.0,0,0.0,0.0,1.0,0.0,0.0,0.0,0.0,0,0
35,1,josh laurent|burnley,Josh Laurent,Burnley,MID,15.0,0.004842,0.005395,0.980393,1,0.5435,0.650774730609602,0,0,1,1,1.087,2,0.0065,0.0001,0.9935,0.0047,0.0018,0.0,0.0,-2,9
35,1,joshua king|fulham,Joshua King,Fulham,MID,0.0,0.0,0.0,0.0,1,0.0,0.0,0,0,0,0,0.0,0,0.0,0.0,1.0,0.0,0.0,0.0,0.0,0,0
35,1,joshua zirkzee|manchester united,Joshua Zirkzee,Manchester United,FWD,15.0,0.106153,0.030091,1.454884,1,0.9588,1.7502864222749372,0,0,1,1,1.9176,2,0.0886,0.0115,0.9115,0.0657,0.0168,0.0056,0.0004,-2,16
35,1,josko gvardiol|manchester city,Josko Gvardiol,Manchester City,DEF,0.0,0.0,0.0,0.0,1,0.0,0.0,0,0,0,0,0.0,0,0.0,0.0,1.0,0.0,0.0,0.0,0.0,0,0
35,1,josé sá|wolverhampton wanderers,José Sá,Wolverhampton Wanderers,GK,90.0,0.0,0.0,3.40623,1,3.1586,2.345516156414191,1,1,6,7,6.3172,14,0.0,0.0,0.563,0.2988,0.137,0.0012,0.0,-3,10
35,1,jota silva|nottingham forest,Jota Silva,Nottingham Forest,MID,0.0,0.0,0.0,0.0,1,0.0,0.0,0,0,0,0,0.0,0,0.0,0.0,1.0,0.0,0.0,0.0,0.0,0,0
35,1,joão gomes|wolverhampton wanderers,João Gomes,Wolverhampton Wanderers,MID,90.0,0.039898,0.071176,3.380381,1,3.3275,1.951062210694472,1,2,4,5,6.655,10,0.0963,0.0046,0.4086,0.5275,0.0483,0.0151,0.0005,-1,17
35,1,joão palhinha|tottenham,João Palhinha,Tottenham,MID,75.0,0.196779,0.033838,3.543151,1,3.4352,2.896411738686335,1,2,4,8,6.8704,16,0.1856,0.0186,0.531,0.3152,0.1029,0.0447,0.0062,-2,22
35,1,joão pedro|chelsea,João Pedro,Chelsea,FWD,90.0,0.587513,0.123735,4.468728,1,4.6161,3.687888391749403,1,2,7,10,9.2322,20,0.4656,0.1316,0.5335,0.198,0.1534,0.0969,0.0182,-1,27
35,1,joél drakes-thomas|crystal palace,Joél Drakes-Thomas,Crystal Palace,FWD,0.0,0.0,0.0,0.0,1,0.0,0.0,0,0,0,0,0.0,0,0.0,0.0,1.0,0.0,0.0,0.0,0.0,0,0
35,1,joël piroe|leeds,Joël Piroe,Leeds,FWD,15.0,0.153168,0.043268,1.72081,1,1.1825,2.0606294548025854,0,0,1,5,2.365,10,0.124,0.0164,0.8761,0.0896,0.0228,0.0105,0.001,-2,19
35,1,joël veltman|brighton,Joël Veltman,Brighton,DEF,90.0,0.078659,0.024023,3.127029,1,3.184,3.059631350342717,0,1,5,8,6.368,16,0.0903,0.0035,0.5495,0.2968,0.1207,0.0279,0.0051,-3,21
35,1,julio soler|bournemouth,Julio Soler,Bournemouth,DEF,0.0,0.0,0.0,0.0,1,0.0,0.0,0,0,0,0,0.0,0,0.0,0.0,1.0,0.0,0.0,0.0,0.0,0,0
35,1,jun'ai byfield|tottenham,Jun'ai Byfield,Tottenham,DEF,0.0,0.0,0.0,0.0,1,0.0,0.0,0,0,0,0,0.0,0,0.0,0.0,1.0,0.0,0.0,0.0,0.0,0,0
35,1,jurriën timber|arsenal,Jurriën Timber,Arsenal,DEF,0.0,0.0,0.0,0.0,1,0.0,0.0,0,0,0,0,0.0,0,0.0,0.0,1.0,0.0,0.0,0.0,0.0,0,0
35,1,justin devenny|crystal palace,Justin Devenny,Crystal Palace,MID,0.0,0.0,0.0,0.0,1,0.0,0.0,0,0,0,0,0.0,0,0.0,0.0,1.0,0.0,0.0,0.0,0.0,0,0
35,1,justin kluivert|bournemouth,Justin Kluivert,Bournemouth,MID,0.0,0.0,0.0,0.0,1,0.0,0.0,0,0,0,0,0.0,0,0.0,0.0,1.0,0.0,0.0,0.0,0.0,0,0
35,1,jéremy doku|manchester city,Jéremy Doku,Manchester City,MID,60.0,0.104941,0.193847,3.417435,1,2.4838,2.7814991569295864,0,0,3,7,4.9676,14,0.1873,0.0303,0.642,0.2577,0.0725,0.0249,0.0029,-1,21
35,1,jørgen strand larsen|crystal palace,Jørgen Strand Larsen,Crystal Palace,FWD,30.0,0.0772,0.008058,1.2722,1,0.8141,1.4054683169676931,0,0,1,1,1.6282,2,0.0599,0.0036,0.9401,0.0476,0.0101,0.0021,0.0001,-2,15
35,1,kaden rodney|crystal palace,Kaden Rodney,Crystal Palace,MID,0.0,0.0,0.0,0.0,1,0.0,0.0,0,0,0,0,0.0,0,0.0,0.0,1.0,0.0,0.0,0.0,0.0,0,0
35,1,kai havertz|arsenal,Kai Havertz,Arsenal,FWD,0.0,0.0,0.0,0.0,1,0.0,0.0,0,0,0,0,0.0,0,0.0,0.0,1.0,0.0,0.0,0.0,0.0,0,0
35,1,kaoru mitoma|brighton,Kaoru Mitoma,Brighton,MID,75.0,0.17877,0.17174,3.439748,1,3.3484,2.889501244159621,1,2,5,8,6.6968,16,0.2767,0.0415,0.617,0.2256,0.1155,0.0353,0.0066,-2,25
35,1,karl darlow|leeds,Karl Darlow,Leeds,GK,90.0,0.0,0.000657,4.377094,1,4.1572,2.493128187638975,1,2,6,7,8.3144,14,0.0004,0.0,0.3879,0.3711,0.2358,0.0052,0.0,-3,11
35,1,keane lewis-potter|brentford,Keane Lewis-Potter,Brentford,DEF,15.0,0.024522,0.024464,1.179829,1,0.4791,1.2297817651925076,0,0,1,1,0.9582,2,0.0344,0.0012,0.9662,0.0189,0.013,0.0018,0.0001,-4,16
35,1,kenny tete|fulham,Kenny Tete,Fulham,DEF,75.0,0.018878,0.025812,2.147438,1,1.9965,2.3564990451939507,0,1,2,6,3.993,12,0.0419,0.0005,0.7505,0.1889,0.0529,0.0074,0.0003,-4,16
35,1,kevin danso|tottenham,Kevin Danso,Tottenham,DEF,90.0,0.028873,0.005891,3.401304,1,3.4351,2.6584183248691318,1,2,4,8,6.8702,16,0.0296,0.0005,0.4107,0.4251,0.1451,0.0167,0.0024,-3,22
35,1,kevin schade|brentford,Kevin Schade,Brentford,MID,75.0,0.306643,0.108983,3.846397,1,3.7829,3.442930087875733,1,2,6,9,7.5658,18,0.3082,0.0563,0.5712,0.2067,0.1552,0.0534,0.0135,-2,25
35,1,kevin|fulham,Kevin,Fulham,MID,60.0,0.052945,0.032488,2.402998,1,1.7222,1.9123878163176005,0,0,2,3,3.4444,6,0.0645,0.0035,0.8502,0.1066,0.0359,0.0066,0.0007,-1,23
35,1,ki-jana hoever|wolverhampton wanderers,Ki-Jana Hoever,Wolverhampton Wanderers,DEF,15.0,0.0,0.013789,0.992885,1,0.3158,0.6475108956612237,0,0,1,1,0.6316,2,0.0084,0.0001,0.9918,0.008,0.0002,0.0,0.0,-5,7
35,1,kieran trippier|newcastle united,Kieran Trippier,Newcastle United,DEF,0.0,0.0,0.0,0.0,1,0.0,0.0,0,0,0,0,0.0,0,0.0,0.0,1.0,0.0,0.0,0.0,0.0,0,0
35,1,kiernan dewsbury-hall|everton,Kiernan Dewsbury-Hall,Everton,MID,90.0,0.116299,0.15883,2.928344,1,2.9871,2.453636808902247,1,2,3,7,5.9742,14,0.2176,0.0245,0.6787,0.2131,0.0837,0.0224,0.0021,-1,21
35,1,kobbie mainoo|manchester united,Kobbie Mainoo,Manchester United,MID,90.0,0.014653,0.07384,2.796367,1,2.7439,1.4849622183745954,2,2,3,5,5.4878,10,0.0741,0.003,0.6278,0.3427,0.0255,0.004,0.0,-1,13
35,1,konstantinos mavropanos|west ham,Konstantinos Mavropanos,West Ham,DEF,90.0,0.096673,0.010774,3.565301,1,3.5649,3.1773869751731536,1,1,5,8,7.1298,16,0.0922,0.0055,0.468,0.3584,0.1255,0.0386,0.0095,-3,22
35,1,kristoffer ajer|brentford,Kristoffer Ajer,Brentford,DEF,90.0,0.044238,0.041749,3.669954,1,3.6797,2.9406645354409267,1,1,6,8,7.3594,16,0.0755,0.0033,0.4795,0.3539,0.1345,0.0288,0.0033,-3,23
35,1,kyle walker-peters|west ham,Kyle Walker-Peters,West Ham,DEF,30.0,0.022802,0.008753,0.954514,1,0.2522,1.0382654573855379,0,0,0,1,0.5044,2,0.0182,0.0004,0.9822,0.0089,0.0083,0.0006,0.0,-4,14
35,1,kyle walker|burnley,Kyle Walker,Burnley,DEF,90.0,0.0,0.035479,1.509251,1,1.5633,2.0816323186384285,0,0,2,5,3.1266,10,0.0312,0.0006,0.8268,0.1423,0.0285,0.0024,0.0,-5,12
35,1,ladislav krejcí|wolverhampton wanderers,Ladislav Krejcí,Wolverhampton Wanderers,DEF,90.0,0.052647,0.043948,3.055314,1,3.1344,2.88418734481656,0,1,6,7,6.2688,14,0.0817,0.0041,0.6126,0.2668,0.0968,0.021,0.0028,-3,21
35,1,lamare bogarde|aston villa,Lamare Bogarde,Aston Villa,MID,30.0,0.0,0.001567,0.818034,1,0.4417,0.5392597796980599,0,0,1,1,0.8834,2,0.0016,0.0,0.9984,0.0016,0.0,0.0,0.0,-2,6
35,1,leandro trossard|arsenal,Leandro Trossard,Arsenal,MID,60.0,0.192882,0.124846,3.293652,1,2.4333,3.0849231935333497,0,0,3,7,4.8666,14,0.1969,0.0328,0.6963,0.1742,0.092,0.0322,0.0053,-1,25
35,1,leny yoro|manchester united,Leny Yoro,Manchester United,DEF,60.0,0.049054,0.018175,2.613023,1,1.9354,2.6799303796927263,0,0,2,6,3.8708,12,0.0497,0.0022,0.7845,0.1436,0.0555,0.0141,0.0023,-3,19
35,1,leon bailey|aston villa,Leon Bailey,Aston Villa,MID,60.0,0.054598,0.117622,2.794145,1,2.0667,2.2734227741447475,0,0,3,5,4.1334,10,0.1133,0.0125,0.7197,0.2195,0.0484,0.0117,0.0007,-1,17
35,1,lewis cook|bournemouth,Lewis Cook,Bournemouth,DEF,15.0,0.001898,0.008306,0.996274,1,0.4157,0.7024909323258202,0,0,1,1,0.8314,2,0.0074,0.0,0.9863,0.0126,0.001,0.0001,0.0,-4,10
35,1,lewis dunk|brighton,Lewis Dunk,Brighton,DEF,0.0,0.0,0.0,0.0,1,0.0,0.0,0,0,0,0,0.0,0,0.0,0.0,1.0,0.0,0.0,0.0,0.0,0,0
35,1,lewis hall|newcastle united,Lewis Hall,Newcastle United,DEF,90.0,0.050027,0.11607,3.367799,1,3.3655,2.9465759365745186,1,1,6,7,6.731,14,0.1386,0.0087,0.5583,0.3011,0.1071,0.0302,0.0033,-3,21
35,1,lewis miley|newcastle united,Lewis Miley,Newcastle United,MID,60.0,0.073373,0.108332,2.893482,1,2.1595,2.393169394338813,0,0,3,5,4.319,10,0.1211,0.0119,0.7201,0.2114,0.0524,0.0147,0.0014,-1,19
35,1,liam delap|chelsea,Liam Delap,Chelsea,FWD,15.0,0.072803,0.001692,1.257956,1,0.8163,1.409806479627612,0,0,1,1,1.6326,2,0.0551,0.0034,0.9449,0.0409,0.0118,0.0023,0.0001,-2,16
35,1,lisandro martínez|manchester united,Lisandro Martínez,Manchester United,DEF,0.0,0.0,0.0,0.0,1,0.0,0.0,0,0,0,0,0.0,0,0.0,0.0,1.0,0.0,0.0,0.0,0.0,0,0
35,1,lorenzo lucca|nottingham forest,Lorenzo Lucca,Nottingham Forest,FWD,15.0,0.070167,0.006671,1.285681,1,0.7979,1.345903261753979,0,0,1,1,1.5958,2,0.0514,0.0029,0.9486,0.0396,0.0098,0.0018,0.0002,-2,16
35,1,loum tchaouna|burnley,Loum Tchaouna,Burnley,MID,15.0,0.010756,0.007778,1.045445,1,0.5943,0.8268660774272941,0,0,1,1,1.1886,2,0.0137,0.0001,0.9863,0.0084,0.0053,0.0,0.0,-2,9
35,1,luca netz|nottingham forest,Luca Netz,Nottingham Forest,DEF,0.0,0.0,0.0,0.0,1,0.0,0.0,0,0,0,0,0.0,0,0.0,0.0,1.0,0.0,0.0,0.0,0.0,0,0
35,1,lucas bergvall|tottenham,Lucas Bergvall,Tottenham,MID,0.0,0.0,0.0,0.0,1,0.0,0.0,0,0,0,0,0.0,0,0.0,0.0,1.0,0.0,0.0,0.0,0.0,0,0
35,1,lucas digne|aston villa,Lucas Digne,Aston Villa,DEF,30.0,0.011887,0.045097,1.037307,1,0.4035,1.0618322607643829,0,0,1,1,0.807,2,0.0349,0.0014,0.9663,0.0267,0.0062,0.0008,0.0,-4,13
35,1,lucas paquetá|west ham,Lucas Paquetá,West Ham,MID,0.0,0.0,0.0,0.0,1,0.0,0.0,0,0,0,0,0.0,0,0.0,0.0,1.0,0.0,0.0,0.0,0.0,0,0
35,1,lucas perri|leeds,Lucas Perri,Leeds,GK,0.0,0.0,0.0,0.0,1,0.0,0.0,0,0,0,0,0.0,0,0.0,0.0,1.0,0.0,0.0,0.0,0.0,0,0
35,1,lucas pires|burnley,Lucas Pires,Burnley,DEF,0.0,0.0,0.0,0.0,1,0.0,0.0,0,0,0,0,0.0,0,0.0,0.0,1.0,0.0,0.0,0.0,0.0,0,0
35,1,luis guilherme|west ham,Luis Guilherme,West Ham,MID,0.0,0.0,0.0,0.0,1,0.0,0.0,0,0,0,0,0.0,0,0.0,0.0,1.0,0.0,0.0,0.0,0.0,0,0
35,1,lukas nmecha|leeds,Lukas Nmecha,Leeds,FWD,30.0,0.213805,0.05627,1.976591,1,1.374,2.38569151400595,0,0,1,5,2.748,10,0.157,0.0256,0.8437,0.109,0.0295,0.0158,0.002,-2,20
35,1,luke o'nien|sunderland,Luke O'Nien,Sunderland,MID,0.0,0.0,0.0,0.0,1,0.0,0.0,0,0,0,0,0.0,0,0.0,0.0,1.0,0.0,0.0,0.0,0.0,0,0
35,1,luke shaw|manchester united,Luke Shaw,Manchester United,DEF,90.0,0.013191,0.039193,2.314405,1,2.398,2.397456151840947,0,1,4,6,4.796,12,0.047,0.0013,0.7327,0.2072,0.0529,0.0071,0.0001,-3,15
35,1,lutsharel geertruida|sunderland,Lutsharel Geertruida,Sunderland,DEF,30.0,0.013067,0.017195,1.033241,1,0.4431,0.9855771862213533,0,0,1,1,0.8862,2,0.0208,0.0003,0.9788,0.013,0.0077,0.0004,0.0001,-4,16
35,1,lyle foster|burnley,Lyle Foster,Burnley,FWD,15.0,0.030921,0.007549,1.081329,1,0.6381,1.035049945654798,0,0,1,1,1.2762,2,0.0303,0.0009,0.9698,0.0248,0.005,0.0004,0.0,-2,12
35,1,mads hermansen|west ham,Mads Hermansen,West Ham,GK,90.0,0.0,0.0,2.873463,1,2.6189,2.209810577855034,1,1,3,6,5.2378,12,0.0,0.0,0.6449,0.2586,0.0944,0.0021,0.0,-4,11
35,1,malick thiaw|newcastle united,Malick Thiaw,Newcastle United,DEF,90.0,0.200108,0.034821,4.233652,1,4.1717,3.7811928157659453,1,1,6,9,8.3434,18,0.1798,0.0174,0.4778,0.2841,0.1538,0.0629,0.0214,-3,30
35,1,malo gusto|chelsea,Malo Gusto,Chelsea,DEF,75.0,0.056954,0.136814,3.542586,1,3.41,3.194698733840172,1,1,6,7,6.82,14,0.1705,0.0166,0.5926,0.2691,0.0932,0.0395,0.0056,-3,23
35,1,mamadou sarr|chelsea,Mamadou Sarr,Chelsea,DEF,0.0,0.0,0.0,0.0,1,0.0,0.0,0,0,0,0,0.0,0,0.0,0.0,1.0,0.0,0.0,0.0,0.0,0,0
35,1,manuel ugarte|manchester united,Manuel Ugarte,Manchester United,MID,15.0,0.012398,0.001676,1.0187,1,0.5799,0.8351143574385487,0,0,1,1,1.1598,2,0.0098,0.0004,0.9888,0.0057,0.0051,0.0004,0.0,-2,14
35,1,marc cucurella|chelsea,Marc Cucurella,Chelsea,DEF,90.0,0.058581,0.176776,3.829287,1,3.9233,3.174400275642629,1,1,6,8,7.8466,16,0.1833,0.0187,0.5006,0.3235,0.1262,0.0449,0.0048,-4,24
35,1,marc guehi|manchester city,Marc Guehi,Manchester City,DEF,90.0,0.130593,0.06459,4.512169,1,4.5769,3.5524760928118853,1,2,6,9,9.1538,18,0.1569,0.0138,0.4213,0.3317,0.166,0.0652,0.0158,-3,28
35,1,marc guiu|chelsea,Marc Guiu,Chelsea,FWD,0.0,0.0,0.0,0.0,1,0.0,0.0,0,0,0,0,0.0,0,0.0,0.0,1.0,0.0,0.0,0.0,0.0,0,0
35,1,marco bizot|aston villa,Marco Bizot,Aston Villa,GK,0.0,0.0,0.0,0.0,1,0.0,0.0,0,0,0,0,0.0,0,0.0,0.0,1.0,0.0,0.0,0.0,0.0,0,0
35,1,marcos senesi|bournemouth,Marcos Senesi,Bournemouth,DEF,90.0,0.068311,0.149514,5.1409,1,5.0975,3.385320331962693,1,3,8,9,10.195,18,0.1711,0.0165,0.2489,0.4282,0.2363,0.0714,0.0152,-2,23
35,1,marcus edwards|burnley,Marcus Edwards,Burnley,MID,75.0,0.102067,0.115708,2.90521,1,2.8035,2.2703496977338093,1,2,3,6,5.607,12,0.1815,0.0197,0.7408,0.1629,0.0758,0.0186,0.0019,-2,21
35,1,marcus tavernier|bournemouth,Marcus Tavernier,Bournemouth,MID,90.0,0.420458,0.224417,5.030375,1,5.1118,3.9900752824978127,2,2,8,11,10.2236,22,0.4321,0.1126,0.3793,0.2887,0.1966,0.1039,0.0315,-1,28
35,1,marshall munetsi|wolverhampton wanderers,Marshall Munetsi,Wolverhampton Wanderers,MID,0.0,0.0,0.0,0.0,1,0.0,0.0,0,0,0,0,0.0,0,0.0,0.0,1.0,0.0,0.0,0.0,0.0,0,0
35,1,martin dubravka|burnley,Martin Dubravka,Burnley,GK,90.0,0.0,0.000163,2.84009,1,2.5496,2.0425327023085824,1,1,3,6,5.0992,12,0.0,0.0,0.6234,0.2934,0.0805,0.0027,0.0,-4,12
35,1,martin odegaard|arsenal,Martin Odegaard,Arsenal,MID,75.0,0.076976,0.281307,3.632893,1,3.5158,2.5505980396761854,1,2,5,7,7.0316,14,0.2801,0.0445,0.4571,0.4187,0.0889,0.0326,0.0027,-2,21
35,1,martín zubimendi|arsenal,Martín Zubimendi,Arsenal,MID,90.0,0.094312,0.036597,3.159776,1,3.154,2.1020666021798644,2,2,3,6,6.308,12,0.1115,0.0065,0.4831,0.4286,0.0669,0.0195,0.0019,-1,18
35,1,mason mount|manchester united,Mason Mount,Manchester United,MID,0.0,0.0,0.0,0.0,1,0.0,0.0,0,0,0,0,0.0,0,0.0,0.0,1.0,0.0,0.0,0.0,0.0,0,0
35,1,mateo kovacic|manchester city,Mateo Kovacic,Manchester City,MID,0.0,0.0,0.0,0.0,1,0.0,0.0,0,0,0,0,0.0,0,0.0,0.0,1.0,0.0,0.0,0.0,0.0,0,0
35,1,mateus fernandes|west ham,Mateus Fernandes,West Ham,MID,90.0,0.035536,0.11667,3.331157,1,3.2592,1.9788419239545134,2,2,4,5,6.5184,10,0.127,0.0085,0.4868,0.4443,0.0536,0.0148,0.0005,-1,17
35,1,mateus mané|wolverhampton wanderers,Mateus Mané,Wolverhampton Wanderers,FWD,90.0,0.077365,0.122263,2.587437,1,2.6303,1.753859147708276,2,2,2,6,5.2606,12,0.1645,0.0146,0.8352,0.1149,0.0425,0.0072,0.0002,-1,16
35,1,matheus cunha|manchester united,Matheus Cunha,Manchester United,MID,80.0,0.198375,0.098339,3.444202,1,3.338,2.8292677497896874,1,2,4,8,6.676,16,0.2387,0.0303,0.6216,0.2128,0.1267,0.0332,0.0057,-2,25
35,1,matheus nunes|manchester city,Matheus Nunes,Manchester City,DEF,90.0,0.021509,0.074481,3.570172,1,3.657,2.781321808061771,1,1,6,7,7.314,14,0.0808,0.0039,0.5322,0.3348,0.109,0.0227,0.0013,-3,17
35,1,mathias jensen|brentford,Mathias Jensen,Brentford,MID,75.0,0.057847,0.185835,2.830087,1,2.7334,2.204614351763138,1,1,3,6,5.4668,12,0.1975,0.0211,0.6564,0.2689,0.0589,0.0146,0.0012,-2,18
35,1,mathys tel|tottenham,Mathys Tel,Tottenham,MID,30.0,0.077133,0.063952,1.547562,1,0.9507,1.7534165249592009,0,0,1,1,1.9014,2,0.0812,0.0066,0.9186,0.0522,0.0242,0.0045,0.0005,-2,19
35,1,mats wieffer|brighton,Mats Wieffer,Brighton,MID,0.0,0.0,0.0,0.0,1,0.0,0.0,0,0,0,0,0.0,0,0.0,0.0,1.0,0.0,0.0,0.0,0.0,0,0
35,1,matt doherty|wolverhampton wanderers,Matt Doherty,Wolverhampton Wanderers,DEF,15.0,0.001042,0.002758,0.899377,1,0.2498,0.6034898176440097,0,0,1,1,0.4996,2,0.0026,0.0,0.9975,0.002,0.0005,0.0,0.0,-3,8
35,1,matt o'riley|brighton,Matt O'Riley,Brighton,DEF,0.0,0.0,0.0,0.0,1,0.0,0.0,0,0,0,0,0.0,0,0.0,0.0,1.0,0.0,0.0,0.0,0.0,0,0
35,1,matthew cash|aston villa,Matthew Cash,Aston Villa,DEF,90.0,0.041995,0.107609,2.917651,1,3.0252,2.876971490995349,0,1,6,7,6.0504,14,0.1201,0.0079,0.6169,0.2739,0.0841,0.0235,0.0016,-4,24
35,1,matthijs de ligt|manchester united,Matthijs de Ligt,Manchester United,DEF,0.0,0.0,0.0,0.0,1,0.0,0.0,0,0,0,0,0.0,0,0.0,0.0,1.0,0.0,0.0,0.0,0.0,0,0
35,1,matz sels|nottingham forest,Matz Sels,Nottingham Forest,GK,0.0,0.0,0.0,0.0,1,0.0,0.0,0,0,0,0,0.0,0,0.0,0.0,1.0,0.0,0.0,0.0,0.0,0,0
35,1,max alleyne|manchester city,Max Alleyne,Manchester City,DEF,0.0,0.0,0.0,0.0,1,0.0,0.0,0,0,0,0,0.0,0,0.0,0.0,1.0,0.0,0.0,0.0,0.0,0,0
35,1,max dowman|arsenal,Max Dowman,Arsenal,MID,0.0,0.0,0.0,0.0,1,0.0,0.0,0,0,0,0,0.0,0,0.0,0.0,1.0,0.0,0.0,0.0,0.0,0,0
35,1,max kilman|west ham,Max Kilman,West Ham,DEF,15.0,0.010365,0.001944,0.988539,1,0.2152,0.8206637313784495,0,0,1,1,0.4304,2,0.0079,0.0,0.9921,0.0033,0.0046,0.0,0.0,-4,9
35,1,maxence lacroix|crystal palace,Maxence Lacroix,Crystal Palace,DEF,90.0,0.087805,0.023444,3.345109,1,3.2661,2.9731617497203207,0,1,4,8,6.5322,16,0.0885,0.0034,0.4962,0.3551,0.1104,0.0343,0.004,-4,21
35,1,maxim de cuyper|brighton,Maxim De Cuyper,Brighton,DEF,15.0,0.014302,0.038428,1.130663,1,0.4042,1.1275736605650204,0,0,1,1,0.8084,2,0.0351,0.0016,0.9663,0.0247,0.0081,0.0008,0.0001,-4,15
35,1,maxime estève|burnley,Maxime Estève,Burnley,DEF,90.0,0.015938,0.018921,2.632609,1,2.5931,2.3840160213387827,0,1,4,6,5.1862,12,0.0337,0.0004,0.5869,0.3344,0.0681,0.01,0.0006,-4,17
35,1,melker ellborg|sunderland,Melker Ellborg,Sunderland,MID,0.0,0.0,0.0,0.0,1,0.0,0.0,0,0,0,0,0.0,0,0.0,0.0,1.0,0.0,0.0,0.0,0.0,0,0
35,1,merlin röhl|everton,Merlin Röhl,Everton,MID,15.0,0.008167,0.030725,1.113011,1,0.6465,0.9332404566884143,0,0,1,1,1.293,2,0.0282,0.0011,0.9716,0.0237,0.0046,0.0001,0.0,-2,10
35,1,michael kayode|brentford,Michael Kayode,Brentford,DEF,90.0,0.073122,0.067648,3.19824,1,3.2454,3.0384171602990926,0,1,6,7,6.4908,14,0.1147,0.0081,0.6049,0.2643,0.097,0.0302,0.0036,-3,21
35,1,michael keane|everton,Michael Keane,Everton,DEF,90.0,0.070068,0.001608,2.974937,1,2.9381,2.7948646460964794,0,1,4,7,5.8762,14,0.0611,0.0015,0.5367,0.3454,0.0905,0.0237,0.0037,-4,23
35,1,micky van de ven|tottenham,Micky van de Ven,Tottenham,DEF,0.0,0.0,0.0,0.0,1,0.0,0.0,0,0,0,0,0.0,0,0.0,0.0,1.0,0.0,0.0,0.0,0.0,0,0
35,1,mike trésor|burnley,Mike Trésor,Burnley,FWD,0.0,0.0,0.0,0.0,1,0.0,0.0,0,0,0,0,0.0,0,0.0,0.0,1.0,0.0,0.0,0.0,0.0,0,0
35,1,mikel merino|arsenal,Mikel Merino,Arsenal,MID,0.0,0.0,0.0,0.0,1,0.0,0.0,0,0,0,0,0.0,0,0.0,0.0,1.0,0.0,0.0,0.0,0.0,0,0
35,1,mikkel damsgaard|brentford,Mikkel Damsgaard,Brentford,MID,75.0,0.1009,0.21218,3.316326,1,3.2989,2.6962861105602274,1,2,4,7,6.5978,14,0.2522,0.0378,0.5516,0.3195,0.0921,0.0337,0.0031,-2,20
35,1,milos kerkez|liverpool,Milos Kerkez,Liverpool,DEF,75.0,0.072615,0.037493,2.4731,1,2.2746,2.797247725890576,0,1,2,6,4.5492,12,0.0919,0.0054,0.7581,0.1496,0.0728,0.0173,0.0022,-4,21
35,1,mohamadou kanté|west ham,Mohamadou Kanté,West Ham,MID,0.0,0.0,0.0,0.0,1,0.0,0.0,0,0,0,0,0.0,0,0.0,0.0,1.0,0.0,0.0,0.0,0.0,0,0
35,1,mohamed salah|liverpool,Mohamed Salah,Liverpool,MID,0.0,0.0,0.0,0.0,1,0.0,0.0,0,0,0,0,0.0,0,0.0,0.0,1.0,0.0,0.0,0.0,0.0,0,0
35,1,mohammed kudus|tottenham,Mohammed Kudus,Tottenham,MID,0.0,0.0,0.0,0.0,1,0.0,0.0,0,0,0,0,0.0,0,0.0,0.0,1.0,0.0,0.0,0.0,0.0,0,0
35,1,moisés caicedo|chelsea,Moisés Caicedo,Chelsea,MID,90.0,0.058581,0.093587,3.718418,1,3.6491,2.1541516172266055,2,2,5,6,7.2982,12,0.1245,0.0081,0.3478,0.5612,0.0651,0.0248,0.0011,-1,19
35,1,morato|nottingham forest,Morato,Nottingham Forest,DEF,30.0,0.020969,0.0,0.860985,1,0.1968,1.0565366818052273,0,0,0,1,0.3936,2,0.0141,0.0002,0.9835,0.0076,0.0085,0.0003,0.0001,-5,15
35,1,morgan gibbs-white|nottingham forest,Morgan Gibbs-White,Nottingham Forest,MID,90.0,0.297807,0.086147,3.765667,1,3.8519,3.1982129994733,2,2,5,8,7.7038,16,0.284,0.0482,0.6117,0.1559,0.1745,0.0474,0.0105,-1,28
35,1,morgan rogers|aston villa,Morgan Rogers,Aston Villa,MID,90.0,0.236644,0.177114,3.835466,1,3.9358,3.1060712097439103,2,2,6,8,7.8716,16,0.312,0.051,0.523,0.266,0.1526,0.0483,0.0101,-1,24
35,1,murillo|nottingham forest,Murillo,Nottingham Forest,DEF,90.0,0.018228,0.008258,2.602801,1,2.5998,2.4579340837378045,0,1,4,6,5.1996,12,0.0232,0.0002,0.6051,0.308,0.077,0.0092,0.0007,-5,18
35,1,myles lewis-skelly|arsenal,Myles Lewis-Skelly,Arsenal,DEF,0.0,0.0,0.0,0.0,1,0.0,0.0,0,0,0,0,0.0,0,0.0,0.0,1.0,0.0,0.0,0.0,0.0,0,0
35,1,myles peart-harris|brentford,Myles Peart-Harris,Brentford,MID,0.0,0.0,0.0,0.0,1,0.0,0.0,0,0,0,0,0.0,0,0.0,0.0,1.0,0.0,0.0,0.0,0.0,0,0
35,1,naif aguerd|west ham,Naif Aguerd,West Ham,DEF,15.0,0.005923,0.0,0.956048,1,0.1933,0.7583766280681387,0,0,0,1,0.3866,2,0.0045,0.0001,0.9955,0.0011,0.0033,0.0001,0.0,-5,14
35,1,nathan aké|manchester city,Nathan Aké,Manchester City,DEF,15.0,0.004117,0.012573,1.016758,1,0.418,0.7338092395166472,0,0,1,1,0.836,2,0.011,0.0001,0.989,0.0086,0.0023,0.0001,0.0,-3,10
35,1,nathan collins|brentford,Nathan Collins,Brentford,DEF,15.0,0.016225,0.010146,1.063776,1,0.3825,0.9568666312501445,0,0,1,1,0.765,2,0.0178,0.0003,0.982,0.0099,0.0074,0.0007,0.0,-3,11
35,1,nathan patterson|everton,Nathan Patterson,Everton,DEF,0.0,0.0,0.0,0.0,1,0.0,0.0,0,0,0,0,0.0,0,0.0,0.0,1.0,0.0,0.0,0.0,0.0,0,0
35,1,nathaniel clyne|crystal palace,Nathaniel Clyne,Crystal Palace,DEF,0.0,0.0,0.0,0.0,1,0.0,0.0,0,0,0,0,0.0,0,0.0,0.0,1.0,0.0,0.0,0.0,0.0,0,0
35,1,neco williams|nottingham forest,Neco Williams,Nottingham Forest,DEF,90.0,0.035979,0.116859,2.530292,1,2.582,2.6971607293596724,0,1,4,6,5.164,12,0.1306,0.0087,0.6789,0.2344,0.0645,0.02,0.0022,-5,23
35,1,nehemiah oriola|brighton,Nehemiah Oriola,Brighton,FWD,0.0,0.0,0.0,0.0,1,0.0,0.0,0,0,0,0,0.0,0,0.0,0.0,1.0,0.0,0.0,0.0,0.0,0,0
35,1,nick pope|newcastle united,Nick Pope,Newcastle United,GK,90.0,0.010005,0.0,3.495324,1,3.2198,2.4899172596694856,1,2,4,7,6.4396,14,0.0085,0.0,0.533,0.32,0.136,0.009,0.002,-3,21
35,1,nick woltemade|newcastle united,Nick Woltemade,Newcastle United,FWD,30.0,0.126735,0.027083,1.55819,1,0.9782,1.720501310665005,0,0,1,1,1.9564,2,0.091,0.0078,0.9092,0.069,0.0167,0.0051,0.0,-2,14
35,1,niclas füllkrug|west ham,Niclas Füllkrug,West Ham,FWD,0.0,0.0,0.0,0.0,1,0.0,0.0,0,0,0,0,0.0,0,0.0,0.0,1.0,0.0,0.0,0.0,0.0,0,0
35,1,nico gonzález|manchester city,Nico González,Manchester City,MID,15.0,0.004411,0.006908,0.977782,1,0.5575,0.7334124010405061,0,0,1,1,1.115,2,0.01,0.0003,0.9895,0.0082,0.0021,0.0002,0.0,-2,12
35,1,nico o'reilly|manchester city,Nico O'Reilly,Manchester City,DEF,90.0,0.247381,0.109562,4.889492,1,5.0027,4.201010915244091,1,2,7,11,10.0054,22,0.2656,0.0428,0.44,0.2776,0.1576,0.0916,0.0332,-3,29
35,1,nicolás domínguez|nottingham forest,Nicolás Domínguez,Nottingham Forest,DEF,30.0,0.012954,0.040075,0.976451,1,0.277,1.0752074218493843,0,0,0,1,0.554,2,0.0329,0.0009,0.9666,0.0267,0.0061,0.0006,0.0,-5,11
35,1,nicolò savona|nottingham forest,Nicolò Savona,Nottingham Forest,DEF,0.0,0.0,0.0,0.0,1,0.0,0.0,0,0,0,0,0.0,0,0.0,0.0,1.0,0.0,0.0,0.0,0.0,0,0
35,1,nikola milenkovic|nottingham forest,Nikola Milenkovic,Nottingham Forest,DEF,90.0,0.010514,0.001251,2.215584,1,2.238,2.28730321557943,0,1,3,6,4.476,12,0.0096,0.0,0.7011,0.2355,0.0599,0.0032,0.0003,-4,15
35,1,nilson angulo|sunderland,Nilson Angulo,Sunderland,FWD,0.0,0.0,0.0,0.0,1,0.0,0.0,0,0,0,0,0.0,0,0.0,0.0,1.0,0.0,0.0,0.0,0.0,0,0
35,1,noah okafor|leeds,Noah Okafor,Leeds,MID,0.0,0.0,0.0,0.0,1,0.0,0.0,0,0,0,0,0.0,0,0.0,0.0,1.0,0.0,0.0,0.0,0.0,0,0
35,1,noah sadiki|sunderland,Noah Sadiki,Sunderland,MID,60.0,0.026423,0.031852,2.405489,1,1.6602,1.6152820063382123,0,0,2,3,3.3204,6,0.0388,0.0015,0.7799,0.1994,0.0175,0.0031,0.0001,-1,16
35,1,noni madueke|arsenal,Noni Madueke,Arsenal,MID,30.0,0.050186,0.07549,1.457399,1,0.8892,1.5086826571549101,0,0,1,1,1.7784,2,0.0751,0.005,0.9251,0.054,0.018,0.0028,0.0001,-2,18
35,1,nordi mukiele|sunderland,Nordi Mukiele,Sunderland,DEF,90.0,0.06431,0.107127,4.249421,1,4.2886,3.2473543138992396,1,2,6,8,8.5772,16,0.1434,0.012,0.4116,0.3654,0.1635,0.0513,0.0082,-3,26
35,1,noussair mazraoui|manchester united,Noussair Mazraoui,Manchester United,DEF,75.0,0.015421,0.01008,2.332972,1,2.2221,2.5034319623269172,0,1,3,6,4.4442,12,0.0246,0.0001,0.6858,0.2382,0.0692,0.0062,0.0006,-4,17
35,1,odsonne edouard|crystal palace,Odsonne Edouard,Crystal Palace,DEF,0.0,0.0,0.0,0.0,1,0.0,0.0,0,0,0,0,0.0,0,0.0,0.0,1.0,0.0,0.0,0.0,0.0,0,0
35,1,ola aina|nottingham forest,Ola Aina,Nottingham Forest,DEF,90.0,0.018683,0.022043,2.048792,1,2.0869,2.335754351382011,0,1,2,6,4.1738,12,0.0339,0.0005,0.7637,0.1784,0.052,0.0055,0.0004,-4,15
35,1,oleksandr zinchenko|nottingham forest,Oleksandr Zinchenko,Nottingham Forest,DEF,0.0,0.0,0.0,0.0,1,0.0,0.0,0,0,0,0,0.0,0,0.0,0.0,1.0,0.0,0.0,0.0,0.0,0,0
35,1,oliver scarles|west ham,Oliver Scarles,West Ham,DEF,15.0,0.004442,0.025278,1.03301,1,0.2648,0.8843534135174693,0,0,1,1,0.5296,2,0.0237,0.0003,0.9782,0.0184,0.003,0.0004,0.0,-5,14
35,1,oliver sonne|burnley,Oliver Sonne,Burnley,DEF,0.0,0.0,0.0,0.0,1,0.0,0.0,0,0,0,0,0.0,0,0.0,0.0,1.0,0.0,0.0,0.0,0.0,0,0
35,1,olivier boscagli|brighton,Olivier Boscagli,Brighton,DEF,90.0,0.0,0.019084,2.441752,1,2.4761,2.4163254726960934,0,1,4,6,4.9522,12,0.0158,0.0002,0.6365,0.2892,0.0709,0.0034,0.0,-3,12
35,1,ollie watkins|aston villa,Ollie Watkins,Aston Villa,FWD,75.0,0.448731,0.041158,3.797253,1,3.9113,3.309143742722579,1,2,6,8,7.8226,16,0.3657,0.0801,0.6343,0.148,0.1438,0.0644,0.0095,-2,25
35,1,omar alderete|sunderland,Omar Alderete,Sunderland,DEF,75.0,0.043799,0.018029,3.559416,1,3.3363,2.9480845154099637,0,1,6,8,6.6726,16,0.0519,0.0017,0.5412,0.3085,0.1242,0.0234,0.0027,-3,20
35,1,omar marmoush|manchester city,Omar Marmoush,Manchester City,FWD,30.0,0.118429,0.047353,1.557053,1,0.9929,1.7272665080988514,0,0,1,1,1.9858,2,0.0997,0.0082,0.9003,0.0776,0.0184,0.0036,0.0001,-2,16
35,1,omari hutchinson|nottingham forest,Omari Hutchinson,Nottingham Forest,MID,15.0,0.013789,0.03367,1.154952,1,0.6813,1.011202408027196,0,0,1,1,1.3626,2,0.033,0.0013,0.9671,0.0275,0.0049,0.0004,0.0001,-2,15
35,1,oscar bobb|fulham,Oscar Bobb,Fulham,MID,15.0,0.013086,0.013111,1.07643,1,0.6217,0.8710850188127448,0,0,1,1,1.2434,2,0.0186,0.0001,0.9814,0.0128,0.0058,0.0,0.0,-2,9
35,1,pablo|west ham,Pablo,West Ham,FWD,0.0,0.0,0.0,0.0,1,0.0,0.0,0,0,0,0,0.0,0,0.0,0.0,1.0,0.0,0.0,0.0,0.0,0,0
35,1,pape sarr|tottenham,Pape Sarr,Tottenham,MID,60.0,0.11355,0.093353,3.141947,1,2.4478,2.742239077834024,0,0,3,6,4.8956,12,0.1377,0.0157,0.6697,0.2312,0.0703,0.0256,0.0032,-1,19
35,1,pascal groß|brighton,Pascal Groß,Brighton,MID,90.0,0.123542,0.186149,3.336164,1,3.3687,2.546165805677234,1,2,4,7,6.7374,14,0.2408,0.0315,0.5788,0.2927,0.095,0.0298,0.0037,-1,23
35,1,pascal struijk|leeds,Pascal Struijk,Leeds,DEF,90.0,0.123469,0.051875,5.031076,1,5.056,3.5365044888986072,1,2,7,9,10.112,18,0.1359,0.0113,0.336,0.3685,0.2108,0.0671,0.0176,-2,27
35,1,patrick dorgu|manchester united,Patrick Dorgu,Manchester United,DEF,15.0,0.021697,0.030172,1.158715,1,0.4126,1.2075434733375026,0,0,1,1,0.8252,2,0.0368,0.0014,0.9644,0.0236,0.0109,0.0008,0.0003,-4,16
35,1,patrick roberts|sunderland,Patrick Roberts,Sunderland,MID,0.0,0.0,0.0,0.0,1,0.0,0.0,0,0,0,0,0.0,0,0.0,0.0,1.0,0.0,0.0,0.0,0.0,0,0
35,1,pau torres|aston villa,Pau Torres,Aston Villa,DEF,60.0,0.025409,0.003182,2.757753,1,1.9787,2.558524244559742,0,0,2,6,3.9574,12,0.0223,0.0003,0.7849,0.1519,0.0533,0.0089,0.001,-3,17
35,1,pedro lima|wolverhampton wanderers,Pedro Lima,Wolverhampton Wanderers,DEF,0.0,0.0,0.0,0.0,1,0.0,0.0,0,0,0,0,0.0,0,0.0,0.0,1.0,0.0,0.0,0.0,0.0,0,0
35,1,pedro neto|chelsea,Pedro Neto,Chelsea,MID,75.0,0.162725,0.251299,3.706309,1,3.6245,2.9589355771966375,1,2,5,8,7.249,16,0.3171,0.0556,0.5288,0.2992,0.1226,0.0426,0.0068,-2,21
35,1,pedro porro|tottenham,Pedro Porro,Tottenham,DEF,90.0,0.050064,0.157567,2.853117,1,2.9704,2.98210057509803,0,1,5,7,5.9408,14,0.172,0.0172,0.613,0.2681,0.0865,0.0299,0.0025,-3,23
35,1,phil foden|manchester city,Phil Foden,Manchester City,MID,15.0,0.036685,0.034328,1.248076,1,0.7568,1.3428528437621152,0,0,1,1,1.5136,2,0.0469,0.0035,0.9531,0.0285,0.016,0.0024,0.0,-2,14
35,1,piero hincapié|arsenal,Piero Hincapié,Arsenal,DEF,75.0,0.019735,0.10767,4.027335,1,3.8649,3.0160981399815228,1,1,6,8,7.7298,16,0.1172,0.0074,0.4998,0.3279,0.1378,0.0312,0.0033,-3,21
35,1,quilindschy hartman|burnley,Quilindschy Hartman,Burnley,DEF,30.0,0.004451,0.030286,0.923561,1,0.1635,0.8410515739239776,0,0,0,1,0.327,2,0.0205,0.0003,0.9819,0.0165,0.0013,0.0002,0.0001,-4,16
35,1,radu dragusin|tottenham,Radu Dragusin,Tottenham,DEF,15.0,0.008008,0.000322,0.985417,1,0.2596,0.790700853673499,0,0,1,1,0.5192,2,0.0057,0.0001,0.992,0.0039,0.0037,0.0004,0.0,-4,11
35,1,randal kolo muani|tottenham,Randal Kolo Muani,Tottenham,FWD,60.0,0.107895,0.073675,2.540645,1,1.8108,2.0819710276562446,0,0,2,5,3.6216,10,0.118,0.013,0.8783,0.0745,0.0377,0.0092,0.0003,-1,16
35,1,rayan ait nouri|manchester city,Rayan Ait Nouri,Manchester City,DEF,75.0,0.031279,0.120106,3.647552,1,3.4444,2.9822992204002605,1,1,6,7,6.8888,14,0.1304,0.0086,0.5593,0.3077,0.1014,0.028,0.0036,-3,21
35,1,rayan cherki|manchester city,Rayan Cherki,Manchester City,MID,80.0,0.183453,0.365393,4.290564,1,4.2286,3.3129657468799762,1,2,6,9,8.4572,18,0.3979,0.0972,0.433,0.3504,0.1373,0.0678,0.0115,-2,24
35,1,rayan|bournemouth,Rayan,Bournemouth,MID,75.0,0.177739,0.181691,3.676109,1,3.5549,2.884230571573639,1,2,5,8,7.1098,16,0.2811,0.0429,0.536,0.2993,0.1194,0.0386,0.0067,-2,26
35,1,raúl jiménez|fulham,Raúl Jiménez,Fulham,FWD,60.0,0.202849,0.027074,2.706902,1,2.0265,2.4833037973635044,0,0,2,6,4.053,12,0.151,0.0208,0.8477,0.0727,0.0611,0.017,0.0015,-1,17
35,1,reece james|chelsea,Reece James,Chelsea,DEF,0.0,0.0,0.0,0.0,1,0.0,0.0,0,0,0,0,0.0,0,0.0,0.0,1.0,0.0,0.0,0.0,0.0,0,0
35,1,reinildo|sunderland,Reinildo,Sunderland,DEF,60.0,0.004301,0.02657,2.8334,1,2.0255,2.5153627471996955,0,0,3,6,4.051,12,0.022,0.0004,0.7413,0.1985,0.0561,0.0041,0.0,-4,14
35,1,reiss nelson|brentford,Reiss Nelson,Brentford,MID,0.0,0.0,0.0,0.0,1,0.0,0.0,0,0,0,0,0.0,0,0.0,0.0,1.0,0.0,0.0,0.0,0.0,0,0
35,1,riccardo calafiori|arsenal,Riccardo Calafiori,Arsenal,DEF,15.0,0.029413,0.008519,1.128471,1,0.5684,1.2632978429491597,0,0,1,1,1.1368,2,0.0291,0.0007,0.9709,0.01,0.0174,0.0014,0.0003,-3,16
35,1,richarlison|tottenham,Richarlison,Tottenham,FWD,60.0,0.339705,0.094961,3.407114,1,2.6756,3.3140556181210963,0,0,5,7,5.3512,14,0.2589,0.0626,0.7359,0.1235,0.0882,0.0445,0.0079,-1,23
35,1,rico henry|brentford,Rico Henry,Brentford,DEF,15.0,0.001183,0.004503,0.97325,1,0.3198,0.627796113399884,0,0,1,1,0.6396,2,0.0046,0.0001,0.9955,0.0037,0.0007,0.0001,0.0,-4,10
35,1,rico lewis|manchester city,Rico Lewis,Manchester City,DEF,0.0,0.0,0.0,0.0,1,0.0,0.0,0,0,0,0,0.0,0,0.0,0.0,1.0,0.0,0.0,0.0,0.0,0,0
35,1,rio ngumoha|liverpool,Rio Ngumoha,Liverpool,MID,30.0,0.112524,0.162251,2.019371,1,1.3586,2.355887527026704,0,0,1,5,2.7172,10,0.1573,0.0252,0.8428,0.1002,0.0424,0.0126,0.002,-2,19
35,1,robert sánchez|chelsea,Robert Sánchez,Chelsea,GK,90.0,0.0,0.021837,3.793955,1,3.5704,2.5126567294399766,1,2,6,7,7.1408,14,0.0173,0.0003,0.483,0.3439,0.1655,0.0076,0.0,-3,14
35,1,robin roefs|sunderland,Robin Roefs,Sunderland,GK,90.0,0.0,0.025686,3.881741,1,3.6316,2.5124254098380714,1,2,6,7,7.2632,14,0.0234,0.0001,0.4672,0.3445,0.1784,0.0099,0.0,-3,14
35,1,rodrigo bentancur|tottenham,Rodrigo Bentancur,Tottenham,MID,0.0,0.0,0.0,0.0,1,0.0,0.0,0,0,0,0,0.0,0,0.0,0.0,1.0,0.0,0.0,0.0,0.0,0,0
35,1,rodrigo gomes|wolverhampton wanderers,Rodrigo Gomes,Wolverhampton Wanderers,DEF,90.0,0.241244,0.023639,4.022002,1,4.1006,3.9750320300596322,1,1,6,9,8.2012,18,0.204,0.0245,0.5751,0.194,0.1431,0.0639,0.0239,-3,27
35,1,rodrigo muniz|fulham,Rodrigo Muniz,Fulham,FWD,30.0,0.06334,0.016921,1.247456,1,0.7675,1.307686411185801,0,0,1,1,1.535,2,0.0521,0.0027,0.948,0.042,0.0082,0.0017,0.0001,-2,16
35,1,rodri|manchester city,Rodri,Manchester City,MID,75.0,0.052391,0.116267,3.401902,1,3.2932,2.2349572165927474,1,2,4,6,6.5864,12,0.1498,0.0109,0.4567,0.4546,0.069,0.0187,0.001,-2,18
35,1,romain esse|crystal palace,Romain Esse,Crystal Palace,MID,0.0,0.0,0.0,0.0,1,0.0,0.0,0,0,0,0,0.0,0,0.0,0.0,1.0,0.0,0.0,0.0,0.0,0,0
35,1,romaine mundle|sunderland,Romaine Mundle,Sunderland,MID,30.0,0.102706,0.041877,1.562508,1,0.9751,1.867640219635463,0,0,1,1,1.9502,2,0.0868,0.007,0.9134,0.0502,0.0309,0.0049,0.0006,-2,25
35,1,romelle donovan|brentford,Romelle Donovan,Brentford,MID,0.0,0.0,0.0,0.0,1,0.0,0.0,0,0,0,0,0.0,0,0.0,0.0,1.0,0.0,0.0,0.0,0.0,0,0
35,1,romeo lavia|chelsea,Romeo Lavia,Chelsea,MID,0.0,0.0,0.0,0.0,1,0.0,0.0,0,0,0,0,0.0,0,0.0,0.0,1.0,0.0,0.0,0.0,0.0,0,0
35,1,ross barkley|aston villa,Ross Barkley,Aston Villa,MID,0.0,0.0,0.0,0.0,1,0.0,0.0,0,0,0,0,0.0,0,0.0,0.0,1.0,0.0,0.0,0.0,0.0,0,0
35,1,ryan christie|bournemouth,Ryan Christie,Bournemouth,MID,15.0,0.034764,0.026634,1.188722,1,0.7314,1.3201719736458581,0,0,1,1,1.4628,2,0.0462,0.0022,0.9539,0.0303,0.0138,0.002,0.0,-2,14
35,1,ryan gravenberch|liverpool,Ryan Gravenberch,Liverpool,MID,75.0,0.0381,0.045129,2.464938,1,2.3635,1.651474416998338,1,2,3,4,4.727,8,0.073,0.0027,0.7345,0.2282,0.0314,0.0055,0.0004,-2,17
35,1,ryan sessegnon|fulham,Ryan Sessegnon,Fulham,MID,30.0,0.018467,0.015736,1.099941,1,0.6309,0.9361971961077431,0,0,1,1,1.2618,2,0.0207,0.0004,0.9771,0.0165,0.0063,0.0001,0.0,-2,14
35,1,ryan yates|nottingham forest,Ryan Yates,Nottingham Forest,MID,30.0,0.020937,0.010692,1.050163,1,0.6031,0.9815143350965385,0,0,1,1,1.2062,2,0.0208,0.0005,0.9787,0.0135,0.0075,0.0003,0.0,-2,14
35,1,rúben dias|manchester city,Rúben Dias,Manchester City,DEF,0.0,0.0,0.0,0.0,1,0.0,0.0,0,0,0,0,0.0,0,0.0,0.0,1.0,0.0,0.0,0.0,0.0,0,0
35,1,sam byram|leeds,Sam Byram,Leeds,DEF,0.0,0.0,0.0,0.0,1,0.0,0.0,0,0,0,0,0.0,0,0.0,0.0,1.0,0.0,0.0,0.0,0.0,0,0
35,1,sam johnstone|wolverhampton wanderers,Sam Johnstone,Wolverhampton Wanderers,GK,0.0,0.0,0.0,0.0,1,0.0,0.0,0,0,0,0,0.0,0,0.0,0.0,1.0,0.0,0.0,0.0,0.0,0,0
35,1,samuel chukwueze|fulham,Samuel Chukwueze,Fulham,MID,60.0,0.057454,0.094715,2.659697,1,1.8936,2.0939147642633404,0,0,2,5,3.7872,10,0.104,0.0096,0.8123,0.1391,0.0378,0.0103,0.0005,-1,18
35,1,sander berge|fulham,Sander Berge,Fulham,MID,90.0,0.015086,0.034358,2.406694,1,2.3914,1.279533524375192,1,2,2,4,4.7828,8,0.0459,0.0008,0.75,0.2313,0.0168,0.0019,0.0,-1,11
35,1,sandro tonali|newcastle united,Sandro Tonali,Newcastle United,MID,75.0,0.041689,0.11607,2.767225,1,2.6688,1.9126177244812932,1,2,3,5,5.3376,10,0.1319,0.0098,0.664,0.2807,0.0439,0.0111,0.0003,-2,18
35,1,santiago bueno|wolverhampton wanderers,Santiago Bueno,Wolverhampton Wanderers,DEF,90.0,0.044675,0.011819,3.004425,1,3.0712,2.7890375687681224,1,1,6,7,6.1424,14,0.0485,0.0009,0.6143,0.2696,0.0966,0.0174,0.0021,-3,20
35,1,sasa kalajdzic|wolverhampton wanderers,Sasa Kalajdzic,Wolverhampton Wanderers,FWD,0.0,0.0,0.0,0.0,1,0.0,0.0,0,0,0,0,0.0,0,0.0,0.0,1.0,0.0,0.0,0.0,0.0,0,0
35,1,sasa lukic|fulham,Sasa Lukic,Fulham,MID,0.0,0.0,0.0,0.0,1,0.0,0.0,0,0,0,0,0.0,0,0.0,0.0,1.0,0.0,0.0,0.0,0.0,0,0
35,1,seamus coleman|everton,Seamus Coleman,Everton,DEF,0.0,0.0,0.0,0.0,1,0.0,0.0,0,0,0,0,0.0,0,0.0,0.0,1.0,0.0,0.0,0.0,0.0,0,0
35,1,sean longstaff|leeds,Sean Longstaff,Leeds,MID,0.0,0.0,0.0,0.0,1,0.0,0.0,0,0,0,0,0.0,0,0.0,0.0,1.0,0.0,0.0,0.0,0.0,0,0
35,1,sebastiaan bornauw|leeds,Sebastiaan Bornauw,Leeds,DEF,0.0,0.0,0.0,0.0,1,0.0,0.0,0,0,0,0,0.0,0,0.0,0.0,1.0,0.0,0.0,0.0,0.0,0,0
35,1,senne lammens|manchester united,Senne Lammens,Manchester United,GK,90.0,0.0,0.0,3.005318,1,2.7236,2.242543876939758,1,1,3,6,5.4472,12,0.0,0.0,0.6573,0.2436,0.0979,0.0012,0.0,-4,11
35,1,sepp van den berg|brentford,Sepp van den Berg,Brentford,DEF,90.0,0.109804,0.05622,4.09629,1,4.0941,3.4008594781319617,1,1,6,8,8.1882,16,0.1333,0.0103,0.4599,0.3283,0.1471,0.0519,0.0128,-4,26
35,1,shea lacey|manchester united,Shea Lacey,Manchester United,MID,0.0,0.0,0.0,0.0,1,0.0,0.0,0,0,0,0,0.0,0,0.0,0.0,1.0,0.0,0.0,0.0,0.0,0,0
35,1,simon adingra|sunderland,Simon Adingra,Sunderland,MID,0.0,0.0,0.0,0.0,1,0.0,0.0,0,0,0,0,0.0,0,0.0,0.0,1.0,0.0,0.0,0.0,0.0,0,0
35,1,solly march|brighton,Solly March,Brighton,MID,0.0,0.0,0.0,0.0,1,0.0,0.0,0,0,0,0,0.0,0,0.0,0.0,1.0,0.0,0.0,0.0,0.0,0,0
35,1,soungoutou magassa|west ham,Soungoutou Magassa,West Ham,MID,0.0,0.0,0.0,0.0,1,0.0,0.0,0,0,0,0,0.0,0,0.0,0.0,1.0,0.0,0.0,0.0,0.0,0,0
35,1,souza|tottenham,Souza,Tottenham,DEF,60.0,0.010288,0.090045,2.39381,1,1.7021,2.419825528834672,0,0,2,6,3.4042,12,0.0738,0.0049,0.8086,0.1436,0.0376,0.0093,0.0009,-3,16
35,1,stefan ortega moreno|nottingham forest,Stefan Ortega Moreno,Nottingham Forest,GK,90.0,0.0,0.0,2.839148,1,2.5811,2.1263167191178267,1,1,3,6,5.1622,12,0.0,0.0,0.6377,0.2723,0.088,0.002,0.0,-4,11
35,1,stefanos tzimas|brighton,Stefanos Tzimas,Brighton,FWD,0.0,0.0,0.0,0.0,1,0.0,0.0,0,0,0,0,0.0,0,0.0,0.0,1.0,0.0,0.0,0.0,0.0,0,0
35,1,sven botman|newcastle united,Sven Botman,Newcastle United,DEF,60.0,0.053362,0.03869,2.897519,1,2.1962,2.8439946483775245,0,0,3,6,4.3924,12,0.0646,0.0033,0.7308,0.1803,0.068,0.0181,0.0028,-3,21
35,1,sávio|manchester city,Sávio,Manchester City,MID,15.0,0.060283,0.013817,1.304533,1,0.8123,1.4875041882293978,0,0,1,1,1.6246,2,0.0517,0.0029,0.9483,0.0283,0.0209,0.0025,0.0,-2,14
35,1,taiwo awoniyi|nottingham forest,Taiwo Awoniyi,Nottingham Forest,FWD,30.0,0.2532,0.072373,2.186588,1,1.4677,2.5326185480644337,0,0,1,5,2.9354,10,0.1724,0.0331,0.8282,0.1175,0.0326,0.019,0.0027,-2,20
35,1,tammy abraham|aston villa,Tammy Abraham,Aston Villa,FWD,15.0,0.149014,0.018161,1.635541,1,1.1425,2.0166293040616066,0,0,1,5,2.285,10,0.1147,0.0133,0.8853,0.0821,0.0231,0.0089,0.0006,-2,20
35,1,tawanda chirewa|wolverhampton wanderers,Tawanda Chirewa,Wolverhampton Wanderers,MID,0.0,0.0,0.0,0.0,1,0.0,0.0,0,0,0,0,0.0,0,0.0,0.0,1.0,0.0,0.0,0.0,0.0,0,0
35,1,thiago|brentford,Thiago,Brentford,FWD,90.0,0.640179,0.08915,4.526193,1,4.8151,3.8302887606549976,2,2,7,11,9.6302,22,0.48,0.1427,0.5181,0.1886,0.1647,0.1062,0.0224,-1,28
35,1,thierno barry|everton,Thierno Barry,Everton,FWD,30.0,0.095403,0.009666,1.333943,1,0.8406,1.5423331806065768,0,0,1,1,1.6812,2,0.0663,0.0056,0.9338,0.0508,0.0113,0.0037,0.0004,-2,16
35,1,tijjani reijnders|manchester city,Tijjani Reijnders,Manchester City,MID,15.0,0.03175,0.039491,1.250559,1,0.7822,1.3402847309433918,0,0,1,1,1.5644,2,0.0519,0.0036,0.9482,0.0354,0.0146,0.0017,0.0001,-2,16
35,1,tim iroegbunam|everton,Tim Iroegbunam,Everton,MID,0.0,0.0,0.0,0.0,1,0.0,0.0,0,0,0,0,0.0,0,0.0,0.0,1.0,0.0,0.0,0.0,0.0,0,0
35,1,timothy castagne|fulham,Timothy Castagne,Fulham,DEF,0.0,0.0,0.0,0.0,1,0.0,0.0,0,0,0,0,0.0,0,0.0,0.0,1.0,0.0,0.0,0.0,0.0,0,0
35,1,tolu arokodare|wolverhampton wanderers,Tolu Arokodare,Wolverhampton Wanderers,FWD,60.0,0.266069,0.048782,3.150626,1,2.3841,2.865513425199749,0,0,2,7,4.7682,14,0.1976,0.0349,0.8025,0.0843,0.0818,0.0285,0.0029,-1,21
35,1,tom cairney|fulham,Tom Cairney,Fulham,MID,0.0,0.0,0.0,0.0,1,0.0,0.0,0,0,0,0,0.0,0,0.0,0.0,1.0,0.0,0.0,0.0,0.0,0,0
35,1,tom edozie|wolverhampton wanderers,Tom Edozie,Wolverhampton Wanderers,MID,0.0,0.0,0.0,0.0,1,0.0,0.0,0,0,0,0,0.0,0,0.0,0.0,1.0,0.0,0.0,0.0,0.0,0,0
35,1,tom watson|brighton,Tom Watson,Brighton,FWD,0.0,0.0,0.0,0.0,1,0.0,0.0,0,0,0,0,0.0,0,0.0,0.0,1.0,0.0,0.0,0.0,0.0,0,0
35,1,tomas soucek|west ham,Tomas Soucek,West Ham,MID,75.0,0.185082,0.03889,3.192648,1,3.1465,2.7332833277946142,1,2,3,7,6.293,14,0.1826,0.0188,0.6511,0.2019,0.1132,0.0279,0.0059,-2,23
35,1,tosin adarabioyo|chelsea,Tosin Adarabioyo,Chelsea,DEF,15.0,0.001139,0.006066,0.966583,1,0.368,0.6410740986812679,0,0,1,1,0.736,2,0.0054,0.0,0.9935,0.0059,0.0006,0.0,0.0,-3,8
35,1,toti|wolverhampton wanderers,Toti,Wolverhampton Wanderers,DEF,0.0,0.0,0.0,0.0,1,0.0,0.0,0,0,0,0,0.0,0,0.0,0.0,1.0,0.0,0.0,0.0,0.0,0,0
35,1,trai hume|sunderland,Trai Hume,Sunderland,DEF,90.0,0.069667,0.093285,3.392361,1,3.5082,3.121014700381912,1,1,6,7,7.0164,14,0.1351,0.0093,0.5615,0.2975,0.0995,0.0366,0.0049,-4,23
35,1,trevoh chalobah|chelsea,Trevoh Chalobah,Chelsea,DEF,90.0,0.054511,0.025897,3.964896,1,4.0249,3.0074374457334936,1,2,6,8,8.0498,16,0.0705,0.0029,0.4429,0.364,0.1582,0.029,0.0059,-3,25
35,1,treymaurice nyoni|liverpool,Treymaurice Nyoni,Liverpool,MID,0.0,0.0,0.0,0.0,1,0.0,0.0,0,0,0,0,0.0,0,0.0,0.0,1.0,0.0,0.0,0.0,0.0,0,0
35,1,tyler adams|bournemouth,Tyler Adams,Bournemouth,MID,75.0,0.040733,0.047048,2.647106,1,2.5515,1.9254474155374903,1,1,3,5,5.103,10,0.0783,0.0045,0.603,0.3508,0.0371,0.0083,0.0008,-2,17
35,1,tyler dibling|everton,Tyler Dibling,Everton,MID,0.0,0.0,0.0,0.0,1,0.0,0.0,0,0,0,0,0.0,0,0.0,0.0,1.0,0.0,0.0,0.0,0.0,0,0
35,1,tyler fletcher|manchester united,Tyler Fletcher,Manchester United,MID,0.0,0.0,0.0,0.0,1,0.0,0.0,0,0,0,0,0.0,0,0.0,0.0,1.0,0.0,0.0,0.0,0.0,0,0
35,1,tyler fredricson|manchester united,Tyler Fredricson,Manchester United,DEF,0.0,0.0,0.0,0.0,1,0.0,0.0,0,0,0,0,0.0,0,0.0,0.0,1.0,0.0,0.0,0.0,0.0,0,0
35,1,tyrell malacia|manchester united,Tyrell Malacia,Manchester United,DEF,0.0,0.0,0.0,0.0,1,0.0,0.0,0,0,0,0,0.0,0,0.0,0.0,1.0,0.0,0.0,0.0,0.0,0,0
35,1,tyrick mitchell|crystal palace,Tyrick Mitchell,Crystal Palace,DEF,90.0,0.035195,0.067673,2.269036,1,2.3248,2.574044475140241,0,1,3,6,4.6496,12,0.0871,0.0039,0.722,0.2059,0.0567,0.0141,0.0013,-4,21
35,1,tyrique george|everton,Tyrique George,Everton,FWD,15.0,0.025769,0.038361,1.19649,1,0.7201,1.1372581017517525,0,0,1,1,1.4402,2,0.046,0.0023,0.954,0.0394,0.0059,0.0007,0.0,-2,14
35,1,tyrone mings|aston villa,Tyrone Mings,Aston Villa,DEF,0.0,0.0,0.0,0.0,1,0.0,0.0,0,0,0,0,0.0,0,0.0,0.0,1.0,0.0,0.0,0.0,0.0,0,0
35,1,valentino livramento|newcastle united,Valentino Livramento,Newcastle United,DEF,0.0,0.0,0.0,0.0,1,0.0,0.0,0,0,0,0,0.0,0,0.0,0.0,1.0,0.0,0.0,0.0,0.0,0,0
35,1,valentín castellanos|west ham,Valentín Castellanos,West Ham,FWD,75.0,0.266062,0.053331,3.040046,1,3.0313,2.6358149233206793,1,2,4,7,6.0626,14,0.2514,0.0369,0.7429,0.1329,0.0918,0.0292,0.0032,-2,19
35,1,veljko milosavljevic|bournemouth,Veljko Milosavljevic,Bournemouth,DEF,0.0,0.0,0.0,0.0,1,0.0,0.0,0,0,0,0,0.0,0,0.0,0.0,1.0,0.0,0.0,0.0,0.0,0,0
35,1,victor lindelöf|aston villa,Victor Lindelöf,Aston Villa,DEF,0.0,0.0,0.0,0.0,1,0.0,0.0,0,0,0,0,0.0,0,0.0,0.0,1.0,0.0,0.0,0.0,0.0,0,0
35,1,viktor gyokeres|arsenal,Viktor Gyokeres,Arsenal,FWD,75.0,0.448073,0.077237,3.81954,1,3.9162,3.364428266436959,1,2,6,8,7.8324,16,0.3831,0.0876,0.6172,0.1779,0.1281,0.0645,0.0123,-2,25
35,1,virgil van dijk|liverpool,Virgil van Dijk,Liverpool,DEF,90.0,0.102255,0.013972,3.422794,1,3.3664,3.0976040805758247,1,1,5,8,6.7328,16,0.096,0.0049,0.533,0.3049,0.1222,0.0331,0.0068,-3,23
35,1,vitalii mykolenko|everton,Vitalii Mykolenko,Everton,DEF,90.0,0.004455,0.020607,1.715903,1,1.7695,2.160409625510866,0,1,2,6,3.539,12,0.0238,0.0003,0.7951,0.166,0.0367,0.0022,0.0,-4,14
35,1,vitaly janelt|brentford,Vitaly Janelt,Brentford,MID,60.0,0.052072,0.12543,2.693452,1,2.1513,2.4231401754747908,0,0,3,5,4.3026,10,0.1316,0.0128,0.6851,0.2501,0.0487,0.0153,0.0008,-1,26
35,1,walter benítez|crystal palace,Walter Benítez,Crystal Palace,MID,0.0,0.0,0.0,0.0,1,0.0,0.0,0,0,0,0,0.0,0,0.0,0.0,1.0,0.0,0.0,0.0,0.0,0,0
35,1,wataru endo|liverpool,Wataru Endo,Liverpool,MID,0.0,0.0,0.0,0.0,1,0.0,0.0,0,0,0,0,0.0,0,0.0,0.0,1.0,0.0,0.0,0.0,0.0,0,0
35,1,wesley fofana|chelsea,Wesley Fofana,Chelsea,DEF,15.0,0.005716,0.00668,0.974227,1,0.372,0.7794972738887546,0,0,1,1,0.744,2,0.0089,0.0001,0.9894,0.0071,0.0034,0.0001,0.0,-4,10
35,1,wilfried gnonto|leeds,Wilfried Gnonto,Leeds,MID,0.0,0.0,0.0,0.0,1,0.0,0.0,0,0,0,0,0.0,0,0.0,0.0,1.0,0.0,0.0,0.0,0.0,0,0
35,1,will hughes|crystal palace,Will Hughes,Crystal Palace,MID,60.0,0.037198,0.045816,2.124776,1,1.5388,1.758719579694273,0,0,2,3,3.0776,6,0.0591,0.0033,0.8511,0.1188,0.0258,0.0042,0.0001,-1,15
35,1,william osula|newcastle united,William Osula,Newcastle United,FWD,15.0,0.0617,0.005804,1.249211,1,0.7694,1.3082903500370244,0,0,1,1,1.5388,2,0.0482,0.0019,0.9519,0.0352,0.0116,0.0013,0.0,-2,12
35,1,william saliba|arsenal,William Saliba,Arsenal,DEF,90.0,0.069279,0.021463,4.073573,1,4.2127,3.016464604466626,1,2,6,7,8.4254,14,0.0771,0.0034,0.4769,0.3495,0.1343,0.0333,0.006,-3,27
35,1,wilson isidor|sunderland,Wilson Isidor,Sunderland,FWD,30.0,0.193838,0.007184,1.766905,1,1.1701,2.0753231049646224,0,0,1,5,2.3402,10,0.1199,0.0134,0.8802,0.0834,0.0258,0.0101,0.0005,-2,16
35,1,wilson odobert|tottenham,Wilson Odobert,Tottenham,MID,15.0,0.046636,0.044343,1.35121,1,0.853,1.4810101282570622,0,0,1,1,1.706,2,0.061,0.0046,0.939,0.0391,0.0192,0.0027,0.0,-2,14
35,1,xavi simons|tottenham,Xavi Simons,Tottenham,MID,0.0,0.0,0.0,0.0,1,0.0,0.0,0,0,0,0,0.0,0,0.0,0.0,1.0,0.0,0.0,0.0,0.0,0,0
35,1,yankuba minteh|brighton,Yankuba Minteh,Brighton,MID,60.0,0.089528,0.17683,3.161968,1,2.3078,2.630714572126744,0,0,3,6,4.6156,12,0.1729,0.0265,0.7205,0.1933,0.0623,0.0209,0.003,-1,20
35,1,yasin ayari|brighton,Yasin Ayari,Brighton,MID,15.0,0.015491,0.00796,1.081336,1,0.6238,0.8943565060980995,0,0,1,1,1.2476,2,0.0168,0.0002,0.9831,0.01,0.0067,0.0002,0.0,-2,11
35,1,yehor yarmolyuk|brentford,Yehor Yarmolyuk,Brentford,MID,0.0,0.0,0.0,0.0,1,0.0,0.0,0,0,0,0,0.0,0,0.0,0.0,1.0,0.0,0.0,0.0,0.0,0,0
35,1,yeremi pino|crystal palace,Yeremi Pino,Crystal Palace,MID,60.0,0.109947,0.155722,3.016235,1,2.1763,2.6170629167064363,0,0,2,6,4.3526,12,0.1678,0.0251,0.7651,0.1466,0.066,0.0198,0.0025,-1,19
35,1,yerson mosquera|wolverhampton wanderers,Yerson Mosquera,Wolverhampton Wanderers,DEF,90.0,0.098285,0.070916,3.518624,1,3.6121,3.3784365600081943,0,1,6,8,7.2242,16,0.1403,0.0101,0.4993,0.3126,0.1349,0.0456,0.0076,-3,23
35,1,yoane wissa|newcastle united,Yoane Wissa,Newcastle United,FWD,15.0,0.088381,0.005804,1.349268,1,0.8624,1.5279614654826867,0,0,1,1,1.7248,2,0.0657,0.005,0.9343,0.0488,0.013,0.0037,0.0002,-2,15
35,1,youri tielemans|aston villa,Youri Tielemans,Aston Villa,MID,75.0,0.098003,0.127442,3.205229,1,3.132,2.3809191502442917,1,2,4,7,6.264,14,0.1861,0.0193,0.5811,0.3121,0.0796,0.0253,0.0019,-2,18
35,1,yves bissouma|tottenham,Yves Bissouma,Tottenham,MID,30.0,0.012783,0.001773,0.942073,1,0.5481,0.8218797904803354,0,0,1,1,1.0962,2,0.009,0.0001,0.9813,0.015,0.0036,0.0001,0.0,-2,13
35,1,zach abbott|nottingham forest,Zach Abbott,Nottingham Forest,DEF,0.0,0.0,0.0,0.0,1,0.0,0.0,0,0,0,0,0.0,0,0.0,0.0,1.0,0.0,0.0,0.0,0.0,0,0
35,1,zian flemming|burnley,Zian Flemming,Burnley,FWD,15.0,0.086659,0.004842,1.296028,1,0.8327,1.4828050141539175,0,0,1,1,1.6654,2,0.0652,0.0042,0.9348,0.0494,0.0131,0.0027,0.0,-2,14
36,2,aaron hickey|brentford,Aaron Hickey,Brentford,DEF,75.0,0.026566,0.029892,1.620012,1,1.4821,2.192414100939875,0,0,2,5,2.9642,10,0.0508,0.0014,0.844,0.1141,0.0371,0.0046,0.0002,-4,15
36,2,aaron ramsdale|newcastle united,Aaron Ramsdale,Newcastle United,GK,0.0,0.0,0.0,0.0,1,0.0,0.0,0,0,0,0,0.0,0,0.0,0.0,1.0,0.0,0.0,0.0,0.0,0,0
36,2,aaron wan-bissaka|west ham,Aaron Wan-Bissaka,West Ham,DEF,90.0,0.0,0.03134,2.284991,1,2.2695,2.2569159820427522,0,1,3,6,4.539,12,0.0275,0.0007,0.7068,0.2377,0.0521,0.0034,0.0,-4,14
36,2,abduqodir khusanov|manchester city,Abduqodir Khusanov,Manchester City,DEF,90.0,0.056918,0.058186,7.462821,1,5.494,2.9473316745829607,2,3,7,9,10.988,18,0.094,0.0049,0.2452,0.4582,0.235,0.0509,0.0107,-2,20
36,2,adam armstrong|wolverhampton wanderers,Adam Armstrong,Wolverhampton Wanderers,FWD,60.0,0.056225,0.067695,2.368012,1,1.6948,1.789707506828979,0,0,2,2,3.3896,4,0.092,0.0062,0.9078,0.0596,0.0284,0.0042,0.0,-1,14
36,2,adam smith|bournemouth,Adam Smith,Bournemouth,DEF,15.0,0.0,0.01146,0.965402,1,0.271,0.6525021072762908,0,0,1,1,0.542,2,0.009,0.0003,0.9914,0.0083,0.0003,0.0,0.0,-4,7
36,2,adam wharton|crystal palace,Adam Wharton,Crystal Palace,MID,90.0,0.059117,0.324147,5.498488,1,3.7593,2.5629208942142556,1,2,5,7,7.5186,14,0.2862,0.042,0.4187,0.4457,0.1006,0.0321,0.0029,-1,22
36,2,adama traoré|west ham,Adama Traoré,West Ham,MID,15.0,0.01158,0.016226,1.041578,1,0.6122,0.936809030699427,0,0,1,1,1.2244,2,0.0228,0.0008,0.9774,0.0161,0.006,0.0005,0.0,-2,13
36,2,adrien truffert|bournemouth,Adrien Truffert,Bournemouth,DEF,90.0,0.035985,0.105765,3.354923,1,3.3406,2.8879736217631904,1,1,6,7,6.6812,14,0.1175,0.0085,0.5492,0.3109,0.1099,0.0271,0.0029,-3,23
36,2,alejandro garnacho|chelsea,Alejandro Garnacho,Chelsea,MID,15.0,0.035681,0.043063,1.280929,1,0.8116,1.422710596010306,0,0,1,1,1.6232,2,0.0581,0.0034,0.9421,0.0399,0.0156,0.0021,0.0003,-2,17
36,2,alejandro jiménez|bournemouth,Alejandro Jiménez,Bournemouth,DEF,90.0,0.04318,0.077302,2.410277,1,2.5136,2.7550344898022603,0,1,5,6,5.0272,12,0.102,0.0047,0.6792,0.2368,0.0663,0.0164,0.0013,-3,19
36,2,alex iwobi|fulham,Alex Iwobi,Fulham,MID,90.0,0.070822,0.162811,2.997724,1,3.0329,2.089118854924248,2,2,3,6,6.0658,12,0.1904,0.0196,0.6254,0.2899,0.0672,0.0165,0.001,-1,18
36,2,alex murphy|newcastle united,Alex Murphy,Newcastle United,DEF,0.0,0.0,0.0,0.0,1,0.0,0.0,0,0,0,0,0.0,0,0.0,0.0,1.0,0.0,0.0,0.0,0.0,0,0
36,2,alex scott|bournemouth,Alex Scott,Bournemouth,MID,90.0,0.106298,0.11085,3.873561,1,3.81,2.4630265934414917,2,2,5,7,7.62,14,0.1806,0.0176,0.4149,0.4524,0.093,0.0361,0.0036,-1,18
36,2,alex tóth|bournemouth,Alex Tóth,Bournemouth,MID,0.0,0.0,0.0,0.0,1,0.0,0.0,0,0,0,0,0.0,0,0.0,0.0,1.0,0.0,0.0,0.0,0.0,0,0
36,2,alexander isak|liverpool,Alexander Isak,Liverpool,FWD,75.0,0.378727,0.075961,3.668023,1,3.7543,3.163468272323906,1,2,6,8,7.5086,16,0.3464,0.0723,0.654,0.1556,0.126,0.0555,0.0089,-2,21
36,2,alexis mac allister|liverpool,Alexis Mac Allister,Liverpool,MID,75.0,0.121867,0.049291,2.836346,1,2.7334,2.2738787214801057,1,2,3,7,5.4668,14,0.1435,0.0105,0.6846,0.215,0.0821,0.0168,0.0015,-2,18
36,2,alisson|liverpool,Alisson,Liverpool,GK,0.0,0.0,0.0,0.0,1,0.0,0.0,0,0,0,0,0.0,0,0.0,0.0,1.0,0.0,0.0,0.0,0.0,0,0
36,2,alphonse areola|west ham,Alphonse Areola,West Ham,GK,0.0,0.0,0.0,0.0,1,0.0,0.0,0,0,0,0,0.0,0,0.0,0.0,1.0,0.0,0.0,0.0,0.0,0,0
36,2,altay bayindir|manchester united,Altay Bayindir,Manchester United,GK,0.0,0.0,0.0,0.0,1,0.0,0.0,0,0,0,0,0.0,0,0.0,0.0,1.0,0.0,0.0,0.0,0.0,0,0
36,2,alysson edward|aston villa,Alysson Edward,Aston Villa,FWD,0.0,0.0,0.0,0.0,1,0.0,0.0,0,0,0,0,0.0,0,0.0,0.0,1.0,0.0,0.0,0.0,0.0,0,0
36,2,amad diallo traore|manchester united,Amad Diallo Traore,Manchester United,MID,30.0,0.064743,0.061276,1.464236,1,0.8987,1.600324438981046,0,0,1,1,1.7974,2,0.078,0.0049,0.9219,0.0528,0.0225,0.0028,0.0,-2,14
36,2,amadou onana|aston villa,Amadou Onana,Aston Villa,MID,75.0,0.117198,0.029053,3.39035,1,3.2806,2.416746498911295,1,2,4,7,6.5612,14,0.1258,0.0085,0.4825,0.4132,0.0731,0.0284,0.0028,-2,23
36,2,amine adli|bournemouth,Amine Adli,Bournemouth,MID,15.0,0.037442,0.017854,1.202441,1,0.7314,1.2823626788081444,0,0,1,1,1.4628,2,0.0401,0.0017,0.9599,0.0237,0.0151,0.0012,0.0001,-2,17
36,2,andrew robertson|liverpool,Andrew Robertson,Liverpool,DEF,15.0,0.016647,0.017414,1.102445,1,0.4092,1.065530553292584,0,0,1,1,0.8184,2,0.024,0.0007,0.9762,0.0134,0.0092,0.0012,0.0,-4,12
36,2,andrey santos|chelsea,Andrey Santos,Chelsea,MID,60.0,0.055582,0.027067,2.307342,1,1.7016,1.956005480564919,0,0,2,4,3.4032,8,0.0632,0.0027,0.8166,0.1418,0.0343,0.0068,0.0005,-1,20
36,2,andrés garcía|aston villa,Andrés García,Aston Villa,DEF,0.0,0.0,0.0,0.0,1,0.0,0.0,0,0,0,0,0.0,0,0.0,0.0,1.0,0.0,0.0,0.0,0.0,0,0
36,2,andré|wolverhampton wanderers,André,Wolverhampton Wanderers,MID,75.0,0.010869,0.02438,2.401767,1,2.2977,1.5391798822749732,1,1,3,4,4.5954,8,0.0316,0.0009,0.6458,0.3394,0.0125,0.0023,0.0,-2,14
36,2,andy irving|west ham,Andy Irving,West Ham,MID,0.0,0.0,0.0,0.0,1,0.0,0.0,0,0,0,0,0.0,0,0.0,0.0,1.0,0.0,0.0,0.0,0.0,0,0
36,2,angel gomes|wolverhampton wanderers,Angel Gomes,Wolverhampton Wanderers,MID,60.0,0.017034,0.027279,2.153705,1,1.4435,1.3806548265225453,0,0,2,3,2.887,6,0.0325,0.0009,0.8929,0.0951,0.011,0.001,0.0,-1,14
36,2,angus gunn|nottingham forest,Angus Gunn,Nottingham Forest,GK,0.0,0.0,0.0,0.0,1,0.0,0.0,0,0,0,0,0.0,0,0.0,0.0,1.0,0.0,0.0,0.0,0.0,0,0
36,2,anthony elanga|newcastle united,Anthony Elanga,Newcastle United,MID,60.0,0.054349,0.08953,2.750347,1,1.9546,2.07955255764311,0,0,3,5,3.9092,10,0.1024,0.0088,0.7487,0.2033,0.0387,0.0084,0.0009,-1,17
36,2,anthony gordon|newcastle united,Anthony Gordon,Newcastle United,MID,30.0,0.146642,0.060752,1.822372,1,1.2308,2.30176700819175,0,0,1,5,2.4616,10,0.125,0.017,0.875,0.0673,0.044,0.013,0.0007,-2,19
36,2,antoine semenyo|manchester city,Antoine Semenyo,Manchester City,MID,90.0,0.685898,0.199385,8.688723,1,6.7225,4.799197198490598,2,3,9,14,13.445,28,0.5478,0.1885,0.1847,0.341,0.2461,0.1529,0.0753,-1,31
36,2,anton stach|leeds,Anton Stach,Leeds,MID,90.0,0.06545,0.197791,3.514573,1,3.4427,2.289042749710018,2,2,4,7,6.8854,14,0.203,0.0235,0.4996,0.3924,0.083,0.0237,0.0013,-1,20
36,2,antonee robinson|fulham,Antonee Robinson,Fulham,DEF,90.0,0.007201,0.072053,2.902939,1,2.9536,2.556999616738336,1,1,5,6,5.9072,12,0.0697,0.0029,0.6137,0.2935,0.0808,0.0113,0.0007,-3,19
36,2,antoni milambo|brentford,Antoni Milambo,Brentford,MID,0.0,0.0,0.0,0.0,1,0.0,0.0,0,0,0,0,0.0,0,0.0,0.0,1.0,0.0,0.0,0.0,0.0,0,0
36,2,ao tanaka|leeds,Ao Tanaka,Leeds,MID,60.0,0.056601,0.063025,2.668242,1,1.9685,2.125113585199624,0,0,3,4,3.937,8,0.0799,0.0064,0.7419,0.2104,0.0366,0.0105,0.0006,-1,17
36,2,archie gray|tottenham,Archie Gray,Tottenham,MID,75.0,0.064402,0.103724,2.647221,1,2.5463,2.021943696050906,1,1,3,5,5.0926,10,0.1423,0.0094,0.6831,0.2522,0.0537,0.0101,0.0009,-2,16
36,2,armando broja|burnley,Armando Broja,Burnley,FWD,60.0,0.116678,0.03628,2.53566,1,1.8424,2.0462067930685794,0,0,2,5,3.6848,10,0.1074,0.0098,0.8921,0.0565,0.0429,0.008,0.0005,-1,16
36,2,arnaud kalimuendo muinga|nottingham forest,Arnaud Kalimuendo Muinga,Nottingham Forest,FWD,0.0,0.0,0.0,0.0,1,0.0,0.0,0,0,0,0,0.0,0,0.0,0.0,1.0,0.0,0.0,0.0,0.0,0,0
36,2,arthur masuaku|sunderland,Arthur Masuaku,Sunderland,FWD,0.0,0.0,0.0,0.0,1,0.0,0.0,0,0,0,0,0.0,0,0.0,0.0,1.0,0.0,0.0,0.0,0.0,0,0
36,2,ashley barnes|burnley,Ashley Barnes,Burnley,FWD,15.0,0.079682,0.0,1.279369,1,0.8095,1.4375012173907886,0,0,1,1,1.619,2,0.0568,0.004,0.9432,0.043,0.0105,0.0032,0.0001,-2,15
36,2,axel disasi|west ham,Axel Disasi,West Ham,DEF,90.0,0.050752,0.000131,2.204615,1,2.2377,2.556559936711831,0,1,2,6,4.4754,12,0.0441,0.0009,0.7604,0.1625,0.0657,0.0101,0.0013,-4,22
36,2,axel tuanzebe|burnley,Axel Tuanzebe,Burnley,DEF,75.0,0.037206,0.0,2.62525,1,2.4387,2.579116575496346,0,1,3,6,4.8774,12,0.033,0.0004,0.6794,0.2308,0.0757,0.0126,0.0015,-4,22
36,2,ayden heaven|manchester united,Ayden Heaven,Manchester United,DEF,15.0,0.002956,0.005608,0.975288,1,0.3523,0.645123794321679,0,0,1,1,0.7046,2,0.0055,0.0,0.9935,0.0055,0.0009,0.0001,0.0,-3,10
36,2,bafode diakite|bournemouth,Bafode Diakite,Bournemouth,DEF,0.0,0.0,0.0,0.0,1,0.0,0.0,0,0,0,0,0.0,0,0.0,0.0,1.0,0.0,0.0,0.0,0.0,0,0
36,2,bart verbruggen|brighton,Bart Verbruggen,Brighton,GK,90.0,0.0,0.001278,4.398277,1,4.1998,2.5068466167677674,1,2,6,7,8.3996,14,0.0013,0.0,0.3837,0.3689,0.2423,0.0051,0.0,-2,12
36,2,bashir humphreys|burnley,Bashir Humphreys,Burnley,DEF,15.0,0.00415,0.007108,0.918838,1,0.1711,0.7459388647871887,0,0,0,1,0.3422,2,0.007,0.0,0.993,0.005,0.0019,0.0001,0.0,-4,10
36,2,ben davies|tottenham,Ben Davies,Tottenham,DEF,0.0,0.0,0.0,0.0,1,0.0,0.0,0,0,0,0,0.0,0,0.0,0.0,1.0,0.0,0.0,0.0,0.0,0,0
36,2,ben doak|bournemouth,Ben Doak,Bournemouth,FWD,0.0,0.0,0.0,0.0,1,0.0,0.0,0,0,0,0,0.0,0,0.0,0.0,1.0,0.0,0.0,0.0,0.0,0,0
36,2,ben white|arsenal,Ben White,Arsenal,DEF,15.0,0.009839,0.039286,1.149199,1,0.574,1.0197666399721066,0,0,1,1,1.148,2,0.0345,0.001,0.9658,0.0271,0.0067,0.0004,0.0,-3,12
36,2,ben winterburn|bournemouth,Ben Winterburn,Bournemouth,MID,0.0,0.0,0.0,0.0,1,0.0,0.0,0,0,0,0,0.0,0,0.0,0.0,1.0,0.0,0.0,0.0,0.0,0,0
36,2,bendito mantato|manchester united,Bendito Mantato,Manchester United,MID,0.0,0.0,0.0,0.0,1,0.0,0.0,0,0,0,0,0.0,0,0.0,0.0,1.0,0.0,0.0,0.0,0.0,0,0
36,2,benjamin sesko|manchester united,Benjamin Sesko,Manchester United,FWD,60.0,0.328868,0.020137,3.315906,1,2.5406,3.0783033703649156,0,0,2,7,5.0812,14,0.2146,0.0407,0.7853,0.0831,0.0926,0.0329,0.0061,-1,21
36,2,benoit badiashile mukinayi|chelsea,Benoit Badiashile Mukinayi,Chelsea,DEF,0.0,0.0,0.0,0.0,1,0.0,0.0,0,0,0,0,0.0,0,0.0,0.0,1.0,0.0,0.0,0.0,0.0,0,0
36,2,bernardo silva|manchester city,Bernardo Silva,Manchester City,MID,90.0,0.148289,0.301911,5.954844,1,4.1504,2.933185953873365,2,2,6,8,8.3008,16,0.3306,0.0622,0.341,0.4713,0.1236,0.0578,0.0063,-1,25
36,2,bernd leno|fulham,Bernd Leno,Fulham,GK,90.0,0.0,0.0,3.091937,1,2.8393,2.318852196669723,1,1,4,7,5.6786,14,0.0,0.0,0.6266,0.2614,0.1112,0.0008,0.0,-4,11
36,2,bertrand traoré|sunderland,Bertrand Traoré,Sunderland,MID,0.0,0.0,0.0,0.0,1,0.0,0.0,0,0,0,0,0.0,0,0.0,0.0,1.0,0.0,0.0,0.0,0.0,0,0
36,2,beto|everton,Beto,Everton,FWD,60.0,0.329703,0.024445,3.239465,1,2.4873,3.080460795075957,0,0,2,7,4.9746,14,0.2159,0.0426,0.7832,0.0888,0.0889,0.0335,0.0056,-1,23
36,2,borna sosa|crystal palace,Borna Sosa,Crystal Palace,DEF,0.0,0.0,0.0,0.0,1,0.0,0.0,0,0,0,0,0.0,0,0.0,0.0,1.0,0.0,0.0,0.0,0.0,0,0
36,2,boubacar kamara|aston villa,Boubacar Kamara,Aston Villa,MID,0.0,0.0,0.0,0.0,1,0.0,0.0,0,0,0,0,0.0,0,0.0,0.0,1.0,0.0,0.0,0.0,0.0,0,0
36,2,bradley burrowes|aston villa,Bradley Burrowes,Aston Villa,MID,0.0,0.0,0.0,0.0,1,0.0,0.0,0,0,0,0,0.0,0,0.0,0.0,1.0,0.0,0.0,0.0,0.0,0,0
36,2,brajan gruda|brighton,Brajan Gruda,Brighton,MID,0.0,0.0,0.0,0.0,1,0.0,0.0,0,0,0,0,0.0,0,0.0,0.0,1.0,0.0,0.0,0.0,0.0,0,0
36,2,brenden aaronson|leeds,Brenden Aaronson,Leeds,MID,75.0,0.109997,0.116228,3.132706,1,3.0633,2.407964515934568,1,2,3,7,6.1266,14,0.1953,0.0178,0.627,0.2633,0.085,0.0215,0.0032,-2,20
36,2,brennan johnson|crystal palace,Brennan Johnson,Crystal Palace,MID,90.0,0.176099,0.076141,5.174306,1,3.2728,2.5821657886355784,2,2,3,8,6.5456,16,0.1931,0.0221,0.5768,0.2829,0.1066,0.0295,0.0042,-1,22
36,2,brian brobbey|sunderland,Brian Brobbey,Sunderland,FWD,60.0,0.160231,0.045561,2.624291,1,1.9003,2.274194343058658,0,0,2,6,3.8006,12,0.1324,0.0158,0.8676,0.0668,0.0531,0.012,0.0005,-1,16
36,2,bruno fernandes|manchester united,Bruno Fernandes,Manchester United,MID,90.0,0.280896,0.434192,5.112249,1,5.1866,3.7631875371817443,2,2,7,10,10.3732,20,0.4706,0.1356,0.3403,0.3528,0.1758,0.1045,0.0266,-1,27
36,2,bruno guimarães|newcastle united,Bruno Guimarães,Newcastle United,MID,90.0,0.201696,0.134295,3.713515,1,3.7653,2.934214700733401,2,2,5,8,7.5306,16,0.2601,0.0383,0.509,0.3108,0.1278,0.0451,0.0073,-1,27
36,2,bryan mbeumo|manchester united,Bryan Mbeumo,Manchester United,MID,80.0,0.250449,0.127521,3.79447,1,3.7011,3.211005884454278,1,2,5,8,7.4022,16,0.288,0.0477,0.5494,0.2495,0.1429,0.0475,0.0107,-2,31
36,2,bukayo saka|arsenal,Bukayo Saka,Arsenal,MID,90.0,0.375107,0.22541,5.003632,1,5.1664,3.8675200115836508,2,2,8,10,10.3328,20,0.4144,0.1067,0.3098,0.3686,0.195,0.0946,0.032,-1,26
36,2,callum hudson-odoi|nottingham forest,Callum Hudson-Odoi,Nottingham Forest,MID,60.0,0.073467,0.153282,3.017579,1,2.197,2.4440930833337755,0,0,3,6,4.394,12,0.1555,0.0183,0.7202,0.2084,0.0537,0.0164,0.0013,-1,21
36,2,callum marshall|west ham,Callum Marshall,West Ham,FWD,0.0,0.0,0.0,0.0,1,0.0,0.0,0,0,0,0,0.0,0,0.0,0.0,1.0,0.0,0.0,0.0,0.0,0,0
36,2,callum olusesi|tottenham,Callum Olusesi,Tottenham,DEF,0.0,0.0,0.0,0.0,1,0.0,0.0,0,0,0,0,0.0,0,0.0,0.0,1.0,0.0,0.0,0.0,0.0,0,0
36,2,callum wilson|west ham,Callum Wilson,West Ham,FWD,15.0,0.056917,0.007011,1.233702,1,0.7606,1.2797998437255727,0,0,1,1,1.5212,2,0.0457,0.0027,0.9543,0.0334,0.0106,0.0017,0.0,-2,12
36,2,calvin bassey|fulham,Calvin Bassey,Fulham,DEF,90.0,0.064713,0.009942,3.092975,1,3.1348,2.907684467063096,0,1,5,7,6.2696,14,0.061,0.002,0.5914,0.2756,0.107,0.0219,0.0041,-3,19
36,2,caoimhin kelleher|brentford,Caoimhin Kelleher,Brentford,GK,90.0,0.0,0.00323,2.345897,1,2.0201,1.9149663156306431,0,1,3,5,4.0402,10,0.0034,0.0,0.7488,0.2012,0.0489,0.0011,0.0,-4,12
36,2,carlos alcaraz|everton,Carlos Alcaraz,Everton,MID,15.0,0.011742,0.027976,1.077638,1,0.6095,0.9412809091870503,0,0,1,1,1.219,2,0.0265,0.0007,0.9737,0.0208,0.0053,0.0002,0.0,-2,11
36,2,carlos baleba|brighton,Carlos Baleba,Brighton,MID,60.0,0.032224,0.072806,2.521766,1,1.8747,2.0270668242561714,0,0,3,4,3.7494,8,0.0735,0.0041,0.6976,0.2654,0.0298,0.0066,0.0006,-1,15
36,2,casemiro|manchester united,Casemiro,Manchester United,MID,75.0,0.139584,0.079911,3.402052,1,3.3373,2.726889933605682,1,2,4,7,6.6746,14,0.1846,0.0197,0.5124,0.3547,0.0904,0.0389,0.0036,-2,22
36,2,chadi riad|crystal palace,Chadi Riad,Crystal Palace,DEF,90.0,0.032352,0.09165,4.069772,1,3.2921,2.8377063960177416,1,1,6,7,6.5842,14,0.1044,0.0054,0.5854,0.3074,0.0838,0.0214,0.002,-3,21
36,2,charalampos kostoulas|brighton,Charalampos Kostoulas,Brighton,FWD,15.0,0.184606,0.080534,1.920027,1,1.4094,2.4604454149604704,0,0,1,5,2.8188,10,0.1677,0.0327,0.8325,0.1171,0.031,0.017,0.0024,-2,20
36,2,chemsdine talbi|sunderland,Chemsdine Talbi,Sunderland,MID,75.0,0.120676,0.067716,2.854179,1,2.7676,2.3018232425622958,1,2,3,7,5.5352,14,0.1625,0.0151,0.7025,0.1912,0.087,0.0175,0.0018,-2,17
36,2,chimuanya ugochukwu|burnley,Chimuanya Ugochukwu,Burnley,MID,90.0,0.098224,0.020334,2.820313,1,2.8128,2.0784985350006866,2,2,3,5,5.6256,10,0.1003,0.0066,0.6867,0.2282,0.0666,0.0169,0.0016,-1,20
36,2,chris richards|crystal palace,Chris Richards,Crystal Palace,DEF,90.0,0.128385,0.033604,6.507099,1,4.7127,3.52609680950481,1,2,7,9,9.4254,18,0.1372,0.0087,0.3649,0.3607,0.1949,0.0622,0.0173,-3,23
36,2,chris rigg|sunderland,Chris Rigg,Sunderland,MID,15.0,0.014956,0.020198,1.113707,1,0.6399,0.93435966843609,0,0,1,1,1.2798,2,0.024,0.0007,0.976,0.0186,0.005,0.0004,0.0,-2,12
36,2,chris wood|nottingham forest,Chris Wood,Nottingham Forest,FWD,0.0,0.0,0.0,0.0,1,0.0,0.0,0,0,0,0,0.0,0,0.0,0.0,1.0,0.0,0.0,0.0,0.0,0,0
36,2,christantus uche|crystal palace,Christantus Uche,Crystal Palace,MID,0.0,0.0,0.0,0.0,1,0.0,0.0,0,0,0,0,0.0,0,0.0,0.0,1.0,0.0,0.0,0.0,0.0,0,0
36,2,christian nørgaard|arsenal,Christian Nørgaard,Arsenal,MID,0.0,0.0,0.0,0.0,1,0.0,0.0,0,0,0,0,0.0,0,0.0,0.0,1.0,0.0,0.0,0.0,0.0,0,0
36,2,cody gakpo|liverpool,Cody Gakpo,Liverpool,MID,75.0,0.263502,0.139562,3.880611,1,3.7766,3.252274963775357,1,2,6,8,7.5532,16,0.305,0.0531,0.5664,0.2217,0.1526,0.0482,0.0111,-2,25
36,2,cole palmer|chelsea,Cole Palmer,Chelsea,MID,90.0,0.281741,0.094452,3.49796,1,3.5926,3.148241610804355,1,2,5,8,7.1852,16,0.2787,0.0437,0.6299,0.1615,0.1563,0.0434,0.0089,-1,26
36,2,conor bradley|liverpool,Conor Bradley,Liverpool,DEF,0.0,0.0,0.0,0.0,1,0.0,0.0,0,0,0,0,0.0,0,0.0,0.0,1.0,0.0,0.0,0.0,0.0,0,0
36,2,conor gallagher|tottenham,Conor Gallagher,Tottenham,MID,60.0,0.060585,0.037545,2.594176,1,1.9033,2.1103907481791135,0,0,3,4,3.8066,8,0.0755,0.0051,0.7489,0.1997,0.0415,0.009,0.0009,-1,23
36,2,cristhian mosquera|arsenal,Cristhian Mosquera,Arsenal,DEF,75.0,0.013789,0.016781,3.818271,1,3.609,2.8414290418731207,1,1,6,7,7.218,14,0.0288,0.0003,0.5012,0.3436,0.1384,0.0155,0.0013,-4,19
36,2,cristian romero|tottenham,Cristian Romero,Tottenham,DEF,0.0,0.0,0.0,0.0,1,0.0,0.0,0,0,0,0,0.0,0,0.0,0.0,1.0,0.0,0.0,0.0,0.0,0,0
36,2,crysencio summerville|west ham,Crysencio Summerville,West Ham,MID,75.0,0.091001,0.096318,2.762197,1,2.7029,2.2303882150872303,1,2,3,6,5.4058,12,0.1605,0.0151,0.7242,0.1861,0.0717,0.0164,0.0016,-2,20
36,2,curtis jones|liverpool,Curtis Jones,Liverpool,MID,15.0,0.016687,0.02048,1.124876,1,0.6766,1.018141660084686,0,0,1,1,1.3532,2,0.0288,0.0008,0.9712,0.0208,0.0077,0.0003,0.0,-2,11
36,2,daichi kamada|crystal palace,Daichi Kamada,Crystal Palace,MID,90.0,0.049002,0.076477,3.613587,1,3.1027,1.9121068772430059,2,2,4,5,6.2054,10,0.1094,0.0051,0.5086,0.4257,0.0523,0.0127,0.0007,-1,20
36,2,dan ballard|sunderland,Dan Ballard,Sunderland,DEF,90.0,0.123237,0.07242,4.254932,1,4.2439,3.4208789499191576,1,2,6,9,8.4878,18,0.1547,0.0139,0.3718,0.3942,0.1598,0.0619,0.0123,-3,25
36,2,dan burn|newcastle united,Dan Burn,Newcastle United,DEF,75.0,0.006794,0.015987,2.640521,1,2.5315,2.576044982138317,0,1,4,6,5.063,12,0.0218,0.0005,0.6429,0.2697,0.0811,0.0059,0.0004,-3,20
36,2,dan ndoye|nottingham forest,Dan Ndoye,Nottingham Forest,MID,60.0,0.039902,0.065197,2.593386,1,1.8367,1.9054220293677724,0,0,2,3,3.6734,6,0.0753,0.0049,0.771,0.193,0.0299,0.0058,0.0003,-1,18
36,2,dan neil|sunderland,Dan Neil,Sunderland,MID,0.0,0.0,0.0,0.0,1,0.0,0.0,0,0,0,0,0.0,0,0.0,0.0,1.0,0.0,0.0,0.0,0.0,0,0
36,2,dane scarlett|tottenham,Dane Scarlett,Tottenham,FWD,0.0,0.0,0.0,0.0,1,0.0,0.0,0,0,0,0,0.0,0,0.0,0.0,1.0,0.0,0.0,0.0,0.0,0,0
36,2,dango ouattara|brentford,Dango Ouattara,Brentford,MID,75.0,0.146877,0.121287,3.052382,1,3.019,2.589795165645345,1,2,3,7,6.038,14,0.2217,0.0256,0.7041,0.1655,0.1013,0.0261,0.003,-2,22
36,2,daniel james|leeds,Daniel James,Leeds,MID,15.0,0.010667,0.012055,1.067834,1,0.6112,0.842872801791587,0,0,1,1,1.2224,2,0.0162,0.0003,0.9838,0.0115,0.0044,0.0003,0.0,-2,11
36,2,daniel muñoz|crystal palace,Daniel Muñoz,Crystal Palace,DEF,90.0,0.178666,0.29789,5.874702,1,5.035,4.081075225966805,1,2,7,11,10.07,22,0.3405,0.0693,0.3923,0.3149,0.1638,0.101,0.028,-2,32
36,2,danny welbeck|brighton,Danny Welbeck,Brighton,FWD,60.0,0.47527,0.071033,3.94037,1,3.0818,3.7060367996014287,0,0,6,8,6.1636,16,0.2977,0.0831,0.7024,0.1156,0.1076,0.061,0.0134,-1,25
36,2,david brooks|bournemouth,David Brooks,Bournemouth,MID,15.0,0.060516,0.042478,1.33168,1,0.8692,1.6848416424103485,0,0,1,1,1.7384,2,0.0748,0.0068,0.9255,0.0457,0.0238,0.0047,0.0003,-2,17
36,2,david møller wolfe|wolverhampton wanderers,David Møller Wolfe,Wolverhampton Wanderers,DEF,15.0,0.000705,0.013879,0.975546,1,0.1634,0.7182620970091628,0,0,0,1,0.3268,2,0.0121,0.0001,0.9894,0.0103,0.0003,0.0,0.0,-4,8
36,2,david raya|arsenal,David Raya,Arsenal,GK,90.0,0.0,0.0,4.122169,1,3.9382,2.4290287688703898,1,2,6,7,7.8764,14,0.0,0.0,0.4737,0.3613,0.1644,0.0006,0.0,-2,10
36,2,dean henderson|crystal palace,Dean Henderson,Crystal Palace,GK,90.0,0.0,0.00027,5.85873,1,3.6865,2.4629286936490873,1,2,6,7,7.373,14,0.0005,0.0,0.456,0.3477,0.1923,0.004,0.0,-2,11
36,2,declan rice|arsenal,Declan Rice,Arsenal,MID,90.0,0.097742,0.206212,4.085318,1,3.9502,2.5483170838810465,2,2,5,8,7.9004,16,0.2274,0.0283,0.3436,0.5144,0.1,0.0386,0.0034,-1,20
36,2,dennis cirkin|sunderland,Dennis Cirkin,Sunderland,DEF,15.0,0.07351,0.0,1.369075,1,0.5851,1.7203947192432323,0,0,1,1,1.1702,2,0.0507,0.0026,0.9494,0.0139,0.0333,0.0027,0.0007,-4,20
36,2,diego coppola|brighton,Diego Coppola,Brighton,DEF,0.0,0.0,0.0,0.0,1,0.0,0.0,0,0,0,0,0.0,0,0.0,0.0,1.0,0.0,0.0,0.0,0.0,0,0
36,2,diego gómez|brighton,Diego Gómez,Brighton,MID,0.0,0.0,0.0,0.0,1,0.0,0.0,0,0,0,0,0.0,0,0.0,0.0,1.0,0.0,0.0,0.0,0.0,0,0
36,2,dilane bakwa|nottingham forest,Dilane Bakwa,Nottingham Forest,MID,0.0,0.0,0.0,0.0,1,0.0,0.0,0,0,0,0,0.0,0,0.0,0.0,1.0,0.0,0.0,0.0,0.0,0,0
36,2,diogo dalot|manchester united,Diogo Dalot,Manchester United,DEF,90.0,0.067558,0.110296,3.537467,1,3.6414,3.1071218257416295,1,1,6,7,7.2828,14,0.1452,0.0122,0.5546,0.2978,0.1029,0.0401,0.0046,-3,21
36,2,divine mukasa|manchester city,Divine Mukasa,Manchester City,MID,0.0,0.0,0.0,0.0,1,0.0,0.0,0,0,0,0,0.0,0,0.0,0.0,1.0,0.0,0.0,0.0,0.0,0,0
36,2,djed spence|tottenham,Djed Spence,Tottenham,DEF,75.0,0.030344,0.072079,2.849711,1,2.629,2.688225994963965,0,1,5,6,5.258,12,0.0882,0.0044,0.6962,0.2221,0.0655,0.015,0.0012,-4,20
36,2,djiamgone jocelin ta bi|sunderland,Djiamgone Jocelin Ta Bi,Sunderland,FWD,0.0,0.0,0.0,0.0,1,0.0,0.0,0,0,0,0,0.0,0,0.0,0.0,1.0,0.0,0.0,0.0,0.0,0,0
36,2,djordje petrovic|bournemouth,Djordje Petrovic,Bournemouth,GK,90.0,0.0,0.0,3.36527,1,3.0766,2.2958511362891105,1,2,4,7,6.1532,14,0.0,0.0,0.5572,0.309,0.1314,0.0024,0.0,-3,12
36,2,dominic calvert-lewin|leeds,Dominic Calvert-Lewin,Leeds,FWD,90.0,0.432321,0.04437,3.7232,1,3.9406,3.1216776963677724,2,2,6,8,7.8812,16,0.3525,0.0674,0.6476,0.1413,0.1476,0.0558,0.0077,-1,21
36,2,dominic solanke|tottenham,Dominic Solanke,Tottenham,FWD,30.0,0.201758,0.011293,1.777048,1,1.1693,2.0944301158071617,0,0,1,5,2.3386,10,0.1196,0.0166,0.8807,0.082,0.0245,0.0121,0.0007,-2,19
36,2,dominik szoboszlai|liverpool,Dominik Szoboszlai,Liverpool,MID,90.0,0.204666,0.173297,3.876974,1,3.916,3.0546266547648666,2,2,5,8,7.832,16,0.2858,0.0476,0.4965,0.309,0.1333,0.0532,0.008,-1,25
36,2,donyell malen|aston villa,Donyell Malen,Aston Villa,MID,0.0,0.0,0.0,0.0,1,0.0,0.0,0,0,0,0,0.0,0,0.0,0.0,1.0,0.0,0.0,0.0,0.0,0,0
36,2,douglas luiz|aston villa,Douglas Luiz,Aston Villa,MID,90.0,0.108519,0.144874,3.755751,1,3.7476,2.5517629670484676,2,2,5,7,7.4952,14,0.2044,0.0229,0.4104,0.4573,0.09,0.0387,0.0036,-1,23
36,2,dwight mcneil|everton,Dwight McNeil,Everton,MID,60.0,0.069111,0.11084,2.760883,1,1.9943,2.292611504376614,0,0,2,5,3.9886,10,0.1195,0.0119,0.7519,0.1877,0.0468,0.0117,0.0019,-1,19
36,2,eberechi eze|arsenal,Eberechi Eze,Arsenal,MID,60.0,0.145661,0.090233,3.399891,1,2.5089,2.806228926869652,0,0,3,7,5.0178,14,0.1572,0.0183,0.6132,0.2718,0.0875,0.0232,0.0043,-1,23
36,2,eddie nketiah|crystal palace,Eddie Nketiah,Crystal Palace,FWD,0.0,0.0,0.0,0.0,1,0.0,0.0,0,0,0,0,0.0,0,0.0,0.0,1.0,0.0,0.0,0.0,0.0,0,0
36,2,el hadji malick diouf|west ham,El Hadji Malick Diouf,West Ham,DEF,90.0,0.008579,0.084579,2.394154,1,2.38,2.4631280924872745,0,1,4,6,4.76,12,0.078,0.0035,0.6884,0.2408,0.0602,0.0102,0.0004,-5,15
36,2,eli junior kroupi|bournemouth,Eli Junior Kroupi,Bournemouth,FWD,60.0,0.258254,0.085722,3.023543,1,2.3066,2.8826370635236067,0,0,2,7,4.6132,14,0.2149,0.0397,0.7835,0.1105,0.0744,0.0285,0.0031,-1,21
36,2,eliezer mayenda|sunderland,Eliezer Mayenda,Sunderland,FWD,15.0,0.041205,0.018922,1.18992,1,0.735,1.1777839360426001,0,0,1,1,1.47,2,0.046,0.0015,0.954,0.0385,0.0066,0.0009,0.0,-2,12
36,2,elliot anderson|nottingham forest,Elliot Anderson,Nottingham Forest,MID,90.0,0.078868,0.116442,4.102849,1,4.0487,2.3250652270420282,2,2,5,7,8.0974,14,0.1593,0.0153,0.2842,0.5939,0.0833,0.0356,0.003,-1,22
36,2,emil krafth|newcastle united,Emil Krafth,Newcastle United,DEF,0.0,0.0,0.0,0.0,1,0.0,0.0,0,0,0,0,0.0,0,0.0,0.0,1.0,0.0,0.0,0.0,0.0,0,0
36,2,emile smith-rowe|fulham,Emile Smith-Rowe,Fulham,MID,75.0,0.173553,0.051606,3.203789,1,3.1211,2.637467495534305,1,2,3,8,6.2422,16,0.1878,0.02,0.6511,0.2028,0.1158,0.0253,0.005,-2,20
36,2,emiliano buendía|aston villa,Emiliano Buendía,Aston Villa,MID,75.0,0.170331,0.108654,3.428543,1,3.3874,2.8253709915690717,1,2,4,8,6.7748,16,0.2287,0.0288,0.5253,0.3232,0.1099,0.0367,0.0049,-2,24
36,2,emiliano martinez|aston villa,Emiliano Martinez,Aston Villa,GK,90.0,0.0,0.0,4.067837,1,3.8654,2.5319326294354676,1,2,6,7,7.7308,14,0.0,0.0,0.4297,0.359,0.2062,0.0051,0.0,-3,12
36,2,emmanuel agbadou|wolverhampton wanderers,Emmanuel Agbadou,Wolverhampton Wanderers,DEF,0.0,0.0,0.0,0.0,1,0.0,0.0,0,0,0,0,0.0,0,0.0,0.0,1.0,0.0,0.0,0.0,0.0,0,0
36,2,enes ünal|bournemouth,Enes Ünal,Bournemouth,FWD,0.0,0.0,0.0,0.0,1,0.0,0.0,0,0,0,0,0.0,0,0.0,0.0,1.0,0.0,0.0,0.0,0.0,0,0
36,2,enzo fernández|chelsea,Enzo Fernández,Chelsea,MID,90.0,0.205438,0.184594,3.451296,1,3.5391,3.011157782315633,1,2,5,8,7.0782,16,0.2909,0.0497,0.6035,0.2202,0.1259,0.0427,0.0077,-1,23
36,2,enzo le fée|sunderland,Enzo Le Fée,Sunderland,MID,90.0,0.155753,0.232337,3.788073,1,3.8474,2.8938060128488226,2,2,5,8,7.6948,16,0.2923,0.0453,0.4951,0.3289,0.1213,0.0475,0.0072,-1,24
36,2,erling haaland|manchester city,Erling Haaland,Manchester City,FWD,90.0,1.775937,0.285599,11.682307,1,10.1286,6.115362788911218,2,6,14,19,20.2572,38,0.8322,0.541,0.168,0.1521,0.1682,0.2782,0.2335,-1,38
36,2,estêvão|chelsea,Estêvão,Chelsea,MID,15.0,0.039727,0.029868,1.266574,1,0.7709,1.3350704812855387,0,0,1,1,1.5418,2,0.0475,0.0028,0.9525,0.0305,0.015,0.002,0.0,-2,14
36,2,ethan ampadu|leeds,Ethan Ampadu,Leeds,MID,90.0,0.051887,0.046497,3.279478,1,3.2118,1.942714791213574,1,2,4,5,6.4236,10,0.0841,0.0035,0.4456,0.4955,0.043,0.0155,0.0004,-1,18
36,2,ethan nwaneri|arsenal,Ethan Nwaneri,Arsenal,MID,0.0,0.0,0.0,0.0,1,0.0,0.0,0,0,0,0,0.0,0,0.0,0.0,1.0,0.0,0.0,0.0,0.0,0,0
36,2,ethan pinnock|brentford,Ethan Pinnock,Brentford,DEF,0.0,0.0,0.0,0.0,1,0.0,0.0,0,0,0,0,0.0,0,0.0,0.0,1.0,0.0,0.0,0.0,0.0,0,0
36,2,evanilson|bournemouth,Evanilson,Bournemouth,FWD,75.0,0.283593,0.067276,3.261314,1,3.2643,2.745040165462065,1,2,5,7,6.5286,14,0.2755,0.0435,0.7248,0.13,0.108,0.0334,0.0038,-2,21
36,2,evann guessand|crystal palace,Evann Guessand,Crystal Palace,MID,0.0,0.0,0.0,0.0,1,0.0,0.0,0,0,0,0,0.0,0,0.0,0.0,1.0,0.0,0.0,0.0,0.0,0,0
36,2,ezra mayers|west ham,Ezra Mayers,West Ham,DEF,0.0,0.0,0.0,0.0,1,0.0,0.0,0,0,0,0,0.0,0,0.0,0.0,1.0,0.0,0.0,0.0,0.0,0,0
36,2,ezri konsa ngoyo|aston villa,Ezri Konsa Ngoyo,Aston Villa,DEF,90.0,0.038443,0.016689,3.629769,1,3.7364,2.7871697185496256,1,2,6,7,7.4728,14,0.0477,0.0013,0.5477,0.3187,0.1117,0.0193,0.0026,-3,23
36,2,fabian schär|newcastle united,Fabian Schär,Newcastle United,DEF,0.0,0.0,0.0,0.0,1,0.0,0.0,0,0,0,0,0.0,0,0.0,0.0,1.0,0.0,0.0,0.0,0.0,0,0
36,2,fabio carvalho|brentford,Fabio Carvalho,Brentford,MID,0.0,0.0,0.0,0.0,1,0.0,0.0,0,0,0,0,0.0,0,0.0,0.0,1.0,0.0,0.0,0.0,0.0,0,0
36,2,facundo buonanotte|leeds,Facundo Buonanotte,Leeds,MID,0.0,0.0,0.0,0.0,1,0.0,0.0,0,0,0,0,0.0,0,0.0,0.0,1.0,0.0,0.0,0.0,0.0,0,0
36,2,federico chiesa|liverpool,Federico Chiesa,Liverpool,MID,15.0,0.105229,0.078733,1.724009,1,1.1498,2.1516877003877677,0,0,1,4,2.2996,8,0.1153,0.0156,0.8849,0.0677,0.0361,0.0101,0.0012,-2,19
36,2,ferdi kadioglu|brighton,Ferdi Kadioglu,Brighton,DEF,90.0,0.096154,0.059806,4.083006,1,4.2397,3.241055986866009,1,2,6,8,8.4794,16,0.1289,0.0084,0.4797,0.3434,0.1192,0.0504,0.0073,-3,27
36,2,fernando lópez|wolverhampton wanderers,Fernando López,Wolverhampton Wanderers,FWD,0.0,0.0,0.0,0.0,1,0.0,0.0,0,0,0,0,0.0,0,0.0,0.0,1.0,0.0,0.0,0.0,0.0,0,0
36,2,filip jorgensen|chelsea,Filip Jorgensen,Chelsea,GK,0.0,0.0,0.0,0.0,1,0.0,0.0,0,0,0,0,0.0,0,0.0,0.0,1.0,0.0,0.0,0.0,0.0,0,0
36,2,florentino luís|burnley,Florentino Luís,Burnley,MID,60.0,0.029765,0.013556,2.537376,1,1.9441,1.9264929768883146,0,0,3,4,3.8882,8,0.0309,0.0012,0.703,0.2737,0.0167,0.0064,0.0002,-1,20
36,2,florian wirtz|liverpool,Florian Wirtz,Liverpool,MID,90.0,0.229036,0.17081,3.867519,1,3.9081,3.037277463453084,2,2,5,8,7.8162,16,0.3006,0.0486,0.5262,0.2717,0.1448,0.0486,0.0087,-1,23
36,2,frank onyeka|brentford,Frank Onyeka,Brentford,MID,0.0,0.0,0.0,0.0,1,0.0,0.0,0,0,0,0,0.0,0,0.0,0.0,1.0,0.0,0.0,0.0,0.0,0,0
36,2,freddie potts|west ham,Freddie Potts,West Ham,MID,75.0,0.00579,0.042486,2.329852,1,2.2177,1.2648741874194445,1,2,2,4,4.4354,8,0.0426,0.0012,0.7694,0.2203,0.0089,0.0014,0.0,-2,12
36,2,gabriel gudmundsson|leeds,Gabriel Gudmundsson,Leeds,DEF,90.0,0.015534,0.113243,2.877372,1,2.9286,2.6472064596476037,1,1,5,6,5.8572,12,0.1041,0.0061,0.6442,0.2635,0.0751,0.0161,0.0011,-3,17
36,2,gabriel jesus|arsenal,Gabriel Jesus,Arsenal,FWD,15.0,0.136113,0.004714,1.46526,1,0.9961,1.8785326161661393,0,0,1,1,1.9922,2,0.096,0.01,0.9041,0.0674,0.0208,0.0068,0.0009,-2,16
36,2,gabriel martinelli|arsenal,Gabriel Martinelli,Arsenal,MID,30.0,0.133873,0.050873,1.73533,1,1.0791,2.103198323981835,0,0,1,1,2.1582,2,0.0996,0.0114,0.9003,0.0513,0.0385,0.0094,0.0005,-2,22
36,2,gabriel|arsenal,Gabriel,Arsenal,DEF,90.0,0.096093,0.091217,4.980687,1,5.0843,3.4462724079793814,1,2,7,9,10.1686,18,0.1547,0.0128,0.3351,0.3774,0.2043,0.0672,0.016,-3,25
36,2,george earthy|west ham,George Earthy,West Ham,MID,0.0,0.0,0.0,0.0,1,0.0,0.0,0,0,0,0,0.0,0,0.0,0.0,1.0,0.0,0.0,0.0,0.0,0,0
36,2,george hemmings|aston villa,George Hemmings,Aston Villa,MID,0.0,0.0,0.0,0.0,1,0.0,0.0,0,0,0,0,0.0,0,0.0,0.0,1.0,0.0,0.0,0.0,0.0,0,0
36,2,georginio rutter|brighton,Georginio Rutter,Brighton,MID,30.0,0.070727,0.080777,1.542632,1,0.9525,1.7395527442420364,0,0,1,1,1.905,2,0.0874,0.0078,0.9128,0.0586,0.0233,0.0049,0.0004,-2,19
36,2,gianluigi donnarumma|manchester city,Gianluigi Donnarumma,Manchester City,GK,90.0,0.0,0.0,7.990705,1,4.9838,2.3263141576321975,2,3,7,7,9.9676,14,0.0,0.0,0.2477,0.4615,0.2871,0.0037,0.0,-2,11
36,2,giorgi mamardashvili|liverpool,Giorgi Mamardashvili,Liverpool,GK,0.0,0.0,0.0,0.0,1,0.0,0.0,0,0,0,0,0.0,0,0.0,0.0,1.0,0.0,0.0,0.0,0.0,0,0
36,2,granit xhaka|sunderland,Granit Xhaka,Sunderland,MID,90.0,0.02985,0.170497,3.425705,1,3.3661,2.0533559822885072,2,2,4,6,6.7322,12,0.1665,0.0149,0.4884,0.4293,0.0654,0.0161,0.0008,-1,17
36,2,guglielmo vicario|tottenham,Guglielmo Vicario,Tottenham,GK,90.0,0.0,0.001613,3.501946,1,3.2171,2.3676502254344918,1,2,6,7,6.4342,14,0.0018,0.0,0.5535,0.3023,0.142,0.0022,0.0,-3,11
36,2,guido rodríguez|west ham,Guido Rodríguez,West Ham,MID,0.0,0.0,0.0,0.0,1,0.0,0.0,0,0,0,0,0.0,0,0.0,0.0,1.0,0.0,0.0,0.0,0.0,0,0
36,2,habib diarra|sunderland,Habib Diarra,Sunderland,MID,75.0,0.154585,0.020245,2.711146,1,2.6391,2.41955599025937,1,1,3,7,5.2782,14,0.1499,0.0123,0.7388,0.1437,0.0994,0.0154,0.0027,-2,23
36,2,hamed junior traore|bournemouth,Hamed Junior Traore,Bournemouth,MID,0.0,0.0,0.0,0.0,1,0.0,0.0,0,0,0,0,0.0,0,0.0,0.0,1.0,0.0,0.0,0.0,0.0,0,0
36,2,hannibal mejbri|burnley,Hannibal Mejbri,Burnley,MID,60.0,0.023664,0.100285,2.245065,1,1.6025,1.809169353598496,0,0,2,4,3.205,8,0.0861,0.005,0.8285,0.1445,0.0227,0.0043,0.0,-1,14
36,2,harrison armstrong|everton,Harrison Armstrong,Everton,MID,15.0,0.011558,0.00403,1.054883,1,0.5922,0.8076503946634336,0,0,1,1,1.1844,2,0.0115,0.0003,0.9885,0.0061,0.0052,0.0002,0.0,-2,11
36,2,harrison reed|fulham,Harrison Reed,Fulham,MID,15.0,0.160484,0.180122,2.316119,1,1.6925,2.9250544866720007,0,0,1,6,3.385,12,0.1993,0.0472,0.801,0.1114,0.0568,0.0251,0.0057,-2,23
36,2,harry howell|brighton,Harry Howell,Brighton,MID,0.0,0.0,0.0,0.0,1,0.0,0.0,0,0,0,0,0.0,0,0.0,0.0,1.0,0.0,0.0,0.0,0.0,0,0
36,2,harry maguire|manchester united,Harry Maguire,Manchester United,DEF,90.0,0.054719,0.039612,3.483188,1,3.5317,2.9669504731289327,1,1,6,7,7.0634,14,0.0796,0.0032,0.5479,0.3078,0.1145,0.0261,0.0037,-3,24
36,2,harry wilson|fulham,Harry Wilson,Fulham,MID,90.0,0.236149,0.161494,3.681829,1,3.7553,3.0385229816474983,2,2,5,8,7.5106,16,0.2992,0.0476,0.5636,0.2402,0.1442,0.043,0.009,-1,23
36,2,harvey barnes|newcastle united,Harvey Barnes,Newcastle United,MID,60.0,0.206528,0.08953,3.511424,1,2.5669,3.1397013217820575,0,0,3,8,5.1338,16,0.1815,0.0324,0.6913,0.171,0.0986,0.0303,0.0088,-1,22
36,2,harvey elliott|aston villa,Harvey Elliott,Aston Villa,MID,0.0,0.0,0.0,0.0,1,0.0,0.0,0,0,0,0,0.0,0,0.0,0.0,1.0,0.0,0.0,0.0,0.0,0,0
36,2,hee-chan hwang|wolverhampton wanderers,Hee-Chan Hwang,Wolverhampton Wanderers,MID,30.0,0.13539,0.022241,1.646477,1,1.0312,1.9983559642866435,0,0,1,1,2.0624,2,0.0909,0.0076,0.9091,0.0454,0.0386,0.0066,0.0003,-2,19
36,2,hjalmar ekdal|burnley,Hjalmar Ekdal,Burnley,DEF,15.0,0.004899,0.002569,0.99306,1,0.2388,0.7461732774630835,0,0,1,1,0.4776,2,0.007,0.0001,0.9924,0.005,0.0025,0.0,0.0001,-5,16
36,2,hugo bueno|wolverhampton wanderers,Hugo Bueno,Wolverhampton Wanderers,DEF,90.0,0.021296,0.110498,2.366062,1,2.4116,2.594606991434348,0,1,3,6,4.8232,12,0.1135,0.0074,0.7093,0.2113,0.0621,0.0158,0.0015,-4,19
36,2,hugo ekitike|liverpool,Hugo Ekitike,Liverpool,FWD,0.0,0.0,0.0,0.0,1,0.0,0.0,0,0,0,0,0.0,0,0.0,0.0,1.0,0.0,0.0,0.0,0.0,0,0
36,2,hákon valdimarsson|brentford,Hákon Valdimarsson,Brentford,GK,0.0,0.0,0.0,0.0,1,0.0,0.0,0,0,0,0,0.0,0,0.0,0.0,1.0,0.0,0.0,0.0,0.0,0,0
36,2,ian maatsen|aston villa,Ian Maatsen,Aston Villa,DEF,60.0,0.060968,0.115014,3.874244,1,2.799,3.378165034452876,0,0,6,7,5.598,14,0.1156,0.0125,0.6546,0.218,0.0865,0.0343,0.0066,-3,24
36,2,ibrahim sangare|nottingham forest,Ibrahim Sangare,Nottingham Forest,MID,75.0,0.040557,0.061089,2.643283,1,2.6078,1.9063523179097823,1,1,3,5,5.2156,10,0.0955,0.005,0.6373,0.3106,0.0419,0.0096,0.0006,-2,17
36,2,ibrahima konaté|liverpool,Ibrahima Konaté,Liverpool,DEF,90.0,0.051572,0.020591,3.409333,1,3.4381,2.8891812663798024,1,1,6,8,6.8762,16,0.062,0.0022,0.5126,0.3372,0.1233,0.0232,0.0037,-4,20
36,2,idrissa gueye|everton,Idrissa Gueye,Everton,MID,90.0,0.086054,0.076021,3.112492,1,3.1061,2.1249571266263234,2,2,3,6,6.2122,12,0.139,0.0082,0.5856,0.323,0.0719,0.0182,0.0013,-1,18
36,2,igor jesus|nottingham forest,Igor Jesus,Nottingham Forest,FWD,75.0,0.155531,0.083084,2.771931,1,2.6998,2.180752154647566,1,2,2,6,5.3996,12,0.1945,0.0221,0.8053,0.1137,0.0644,0.0156,0.001,-2,17
36,2,igor julio|west ham,Igor Julio,West Ham,DEF,0.0,0.0,0.0,0.0,1,0.0,0.0,0,0,0,0,0.0,0,0.0,0.0,1.0,0.0,0.0,0.0,0.0,0,0
36,2,ilia gruev|leeds,Ilia Gruev,Leeds,MID,60.0,0.01962,0.044094,2.243849,1,1.5779,1.623308839993179,0,0,2,3,3.1558,6,0.0485,0.0023,0.8238,0.1564,0.017,0.0025,0.0003,-1,17
36,2,iliman ndiaye|everton,Iliman Ndiaye,Everton,MID,90.0,0.196709,0.121945,3.901073,1,3.9135,2.919968792641456,2,2,5,8,7.827,16,0.2442,0.0359,0.4819,0.3363,0.124,0.0494,0.0084,-1,24
36,2,ismaila sarr|crystal palace,Ismaila Sarr,Crystal Palace,MID,90.0,0.42179,0.062362,5.398335,1,4.6023,3.739055323206652,2,2,7,9,9.2046,18,0.346,0.0705,0.4445,0.2483,0.2123,0.0706,0.0243,-1,26
36,2,issa diop|fulham,Issa Diop,Fulham,DEF,15.0,0.0012,0.000278,0.91739,1,0.2413,0.6231166102745135,0,0,1,1,0.4826,2,0.0015,0.0,0.9984,0.0005,0.0011,0.0,0.0,-4,9
36,2,iyenoma destiny udogie|tottenham,Iyenoma Destiny Udogie,Tottenham,DEF,30.0,0.005971,0.030115,0.966854,1,0.3576,0.8723085692574618,0,0,1,1,0.7152,2,0.0239,0.0004,0.977,0.0201,0.0028,0.0001,0.0,-4,11
36,2,jack fletcher|manchester united,Jack Fletcher,Manchester United,MID,0.0,0.0,0.0,0.0,1,0.0,0.0,0,0,0,0,0.0,0,0.0,0.0,1.0,0.0,0.0,0.0,0.0,0,0
36,2,jack grealish|everton,Jack Grealish,Everton,MID,0.0,0.0,0.0,0.0,1,0.0,0.0,0,0,0,0,0.0,0,0.0,0.0,1.0,0.0,0.0,0.0,0.0,0,0
36,2,jack harrison|leeds,Jack Harrison,Leeds,MID,0.0,0.0,0.0,0.0,1,0.0,0.0,0,0,0,0,0.0,0,0.0,0.0,1.0,0.0,0.0,0.0,0.0,0,0
36,2,jack hinshelwood|brighton,Jack Hinshelwood,Brighton,MID,80.0,0.316898,0.151602,4.487872,1,4.4584,3.6072523393852003,1,2,7,9,8.9168,18,0.351,0.0741,0.4023,0.3337,0.1707,0.0737,0.0196,-2,24
36,2,jackson tchatchoua|wolverhampton wanderers,Jackson Tchatchoua,Wolverhampton Wanderers,DEF,0.0,0.0,0.0,0.0,1,0.0,0.0,0,0,0,0,0.0,0,0.0,0.0,1.0,0.0,0.0,0.0,0.0,0,0
36,2,jacob bruun larsen|burnley,Jacob Bruun Larsen,Burnley,FWD,30.0,0.093675,0.030286,1.447347,1,0.913,1.554616029764263,0,0,1,1,1.826,2,0.0763,0.0055,0.9239,0.0596,0.0132,0.0032,0.0001,-2,19
36,2,jacob murphy|newcastle united,Jacob Murphy,Newcastle United,MID,30.0,0.059784,0.095925,1.546696,1,0.9472,1.6729650803289349,0,0,1,1,1.8944,2,0.089,0.0084,0.9117,0.0628,0.0207,0.0048,0.0,-2,14
36,2,jacob ramsey|newcastle united,Jacob Ramsey,Newcastle United,MID,60.0,0.054349,0.044765,2.353949,1,1.7431,1.978914447367546,0,0,2,4,3.4862,8,0.0738,0.0041,0.7897,0.1677,0.0344,0.0078,0.0004,-1,18
36,2,jadon sancho|aston villa,Jadon Sancho,Aston Villa,MID,0.0,0.0,0.0,0.0,1,0.0,0.0,0,0,0,0,0.0,0,0.0,0.0,1.0,0.0,0.0,0.0,0.0,0,0
36,2,jaidon anthony|burnley,Jaidon Anthony,Burnley,MID,90.0,0.151428,0.1206,3.269747,1,3.2772,2.5728894573999868,1,2,4,7,6.5544,14,0.2164,0.0231,0.6264,0.2345,0.107,0.0285,0.0036,-1,23
36,2,jair|nottingham forest,Jair,Nottingham Forest,DEF,0.0,0.0,0.0,0.0,1,0.0,0.0,0,0,0,0,0.0,0,0.0,0.0,1.0,0.0,0.0,0.0,0.0,0,0
36,2,jaka bijol|leeds,Jaka Bijol,Leeds,DEF,15.0,0.004871,0.006737,0.960153,1,0.2757,0.7423540327902852,0,0,1,1,0.5514,2,0.0073,0.0,0.9929,0.0039,0.0031,0.0001,0.0,-4,10
36,2,jake o'brien|everton,Jake O'Brien,Everton,DEF,90.0,0.016579,0.024543,2.786227,1,2.7999,2.4917985452279243,1,1,5,6,5.5998,12,0.0318,0.0005,0.6743,0.2412,0.0759,0.0077,0.0009,-4,21
36,2,jamaal lascelles|newcastle united,Jamaal Lascelles,Newcastle United,DEF,0.0,0.0,0.0,0.0,1,0.0,0.0,0,0,0,0,0.0,0,0.0,0.0,1.0,0.0,0.0,0.0,0.0,0,0
36,2,jamaldeen jimoh|aston villa,Jamaldeen Jimoh,Aston Villa,MID,0.0,0.0,0.0,0.0,1,0.0,0.0,0,0,0,0,0.0,0,0.0,0.0,1.0,0.0,0.0,0.0,0.0,0,0
36,2,james garner|everton,James Garner,Everton,MID,90.0,0.041528,0.138288,3.633055,1,3.5477,2.135304360038634,2,2,4,6,7.0954,12,0.144,0.0115,0.4105,0.5004,0.0668,0.0206,0.0017,-1,19
36,2,james hill|bournemouth,James Hill,Bournemouth,DEF,90.0,0.047854,0.056806,3.856136,1,3.7943,2.949201164722407,1,2,6,8,7.5886,16,0.0888,0.004,0.4061,0.4142,0.1408,0.0342,0.0047,-3,26
36,2,james justin|leeds,James Justin,Leeds,DEF,75.0,0.055227,0.068191,2.933101,1,2.7309,2.955822252775021,0,1,5,7,5.4618,14,0.1051,0.0045,0.6496,0.2374,0.0864,0.0233,0.0033,-5,27
36,2,james mcatee|nottingham forest,James McAtee,Nottingham Forest,MID,0.0,0.0,0.0,0.0,1,0.0,0.0,0,0,0,0,0.0,0,0.0,0.0,1.0,0.0,0.0,0.0,0.0,0,0
36,2,james milner|brighton,James Milner,Brighton,MID,15.0,0.005591,0.015116,1.013303,1,0.5698,0.7886240929619129,0,0,1,1,1.1396,2,0.0153,0.0005,0.9847,0.0127,0.0025,0.0001,0.0,-2,14
36,2,james rowswell|tottenham,James Rowswell,Tottenham,MID,0.0,0.0,0.0,0.0,1,0.0,0.0,0,0,0,0,0.0,0,0.0,0.0,1.0,0.0,0.0,0.0,0.0,0,0
36,2,james tarkowski|everton,James Tarkowski,Everton,DEF,90.0,0.054976,0.048835,3.828319,1,3.8,3.015194852741693,1,2,6,8,7.6,16,0.0912,0.0033,0.4279,0.3833,0.1503,0.0333,0.0052,-3,22
36,2,james trafford|manchester city,James Trafford,Manchester City,GK,0.0,0.0,0.0,0.0,1,0.0,0.0,0,0,0,0,0.0,0,0.0,0.0,1.0,0.0,0.0,0.0,0.0,0,0
36,2,james ward-prowse|burnley,James Ward-Prowse,Burnley,MID,30.0,0.005663,0.092134,1.274719,1,0.7301,1.1226994210384185,0,0,1,1,1.4602,2,0.0544,0.0035,0.9458,0.0489,0.0049,0.0004,0.0,-2,13
36,2,jamie bynoe-gittens|chelsea,Jamie Bynoe-Gittens,Chelsea,MID,0.0,0.0,0.0,0.0,1,0.0,0.0,0,0,0,0,0.0,0,0.0,0.0,1.0,0.0,0.0,0.0,0.0,0,0
36,2,jan paul van hecke|brighton,Jan Paul van Hecke,Brighton,DEF,90.0,0.112866,0.053756,4.683239,1,4.7796,3.507880248811239,1,2,7,9,9.5592,18,0.1362,0.0103,0.3814,0.3581,0.1834,0.0619,0.0152,-3,29
36,2,jarrad branthwaite|everton,Jarrad Branthwaite,Everton,DEF,90.0,0.037044,0.016552,3.083742,1,3.1083,2.7470659092930405,1,1,5,7,6.2166,14,0.0459,0.002,0.5848,0.2939,0.1031,0.0156,0.0026,-3,23
36,2,jarrod bowen|west ham,Jarrod Bowen,West Ham,FWD,90.0,0.20345,0.137532,3.098659,1,3.2321,2.498525483160018,2,2,5,7,6.4642,14,0.2616,0.0388,0.7101,0.1674,0.0933,0.0274,0.0018,-1,20
36,2,jaydee canvot|crystal palace,Jaydee Canvot,Crystal Palace,DEF,30.0,0.028667,0.00345,2.013488,1,0.5033,1.1832958674820089,0,0,1,1,1.0066,2,0.0191,0.0002,0.9643,0.0205,0.0143,0.0008,0.0001,-4,15
36,2,jayden bogle|leeds,Jayden Bogle,Leeds,DEF,75.0,0.030984,0.088083,2.748873,1,2.5397,2.681533872618431,0,1,5,6,5.0794,12,0.1039,0.0052,0.7044,0.2116,0.0682,0.0142,0.0016,-3,20
36,2,jaydon banel|burnley,Jaydon Banel,Burnley,FWD,0.0,0.0,0.0,0.0,1,0.0,0.0,0,0,0,0,0.0,0,0.0,0.0,1.0,0.0,0.0,0.0,0.0,0,0
36,2,jean-clair todibo|west ham,Jean-Clair Todibo,West Ham,DEF,15.0,0.001737,0.002003,0.934664,1,0.1495,0.6371418601849984,0,0,0,1,0.299,2,0.0028,0.0,0.9972,0.0021,0.0007,0.0,0.0,-5,9
36,2,jean-philippe mateta|crystal palace,Jean-Philippe Mateta,Crystal Palace,FWD,90.0,0.399597,0.027251,4.520477,1,3.6544,3.067761503115912,2,2,6,8,7.3088,16,0.3064,0.0625,0.6908,0.1262,0.1234,0.0522,0.0074,-1,24
36,2,jean-ricner bellegarde|wolverhampton wanderers,Jean-Ricner Bellegarde,Wolverhampton Wanderers,MID,60.0,0.022973,0.045346,2.138373,1,1.5086,1.60727285798025,0,0,2,3,3.0172,6,0.0517,0.0021,0.8731,0.1058,0.0179,0.0031,0.0001,-1,15
36,2,jefferson lerma|crystal palace,Jefferson Lerma,Crystal Palace,MID,0.0,0.0,0.0,0.0,1,0.0,0.0,0,0,0,0,0.0,0,0.0,0.0,1.0,0.0,0.0,0.0,0.0,0,0
36,2,jenson seelt|sunderland,Jenson Seelt,Sunderland,DEF,0.0,0.0,0.0,0.0,1,0.0,0.0,0,0,0,0,0.0,0,0.0,0.0,1.0,0.0,0.0,0.0,0.0,0,0
36,2,jeremie frimpong|liverpool,Jeremie Frimpong,Liverpool,DEF,60.0,0.029552,0.134895,3.016598,1,2.1461,2.8302570183642333,0,0,2,6,4.2922,12,0.1082,0.0116,0.7535,0.1676,0.0576,0.019,0.0023,-4,21
36,2,jhon arias|wolverhampton wanderers,Jhon Arias,Wolverhampton Wanderers,MID,0.0,0.0,0.0,0.0,1,0.0,0.0,0,0,0,0,0.0,0,0.0,0.0,1.0,0.0,0.0,0.0,0.0,0,0
36,2,joachim andersen|fulham,Joachim Andersen,Fulham,DEF,90.0,0.050674,0.028739,3.670084,1,3.6659,2.931974964081378,1,1,6,8,7.3318,16,0.0676,0.002,0.4439,0.3843,0.1377,0.0295,0.0046,-3,22
36,2,joe knight|brighton,Joe Knight,Brighton,MID,0.0,0.0,0.0,0.0,1,0.0,0.0,0,0,0,0,0.0,0,0.0,0.0,1.0,0.0,0.0,0.0,0.0,0,0
36,2,joe rodon|leeds,Joe Rodon,Leeds,DEF,90.0,0.033642,0.023088,3.240977,1,3.1995,2.7030167868513137,1,1,6,7,6.399,14,0.0476,0.0009,0.5712,0.3061,0.1039,0.0178,0.001,-4,17
36,2,joe willock|newcastle united,Joe Willock,Newcastle United,MID,30.0,0.035327,0.05116,1.210223,1,0.7221,1.3190419212443552,0,0,1,1,1.4442,2,0.0552,0.0032,0.9438,0.0415,0.0131,0.0016,0.0,-2,14
36,2,joe worrall|burnley,Joe Worrall,Burnley,DEF,15.0,0.002293,0.0,0.959788,1,0.2173,0.6465916099053559,0,0,1,1,0.4346,2,0.0017,0.0,0.9961,0.0028,0.0011,0.0,0.0,-4,9
36,2,joelinton|newcastle united,Joelinton,Newcastle United,MID,60.0,0.059784,0.06395,2.474175,1,1.8578,2.1533646138078892,0,0,3,4,3.7156,8,0.0864,0.0059,0.7426,0.2084,0.0377,0.0106,0.0007,-1,16
36,2,john mcginn|aston villa,John McGinn,Aston Villa,MID,60.0,0.075913,0.144044,3.033204,1,2.2081,2.4886129449956655,0,0,3,6,4.4162,12,0.1445,0.0185,0.6751,0.2482,0.058,0.0166,0.0021,-1,24
36,2,john stones|manchester city,John Stones,Manchester City,DEF,0.0,0.0,0.0,0.0,1,0.0,0.0,0,0,0,0,0.0,0,0.0,0.0,1.0,0.0,0.0,0.0,0.0,0,0
36,2,john victor|nottingham forest,John Victor,Nottingham Forest,GK,0.0,0.0,0.0,0.0,1,0.0,0.0,0,0,0,0,0.0,0,0.0,0.0,1.0,0.0,0.0,0.0,0.0,0,0
36,2,jonah kusi-asare|fulham,Jonah Kusi-Asare,Fulham,FWD,0.0,0.0,0.0,0.0,1,0.0,0.0,0,0,0,0,0.0,0,0.0,0.0,1.0,0.0,0.0,0.0,0.0,0,0
36,2,jordan henderson|brentford,Jordan Henderson,Brentford,MID,60.0,0.00797,0.051771,2.052792,1,1.4198,1.438321229767537,0,0,2,3,2.8396,6,0.0404,0.0019,0.8926,0.0968,0.0095,0.0011,0.0,-1,13
36,2,jordan pickford|everton,Jordan Pickford,Everton,GK,90.0,0.0,0.000851,3.264595,1,2.985,2.3469501485971107,1,1,4,7,5.97,14,0.0013,0.0,0.5854,0.2895,0.1224,0.0027,0.0,-4,12
36,2,jorge cuenca|fulham,Jorge Cuenca,Fulham,DEF,0.0,0.0,0.0,0.0,1,0.0,0.0,0,0,0,0,0.0,0,0.0,0.0,1.0,0.0,0.0,0.0,0.0,0,0
36,2,jorrel hato|chelsea,Jorrel Hato,Chelsea,DEF,15.0,0.005043,0.009881,0.928138,1,0.1771,0.8533086135742449,0,0,0,1,0.3542,2,0.0129,0.0002,0.9876,0.009,0.0031,0.0003,0.0,-4,12
36,2,joseph gomez|liverpool,Joseph Gomez,Liverpool,DEF,90.0,0.026724,0.152649,3.091874,1,3.1796,2.93127000462257,0,1,6,7,6.3592,14,0.1475,0.0118,0.5743,0.2956,0.1012,0.0262,0.0027,-4,20
36,2,josh acheampong|chelsea,Josh Acheampong,Chelsea,DEF,15.0,0.008057,0.003994,0.978554,1,0.1911,0.8088144348365698,0,0,0,1,0.3822,2,0.0083,0.0,0.9918,0.0039,0.0043,0.0,0.0,-4,9
36,2,josh cullen|burnley,Josh Cullen,Burnley,MID,0.0,0.0,0.0,0.0,1,0.0,0.0,0,0,0,0,0.0,0,0.0,0.0,1.0,0.0,0.0,0.0,0.0,0,0
36,2,josh laurent|burnley,Josh Laurent,Burnley,MID,15.0,0.005893,0.006367,0.988565,1,0.5542,0.7266789937792341,0,0,1,1,1.1084,2,0.0102,0.0002,0.9897,0.0083,0.002,0.0,0.0,-2,9
36,2,joshua king|fulham,Joshua King,Fulham,MID,0.0,0.0,0.0,0.0,1,0.0,0.0,0,0,0,0,0.0,0,0.0,0.0,1.0,0.0,0.0,0.0,0.0,0,0
36,2,joshua zirkzee|manchester united,Joshua Zirkzee,Manchester United,FWD,15.0,0.096403,0.0275,1.408112,1,0.936,1.6823507363210561,0,0,1,1,1.872,2,0.0854,0.0089,0.9146,0.0641,0.0158,0.0052,0.0003,-2,16
36,2,josko gvardiol|manchester city,Josko Gvardiol,Manchester City,DEF,0.0,0.0,0.0,0.0,1,0.0,0.0,0,0,0,0,0.0,0,0.0,0.0,1.0,0.0,0.0,0.0,0.0,0,0
36,2,josé sá|wolverhampton wanderers,José Sá,Wolverhampton Wanderers,GK,90.0,0.0,0.0,2.62871,1,2.3092,2.065815906609299,0,1,3,6,4.6184,12,0.0,0.0,0.7107,0.2178,0.07,0.0015,0.0,-3,11
36,2,jota silva|nottingham forest,Jota Silva,Nottingham Forest,MID,0.0,0.0,0.0,0.0,1,0.0,0.0,0,0,0,0,0.0,0,0.0,0.0,1.0,0.0,0.0,0.0,0.0,0,0
36,2,joão gomes|wolverhampton wanderers,João Gomes,Wolverhampton Wanderers,MID,90.0,0.026988,0.050227,3.132986,1,3.0518,1.7153765650725208,1,2,4,5,6.1036,10,0.0687,0.0018,0.4736,0.4839,0.0351,0.0072,0.0002,-1,16
36,2,joão palhinha|tottenham,João Palhinha,Tottenham,MID,75.0,0.144879,0.02729,3.334004,1,3.2904,2.675045390269107,1,2,4,7,6.5808,14,0.1494,0.013,0.5226,0.3561,0.0804,0.0359,0.005,-2,20
36,2,joão pedro|chelsea,João Pedro,Chelsea,FWD,90.0,0.415569,0.090426,3.681025,1,3.8486,3.1931924527030935,1,2,6,8,7.6972,16,0.3659,0.0761,0.6331,0.1702,0.1303,0.0567,0.0097,-1,24
36,2,joél drakes-thomas|crystal palace,Joél Drakes-Thomas,Crystal Palace,FWD,0.0,0.0,0.0,0.0,1,0.0,0.0,0,0,0,0,0.0,0,0.0,0.0,1.0,0.0,0.0,0.0,0.0,0,0
36,2,joël piroe|leeds,Joël Piroe,Leeds,FWD,15.0,0.076111,0.020897,1.345467,1,0.8633,1.502269320062152,0,0,1,1,1.7266,2,0.0676,0.005,0.9326,0.0498,0.0143,0.0031,0.0002,-2,16
36,2,joël veltman|brighton,Joël Veltman,Brighton,DEF,90.0,0.108578,0.032454,4.522112,1,4.6342,3.423856065899967,1,2,7,9,9.2684,18,0.1184,0.0065,0.3559,0.3816,0.1928,0.0576,0.0121,-3,26
36,2,julio soler|bournemouth,Julio Soler,Bournemouth,DEF,0.0,0.0,0.0,0.0,1,0.0,0.0,0,0,0,0,0.0,0,0.0,0.0,1.0,0.0,0.0,0.0,0.0,0,0
36,2,jun'ai byfield|tottenham,Jun'ai Byfield,Tottenham,DEF,0.0,0.0,0.0,0.0,1,0.0,0.0,0,0,0,0,0.0,0,0.0,0.0,1.0,0.0,0.0,0.0,0.0,0,0
36,2,jurriën timber|arsenal,Jurriën Timber,Arsenal,DEF,0.0,0.0,0.0,0.0,1,0.0,0.0,0,0,0,0,0.0,0,0.0,0.0,1.0,0.0,0.0,0.0,0.0,0,0
36,2,justin devenny|crystal palace,Justin Devenny,Crystal Palace,MID,0.0,0.0,0.0,0.0,1,0.0,0.0,0,0,0,0,0.0,0,0.0,0.0,1.0,0.0,0.0,0.0,0.0,0,0
36,2,justin kluivert|bournemouth,Justin Kluivert,Bournemouth,MID,0.0,0.0,0.0,0.0,1,0.0,0.0,0,0,0,0,0.0,0,0.0,0.0,1.0,0.0,0.0,0.0,0.0,0,0
36,2,jéremy doku|manchester city,Jéremy Doku,Manchester City,MID,90.0,0.264595,0.470642,7.447279,1,5.4346,3.710757717771399,2,3,8,11,10.8692,22,0.4812,0.1472,0.1956,0.4914,0.174,0.1118,0.0272,-1,26
36,2,jørgen strand larsen|crystal palace,Jørgen Strand Larsen,Crystal Palace,FWD,90.0,0.234215,0.027814,3.837993,1,2.916,2.301378717204102,1,2,2,7,5.832,14,0.2044,0.0223,0.7958,0.0958,0.0883,0.0188,0.0013,-1,18
36,2,kaden rodney|crystal palace,Kaden Rodney,Crystal Palace,MID,0.0,0.0,0.0,0.0,1,0.0,0.0,0,0,0,0,0.0,0,0.0,0.0,1.0,0.0,0.0,0.0,0.0,0,0
36,2,kai havertz|arsenal,Kai Havertz,Arsenal,FWD,0.0,0.0,0.0,0.0,1,0.0,0.0,0,0,0,0,0.0,0,0.0,0.0,1.0,0.0,0.0,0.0,0.0,0,0
36,2,kaoru mitoma|brighton,Kaoru Mitoma,Brighton,MID,75.0,0.246768,0.232015,4.180567,1,4.1317,3.4174486258025882,1,2,6,9,8.2634,18,0.3533,0.0781,0.4452,0.3295,0.1464,0.065,0.0139,-2,28
36,2,karl darlow|leeds,Karl Darlow,Leeds,GK,90.0,0.0,0.000317,3.356327,1,3.0966,2.3312375340149276,1,1,4,7,6.1932,14,0.0004,0.0,0.5617,0.3026,0.1318,0.0039,0.0,-3,11
36,2,keane lewis-potter|brentford,Keane Lewis-Potter,Brentford,DEF,15.0,0.013761,0.014362,1.047734,1,0.1515,1.0228136438276525,-1,0,0,1,0.303,2,0.0217,0.0002,0.979,0.0135,0.0074,0.0001,0.0,-4,11
36,2,kenny tete|fulham,Kenny Tete,Fulham,DEF,75.0,0.039859,0.050883,2.948431,1,2.8267,2.8531153341566826,0,1,5,7,5.6534,14,0.0841,0.0039,0.6468,0.2411,0.0904,0.0185,0.0032,-4,23
36,2,kevin danso|tottenham,Kevin Danso,Tottenham,DEF,90.0,0.021257,0.004751,3.774021,1,3.8672,2.7304146498288495,1,2,6,8,7.7344,16,0.0235,0.0004,0.3429,0.4452,0.1933,0.0159,0.0027,-3,18
36,2,kevin schade|brentford,Kevin Schade,Brentford,MID,75.0,0.176146,0.063982,2.888909,1,2.8329,2.656836011123005,1,1,3,7,5.6658,14,0.1978,0.022,0.742,0.1266,0.1033,0.0243,0.0038,-2,21
36,2,kevin|fulham,Kevin,Fulham,MID,60.0,0.11179,0.064043,2.881886,1,2.0665,2.412193555666709,0,0,2,5,4.133,10,0.1166,0.0112,0.7565,0.1622,0.0643,0.0157,0.0013,-1,21
36,2,ki-jana hoever|wolverhampton wanderers,Ki-Jana Hoever,Wolverhampton Wanderers,DEF,15.0,0.0,0.009731,0.958873,1,0.1466,0.6526166102697663,0,0,0,1,0.2932,2,0.0082,0.0,0.9928,0.0072,0.0,0.0,0.0,-4,6
36,2,kieran trippier|newcastle united,Kieran Trippier,Newcastle United,DEF,0.0,0.0,0.0,0.0,1,0.0,0.0,0,0,0,0,0.0,0,0.0,0.0,1.0,0.0,0.0,0.0,0.0,0,0
36,2,kiernan dewsbury-hall|everton,Kiernan Dewsbury-Hall,Everton,MID,90.0,0.146327,0.20522,3.337654,1,3.368,2.7379145348239047,1,2,5,7,6.736,14,0.2626,0.04,0.5826,0.2786,0.0995,0.0348,0.0045,-1,25
36,2,kobbie mainoo|manchester united,Kobbie Mainoo,Manchester United,MID,90.0,0.013307,0.067481,2.880563,1,2.8539,1.5293641783434055,2,2,3,5,5.7078,10,0.0751,0.0031,0.5493,0.4196,0.0252,0.0059,0.0,-1,14
36,2,konstantinos mavropanos|west ham,Konstantinos Mavropanos,West Ham,DEF,90.0,0.054004,0.006422,3.226745,1,3.1558,2.7726749466895684,1,1,4,8,6.3116,16,0.0498,0.0014,0.4983,0.3733,0.1014,0.0227,0.0043,-3,20
36,2,kristoffer ajer|brentford,Kristoffer Ajer,Brentford,DEF,90.0,0.024826,0.02451,2.340865,1,2.2963,2.3810725125455545,0,1,3,6,4.5926,12,0.0439,0.0008,0.6537,0.2798,0.0554,0.01,0.0011,-4,18
36,2,kyle walker-peters|west ham,Kyle Walker-Peters,West Ham,DEF,30.0,0.012738,0.005217,0.876456,1,0.1909,0.9483971689118436,0,0,0,1,0.3818,2,0.0125,0.0002,0.9877,0.0054,0.0065,0.0004,0.0,-5,13
36,2,kyle walker|burnley,Kyle Walker,Burnley,DEF,90.0,0.0,0.04187,1.966655,1,1.9962,2.213048928514686,0,1,2,6,3.9924,12,0.0386,0.0006,0.7694,0.191,0.0373,0.0023,0.0,-4,13
36,2,ladislav krejcí|wolverhampton wanderers,Ladislav Krejcí,Wolverhampton Wanderers,DEF,90.0,0.035613,0.031012,2.136781,1,2.159,2.4452237116468507,0,1,3,6,4.318,12,0.0591,0.0016,0.745,0.1905,0.0555,0.0082,0.0008,-5,18
36,2,lamare bogarde|aston villa,Lamare Bogarde,Aston Villa,MID,30.0,0.0,0.001631,0.818227,1,0.4325,0.5291916004624412,0,0,1,1,0.865,2,0.0006,0.0,0.9994,0.0006,0.0,0.0,0.0,-2,5
36,2,leandro trossard|arsenal,Leandro Trossard,Arsenal,MID,60.0,0.166679,0.110463,3.139487,1,2.267,2.8506334383782144,0,0,3,7,4.534,14,0.1745,0.0241,0.7104,0.1813,0.0808,0.0228,0.0047,-1,22
36,2,leny yoro|manchester united,Leny Yoro,Manchester United,DEF,45.0,0.033411,0.012458,1.070032,1,0.9765,1.9404503987476722,0,0,1,2,1.953,4,0.0337,0.0013,0.913,0.0514,0.0302,0.0044,0.001,-3,18
36,2,leon bailey|aston villa,Leon Bailey,Aston Villa,MID,60.0,0.057673,0.122443,2.943983,1,2.2069,2.3675076325114564,0,0,3,5,4.4138,10,0.1271,0.0115,0.6626,0.2711,0.0514,0.0142,0.0007,-1,18
36,2,lewis cook|bournemouth,Lewis Cook,Bournemouth,DEF,15.0,0.001439,0.006442,0.975953,1,0.3072,0.6995914236181001,0,0,1,1,0.6144,2,0.0053,0.0001,0.9884,0.0104,0.0011,0.0001,0.0,-3,10
36,2,lewis dunk|brighton,Lewis Dunk,Brighton,DEF,0.0,0.0,0.0,0.0,1,0.0,0.0,0,0,0,0,0.0,0,0.0,0.0,1.0,0.0,0.0,0.0,0.0,0,0
36,2,lewis hall|newcastle united,Lewis Hall,Newcastle United,DEF,90.0,0.040762,0.095925,3.486945,1,3.5383,2.940872848322416,1,1,6,8,7.0766,16,0.1107,0.0061,0.5378,0.3128,0.1167,0.0285,0.0042,-4,21
36,2,lewis miley|newcastle united,Lewis Miley,Newcastle United,MID,60.0,0.059784,0.08953,2.809133,1,2.1036,2.238943286463505,0,0,3,5,4.2072,10,0.103,0.0092,0.7085,0.234,0.0452,0.0115,0.0008,-1,20
36,2,liam delap|chelsea,Liam Delap,Chelsea,FWD,15.0,0.051496,0.001237,1.171362,1,0.7018,1.1610670781655983,0,0,1,1,1.4036,2,0.0356,0.002,0.9644,0.0276,0.0063,0.0017,0.0,-2,12
36,2,lisandro martínez|manchester united,Lisandro Martínez,Manchester United,DEF,0.0,0.0,0.0,0.0,1,0.0,0.0,0,0,0,0,0.0,0,0.0,0.0,1.0,0.0,0.0,0.0,0.0,0,0
36,2,lorenzo lucca|nottingham forest,Lorenzo Lucca,Nottingham Forest,FWD,15.0,0.084331,0.007893,1.346,1,0.8825,1.530912717956187,0,0,1,1,1.765,2,0.0654,0.0054,0.9348,0.0482,0.0129,0.004,0.0001,-2,16
36,2,loum tchaouna|burnley,Loum Tchaouna,Burnley,MID,15.0,0.013091,0.009179,1.061325,1,0.6057,0.8952248376804567,0,0,1,1,1.2114,2,0.017,0.0003,0.9832,0.0104,0.0062,0.0002,0.0,-2,13
36,2,luca netz|nottingham forest,Luca Netz,Nottingham Forest,DEF,0.0,0.0,0.0,0.0,1,0.0,0.0,0,0,0,0,0.0,0,0.0,0.0,1.0,0.0,0.0,0.0,0.0,0,0
36,2,lucas bergvall|tottenham,Lucas Bergvall,Tottenham,MID,0.0,0.0,0.0,0.0,1,0.0,0.0,0,0,0,0,0.0,0,0.0,0.0,1.0,0.0,0.0,0.0,0.0,0,0
36,2,lucas digne|aston villa,Lucas Digne,Aston Villa,DEF,30.0,0.012557,0.046945,1.079143,1,0.4989,1.0732188919321164,0,0,1,1,0.9978,2,0.0368,0.0016,0.964,0.0292,0.006,0.0008,0.0,-4,13
36,2,lucas paquetá|west ham,Lucas Paquetá,West Ham,MID,0.0,0.0,0.0,0.0,1,0.0,0.0,0,0,0,0,0.0,0,0.0,0.0,1.0,0.0,0.0,0.0,0.0,0,0
36,2,lucas perri|leeds,Lucas Perri,Leeds,GK,0.0,0.0,0.0,0.0,1,0.0,0.0,0,0,0,0,0.0,0,0.0,0.0,1.0,0.0,0.0,0.0,0.0,0,0
36,2,lucas pires|burnley,Lucas Pires,Burnley,DEF,0.0,0.0,0.0,0.0,1,0.0,0.0,0,0,0,0,0.0,0,0.0,0.0,1.0,0.0,0.0,0.0,0.0,0,0
36,2,luis guilherme|west ham,Luis Guilherme,West Ham,MID,0.0,0.0,0.0,0.0,1,0.0,0.0,0,0,0,0,0.0,0,0.0,0.0,1.0,0.0,0.0,0.0,0.0,0,0
36,2,lukas nmecha|leeds,Lukas Nmecha,Leeds,FWD,30.0,0.110468,0.027176,1.47596,1,0.949,1.6745145565207846,0,0,1,1,1.898,2,0.0885,0.0073,0.9116,0.0688,0.0152,0.0042,0.0002,-2,15
36,2,luke o'nien|sunderland,Luke O'Nien,Sunderland,MID,0.0,0.0,0.0,0.0,1,0.0,0.0,0,0,0,0,0.0,0,0.0,0.0,1.0,0.0,0.0,0.0,0.0,0,0
36,2,luke shaw|manchester united,Luke Shaw,Manchester United,DEF,90.0,0.01198,0.035818,2.933043,1,3.033,2.5630277017621172,1,1,6,6,6.066,12,0.0426,0.0016,0.6327,0.2824,0.0751,0.0094,0.0004,-3,18
36,2,lutsharel geertruida|sunderland,Lutsharel Geertruida,Sunderland,DEF,30.0,0.014023,0.018281,1.000666,1,0.3167,0.9504741500956246,0,0,1,1,0.6334,2,0.019,0.0004,0.9818,0.0113,0.0062,0.0007,0.0,-4,14
36,2,lyle foster|burnley,Lyle Foster,Burnley,FWD,15.0,0.037635,0.008909,1.112265,1,0.684,1.1247862019068333,0,0,1,1,1.368,2,0.0372,0.0011,0.9629,0.0307,0.0056,0.0008,0.0,-2,12
36,2,mads hermansen|west ham,Mads Hermansen,West Ham,GK,90.0,0.0,0.0,2.803976,1,2.5004,2.150627778115032,1,1,3,6,5.0008,12,0.0,0.0,0.6668,0.2452,0.0869,0.0011,0.0,-3,11
36,2,malick thiaw|newcastle united,Malick Thiaw,Newcastle United,DEF,90.0,0.163048,0.028777,4.228335,1,4.2707,3.6200858429048335,1,1,6,9,8.5414,18,0.1569,0.0123,0.4538,0.3083,0.1585,0.0633,0.0161,-3,27
36,2,malo gusto|chelsea,Malo Gusto,Chelsea,DEF,75.0,0.040286,0.099984,2.310953,1,2.172,2.655902106629685,0,1,2,6,4.344,12,0.1228,0.0086,0.751,0.1727,0.0603,0.0146,0.0014,-4,20
36,2,mamadou sarr|chelsea,Mamadou Sarr,Chelsea,DEF,0.0,0.0,0.0,0.0,1,0.0,0.0,0,0,0,0,0.0,0,0.0,0.0,1.0,0.0,0.0,0.0,0.0,0,0
36,2,manuel ugarte|manchester united,Manuel Ugarte,Manchester United,MID,15.0,0.01126,0.001532,1.012573,1,0.5649,0.7940957058188893,0,0,1,1,1.1298,2,0.0088,0.0001,0.9891,0.0066,0.0042,0.0001,0.0,-2,13
36,2,marc cucurella|chelsea,Marc Cucurella,Chelsea,DEF,90.0,0.041437,0.129189,2.562523,1,2.5875,2.7445480046812807,0,1,4,6,5.175,12,0.1358,0.0098,0.6775,0.2271,0.0749,0.0189,0.0016,-3,26
36,2,marc guehi|manchester city,Marc Guehi,Manchester City,DEF,90.0,0.329273,0.156819,9.962516,1,7.4854,4.58643509056871,2,5,10,14,14.9708,28,0.3509,0.0705,0.1746,0.3449,0.2269,0.1739,0.0797,-2,33
36,2,marc guiu|chelsea,Marc Guiu,Chelsea,FWD,0.0,0.0,0.0,0.0,1,0.0,0.0,0,0,0,0,0.0,0,0.0,0.0,1.0,0.0,0.0,0.0,0.0,0,0
36,2,marco bizot|aston villa,Marco Bizot,Aston Villa,GK,0.0,0.0,0.0,0.0,1,0.0,0.0,0,0,0,0,0.0,0,0.0,0.0,1.0,0.0,0.0,0.0,0.0,0,0
36,2,marcos senesi|bournemouth,Marcos Senesi,Bournemouth,DEF,90.0,0.051816,0.115953,4.268721,1,4.2735,3.0805028404466697,1,2,6,8,8.547,16,0.142,0.0104,0.3096,0.4616,0.174,0.0465,0.0083,-3,20
36,2,marcus edwards|burnley,Marcus Edwards,Burnley,MID,75.0,0.12423,0.136549,3.138546,1,3.1036,2.5012930735921373,1,2,3,7,6.2072,14,0.2251,0.0277,0.6686,0.2061,0.0946,0.0282,0.0025,-2,20
36,2,marcus tavernier|bournemouth,Marcus Tavernier,Bournemouth,MID,90.0,0.341533,0.174042,4.364629,1,4.5324,3.7162548674707447,2,2,7,10,9.0648,20,0.3736,0.0857,0.4772,0.2436,0.1769,0.0821,0.0202,-1,28
36,2,marshall munetsi|wolverhampton wanderers,Marshall Munetsi,Wolverhampton Wanderers,MID,0.0,0.0,0.0,0.0,1,0.0,0.0,0,0,0,0,0.0,0,0.0,0.0,1.0,0.0,0.0,0.0,0.0,0,0
36,2,martin dubravka|burnley,Martin Dubravka,Burnley,GK,90.0,0.0,0.000192,3.278411,1,2.9828,2.231883545349085,1,2,4,7,5.9656,14,0.0002,0.0,0.5377,0.3431,0.1135,0.0057,0.0,-3,12
36,2,martin odegaard|arsenal,Martin Odegaard,Arsenal,MID,75.0,0.065336,0.248899,3.497468,1,3.4186,2.4373292842781833,1,2,4,7,6.8372,14,0.2585,0.0371,0.4575,0.4275,0.0845,0.0285,0.002,-2,19
36,2,martín zubimendi|arsenal,Martín Zubimendi,Arsenal,MID,90.0,0.0815,0.03238,3.103065,1,3.0637,1.9269775063554841,2,2,3,5,6.1274,10,0.0896,0.0053,0.4707,0.4606,0.0511,0.017,0.0006,-1,18
36,2,mason mount|manchester united,Mason Mount,Manchester United,MID,0.0,0.0,0.0,0.0,1,0.0,0.0,0,0,0,0,0.0,0,0.0,0.0,1.0,0.0,0.0,0.0,0.0,0,0
36,2,mateo kovacic|manchester city,Mateo Kovacic,Manchester City,MID,0.0,0.0,0.0,0.0,1,0.0,0.0,0,0,0,0,0.0,0,0.0,0.0,1.0,0.0,0.0,0.0,0.0,0,0
36,2,mateus fernandes|west ham,Mateus Fernandes,West Ham,MID,90.0,0.019851,0.069541,3.101347,1,2.9828,1.6628602346559378,1,2,4,5,5.9656,10,0.072,0.0029,0.5252,0.4363,0.0332,0.0053,0.0,-1,14
36,2,mateus mané|wolverhampton wanderers,Mateus Mané,Wolverhampton Wanderers,FWD,90.0,0.052332,0.086277,2.37935,1,2.4098,1.4875025915943811,2,2,2,5,4.8196,10,0.1177,0.0073,0.8825,0.0844,0.0291,0.0039,0.0001,-1,15
36,2,matheus cunha|manchester united,Matheus Cunha,Manchester United,MID,80.0,0.180156,0.089871,3.437699,1,3.3109,2.7398980254746705,1,2,3,8,6.6218,16,0.2178,0.0251,0.5746,0.2741,0.1141,0.032,0.0052,-2,24
36,2,matheus nunes|manchester city,Matheus Nunes,Manchester City,DEF,90.0,0.054231,0.180833,7.749981,1,5.5986,3.0750086243781496,2,2,7,9,11.1972,18,0.1852,0.0161,0.256,0.4617,0.1939,0.078,0.0104,-2,22
36,2,mathias jensen|brentford,Mathias Jensen,Brentford,MID,75.0,0.032463,0.109101,2.302966,1,2.2336,1.7374208010726706,1,1,2,5,4.4672,10,0.1244,0.0084,0.7988,0.1619,0.0327,0.0065,0.0001,-2,15
36,2,mathys tel|tottenham,Mathys Tel,Tottenham,MID,60.0,0.113579,0.103153,3.103496,1,2.3236,2.673477705162323,0,0,3,6,4.6472,12,0.146,0.0187,0.7,0.2055,0.0692,0.0221,0.0032,-1,21
36,2,mats wieffer|brighton,Mats Wieffer,Brighton,MID,0.0,0.0,0.0,0.0,1,0.0,0.0,0,0,0,0,0.0,0,0.0,0.0,1.0,0.0,0.0,0.0,0.0,0,0
36,2,matt doherty|wolverhampton wanderers,Matt Doherty,Wolverhampton Wanderers,DEF,15.0,0.000705,0.001946,0.873081,1,0.075,0.6172317230991939,-1,0,0,1,0.15,2,0.0014,0.0,0.9989,0.001,0.0001,0.0,0.0,-4,7
36,2,matt o'riley|brighton,Matt O'Riley,Brighton,DEF,0.0,0.0,0.0,0.0,1,0.0,0.0,0,0,0,0,0.0,0,0.0,0.0,1.0,0.0,0.0,0.0,0.0,0,0
36,2,matthew cash|aston villa,Matthew Cash,Aston Villa,DEF,90.0,0.044361,0.112019,3.589137,1,3.7376,2.999090902256882,1,1,6,7,7.4752,14,0.1305,0.0094,0.5097,0.3518,0.1007,0.0349,0.0029,-3,20
36,2,matthijs de ligt|manchester united,Matthijs de Ligt,Manchester United,DEF,0.0,0.0,0.0,0.0,1,0.0,0.0,0,0,0,0,0.0,0,0.0,0.0,1.0,0.0,0.0,0.0,0.0,0,0
36,2,matz sels|nottingham forest,Matz Sels,Nottingham Forest,GK,0.0,0.0,0.0,0.0,1,0.0,0.0,0,0,0,0,0.0,0,0.0,0.0,1.0,0.0,0.0,0.0,0.0,0,0
36,2,max alleyne|manchester city,Max Alleyne,Manchester City,DEF,0.0,0.0,0.0,0.0,1,0.0,0.0,0,0,0,0,0.0,0,0.0,0.0,1.0,0.0,0.0,0.0,0.0,0,0
36,2,max dowman|arsenal,Max Dowman,Arsenal,MID,0.0,0.0,0.0,0.0,1,0.0,0.0,0,0,0,0,0.0,0,0.0,0.0,1.0,0.0,0.0,0.0,0.0,0,0
36,2,max kilman|west ham,Max Kilman,West Ham,DEF,15.0,0.00579,0.001159,0.956453,1,0.1752,0.7404761711223392,0,0,0,1,0.3504,2,0.0048,0.0,0.995,0.0022,0.0028,0.0,0.0,-5,9
36,2,maxence lacroix|crystal palace,Maxence Lacroix,Crystal Palace,DEF,90.0,0.172952,0.048781,7.006231,1,5.1322,3.8511197280790945,1,2,8,10,10.2644,20,0.1802,0.0195,0.3225,0.3641,0.2009,0.085,0.0275,-3,29
36,2,maxim de cuyper|brighton,Maxim De Cuyper,Brighton,DEF,15.0,0.019741,0.051915,1.222298,1,0.6275,1.2624356419239755,0,0,1,1,1.255,2,0.0489,0.0023,0.9516,0.0346,0.0121,0.0016,0.0001,-4,15
36,2,maxime estève|burnley,Maxime Estève,Burnley,DEF,90.0,0.019399,0.022329,3.10183,1,3.0222,2.519703784177815,1,1,4,7,6.0444,14,0.0328,0.0006,0.5283,0.3668,0.0913,0.012,0.0016,-4,18
36,2,melker ellborg|sunderland,Melker Ellborg,Sunderland,MID,0.0,0.0,0.0,0.0,1,0.0,0.0,0,0,0,0,0.0,0,0.0,0.0,1.0,0.0,0.0,0.0,0.0,0,0
36,2,merlin röhl|everton,Merlin Röhl,Everton,MID,15.0,0.010764,0.039698,1.152914,1,0.6755,1.0358570123332658,0,0,1,1,1.351,2,0.0352,0.0019,0.9647,0.0283,0.0066,0.0004,0.0,-2,11
36,2,michael kayode|brentford,Michael Kayode,Brentford,DEF,90.0,0.041035,0.039715,1.76102,1,1.8029,2.446027716523261,0,0,2,6,3.6058,12,0.0698,0.0038,0.7944,0.1445,0.0514,0.0087,0.001,-5,21
36,2,michael keane|everton,Michael Keane,Everton,DEF,90.0,0.092342,0.002078,3.925764,1,3.8849,3.212483772721661,1,2,6,8,7.7698,16,0.0801,0.0037,0.4375,0.3703,0.1432,0.0388,0.0102,-3,25
36,2,micky van de ven|tottenham,Micky van de Ven,Tottenham,DEF,0.0,0.0,0.0,0.0,1,0.0,0.0,0,0,0,0,0.0,0,0.0,0.0,1.0,0.0,0.0,0.0,0.0,0,0
36,2,mike trésor|burnley,Mike Trésor,Burnley,FWD,0.0,0.0,0.0,0.0,1,0.0,0.0,0,0,0,0,0.0,0,0.0,0.0,1.0,0.0,0.0,0.0,0.0,0,0
36,2,mikel merino|arsenal,Mikel Merino,Arsenal,MID,0.0,0.0,0.0,0.0,1,0.0,0.0,0,0,0,0,0.0,0,0.0,0.0,1.0,0.0,0.0,0.0,0.0,0,0
36,2,mikkel damsgaard|brentford,Mikkel Damsgaard,Brentford,MID,75.0,0.056624,0.124568,2.662109,1,2.6454,2.1306475166014676,1,1,3,5,5.2908,10,0.1557,0.0136,0.6909,0.2388,0.0554,0.0141,0.0008,-2,16
36,2,milos kerkez|liverpool,Milos Kerkez,Liverpool,DEF,75.0,0.083836,0.042921,2.993436,1,2.8358,3.0616724775847595,0,1,6,7,5.6716,14,0.1118,0.0075,0.686,0.1939,0.0887,0.0269,0.0045,-4,21
36,2,mohamadou kanté|west ham,Mohamadou Kanté,West Ham,MID,0.0,0.0,0.0,0.0,1,0.0,0.0,0,0,0,0,0.0,0,0.0,0.0,1.0,0.0,0.0,0.0,0.0,0,0
36,2,mohamed salah|liverpool,Mohamed Salah,Liverpool,MID,0.0,0.0,0.0,0.0,1,0.0,0.0,0,0,0,0,0.0,0,0.0,0.0,1.0,0.0,0.0,0.0,0.0,0,0
36,2,mohammed kudus|tottenham,Mohammed Kudus,Tottenham,MID,0.0,0.0,0.0,0.0,1,0.0,0.0,0,0,0,0,0.0,0,0.0,0.0,1.0,0.0,0.0,0.0,0.0,0,0
36,2,moisés caicedo|chelsea,Moisés Caicedo,Chelsea,MID,90.0,0.041437,0.068394,3.387115,1,3.2943,1.9236651241835205,1,2,4,5,6.5886,10,0.0895,0.0043,0.4135,0.5238,0.0488,0.013,0.0009,-1,17
36,2,morato|nottingham forest,Morato,Nottingham Forest,DEF,30.0,0.025202,0.0,0.942884,1,0.3565,1.1637043224118402,0,0,1,1,0.713,2,0.019,0.0003,0.978,0.0076,0.0133,0.001,0.0001,-4,15
36,2,morgan gibbs-white|nottingham forest,Morgan Gibbs-White,Nottingham Forest,MID,90.0,0.340287,0.101917,4.125379,1,4.2876,3.511251378070217,2,2,7,9,8.5752,18,0.3249,0.0619,0.5114,0.22,0.1887,0.0626,0.0173,-1,25
36,2,morgan rogers|aston villa,Morgan Rogers,Aston Villa,MID,90.0,0.247002,0.184373,4.02903,1,4.0692,3.126181594213618,2,2,6,9,8.1384,18,0.3128,0.0569,0.4483,0.3374,0.1493,0.0546,0.0104,-1,24
36,2,murillo|nottingham forest,Murillo,Nottingham Forest,DEF,90.0,0.021907,0.009769,3.274826,1,3.2992,2.6838925760916736,1,1,5,7,6.5984,14,0.0266,0.0006,0.5158,0.3473,0.1202,0.0157,0.001,-3,16
36,2,myles lewis-skelly|arsenal,Myles Lewis-Skelly,Arsenal,DEF,0.0,0.0,0.0,0.0,1,0.0,0.0,0,0,0,0,0.0,0,0.0,0.0,1.0,0.0,0.0,0.0,0.0,0,0
36,2,myles peart-harris|brentford,Myles Peart-Harris,Brentford,MID,0.0,0.0,0.0,0.0,1,0.0,0.0,0,0,0,0,0.0,0,0.0,0.0,1.0,0.0,0.0,0.0,0.0,0,0
36,2,naif aguerd|west ham,Naif Aguerd,West Ham,DEF,15.0,0.003309,0.0,0.938082,1,0.1531,0.6941616454400229,0,0,0,1,0.3062,2,0.0025,0.0,0.9975,0.0005,0.002,0.0,0.0,-6,9
36,2,nathan aké|manchester city,Nathan Aké,Manchester City,DEF,30.0,0.01038,0.030527,2.06692,1,0.601,1.021077372190766,0,0,1,1,1.202,2,0.0269,0.0011,0.972,0.0192,0.0079,0.0009,0.0,-3,11
36,2,nathan collins|brentford,Nathan Collins,Brentford,DEF,15.0,0.009105,0.005957,0.971261,1,0.0776,0.8812367672765362,-1,0,0,1,0.1552,2,0.0098,0.0002,0.9904,0.0054,0.0039,0.0003,0.0,-4,14
36,2,nathan patterson|everton,Nathan Patterson,Everton,DEF,0.0,0.0,0.0,0.0,1,0.0,0.0,0,0,0,0,0.0,0,0.0,0.0,1.0,0.0,0.0,0.0,0.0,0,0
36,2,nathaniel clyne|crystal palace,Nathaniel Clyne,Crystal Palace,DEF,0.0,0.0,0.0,0.0,1,0.0,0.0,0,0,0,0,0.0,0,0.0,0.0,1.0,0.0,0.0,0.0,0.0,0,0
36,2,neco williams|nottingham forest,Neco Williams,Nottingham Forest,DEF,90.0,0.043242,0.138252,3.283459,1,3.374,2.9700377101983064,1,1,6,7,6.748,14,0.1481,0.0102,0.574,0.2928,0.0983,0.0315,0.0034,-3,20
36,2,nehemiah oriola|brighton,Nehemiah Oriola,Brighton,FWD,0.0,0.0,0.0,0.0,1,0.0,0.0,0,0,0,0,0.0,0,0.0,0.0,1.0,0.0,0.0,0.0,0.0,0,0
36,2,nick pope|newcastle united,Nick Pope,Newcastle United,GK,90.0,0.008152,0.0,3.711966,1,3.47,2.550666579543473,1,2,6,7,6.94,14,0.0063,0.0,0.4983,0.327,0.1645,0.008,0.0022,-3,20
36,2,nick woltemade|newcastle united,Nick Woltemade,Newcastle United,FWD,30.0,0.103264,0.022382,1.450203,1,0.8904,1.5582643678143964,0,0,1,1,1.7808,2,0.0744,0.0058,0.9257,0.0591,0.0112,0.0039,0.0001,-2,15
36,2,niclas füllkrug|west ham,Niclas Füllkrug,West Ham,FWD,0.0,0.0,0.0,0.0,1,0.0,0.0,0,0,0,0,0.0,0,0.0,0.0,1.0,0.0,0.0,0.0,0.0,0,0
36,2,nico gonzález|manchester city,Nico González,Manchester City,MID,30.0,0.011122,0.016773,1.97593,1,0.5648,0.8761283924174583,0,0,1,1,1.1296,2,0.0189,0.0001,0.9764,0.0195,0.0039,0.0002,0.0,-2,14
36,2,nico o'reilly|manchester city,Nico O'Reilly,Manchester City,DEF,90.0,0.623739,0.266007,11.14023,1,9.1604,5.742096467319231,2,6,13,17,18.3208,34,0.5441,0.1831,0.1473,0.2719,0.1857,0.2337,0.1614,-2,45
36,2,nicolás domínguez|nottingham forest,Nicolás Domínguez,Nottingham Forest,DEF,30.0,0.015569,0.047411,1.070651,1,0.4319,1.161017825013897,0,0,1,1,0.8638,2,0.0398,0.0017,0.9584,0.0326,0.008,0.001,0.0,-4,12
36,2,nicolò savona|nottingham forest,Nicolò Savona,Nottingham Forest,DEF,0.0,0.0,0.0,0.0,1,0.0,0.0,0,0,0,0,0.0,0,0.0,0.0,1.0,0.0,0.0,0.0,0.0,0,0
36,2,nikola milenkovic|nottingham forest,Nikola Milenkovic,Nottingham Forest,DEF,90.0,0.012637,0.00148,2.874418,1,2.9368,2.521587944133617,0,1,5,7,5.8736,14,0.0117,0.0,0.5983,0.3007,0.095,0.0058,0.0002,-5,15
36,2,nilson angulo|sunderland,Nilson Angulo,Sunderland,FWD,0.0,0.0,0.0,0.0,1,0.0,0.0,0,0,0,0,0.0,0,0.0,0.0,1.0,0.0,0.0,0.0,0.0,0,0
36,2,noah okafor|leeds,Noah Okafor,Leeds,MID,75.0,0.175268,0.063155,3.098771,1,3.01,2.672246246138256,1,2,3,7,6.02,14,0.195,0.0212,0.6687,0.1943,0.1081,0.024,0.0049,-2,23
36,2,noah sadiki|sunderland,Noah Sadiki,Sunderland,MID,60.0,0.028355,0.033865,2.311186,1,1.5935,1.607313830588165,0,0,2,3,3.187,6,0.0435,0.0019,0.8319,0.1461,0.0195,0.0024,0.0001,-1,15
36,2,noni madueke|arsenal,Noni Madueke,Arsenal,MID,15.0,0.021684,0.033396,1.19861,1,0.7122,1.112641523582506,0,0,1,1,1.4244,2,0.0378,0.0015,0.9622,0.0285,0.0086,0.0007,0.0,-2,12
36,2,nordi mukiele|sunderland,Nordi Mukiele,Sunderland,DEF,90.0,0.069013,0.113894,3.661909,1,3.6751,3.1404999586053175,1,1,6,8,7.3502,16,0.1502,0.0121,0.4772,0.3461,0.1304,0.0405,0.0058,-4,27
36,2,noussair mazraoui|manchester united,Noussair Mazraoui,Manchester United,DEF,75.0,0.014005,0.009212,2.957901,1,2.7986,2.7099885682415707,0,1,5,7,5.5972,14,0.0225,0.0004,0.6075,0.2833,0.0996,0.0088,0.0008,-3,16
36,2,odsonne edouard|crystal palace,Odsonne Edouard,Crystal Palace,DEF,0.0,0.0,0.0,0.0,1,0.0,0.0,0,0,0,0,0.0,0,0.0,0.0,1.0,0.0,0.0,0.0,0.0,0,0
36,2,ola aina|nottingham forest,Ola Aina,Nottingham Forest,DEF,90.0,0.022454,0.026079,2.728939,1,2.8514,2.654377147279565,0,1,5,6,5.7028,12,0.0474,0.0009,0.6524,0.2564,0.0767,0.0128,0.0017,-3,21
36,2,oleksandr zinchenko|nottingham forest,Oleksandr Zinchenko,Nottingham Forest,DEF,0.0,0.0,0.0,0.0,1,0.0,0.0,0,0,0,0,0.0,0,0.0,0.0,1.0,0.0,0.0,0.0,0.0,0,0
36,2,oliver scarles|west ham,Oliver Scarles,West Ham,DEF,15.0,0.002481,0.015067,0.988331,1,0.2005,0.7603287118082547,0,0,0,1,0.401,2,0.0129,0.0002,0.9875,0.0113,0.0012,0.0,0.0,-4,9
36,2,oliver sonne|burnley,Oliver Sonne,Burnley,DEF,0.0,0.0,0.0,0.0,1,0.0,0.0,0,0,0,0,0.0,0,0.0,0.0,1.0,0.0,0.0,0.0,0.0,0,0
36,2,olivier boscagli|brighton,Olivier Boscagli,Brighton,DEF,90.0,0.0,0.025782,3.65212,1,3.7998,2.611459354460643,1,1,6,7,7.5996,14,0.022,0.0001,0.4326,0.4086,0.1511,0.0077,0.0,-2,13
36,2,ollie watkins|aston villa,Ollie Watkins,Aston Villa,FWD,75.0,0.47153,0.042845,3.893511,1,3.9435,3.319594515901001,1,2,6,8,7.887,16,0.3748,0.0787,0.6253,0.1642,0.1374,0.0627,0.0104,-2,22
36,2,omar alderete|sunderland,Omar Alderete,Sunderland,DEF,75.0,0.047002,0.019168,2.946018,1,2.8033,2.854261570003702,0,1,4,7,5.6066,14,0.0604,0.0017,0.6173,0.2662,0.094,0.0196,0.0029,-3,21
36,2,omar marmoush|manchester city,Omar Marmoush,Manchester City,FWD,0.0,0.0,0.0,0.0,1,0.0,0.0,0,0,0,0,0.0,0,0.0,0.0,1.0,0.0,0.0,0.0,0.0,0,0
36,2,omari hutchinson|nottingham forest,Omari Hutchinson,Nottingham Forest,MID,15.0,0.016572,0.039834,1.18736,1,0.7125,1.1015642287220477,0,0,1,1,1.425,2,0.0382,0.0027,0.962,0.0286,0.0082,0.0012,0.0,-2,12
36,2,oscar bobb|fulham,Oscar Bobb,Fulham,MID,15.0,0.027631,0.025844,1.187353,1,0.7298,1.224659936472162,0,0,1,1,1.4596,2,0.0413,0.0021,0.9587,0.0288,0.011,0.0014,0.0001,-2,15
36,2,pablo|west ham,Pablo,West Ham,FWD,0.0,0.0,0.0,0.0,1,0.0,0.0,0,0,0,0,0.0,0,0.0,0.0,1.0,0.0,0.0,0.0,0.0,0,0
36,2,pape sarr|tottenham,Pape Sarr,Tottenham,MID,60.0,0.083601,0.075288,3.008009,1,2.3074,2.5279053067708057,0,0,3,5,4.6148,10,0.1044,0.0096,0.6615,0.2659,0.0514,0.0187,0.0025,-1,21
36,2,pascal groß|brighton,Pascal Groß,Brighton,MID,90.0,0.145612,0.251481,3.86251,1,3.9809,2.931063832467659,2,2,5,8,7.9618,16,0.3045,0.0549,0.4157,0.4056,0.1223,0.0481,0.0083,-1,26
36,2,pascal struijk|leeds,Pascal Struijk,Leeds,DEF,90.0,0.061353,0.025053,3.558167,1,3.5535,3.0309301790044585,1,1,6,8,7.107,16,0.0737,0.0034,0.4998,0.3388,0.1243,0.0314,0.0057,-3,23
36,2,patrick dorgu|manchester united,Patrick Dorgu,Manchester United,DEF,15.0,0.019705,0.027574,1.151666,1,0.5021,1.1408749230305661,0,0,1,1,1.0042,2,0.0347,0.0009,0.9661,0.0223,0.0109,0.0007,0.0,-3,13
36,2,patrick roberts|sunderland,Patrick Roberts,Sunderland,MID,0.0,0.0,0.0,0.0,1,0.0,0.0,0,0,0,0,0.0,0,0.0,0.0,1.0,0.0,0.0,0.0,0.0,0,0
36,2,pau torres|aston villa,Pau Torres,Aston Villa,DEF,60.0,0.02684,0.003312,3.410794,1,2.3895,2.770990752420513,0,0,6,6,4.779,12,0.0205,0.0002,0.7152,0.2039,0.0707,0.0092,0.001,-3,21
36,2,pedro lima|wolverhampton wanderers,Pedro Lima,Wolverhampton Wanderers,DEF,0.0,0.0,0.0,0.0,1,0.0,0.0,0,0,0,0,0.0,0,0.0,0.0,1.0,0.0,0.0,0.0,0.0,0,0
36,2,pedro neto|chelsea,Pedro Neto,Chelsea,MID,75.0,0.115101,0.183651,3.095244,1,2.9927,2.537724711232485,1,2,3,7,5.9854,14,0.2342,0.033,0.6812,0.206,0.0841,0.0262,0.0025,-2,21
36,2,pedro porro|tottenham,Pedro Porro,Tottenham,DEF,90.0,0.03686,0.127075,3.104244,1,3.1826,2.925347370826241,0,1,6,7,6.3652,14,0.1334,0.0083,0.5854,0.2904,0.0973,0.0243,0.0026,-3,18
36,2,phil foden|manchester city,Phil Foden,Manchester City,MID,45.0,0.142965,0.128309,2.984755,1,1.7343,2.7046078292425317,0,0,2,6,3.4686,12,0.169,0.0282,0.7803,0.1368,0.0599,0.0201,0.0029,-2,25
36,2,piero hincapié|arsenal,Piero Hincapié,Arsenal,DEF,75.0,0.017054,0.095266,4.071763,1,3.8399,2.9478921265880813,1,1,6,7,7.6798,14,0.0963,0.0051,0.4953,0.3426,0.135,0.0247,0.0024,-3,20
36,2,quilindschy hartman|burnley,Quilindschy Hartman,Burnley,DEF,30.0,0.005418,0.035741,0.994425,1,0.2922,0.8647653785854287,0,0,1,1,0.5844,2,0.0251,0.0003,0.9762,0.0214,0.0024,0.0,0.0,-3,9
36,2,radu dragusin|tottenham,Radu Dragusin,Tottenham,DEF,15.0,0.005896,0.00026,0.982185,1,0.3157,0.71402626702384,0,0,1,1,0.6314,2,0.004,0.0,0.9949,0.0016,0.0034,0.0001,0.0,-3,10
36,2,randal kolo muani|tottenham,Randal Kolo Muani,Tottenham,FWD,60.0,0.079438,0.059418,2.384044,1,1.7042,1.8788034383617676,0,0,2,3,3.4084,6,0.0969,0.008,0.8998,0.0631,0.0313,0.0058,0.0,-1,14
36,2,rayan ait nouri|manchester city,Rayan Ait Nouri,Manchester City,DEF,90.0,0.078865,0.291605,7.993871,1,6.1966,3.5079835290377295,2,4,8,11,12.3932,22,0.2918,0.0493,0.2163,0.425,0.2165,0.1177,0.0245,-2,26
36,2,rayan cherki|manchester city,Rayan Cherki,Manchester City,MID,90.0,0.433642,0.831694,9.290305,1,7.4159,4.796741309472504,2,3,10,14,14.8318,28,0.6819,0.312,0.1237,0.3813,0.2165,0.1897,0.0888,-1,34
36,2,rayan|bournemouth,Rayan,Bournemouth,MID,75.0,0.134821,0.140907,3.219169,1,3.1218,2.5247108270057383,1,2,3,7,6.2436,14,0.2286,0.0278,0.6378,0.2348,0.0995,0.0258,0.0021,-2,21
36,2,raúl jiménez|fulham,Raúl Jiménez,Fulham,FWD,60.0,0.340034,0.053369,3.334526,1,2.626,3.1912260966594013,0,0,2,7,5.252,14,0.2435,0.0503,0.7554,0.1063,0.0938,0.038,0.0065,-1,21
36,2,reece james|chelsea,Reece James,Chelsea,DEF,0.0,0.0,0.0,0.0,1,0.0,0.0,0,0,0,0,0.0,0,0.0,0.0,1.0,0.0,0.0,0.0,0.0,0,0
36,2,reinildo|sunderland,Reinildo,Sunderland,DEF,60.0,0.004615,0.028249,2.204291,1,1.6223,2.2885459816223923,0,0,2,6,3.2446,12,0.0247,0.0005,0.802,0.1547,0.0392,0.0039,0.0002,-4,17
36,2,reiss nelson|brentford,Reiss Nelson,Brentford,MID,0.0,0.0,0.0,0.0,1,0.0,0.0,0,0,0,0,0.0,0,0.0,0.0,1.0,0.0,0.0,0.0,0.0,0,0
36,2,riccardo calafiori|arsenal,Riccardo Calafiori,Arsenal,DEF,15.0,0.025417,0.007538,1.102418,1,0.5338,1.108718882314178,0,0,1,1,1.0676,2,0.0227,0.0004,0.9774,0.008,0.0138,0.0008,0.0,-3,10
36,2,richarlison|tottenham,Richarlison,Tottenham,FWD,60.0,0.250108,0.076585,2.993597,1,2.2418,2.7970936273210447,0,0,2,7,4.4836,14,0.1979,0.0349,0.7972,0.1025,0.071,0.0269,0.0024,-1,23
36,2,rico henry|brentford,Rico Henry,Brentford,DEF,15.0,0.000664,0.002644,0.927328,1,0.0446,0.6733578840408717,-1,0,0,1,0.0892,2,0.0027,0.0,0.9977,0.0017,0.0006,0.0,0.0,-5,9
36,2,rico lewis|manchester city,Rico Lewis,Manchester City,DEF,0.0,0.0,0.0,0.0,1,0.0,0.0,0,0,0,0,0.0,0,0.0,0.0,1.0,0.0,0.0,0.0,0.0,0,0
36,2,rio ngumoha|liverpool,Rio Ngumoha,Liverpool,MID,30.0,0.129911,0.18574,2.176777,1,1.4117,2.430638416136798,0,0,1,5,2.8234,10,0.1681,0.0272,0.8323,0.1086,0.0421,0.0155,0.0015,-2,19
36,2,robert sánchez|chelsea,Robert Sánchez,Chelsea,GK,90.0,0.0,0.015959,2.755185,1,2.4803,2.2033183859805647,0,1,3,6,4.9606,12,0.0125,0.0,0.67,0.2444,0.0828,0.0028,0.0,-3,12
36,2,robin roefs|sunderland,Robin Roefs,Sunderland,GK,90.0,0.0,0.027309,3.250578,1,2.9871,2.3554900955002975,1,1,4,7,5.9742,14,0.0232,0.0001,0.576,0.2996,0.1176,0.0068,0.0,-3,12
36,2,rodrigo bentancur|tottenham,Rodrigo Bentancur,Tottenham,MID,0.0,0.0,0.0,0.0,1,0.0,0.0,0,0,0,0,0.0,0,0.0,0.0,1.0,0.0,0.0,0.0,0.0,0,0
36,2,rodrigo gomes|wolverhampton wanderers,Rodrigo Gomes,Wolverhampton Wanderers,DEF,90.0,0.163187,0.016681,2.755263,1,2.7793,3.302149528716106,0,1,5,7,5.5586,14,0.1426,0.0129,0.7216,0.1328,0.1073,0.0293,0.009,-4,22
36,2,rodrigo muniz|fulham,Rodrigo Muniz,Fulham,FWD,30.0,0.133737,0.033356,1.578349,1,1.0093,1.7790484844432994,0,0,1,1,2.0186,2,0.0995,0.0107,0.901,0.0765,0.0162,0.0063,0.0,-2,13
36,2,rodri|manchester city,Rodri,Manchester City,MID,90.0,0.132096,0.282284,7.179632,1,4.9774,3.008536062605865,2,3,6,9,9.9548,18,0.3077,0.0555,0.1821,0.5889,0.1387,0.0794,0.0109,-1,29
36,2,romain esse|crystal palace,Romain Esse,Crystal Palace,MID,0.0,0.0,0.0,0.0,1,0.0,0.0,0,0,0,0,0.0,0,0.0,0.0,1.0,0.0,0.0,0.0,0.0,0,0
36,2,romaine mundle|sunderland,Romaine Mundle,Sunderland,MID,30.0,0.110216,0.044523,1.607996,1,1.0467,1.989301161212148,0,0,1,1,2.0934,2,0.0968,0.0088,0.9033,0.053,0.0374,0.0055,0.0008,-2,19
36,2,romelle donovan|brentford,Romelle Donovan,Brentford,MID,0.0,0.0,0.0,0.0,1,0.0,0.0,0,0,0,0,0.0,0,0.0,0.0,1.0,0.0,0.0,0.0,0.0,0,0
36,2,romeo lavia|chelsea,Romeo Lavia,Chelsea,MID,0.0,0.0,0.0,0.0,1,0.0,0.0,0,0,0,0,0.0,0,0.0,0.0,1.0,0.0,0.0,0.0,0.0,0,0
36,2,ross barkley|aston villa,Ross Barkley,Aston Villa,MID,0.0,0.0,0.0,0.0,1,0.0,0.0,0,0,0,0,0.0,0,0.0,0.0,1.0,0.0,0.0,0.0,0.0,0,0
36,2,ryan christie|bournemouth,Ryan Christie,Bournemouth,MID,15.0,0.02637,0.020656,1.128815,1,0.6673,1.1103200934865585,0,0,1,1,1.3346,2,0.0333,0.0011,0.9667,0.0227,0.0101,0.0005,0.0,-2,13
36,2,ryan gravenberch|liverpool,Ryan Gravenberch,Liverpool,MID,75.0,0.043987,0.051662,2.583974,1,2.4989,1.7632353189520678,1,2,3,5,4.9978,10,0.0864,0.0029,0.6834,0.2695,0.0408,0.0059,0.0004,-2,20
36,2,ryan sessegnon|fulham,Ryan Sessegnon,Fulham,MID,30.0,0.038992,0.03102,1.248416,1,0.7323,1.2524522785320005,0,0,1,1,1.4646,2,0.0408,0.0022,0.9569,0.0299,0.0115,0.0016,0.0001,-2,19
36,2,ryan yates|nottingham forest,Ryan Yates,Nottingham Forest,MID,30.0,0.025163,0.012649,1.077166,1,0.6211,1.0364047423666103,0,0,1,1,1.2422,2,0.024,0.0008,0.9755,0.0158,0.0081,0.0005,0.0001,-2,15
36,2,rúben dias|manchester city,Rúben Dias,Manchester City,DEF,0.0,0.0,0.0,0.0,1,0.0,0.0,0,0,0,0,0.0,0,0.0,0.0,1.0,0.0,0.0,0.0,0.0,0,0
36,2,sam byram|leeds,Sam Byram,Leeds,DEF,0.0,0.0,0.0,0.0,1,0.0,0.0,0,0,0,0,0.0,0,0.0,0.0,1.0,0.0,0.0,0.0,0.0,0,0
36,2,sam johnstone|wolverhampton wanderers,Sam Johnstone,Wolverhampton Wanderers,GK,0.0,0.0,0.0,0.0,1,0.0,0.0,0,0,0,0,0.0,0,0.0,0.0,1.0,0.0,0.0,0.0,0.0,0,0
36,2,samuel chukwueze|fulham,Samuel Chukwueze,Fulham,MID,60.0,0.121309,0.186709,3.344955,1,2.5377,2.8958554366542537,0,0,3,7,5.0754,14,0.1994,0.0342,0.6848,0.2016,0.0814,0.0285,0.0037,-1,23
36,2,sander berge|fulham,Sander Berge,Fulham,MID,90.0,0.031852,0.067729,2.68064,1,2.6787,1.6175494768321617,2,2,3,5,5.3574,10,0.0888,0.0031,0.6506,0.3105,0.0323,0.0065,0.0001,-1,15
36,2,sandro tonali|newcastle united,Sandro Tonali,Newcastle United,MID,75.0,0.033968,0.095925,2.708186,1,2.6151,1.813105620199772,1,2,3,5,5.2302,10,0.1115,0.0059,0.6518,0.3001,0.0398,0.008,0.0003,-2,20
36,2,santiago bueno|wolverhampton wanderers,Santiago Bueno,Wolverhampton Wanderers,DEF,90.0,0.03022,0.008341,2.129738,1,2.1377,2.409344041435345,0,1,3,6,4.2754,12,0.0339,0.0007,0.7405,0.1928,0.0582,0.0074,0.0011,-4,18
36,2,sasa kalajdzic|wolverhampton wanderers,Sasa Kalajdzic,Wolverhampton Wanderers,FWD,0.0,0.0,0.0,0.0,1,0.0,0.0,0,0,0,0,0.0,0,0.0,0.0,1.0,0.0,0.0,0.0,0.0,0,0
36,2,sasa lukic|fulham,Sasa Lukic,Fulham,MID,0.0,0.0,0.0,0.0,1,0.0,0.0,0,0,0,0,0.0,0,0.0,0.0,1.0,0.0,0.0,0.0,0.0,0,0
36,2,seamus coleman|everton,Seamus Coleman,Everton,DEF,0.0,0.0,0.0,0.0,1,0.0,0.0,0,0,0,0,0.0,0,0.0,0.0,1.0,0.0,0.0,0.0,0.0,0,0
36,2,sean longstaff|leeds,Sean Longstaff,Leeds,MID,0.0,0.0,0.0,0.0,1,0.0,0.0,0,0,0,0,0.0,0,0.0,0.0,1.0,0.0,0.0,0.0,0.0,0,0
36,2,sebastiaan bornauw|leeds,Sebastiaan Bornauw,Leeds,DEF,0.0,0.0,0.0,0.0,1,0.0,0.0,0,0,0,0,0.0,0,0.0,0.0,1.0,0.0,0.0,0.0,0.0,0,0
36,2,senne lammens|manchester united,Senne Lammens,Manchester United,GK,90.0,0.0,0.0,3.64135,1,3.3814,2.40223521745894,1,2,6,7,6.7628,14,0.0,0.0,0.5413,0.3079,0.1498,0.001,0.0,-3,11
36,2,sepp van den berg|brentford,Sepp van den Berg,Brentford,DEF,90.0,0.061621,0.033006,2.576648,1,2.538,2.6859180925709554,0,1,3,6,5.076,12,0.0812,0.0038,0.6354,0.2705,0.0708,0.0201,0.0032,-4,23
36,2,shea lacey|manchester united,Shea Lacey,Manchester United,MID,0.0,0.0,0.0,0.0,1,0.0,0.0,0,0,0,0,0.0,0,0.0,0.0,1.0,0.0,0.0,0.0,0.0,0,0
36,2,simon adingra|sunderland,Simon Adingra,Sunderland,MID,0.0,0.0,0.0,0.0,1,0.0,0.0,0,0,0,0,0.0,0,0.0,0.0,1.0,0.0,0.0,0.0,0.0,0,0
36,2,solly march|brighton,Solly March,Brighton,MID,0.0,0.0,0.0,0.0,1,0.0,0.0,0,0,0,0,0.0,0,0.0,0.0,1.0,0.0,0.0,0.0,0.0,0,0
36,2,soungoutou magassa|west ham,Soungoutou Magassa,West Ham,MID,0.0,0.0,0.0,0.0,1,0.0,0.0,0,0,0,0,0.0,0,0.0,0.0,1.0,0.0,0.0,0.0,0.0,0,0
36,2,souza|tottenham,Souza,Tottenham,DEF,60.0,0.007574,0.07262,2.747082,1,1.8995,2.49807921211478,0,0,2,6,3.799,12,0.0578,0.0028,0.779,0.1691,0.043,0.0085,0.0004,-3,21
36,2,stefan ortega moreno|nottingham forest,Stefan Ortega Moreno,Nottingham Forest,GK,90.0,0.0,0.0,3.484561,1,3.2431,2.365375739708176,1,2,6,7,6.4862,14,0.0,0.0,0.5261,0.3233,0.1485,0.0021,0.0,-4,12
36,2,stefanos tzimas|brighton,Stefanos Tzimas,Brighton,FWD,0.0,0.0,0.0,0.0,1,0.0,0.0,0,0,0,0,0.0,0,0.0,0.0,1.0,0.0,0.0,0.0,0.0,0,0
36,2,sven botman|newcastle united,Sven Botman,Newcastle United,DEF,60.0,0.04348,0.031975,3.05325,1,2.2816,2.8681529666320102,0,0,4,6,4.5632,12,0.053,0.0023,0.7183,0.1895,0.0739,0.0154,0.0029,-3,21
36,2,sávio|manchester city,Sávio,Manchester City,MID,30.0,0.151996,0.033546,2.783951,1,1.1749,2.2575451246874336,0,0,1,4,2.3498,8,0.1103,0.0133,0.8897,0.0539,0.0443,0.0116,0.0005,-2,22
36,2,taiwo awoniyi|nottingham forest,Taiwo Awoniyi,Nottingham Forest,FWD,30.0,0.304311,0.085622,2.430776,1,1.6377,2.749115987003822,0,0,1,6,3.2754,12,0.1989,0.0425,0.8013,0.1314,0.0386,0.0253,0.0034,-2,20
36,2,tammy abraham|aston villa,Tammy Abraham,Aston Villa,FWD,15.0,0.157408,0.018905,1.671349,1,1.1364,2.0462636780239247,0,0,1,5,2.2728,10,0.1141,0.0141,0.8859,0.0808,0.0224,0.0097,0.0012,-2,19
36,2,tawanda chirewa|wolverhampton wanderers,Tawanda Chirewa,Wolverhampton Wanderers,MID,0.0,0.0,0.0,0.0,1,0.0,0.0,0,0,0,0,0.0,0,0.0,0.0,1.0,0.0,0.0,0.0,0.0,0,0
36,2,thiago|brentford,Thiago,Brentford,FWD,90.0,0.403119,0.052339,3.467519,1,3.6651,3.0586176599895585,1,2,6,8,7.3302,16,0.3353,0.0637,0.6619,0.1527,0.128,0.0518,0.0056,-1,24
36,2,thierno barry|everton,Thierno Barry,Everton,FWD,30.0,0.125731,0.012489,1.463724,1,0.8991,1.6327030317850213,0,0,1,1,1.7982,2,0.0765,0.0071,0.9236,0.0587,0.0124,0.0052,0.0001,-2,16
36,2,tijjani reijnders|manchester city,Tijjani Reijnders,Manchester City,MID,30.0,0.080054,0.095881,2.634581,1,1.0064,1.8584291861677165,0,0,1,1,2.0128,2,0.0976,0.0109,0.9028,0.0628,0.0283,0.0057,0.0004,-2,22
36,2,tim iroegbunam|everton,Tim Iroegbunam,Everton,MID,0.0,0.0,0.0,0.0,1,0.0,0.0,0,0,0,0,0.0,0,0.0,0.0,1.0,0.0,0.0,0.0,0.0,0,0
36,2,timothy castagne|fulham,Timothy Castagne,Fulham,DEF,0.0,0.0,0.0,0.0,1,0.0,0.0,0,0,0,0,0.0,0,0.0,0.0,1.0,0.0,0.0,0.0,0.0,0,0
36,2,tolu arokodare|wolverhampton wanderers,Tolu Arokodare,Wolverhampton Wanderers,FWD,60.0,0.179979,0.034424,2.763191,1,2.0106,2.3882813150883213,0,0,2,6,4.0212,12,0.1386,0.0174,0.8614,0.0605,0.0624,0.0146,0.0011,-1,21
36,2,tom cairney|fulham,Tom Cairney,Fulham,MID,0.0,0.0,0.0,0.0,1,0.0,0.0,0,0,0,0,0.0,0,0.0,0.0,1.0,0.0,0.0,0.0,0.0,0,0
36,2,tom edozie|wolverhampton wanderers,Tom Edozie,Wolverhampton Wanderers,MID,0.0,0.0,0.0,0.0,1,0.0,0.0,0,0,0,0,0.0,0,0.0,0.0,1.0,0.0,0.0,0.0,0.0,0,0
36,2,tom watson|brighton,Tom Watson,Brighton,FWD,0.0,0.0,0.0,0.0,1,0.0,0.0,0,0,0,0,0.0,0,0.0,0.0,1.0,0.0,0.0,0.0,0.0,0,0
36,2,tomas soucek|west ham,Tomas Soucek,West Ham,MID,75.0,0.103392,0.02318,2.727069,1,2.6504,2.1418169482941347,1,2,3,6,5.3008,12,0.1101,0.0063,0.7147,0.1979,0.0721,0.014,0.0013,-2,18
36,2,tosin adarabioyo|chelsea,Tosin Adarabioyo,Chelsea,DEF,15.0,0.000806,0.004433,0.936397,1,0.1637,0.6438185380990517,0,0,0,1,0.3274,2,0.0035,0.0,0.9964,0.0033,0.0003,0.0,0.0,-4,8
36,2,toti|wolverhampton wanderers,Toti,Wolverhampton Wanderers,DEF,0.0,0.0,0.0,0.0,1,0.0,0.0,0,0,0,0,0.0,0,0.0,0.0,1.0,0.0,0.0,0.0,0.0,0,0
36,2,trai hume|sunderland,Trai Hume,Sunderland,DEF,90.0,0.074762,0.099178,2.804576,1,2.9162,3.029220619235251,0,1,5,7,5.8324,14,0.1465,0.0095,0.6399,0.2402,0.0885,0.0278,0.0036,-3,21
36,2,trevoh chalobah|chelsea,Trevoh Chalobah,Chelsea,DEF,90.0,0.038557,0.018926,2.827128,1,2.8309,2.6522264590339946,0,1,4,7,5.6618,14,0.0532,0.0013,0.5931,0.3018,0.0879,0.0148,0.0024,-4,20
36,2,treymaurice nyoni|liverpool,Treymaurice Nyoni,Liverpool,MID,0.0,0.0,0.0,0.0,1,0.0,0.0,0,0,0,0,0.0,0,0.0,0.0,1.0,0.0,0.0,0.0,0.0,0,0
36,2,tyler adams|bournemouth,Tyler Adams,Bournemouth,MID,75.0,0.030898,0.036487,2.446245,1,2.3463,1.7541312123099573,1,1,3,4,4.6926,8,0.0594,0.0024,0.6594,0.3083,0.0259,0.0061,0.0003,-2,17
36,2,tyler dibling|everton,Tyler Dibling,Everton,MID,0.0,0.0,0.0,0.0,1,0.0,0.0,0,0,0,0,0.0,0,0.0,0.0,1.0,0.0,0.0,0.0,0.0,0,0
36,2,tyler fletcher|manchester united,Tyler Fletcher,Manchester United,MID,0.0,0.0,0.0,0.0,1,0.0,0.0,0,0,0,0,0.0,0,0.0,0.0,1.0,0.0,0.0,0.0,0.0,0,0
36,2,tyler fredricson|manchester united,Tyler Fredricson,Manchester United,DEF,0.0,0.0,0.0,0.0,1,0.0,0.0,0,0,0,0,0.0,0,0.0,0.0,1.0,0.0,0.0,0.0,0.0,0,0
36,2,tyrell malacia|manchester united,Tyrell Malacia,Manchester United,DEF,0.0,0.0,0.0,0.0,1,0.0,0.0,0,0,0,0,0.0,0,0.0,0.0,1.0,0.0,0.0,0.0,0.0,0,0
36,2,tyrick mitchell|crystal palace,Tyrick Mitchell,Crystal Palace,DEF,90.0,0.069325,0.140812,4.874363,1,3.9768,3.2732952448564734,1,1,6,8,7.9536,16,0.1724,0.0173,0.5072,0.3115,0.1253,0.0491,0.0069,-3,30
36,2,tyrique george|everton,Tyrique George,Everton,FWD,15.0,0.03396,0.049565,1.262869,1,0.7951,1.3001215289348915,0,0,1,1,1.5902,2,0.0601,0.0036,0.9399,0.0499,0.0085,0.0017,0.0,-2,13
36,2,tyrone mings|aston villa,Tyrone Mings,Aston Villa,DEF,0.0,0.0,0.0,0.0,1,0.0,0.0,0,0,0,0,0.0,0,0.0,0.0,1.0,0.0,0.0,0.0,0.0,0,0
36,2,valentino livramento|newcastle united,Valentino Livramento,Newcastle United,DEF,0.0,0.0,0.0,0.0,1,0.0,0.0,0,0,0,0,0.0,0,0.0,0.0,1.0,0.0,0.0,0.0,0.0,0,0
36,2,valentín castellanos|west ham,Valentín Castellanos,West Ham,FWD,75.0,0.14863,0.031788,2.505687,1,2.4605,2.016095173844727,1,1,2,6,4.921,12,0.1542,0.0134,0.8397,0.0899,0.0592,0.0111,0.0001,-2,16
36,2,veljko milosavljevic|bournemouth,Veljko Milosavljevic,Bournemouth,DEF,0.0,0.0,0.0,0.0,1,0.0,0.0,0,0,0,0,0.0,0,0.0,0.0,1.0,0.0,0.0,0.0,0.0,0,0
36,2,victor lindelöf|aston villa,Victor Lindelöf,Aston Villa,DEF,0.0,0.0,0.0,0.0,1,0.0,0.0,0,0,0,0,0.0,0,0.0,0.0,1.0,0.0,0.0,0.0,0.0,0,0
36,2,viktor gyokeres|arsenal,Viktor Gyokeres,Arsenal,FWD,75.0,0.384244,0.068339,3.537533,1,3.5643,3.0913209975672213,1,2,6,8,7.1286,16,0.3361,0.0649,0.6641,0.1637,0.1152,0.0508,0.0062,-2,25
36,2,virgil van dijk|liverpool,Virgil van Dijk,Liverpool,DEF,90.0,0.118056,0.015995,3.960396,1,3.9274,3.3125110173401686,1,1,6,8,7.8548,16,0.1107,0.0057,0.467,0.3286,0.1481,0.0456,0.0107,-3,23
36,2,vitalii mykolenko|everton,Vitalii Mykolenko,Everton,DEF,90.0,0.005871,0.026626,2.55823,1,2.6001,2.4160670499801946,0,1,5,6,5.2002,12,0.0277,0.0006,0.6797,0.2524,0.0636,0.0041,0.0002,-4,16
36,2,vitaly janelt|brentford,Vitaly Janelt,Brentford,MID,60.0,0.029222,0.073638,2.253826,1,1.7816,1.9701018856901793,0,0,2,4,3.5632,8,0.0785,0.0042,0.7713,0.1919,0.0306,0.0062,0.0,-1,14
36,2,walter benítez|crystal palace,Walter Benítez,Crystal Palace,MID,0.0,0.0,0.0,0.0,1,0.0,0.0,0,0,0,0,0.0,0,0.0,0.0,1.0,0.0,0.0,0.0,0.0,0,0
36,2,wataru endo|liverpool,Wataru Endo,Liverpool,MID,0.0,0.0,0.0,0.0,1,0.0,0.0,0,0,0,0,0.0,0,0.0,0.0,1.0,0.0,0.0,0.0,0.0,0,0
36,2,wesley fofana|chelsea,Wesley Fofana,Chelsea,DEF,15.0,0.004043,0.004882,0.935509,1,0.1812,0.7674415678082599,0,0,0,1,0.3624,2,0.0071,0.0,0.9917,0.0058,0.0022,0.0003,0.0,-4,10
36,2,wilfried gnonto|leeds,Wilfried Gnonto,Leeds,MID,0.0,0.0,0.0,0.0,1,0.0,0.0,0,0,0,0,0.0,0,0.0,0.0,1.0,0.0,0.0,0.0,0.0,0,0
36,2,will hughes|crystal palace,Will Hughes,Crystal Palace,MID,90.0,0.073269,0.095331,4.325019,1,2.7681,2.1066851663217263,1,2,3,6,5.5362,12,0.1368,0.0111,0.624,0.3041,0.0552,0.016,0.0007,-1,19
36,2,william osula|newcastle united,William Osula,Newcastle United,FWD,15.0,0.050273,0.004796,1.200482,1,0.7394,1.2017019763651886,0,0,1,1,1.4788,2,0.0401,0.0017,0.9599,0.0314,0.0075,0.0011,0.0001,-2,15
36,2,william saliba|arsenal,William Saliba,Arsenal,DEF,90.0,0.059867,0.01899,4.107411,1,4.224,2.902623640777426,1,2,6,7,8.448,14,0.0632,0.0024,0.4668,0.3613,0.1383,0.0304,0.0032,-3,21
36,2,wilson isidor|sunderland,Wilson Isidor,Sunderland,FWD,30.0,0.208012,0.007638,1.824962,1,1.2067,2.1431694076763974,0,0,1,5,2.4134,10,0.1252,0.0161,0.8751,0.0867,0.0253,0.012,0.0009,-2,24
36,2,wilson odobert|tottenham,Wilson Odobert,Tottenham,MID,15.0,0.034336,0.035762,1.263966,1,0.7813,1.3009497722817742,0,0,1,1,1.5626,2,0.0503,0.0018,0.9497,0.0343,0.0152,0.0008,0.0,-2,13
36,2,xavi simons|tottenham,Xavi Simons,Tottenham,MID,0.0,0.0,0.0,0.0,1,0.0,0.0,0,0,0,0,0.0,0,0.0,0.0,1.0,0.0,0.0,0.0,0.0,0,0
36,2,yankuba minteh|brighton,Yankuba Minteh,Brighton,MID,60.0,0.123581,0.238891,3.738421,1,2.777,3.0774455316057177,0,0,3,7,5.554,14,0.223,0.0451,0.5794,0.2976,0.0822,0.0359,0.0049,-1,24
36,2,yasin ayari|brighton,Yasin Ayari,Brighton,MID,15.0,0.021384,0.010753,1.119178,1,0.672,1.040584451161942,0,0,1,1,1.344,2,0.0249,0.0006,0.975,0.0145,0.0101,0.0004,0.0,-2,14
36,2,yehor yarmolyuk|brentford,Yehor Yarmolyuk,Brentford,MID,0.0,0.0,0.0,0.0,1,0.0,0.0,0,0,0,0,0.0,0,0.0,0.0,1.0,0.0,0.0,0.0,0.0,0,0
36,2,yeremi pino|crystal palace,Yeremi Pino,Crystal Palace,MID,90.0,0.216565,0.32402,6.12355,1,4.273,3.2464859463734013,2,2,6,9,8.546,18,0.381,0.0825,0.4373,0.344,0.1418,0.0651,0.0118,-1,26
36,2,yerson mosquera|wolverhampton wanderers,Yerson Mosquera,Wolverhampton Wanderers,DEF,90.0,0.066483,0.050043,2.487677,1,2.5188,2.8864591734510983,0,1,4,7,5.0376,14,0.098,0.0039,0.6382,0.2526,0.0828,0.0241,0.0023,-4,23
36,2,yoane wissa|newcastle united,Yoane Wissa,Newcastle United,FWD,15.0,0.072013,0.004796,1.280774,1,0.7915,1.356255046073562,0,0,1,1,1.583,2,0.0526,0.0026,0.9474,0.0403,0.0107,0.0015,0.0001,-2,16
36,2,youri tielemans|aston villa,Youri Tielemans,Aston Villa,MID,90.0,0.121256,0.159198,3.769356,1,3.7257,2.544063582145698,2,2,5,8,7.4514,16,0.2181,0.0267,0.4178,0.4464,0.0954,0.0362,0.0042,-1,19
36,2,yves bissouma|tottenham,Yves Bissouma,Tottenham,MID,30.0,0.009412,0.00143,0.924186,1,0.5163,0.7546749697717554,0,0,1,1,1.0326,2,0.0059,0.0002,0.9858,0.0114,0.0026,0.0002,0.0,-2,14
36,2,zach abbott|nottingham forest,Zach Abbott,Nottingham Forest,DEF,0.0,0.0,0.0,0.0,1,0.0,0.0,0,0,0,0,0.0,0,0.0,0.0,1.0,0.0,0.0,0.0,0.0,0,0
36,2,zian flemming|burnley,Zian Flemming,Burnley,FWD,15.0,0.097008,0.005714,1.340039,1,0.8851,1.6207708011930622,0,0,1,1,1.7702,2,0.0736,0.007,0.9264,0.0551,0.0132,0.0051,0.0002,-2,16
37,3,aaron hickey|brentford,Aaron Hickey,Brentford,DEF,75.0,0.043011,0.046424,2.985989,1,2.8688,2.844079211273835,0,1,6,7,5.7376,14,0.0829,0.0032,0.6678,0.2267,0.0822,0.021,0.0023,-4,24
37,3,aaron ramsdale|newcastle united,Aaron Ramsdale,Newcastle United,GK,0.0,0.0,0.0,0.0,1,0.0,0.0,0,0,0,0,0.0,0,0.0,0.0,1.0,0.0,0.0,0.0,0.0,0,0
37,3,aaron wan-bissaka|west ham,Aaron Wan-Bissaka,West Ham,DEF,90.0,0.0,0.044961,2.254358,1,2.2907,2.2886226228891475,0,1,3,6,4.5814,12,0.0399,0.0009,0.7004,0.239,0.0566,0.0039,0.0001,-4,15
37,3,abduqodir khusanov|manchester city,Abduqodir Khusanov,Manchester City,DEF,75.0,0.021562,0.022363,2.847382,1,2.6788,2.628503482972773,0,1,4,6,5.3576,12,0.0361,0.001,0.6579,0.2478,0.082,0.0116,0.0007,-4,17
37,3,adam armstrong|wolverhampton wanderers,Adam Armstrong,Wolverhampton Wanderers,FWD,60.0,0.076,0.088389,2.509195,1,1.8196,1.9941554202218041,0,0,2,5,3.6392,10,0.1164,0.0117,0.8837,0.076,0.0332,0.0068,0.0003,-1,17
37,3,adam smith|bournemouth,Adam Smith,Bournemouth,DEF,15.0,0.0,0.010457,0.947113,1,0.1635,0.6669091017522553,0,0,0,1,0.327,2,0.0083,0.0001,0.9927,0.0072,0.0001,0.0,0.0,-4,7
37,3,adam wharton|crystal palace,Adam Wharton,Crystal Palace,MID,75.0,0.034028,0.185919,2.858129,1,2.836,2.1557606546182253,1,1,4,6,5.672,12,0.1913,0.0188,0.6144,0.3138,0.057,0.014,0.0008,-2,16
37,3,adama traoré|west ham,Adama Traoré,West Ham,MID,15.0,0.017449,0.023278,1.09208,1,0.6341,1.0248010489846309,0,0,1,1,1.2682,2,0.028,0.0011,0.972,0.0208,0.0066,0.0006,0.0,-2,12
37,3,adrien truffert|bournemouth,Adrien Truffert,Bournemouth,DEF,90.0,0.032788,0.096506,2.781844,1,2.7403,2.6688679079339988,0,1,4,6,5.4806,12,0.1061,0.0047,0.6252,0.2782,0.076,0.0186,0.002,-4,20
37,3,alejandro garnacho|chelsea,Alejandro Garnacho,Chelsea,MID,15.0,0.056459,0.066131,1.454021,1,0.9649,1.7491906671372333,0,0,1,1,1.9298,2,0.0886,0.0083,0.9114,0.0601,0.0236,0.0042,0.0007,-2,19
37,3,alejandro jiménez|bournemouth,Alejandro Jiménez,Bournemouth,DEF,90.0,0.039344,0.070535,1.840838,1,1.9308,2.5720441986871068,0,0,2,6,3.8616,12,0.0895,0.0044,0.7618,0.1785,0.0466,0.0126,0.0005,-4,18
37,3,alex iwobi|fulham,Alex Iwobi,Fulham,MID,90.0,0.059497,0.138369,2.97777,1,3.0103,1.9529449326593928,2,2,3,6,6.0206,12,0.1627,0.0145,0.5672,0.3581,0.0612,0.0126,0.0009,-1,18
37,3,alex murphy|newcastle united,Alex Murphy,Newcastle United,DEF,0.0,0.0,0.0,0.0,1,0.0,0.0,0,0,0,0,0.0,0,0.0,0.0,1.0,0.0,0.0,0.0,0.0,0,0
37,3,alex scott|bournemouth,Alex Scott,Bournemouth,MID,90.0,0.096855,0.101146,3.717234,1,3.6425,2.3868166561342745,2,2,4,7,7.285,14,0.1628,0.013,0.4608,0.4221,0.0817,0.0327,0.0027,-1,22
37,3,alex tóth|bournemouth,Alex Tóth,Bournemouth,MID,0.0,0.0,0.0,0.0,1,0.0,0.0,0,0,0,0,0.0,0,0.0,0.0,1.0,0.0,0.0,0.0,0.0,0,0
37,3,alexander isak|liverpool,Alexander Isak,Liverpool,FWD,75.0,0.332238,0.067305,3.456102,1,3.477,2.922237327802107,1,2,6,7,6.954,14,0.306,0.0563,0.6943,0.1433,0.1125,0.0433,0.0066,-2,21
37,3,alexis mac allister|liverpool,Alexis Mac Allister,Liverpool,MID,75.0,0.106908,0.043675,2.7447,1,2.6122,2.1482577033493913,1,2,3,6,5.2244,12,0.1251,0.0081,0.7062,0.2055,0.0718,0.0155,0.001,-2,17
37,3,alisson|liverpool,Alisson,Liverpool,GK,0.0,0.0,0.0,0.0,1,0.0,0.0,0,0,0,0,0.0,0,0.0,0.0,1.0,0.0,0.0,0.0,0.0,0,0
37,3,alphonse areola|west ham,Alphonse Areola,West Ham,GK,0.0,0.0,0.0,0.0,1,0.0,0.0,0,0,0,0,0.0,0,0.0,0.0,1.0,0.0,0.0,0.0,0.0,0,0
37,3,altay bayindir|manchester united,Altay Bayindir,Manchester United,GK,0.0,0.0,0.0,0.0,1,0.0,0.0,0,0,0,0,0.0,0,0.0,0.0,1.0,0.0,0.0,0.0,0.0,0,0
37,3,alysson edward|aston villa,Alysson Edward,Aston Villa,FWD,0.0,0.0,0.0,0.0,1,0.0,0.0,0,0,0,0,0.0,0,0.0,0.0,1.0,0.0,0.0,0.0,0.0,0,0
37,3,amad diallo traore|manchester united,Amad Diallo Traore,Manchester United,MID,30.0,0.070948,0.066325,1.510409,1,0.9549,1.7308570102697682,0,0,1,1,1.9098,2,0.0824,0.007,0.9172,0.0518,0.0261,0.0047,0.0002,-2,19
37,3,amadou onana|aston villa,Amadou Onana,Aston Villa,MID,75.0,0.092306,0.023318,3.058685,1,2.9397,2.2096750688732496,1,2,4,5,5.8794,10,0.1026,0.0049,0.6058,0.3114,0.06,0.0213,0.0015,-2,20
37,3,amine adli|bournemouth,Amine Adli,Bournemouth,MID,15.0,0.034116,0.016291,1.181121,1,0.7106,1.197433772698933,0,0,1,1,1.4212,2,0.0352,0.0014,0.9647,0.0226,0.0118,0.0009,0.0,-2,13
37,3,andrew robertson|liverpool,Andrew Robertson,Liverpool,DEF,15.0,0.014604,0.01543,1.084232,1,0.3948,1.0064457064342816,0,0,1,1,0.7896,2,0.0221,0.0007,0.9783,0.0133,0.0076,0.0006,0.0002,-4,16
37,3,andrey santos|chelsea,Andrey Santos,Chelsea,MID,60.0,0.087947,0.041566,2.692667,1,2.0082,2.309963800582165,0,0,3,5,4.0164,10,0.0912,0.0062,0.7236,0.2115,0.0501,0.0132,0.0016,-1,19
37,3,andrés garcía|aston villa,Andrés García,Aston Villa,DEF,0.0,0.0,0.0,0.0,1,0.0,0.0,0,0,0,0,0.0,0,0.0,0.0,1.0,0.0,0.0,0.0,0.0,0,0
37,3,andré|wolverhampton wanderers,André,Wolverhampton Wanderers,MID,75.0,0.014692,0.031833,2.55324,1,2.4365,1.6610140727880662,1,1,3,4,4.873,8,0.043,0.0013,0.608,0.3694,0.0183,0.0041,0.0002,-2,17
37,3,andy irving|west ham,Andy Irving,West Ham,MID,0.0,0.0,0.0,0.0,1,0.0,0.0,0,0,0,0,0.0,0,0.0,0.0,1.0,0.0,0.0,0.0,0.0,0,0
37,3,angel gomes|wolverhampton wanderers,Angel Gomes,Wolverhampton Wanderers,MID,60.0,0.023026,0.035618,2.318679,1,1.5504,1.5220577650010525,0,0,2,3,3.1008,6,0.0392,0.0009,0.8322,0.1493,0.0165,0.002,0.0,-1,14
37,3,angus gunn|nottingham forest,Angus Gunn,Nottingham Forest,GK,0.0,0.0,0.0,0.0,1,0.0,0.0,0,0,0,0,0.0,0,0.0,0.0,1.0,0.0,0.0,0.0,0.0,0,0
37,3,anthony elanga|newcastle united,Anthony Elanga,Newcastle United,MID,60.0,0.068295,0.111108,2.944812,1,2.072,2.252646443630247,0,0,3,5,4.144,10,0.1228,0.0101,0.7142,0.2233,0.0508,0.0109,0.0008,-1,18
37,3,anthony gordon|newcastle united,Anthony Gordon,Newcastle United,MID,75.0,0.348644,0.188487,4.406316,1,4.4237,3.8371836429860897,1,2,7,10,8.8474,20,0.387,0.0917,0.48,0.2455,0.1737,0.0778,0.023,-2,33
37,3,antoine semenyo|manchester city,Antoine Semenyo,Manchester City,MID,90.0,0.288613,0.0842,3.893372,1,3.9813,3.2589492647170806,2,2,6,9,7.9626,18,0.2814,0.0465,0.527,0.2454,0.1629,0.0521,0.0126,-1,27
37,3,anton stach|leeds,Anton Stach,Leeds,MID,90.0,0.06545,0.196431,3.520493,1,3.4964,2.324346583450928,2,2,5,7,6.9928,14,0.21,0.0231,0.4885,0.4023,0.0811,0.0263,0.0018,-1,18
37,3,antonee robinson|fulham,Antonee Robinson,Fulham,DEF,90.0,0.00605,0.061236,3.483337,1,3.5461,2.6764294853404973,1,1,6,7,7.0922,14,0.0566,0.0022,0.5366,0.3304,0.1175,0.0148,0.0007,-3,19
37,3,antoni milambo|brentford,Antoni Milambo,Brentford,MID,0.0,0.0,0.0,0.0,1,0.0,0.0,0,0,0,0,0.0,0,0.0,0.0,1.0,0.0,0.0,0.0,0.0,0,0
37,3,ao tanaka|leeds,Ao Tanaka,Leeds,MID,60.0,0.056601,0.062592,2.676942,1,1.9636,2.1249647150011692,0,0,3,5,3.9272,10,0.0833,0.0052,0.7418,0.206,0.043,0.0085,0.0007,-1,19
37,3,archie gray|tottenham,Archie Gray,Tottenham,MID,75.0,0.046641,0.083052,2.3464,1,2.2762,1.8412261023567964,1,1,2,5,4.5524,10,0.1141,0.0088,0.7905,0.1605,0.0405,0.0078,0.0007,-2,21
37,3,armando broja|burnley,Armando Broja,Burnley,FWD,60.0,0.050068,0.017901,2.214083,1,1.5159,1.4995156518022743,0,0,2,2,3.0318,4,0.0469,0.0023,0.9529,0.0271,0.0181,0.0019,0.0,-1,13
37,3,arnaud kalimuendo muinga|nottingham forest,Arnaud Kalimuendo Muinga,Nottingham Forest,FWD,0.0,0.0,0.0,0.0,1,0.0,0.0,0,0,0,0,0.0,0,0.0,0.0,1.0,0.0,0.0,0.0,0.0,0,0
37,3,arthur masuaku|sunderland,Arthur Masuaku,Sunderland,FWD,0.0,0.0,0.0,0.0,1,0.0,0.0,0,0,0,0,0.0,0,0.0,0.0,1.0,0.0,0.0,0.0,0.0,0,0
37,3,ashley barnes|burnley,Ashley Barnes,Burnley,FWD,15.0,0.038646,0.0,1.115223,1,0.6484,0.9784566623003801,0,0,1,1,1.2968,2,0.0251,0.0004,0.9749,0.0204,0.0044,0.0002,0.0001,-2,16
37,3,axel disasi|west ham,Axel Disasi,West Ham,DEF,90.0,0.076476,0.000189,2.287635,1,2.3485,2.7808358006182243,0,1,2,6,4.697,12,0.0656,0.0023,0.7527,0.1543,0.0729,0.0177,0.0024,-4,29
37,3,axel tuanzebe|burnley,Axel Tuanzebe,Burnley,DEF,75.0,0.015966,0.0,1.592452,1,1.4614,2.116768773390235,-1,0,2,4,2.9228,8,0.0132,0.0001,0.7913,0.1722,0.0323,0.0038,0.0004,-5,19
37,3,ayden heaven|manchester united,Ayden Heaven,Manchester United,DEF,15.0,0.003239,0.006071,0.981342,1,0.3797,0.6559938338124833,0,0,1,1,0.7594,2,0.0058,0.0,0.9939,0.0045,0.0016,0.0,0.0,-3,9
37,3,bafode diakite|bournemouth,Bafode Diakite,Bournemouth,DEF,0.0,0.0,0.0,0.0,1,0.0,0.0,0,0,0,0,0.0,0,0.0,0.0,1.0,0.0,0.0,0.0,0.0,0,0
37,3,bart verbruggen|brighton,Bart Verbruggen,Brighton,GK,90.0,0.0,0.000895,3.503127,1,3.2177,2.3816185063943385,1,2,6,7,6.4354,14,0.001,0.0,0.5474,0.3046,0.145,0.003,0.0,-3,11
37,3,bashir humphreys|burnley,Bashir Humphreys,Burnley,DEF,15.0,0.001781,0.003507,0.853239,1,-0.0985,0.7743369744497547,-1,0,0,1,-0.197,2,0.0041,0.0,0.9962,0.0031,0.0007,0.0,0.0,-4,9
37,3,ben davies|tottenham,Ben Davies,Tottenham,DEF,0.0,0.0,0.0,0.0,1,0.0,0.0,0,0,0,0,0.0,0,0.0,0.0,1.0,0.0,0.0,0.0,0.0,0,0
37,3,ben doak|bournemouth,Ben Doak,Bournemouth,FWD,0.0,0.0,0.0,0.0,1,0.0,0.0,0,0,0,0,0.0,0,0.0,0.0,1.0,0.0,0.0,0.0,0.0,0,0
37,3,ben white|arsenal,Ben White,Arsenal,DEF,15.0,0.014824,0.058264,1.24092,1,0.7247,1.2863552814055688,0,0,1,1,1.4494,2,0.0505,0.0032,0.9497,0.0354,0.0124,0.0023,0.0002,-3,16
37,3,ben winterburn|bournemouth,Ben Winterburn,Bournemouth,MID,0.0,0.0,0.0,0.0,1,0.0,0.0,0,0,0,0,0.0,0,0.0,0.0,1.0,0.0,0.0,0.0,0.0,0,0
37,3,bendito mantato|manchester united,Bendito Mantato,Manchester United,MID,0.0,0.0,0.0,0.0,1,0.0,0.0,0,0,0,0,0.0,0,0.0,0.0,1.0,0.0,0.0,0.0,0.0,0,0
37,3,benjamin sesko|manchester united,Benjamin Sesko,Manchester United,FWD,60.0,0.360386,0.021796,3.446957,1,2.6809,3.218396369311897,0,0,2,7,5.3618,14,0.2352,0.0458,0.7649,0.087,0.1038,0.0377,0.0066,-1,23
37,3,benoit badiashile mukinayi|chelsea,Benoit Badiashile Mukinayi,Chelsea,DEF,0.0,0.0,0.0,0.0,1,0.0,0.0,0,0,0,0,0.0,0,0.0,0.0,1.0,0.0,0.0,0.0,0.0,0,0
37,3,bernardo silva|manchester city,Bernardo Silva,Manchester City,MID,75.0,0.056176,0.116033,2.627812,1,2.5398,1.994696959440205,1,1,3,5,5.0796,10,0.1491,0.0101,0.6878,0.2512,0.0508,0.0094,0.0008,-2,18
37,3,bernd leno|fulham,Bernd Leno,Fulham,GK,90.0,0.0,0.0,3.711695,1,3.484,2.4593381223410495,1,2,6,7,6.968,14,0.0,0.0,0.5169,0.3226,0.158,0.0025,0.0,-3,11
37,3,bertrand traoré|sunderland,Bertrand Traoré,Sunderland,MID,0.0,0.0,0.0,0.0,1,0.0,0.0,0,0,0,0,0.0,0,0.0,0.0,1.0,0.0,0.0,0.0,0.0,0,0
37,3,beto|everton,Beto,Everton,FWD,60.0,0.369468,0.027081,3.406431,1,2.6177,3.2311215870034973,0,0,2,7,5.2354,14,0.2384,0.0499,0.7603,0.0986,0.094,0.0405,0.0066,-1,25
37,3,borna sosa|crystal palace,Borna Sosa,Crystal Palace,DEF,0.0,0.0,0.0,0.0,1,0.0,0.0,0,0,0,0,0.0,0,0.0,0.0,1.0,0.0,0.0,0.0,0.0,0,0
37,3,boubacar kamara|aston villa,Boubacar Kamara,Aston Villa,MID,0.0,0.0,0.0,0.0,1,0.0,0.0,0,0,0,0,0.0,0,0.0,0.0,1.0,0.0,0.0,0.0,0.0,0,0
37,3,bradley burrowes|aston villa,Bradley Burrowes,Aston Villa,MID,0.0,0.0,0.0,0.0,1,0.0,0.0,0,0,0,0,0.0,0,0.0,0.0,1.0,0.0,0.0,0.0,0.0,0,0
37,3,brajan gruda|brighton,Brajan Gruda,Brighton,MID,0.0,0.0,0.0,0.0,1,0.0,0.0,0,0,0,0,0.0,0,0.0,0.0,1.0,0.0,0.0,0.0,0.0,0,0
37,3,brenden aaronson|leeds,Brenden Aaronson,Leeds,MID,75.0,0.109997,0.115428,3.140309,1,3.0479,2.4326129141316337,1,2,3,7,6.0958,14,0.1875,0.0201,0.6336,0.2545,0.0839,0.0253,0.0027,-2,30
37,3,brennan johnson|crystal palace,Brennan Johnson,Crystal Palace,MID,75.0,0.126703,0.05459,2.812168,1,2.689,2.2554553863909614,1,2,3,6,5.378,12,0.15,0.0119,0.7265,0.1742,0.0817,0.0163,0.0013,-2,24
37,3,brian brobbey|sunderland,Brian Brobbey,Sunderland,FWD,60.0,0.118985,0.034739,2.42684,1,1.7393,2.005127305185384,0,0,2,5,3.4786,10,0.1069,0.0087,0.8931,0.0624,0.037,0.0071,0.0004,-1,17
37,3,bruno fernandes|manchester united,Bruno Fernandes,Manchester United,MID,90.0,0.299254,0.469973,5.351381,1,5.4465,3.9286050641417245,2,2,8,11,10.893,22,0.4948,0.1517,0.31,0.3566,0.1878,0.1127,0.0329,-1,30
37,3,bruno guimarães|newcastle united,Bruno Guimarães,Newcastle United,MID,90.0,0.219842,0.166663,3.961346,1,3.9811,3.078789175958627,2,2,5,8,7.9622,16,0.2871,0.0477,0.4692,0.3295,0.1368,0.0561,0.0084,-1,25
37,3,bryan mbeumo|manchester united,Bryan Mbeumo,Manchester United,MID,80.0,0.272548,0.13803,3.976494,1,3.8948,3.3600495472537304,1,2,6,9,7.7896,18,0.3087,0.057,0.5154,0.2654,0.1525,0.0531,0.0136,-2,26
37,3,bukayo saka|arsenal,Bukayo Saka,Arsenal,MID,90.0,0.526954,0.334301,6.259539,1,6.3916,4.4760975681948665,2,3,9,13,12.7832,26,0.5361,0.1769,0.1733,0.3954,0.2285,0.1433,0.0595,-1,31
37,3,callum hudson-odoi|nottingham forest,Callum Hudson-Odoi,Nottingham Forest,MID,60.0,0.056192,0.120376,2.762486,1,2.001,2.2012721321999242,0,0,2,5,4.002,10,0.1264,0.0115,0.7802,0.163,0.0455,0.0105,0.0008,-1,18
37,3,callum marshall|west ham,Callum Marshall,West Ham,FWD,0.0,0.0,0.0,0.0,1,0.0,0.0,0,0,0,0,0.0,0,0.0,0.0,1.0,0.0,0.0,0.0,0.0,0,0
37,3,callum olusesi|tottenham,Callum Olusesi,Tottenham,DEF,0.0,0.0,0.0,0.0,1,0.0,0.0,0,0,0,0,0.0,0,0.0,0.0,1.0,0.0,0.0,0.0,0.0,0,0
37,3,callum wilson|west ham,Callum Wilson,West Ham,FWD,15.0,0.085766,0.010058,1.358239,1,0.8977,1.575193546837975,0,0,1,1,1.7954,2,0.0705,0.0057,0.9295,0.0522,0.0142,0.0037,0.0004,-2,16
37,3,calvin bassey|fulham,Calvin Bassey,Fulham,DEF,90.0,0.054365,0.00845,3.646163,1,3.7392,2.977748035009007,1,1,6,8,7.4784,16,0.0553,0.0019,0.4992,0.3387,0.1322,0.0243,0.0056,-3,21
37,3,caoimhin kelleher|brentford,Caoimhin Kelleher,Brentford,GK,90.0,0.0,0.005016,3.568966,1,3.3139,2.3856166477454,1,2,6,7,6.6278,14,0.0041,0.0,0.5306,0.3186,0.1473,0.0035,0.0,-3,14
37,3,carlos alcaraz|everton,Carlos Alcaraz,Everton,MID,15.0,0.013158,0.030993,1.09377,1,0.636,1.0117825853413371,0,0,1,1,1.272,2,0.0321,0.0011,0.968,0.0257,0.0057,0.0006,0.0,-2,14
37,3,carlos baleba|brighton,Carlos Baleba,Brighton,MID,60.0,0.021952,0.050995,2.234972,1,1.6463,1.7647652280119304,0,0,2,4,3.2926,8,0.0513,0.0027,0.7775,0.2005,0.0185,0.0034,0.0001,-1,16
37,3,casemiro|manchester united,Casemiro,Manchester United,MID,75.0,0.152961,0.086497,3.528695,1,3.479,2.864848861633018,1,2,5,8,6.958,16,0.1992,0.0235,0.4949,0.3611,0.0966,0.0405,0.0069,-2,22
37,3,chadi riad|crystal palace,Chadi Riad,Crystal Palace,DEF,60.0,0.018622,0.052567,2.246109,1,1.6006,2.3379648500351755,0,0,2,6,3.2012,12,0.0504,0.0015,0.8199,0.1352,0.0378,0.0068,0.0003,-3,17
37,3,charalampos kostoulas|brighton,Charalampos Kostoulas,Brighton,FWD,15.0,0.125757,0.056408,1.612254,1,1.1165,1.9966791805395276,0,0,1,4,2.233,8,0.1215,0.0164,0.8783,0.0905,0.0212,0.0097,0.0003,-2,16
37,3,chemsdine talbi|sunderland,Chemsdine Talbi,Sunderland,MID,75.0,0.089612,0.051632,2.680605,1,2.5735,2.0409306088154984,1,2,3,5,5.147,10,0.1245,0.0071,0.7203,0.1982,0.0691,0.0116,0.0008,-2,21
37,3,chimuanya ugochukwu|burnley,Chimuanya Ugochukwu,Burnley,MID,90.0,0.042149,0.010033,2.399037,1,2.3654,1.4580407538885871,1,2,2,4,4.7308,8,0.0436,0.0012,0.8035,0.1617,0.0302,0.0044,0.0002,-1,16
37,3,chris richards|crystal palace,Chris Richards,Crystal Palace,DEF,90.0,0.073898,0.019274,3.495523,1,3.4793,3.0267427227962407,1,1,5,8,6.9586,16,0.0783,0.0039,0.4862,0.3516,0.1237,0.0316,0.0069,-3,21
37,3,chris rigg|sunderland,Chris Rigg,Sunderland,MID,15.0,0.011106,0.015401,1.080065,1,0.6304,0.9026604234151401,0,0,1,1,1.2608,2,0.0215,0.0004,0.9785,0.0158,0.0055,0.0002,0.0,-2,12
37,3,chris wood|nottingham forest,Chris Wood,Nottingham Forest,FWD,0.0,0.0,0.0,0.0,1,0.0,0.0,0,0,0,0,0.0,0,0.0,0.0,1.0,0.0,0.0,0.0,0.0,0,0
37,3,christantus uche|crystal palace,Christantus Uche,Crystal Palace,MID,0.0,0.0,0.0,0.0,1,0.0,0.0,0,0,0,0,0.0,0,0.0,0.0,1.0,0.0,0.0,0.0,0.0,0,0
37,3,christian nørgaard|arsenal,Christian Nørgaard,Arsenal,MID,0.0,0.0,0.0,0.0,1,0.0,0.0,0,0,0,0,0.0,0,0.0,0.0,1.0,0.0,0.0,0.0,0.0,0,0
37,3,cody gakpo|liverpool,Cody Gakpo,Liverpool,MID,75.0,0.231157,0.12366,3.67118,1,3.6142,3.1334898053129194,1,2,5,8,7.2284,16,0.2769,0.0465,0.5851,0.2183,0.1432,0.0432,0.0102,-2,23
37,3,cole palmer|chelsea,Cole Palmer,Chelsea,MID,90.0,0.394931,0.145048,4.395698,1,4.5375,3.7599459770055206,1,2,7,9,9.075,18,0.3789,0.0844,0.4594,0.2481,0.1938,0.0754,0.0233,-1,29
37,3,conor bradley|liverpool,Conor Bradley,Liverpool,DEF,0.0,0.0,0.0,0.0,1,0.0,0.0,0,0,0,0,0.0,0,0.0,0.0,1.0,0.0,0.0,0.0,0.0,0,0
37,3,conor gallagher|tottenham,Conor Gallagher,Tottenham,MID,60.0,0.043877,0.030062,2.338188,1,1.6873,1.8192082646030385,0,0,2,3,3.3746,6,0.0523,0.0026,0.8378,0.1284,0.0284,0.0051,0.0003,-1,15
37,3,cristhian mosquera|arsenal,Cristhian Mosquera,Arsenal,DEF,75.0,0.020775,0.024888,4.675428,1,4.3963,2.9246617428345454,1,2,6,8,8.7926,16,0.0404,0.0008,0.3769,0.4095,0.1883,0.0222,0.0031,-2,18
37,3,cristian romero|tottenham,Cristian Romero,Tottenham,DEF,0.0,0.0,0.0,0.0,1,0.0,0.0,0,0,0,0,0.0,0,0.0,0.0,1.0,0.0,0.0,0.0,0.0,0,0
37,3,crysencio summerville|west ham,Crysencio Summerville,West Ham,MID,75.0,0.137125,0.138177,3.108399,1,3.0592,2.569648878738105,1,2,3,7,6.1184,14,0.2278,0.0282,0.6602,0.2194,0.089,0.028,0.0034,-2,20
37,3,curtis jones|liverpool,Curtis Jones,Liverpool,MID,15.0,0.014639,0.018146,1.107634,1,0.6451,0.9639221908432235,0,0,1,1,1.2902,2,0.0254,0.0005,0.9746,0.0187,0.0065,0.0002,0.0,-2,11
37,3,daichi kamada|crystal palace,Daichi Kamada,Crystal Palace,MID,15.0,0.010872,0.016354,1.070089,1,0.6133,0.8815685509363409,0,0,1,1,1.2266,2,0.0202,0.0004,0.9798,0.0161,0.0039,0.0002,0.0,-2,14
37,3,dan ballard|sunderland,Dan Ballard,Sunderland,DEF,90.0,0.091513,0.055219,4.196377,1,4.1608,3.251360232272025,1,2,6,9,8.3216,18,0.1236,0.0067,0.3756,0.4049,0.1597,0.0487,0.0111,-3,23
37,3,dan burn|newcastle united,Dan Burn,Newcastle United,DEF,75.0,0.008537,0.019841,2.993875,1,2.7895,2.6559724678542884,0,1,5,7,5.579,14,0.0268,0.0005,0.6051,0.2943,0.091,0.0091,0.0005,-3,16
37,3,dan ndoye|nottingham forest,Dan Ndoye,Nottingham Forest,MID,60.0,0.03052,0.051201,2.434484,1,1.6665,1.6745380706332118,0,0,2,3,3.333,6,0.0531,0.0018,0.8232,0.1541,0.0202,0.0023,0.0002,-1,16
37,3,dan neil|sunderland,Dan Neil,Sunderland,MID,0.0,0.0,0.0,0.0,1,0.0,0.0,0,0,0,0,0.0,0,0.0,0.0,1.0,0.0,0.0,0.0,0.0,0,0
37,3,dane scarlett|tottenham,Dane Scarlett,Tottenham,FWD,0.0,0.0,0.0,0.0,1,0.0,0.0,0,0,0,0,0.0,0,0.0,0.0,1.0,0.0,0.0,0.0,0.0,0,0
37,3,dango ouattara|brentford,Dango Ouattara,Brentford,MID,75.0,0.237798,0.188368,3.888231,1,3.9142,3.359827132457859,1,2,6,8,7.8284,16,0.3275,0.0633,0.5231,0.2684,0.1378,0.0565,0.0142,-2,29
37,3,daniel james|leeds,Daniel James,Leeds,MID,15.0,0.010667,0.011972,1.067585,1,0.6254,0.9126197674826029,0,0,1,1,1.2508,2,0.019,0.0007,0.981,0.0129,0.0057,0.0004,0.0,-2,13
37,3,daniel muñoz|crystal palace,Daniel Muñoz,Crystal Palace,DEF,90.0,0.10284,0.170859,3.26046,1,3.3614,3.370903445665568,0,1,6,8,6.7228,16,0.2218,0.0241,0.5711,0.2658,0.1087,0.0472,0.0072,-4,23
37,3,danny welbeck|brighton,Danny Welbeck,Brighton,FWD,60.0,0.337688,0.049753,3.3262,1,2.5235,3.1230510322439495,0,0,2,7,5.047,14,0.2308,0.0472,0.7691,0.1016,0.0875,0.0361,0.0057,-1,21
37,3,david brooks|bournemouth,David Brooks,Bournemouth,MID,15.0,0.05514,0.03876,1.293645,1,0.8283,1.5882755145125167,0,0,1,1,1.6566,2,0.0655,0.005,0.9347,0.0403,0.0212,0.0035,0.0003,-2,17
37,3,david møller wolfe|wolverhampton wanderers,David Møller Wolfe,Wolverhampton Wanderers,DEF,15.0,0.000953,0.018121,1.010402,1,0.3334,0.7335151259517421,0,0,1,1,0.6668,2,0.0151,0.0001,0.9857,0.0134,0.0009,0.0,0.0,-3,9
37,3,david raya|arsenal,David Raya,Arsenal,GK,90.0,0.0,0.0,4.913091,1,4.8022,2.267658519266073,2,2,6,7,9.6044,14,0.0,0.0,0.3097,0.4693,0.2194,0.0016,0.0,-2,11
37,3,dean henderson|crystal palace,Dean Henderson,Crystal Palace,GK,90.0,0.0,0.000155,3.105746,1,2.8236,2.2910004452203845,1,1,3,7,5.6472,14,0.0003,0.0,0.6051,0.2782,0.1138,0.0029,0.0,-3,11
37,3,declan rice|arsenal,Declan Rice,Arsenal,MID,90.0,0.14726,0.305829,4.801754,1,4.7295,3.0524628990374314,2,3,6,9,9.459,18,0.3217,0.0625,0.2316,0.5456,0.139,0.0735,0.0103,-1,26
37,3,dennis cirkin|sunderland,Dennis Cirkin,Sunderland,DEF,15.0,0.054587,0.0,1.259902,1,0.4978,1.5186820470394717,0,0,1,1,0.9956,2,0.0363,0.0015,0.9638,0.0074,0.0264,0.0016,0.0008,-4,22
37,3,diego coppola|brighton,Diego Coppola,Brighton,DEF,0.0,0.0,0.0,0.0,1,0.0,0.0,0,0,0,0,0.0,0,0.0,0.0,1.0,0.0,0.0,0.0,0.0,0,0
37,3,diego gómez|brighton,Diego Gómez,Brighton,MID,0.0,0.0,0.0,0.0,1,0.0,0.0,0,0,0,0,0.0,0,0.0,0.0,1.0,0.0,0.0,0.0,0.0,0,0
37,3,dilane bakwa|nottingham forest,Dilane Bakwa,Nottingham Forest,MID,0.0,0.0,0.0,0.0,1,0.0,0.0,0,0,0,0,0.0,0,0.0,0.0,1.0,0.0,0.0,0.0,0.0,0,0
37,3,diogo dalot|manchester united,Diogo Dalot,Manchester United,DEF,90.0,0.074033,0.119386,3.815674,1,3.8851,3.184885867656799,1,1,6,8,7.7702,16,0.1512,0.0128,0.5177,0.3164,0.1158,0.0436,0.0065,-3,24
37,3,divine mukasa|manchester city,Divine Mukasa,Manchester City,MID,0.0,0.0,0.0,0.0,1,0.0,0.0,0,0,0,0,0.0,0,0.0,0.0,1.0,0.0,0.0,0.0,0.0,0,0
37,3,djed spence|tottenham,Djed Spence,Tottenham,DEF,75.0,0.021975,0.057713,1.765566,1,1.6063,2.242922270164528,0,0,2,6,3.2126,12,0.071,0.0024,0.8309,0.1277,0.0353,0.0058,0.0003,-4,15
37,3,djiamgone jocelin ta bi|sunderland,Djiamgone Jocelin Ta Bi,Sunderland,FWD,0.0,0.0,0.0,0.0,1,0.0,0.0,0,0,0,0,0.0,0,0.0,0.0,1.0,0.0,0.0,0.0,0.0,0,0
37,3,djordje petrovic|bournemouth,Djordje Petrovic,Bournemouth,GK,90.0,0.0,0.0,2.839148,1,2.5291,2.095460138012651,1,1,3,6,5.0582,12,0.0,0.0,0.6513,0.2637,0.083,0.002,0.0,-3,11
37,3,dominic calvert-lewin|leeds,Dominic Calvert-Lewin,Leeds,FWD,90.0,0.432321,0.044064,3.722284,1,3.9145,3.0808099178625095,2,2,6,8,7.829,16,0.349,0.0673,0.6513,0.1403,0.1455,0.0562,0.0067,-1,21
37,3,dominic solanke|tottenham,Dominic Solanke,Tottenham,FWD,60.0,0.243265,0.018085,2.901385,1,2.2172,2.660455630150595,0,0,2,6,4.4344,12,0.1721,0.0235,0.8241,0.0765,0.0766,0.0208,0.002,-1,21
37,3,dominik szoboszlai|liverpool,Dominik Szoboszlai,Liverpool,MID,90.0,0.192947,0.15355,3.759143,1,3.7676,2.901342833930523,2,2,5,8,7.5352,16,0.2607,0.038,0.5093,0.3108,0.1264,0.0468,0.0067,-1,23
37,3,donyell malen|aston villa,Donyell Malen,Aston Villa,MID,0.0,0.0,0.0,0.0,1,0.0,0.0,0,0,0,0,0.0,0,0.0,0.0,1.0,0.0,0.0,0.0,0.0,0,0
37,3,douglas luiz|aston villa,Douglas Luiz,Aston Villa,MID,90.0,0.091521,0.116277,3.39497,1,3.3699,2.318679363344574,2,2,4,7,6.7398,14,0.17,0.0149,0.519,0.3756,0.0764,0.0272,0.0018,-1,20
37,3,dwight mcneil|everton,Dwight McNeil,Everton,MID,60.0,0.077446,0.122793,2.988418,1,2.1433,2.4046548837619093,0,0,3,5,4.2866,10,0.1314,0.0133,0.6804,0.2493,0.0544,0.0144,0.0015,-1,21
37,3,eberechi eze|arsenal,Eberechi Eze,Arsenal,MID,60.0,0.219455,0.133823,4.069629,1,3.0108,3.435910848668807,0,0,3,8,6.0216,16,0.2162,0.041,0.5116,0.3242,0.1096,0.0434,0.0112,-1,23
37,3,eddie nketiah|crystal palace,Eddie Nketiah,Crystal Palace,FWD,0.0,0.0,0.0,0.0,1,0.0,0.0,0,0,0,0,0.0,0,0.0,0.0,1.0,0.0,0.0,0.0,0.0,0,0
37,3,el hadji malick diouf|west ham,El Hadji Malick Diouf,West Ham,DEF,90.0,0.012927,0.121336,2.459023,1,2.5071,2.5367596634289185,0,1,4,6,5.0142,12,0.1124,0.0059,0.661,0.2606,0.065,0.0127,0.0007,-4,17
37,3,eli junior kroupi|bournemouth,Eli Junior Kroupi,Bournemouth,FWD,60.0,0.236698,0.078217,2.914805,1,2.1829,2.7584502152476853,0,0,2,6,4.3658,12,0.1949,0.0331,0.802,0.1027,0.0683,0.0243,0.0027,-1,20
37,3,eliezer mayenda|sunderland,Eliezer Mayenda,Sunderland,FWD,15.0,0.030598,0.014428,1.134009,1,0.6811,1.0527121116430644,0,0,1,1,1.3622,2,0.0333,0.0012,0.9668,0.0277,0.005,0.0005,0.0,-2,12
37,3,elliot anderson|nottingham forest,Elliot Anderson,Nottingham Forest,MID,90.0,0.065459,0.091445,3.890809,1,3.8162,2.1293702261466887,2,2,4,6,7.6324,12,0.1274,0.0091,0.3162,0.5872,0.0681,0.0273,0.0012,-1,21
37,3,emil krafth|newcastle united,Emil Krafth,Newcastle United,DEF,0.0,0.0,0.0,0.0,1,0.0,0.0,0,0,0,0,0.0,0,0.0,0.0,1.0,0.0,0.0,0.0,0.0,0,0
37,3,emile smith-rowe|fulham,Emile Smith-Rowe,Fulham,MID,75.0,0.1458,0.043858,3.151779,1,3.0562,2.4561029212962553,1,2,3,7,6.1124,14,0.1623,0.0135,0.5999,0.2727,0.1006,0.0234,0.0034,-2,20
37,3,emiliano buendía|aston villa,Emiliano Buendía,Aston Villa,MID,75.0,0.134154,0.087207,2.993315,1,2.9049,2.4959679465089293,1,1,3,7,5.8098,14,0.1803,0.017,0.6537,0.2337,0.0875,0.0229,0.0022,-2,21
37,3,emiliano martinez|aston villa,Emiliano Martinez,Aston Villa,GK,90.0,0.0,0.0,3.001948,1,2.6922,2.28264302071086,1,1,3,7,5.3844,14,0.0,0.0,0.6229,0.2735,0.1015,0.0021,0.0,-4,12
37,3,emmanuel agbadou|wolverhampton wanderers,Emmanuel Agbadou,Wolverhampton Wanderers,DEF,0.0,0.0,0.0,0.0,1,0.0,0.0,0,0,0,0,0.0,0,0.0,0.0,1.0,0.0,0.0,0.0,0.0,0,0
37,3,enes ünal|bournemouth,Enes Ünal,Bournemouth,FWD,0.0,0.0,0.0,0.0,1,0.0,0.0,0,0,0,0,0.0,0,0.0,0.0,1.0,0.0,0.0,0.0,0.0,0,0
37,3,enzo fernández|chelsea,Enzo Fernández,Chelsea,MID,90.0,0.312349,0.283477,4.4625,1,4.5831,3.6659915970989347,1,2,7,10,9.1662,20,0.415,0.1029,0.4278,0.3058,0.1632,0.0828,0.0204,-1,29
37,3,enzo le fée|sunderland,Enzo Le Fée,Sunderland,MID,90.0,0.138922,0.177152,3.568368,1,3.5646,2.6594034744656554,2,2,5,7,7.1292,14,0.2399,0.0284,0.5161,0.346,0.0963,0.0369,0.0047,-1,23
37,3,erling haaland|manchester city,Erling Haaland,Manchester City,FWD,90.0,0.695604,0.109764,4.972587,1,5.2298,3.908118723887492,2,2,7,11,10.4596,22,0.5193,0.1594,0.4807,0.1858,0.1856,0.1197,0.0282,-1,29
37,3,estêvão|chelsea,Estêvão,Chelsea,MID,15.0,0.062861,0.045868,1.430242,1,0.9154,1.6523446492787153,0,0,1,1,1.8308,2,0.0729,0.0058,0.9271,0.0442,0.0248,0.0036,0.0003,-2,19
37,3,ethan ampadu|leeds,Ethan Ampadu,Leeds,MID,90.0,0.051887,0.046178,3.288518,1,3.2327,1.9641666706265026,1,2,4,5,6.4654,10,0.086,0.0036,0.4437,0.4928,0.0479,0.0151,0.0005,-1,17
37,3,ethan nwaneri|arsenal,Ethan Nwaneri,Arsenal,MID,0.0,0.0,0.0,0.0,1,0.0,0.0,0,0,0,0,0.0,0,0.0,0.0,1.0,0.0,0.0,0.0,0.0,0,0
37,3,ethan pinnock|brentford,Ethan Pinnock,Brentford,DEF,0.0,0.0,0.0,0.0,1,0.0,0.0,0,0,0,0,0.0,0,0.0,0.0,1.0,0.0,0.0,0.0,0.0,0,0
37,3,evanilson|bournemouth,Evanilson,Bournemouth,FWD,75.0,0.2584,0.061387,3.142873,1,3.0965,2.5697057710952045,1,2,4,7,6.193,14,0.2526,0.0358,0.7474,0.1283,0.0938,0.0284,0.0021,-2,25
37,3,evann guessand|crystal palace,Evann Guessand,Crystal Palace,MID,15.0,0.025037,0.01587,1.157794,1,0.6961,1.1065915190349147,0,0,1,1,1.3922,2,0.0311,0.0006,0.9689,0.0194,0.0113,0.0004,0.0,-2,14
37,3,ezra mayers|west ham,Ezra Mayers,West Ham,DEF,0.0,0.0,0.0,0.0,1,0.0,0.0,0,0,0,0,0.0,0,0.0,0.0,1.0,0.0,0.0,0.0,0.0,0,0
37,3,ezri konsa ngoyo|aston villa,Ezri Konsa Ngoyo,Aston Villa,DEF,90.0,0.030278,0.013395,2.505005,1,2.5,2.468764873372918,0,1,3,6,5.0,12,0.0378,0.0016,0.7386,0.1885,0.0634,0.0079,0.0016,-3,24
37,3,fabian schär|newcastle united,Fabian Schär,Newcastle United,DEF,0.0,0.0,0.0,0.0,1,0.0,0.0,0,0,0,0,0.0,0,0.0,0.0,1.0,0.0,0.0,0.0,0.0,0,0
37,3,fabio carvalho|brentford,Fabio Carvalho,Brentford,MID,0.0,0.0,0.0,0.0,1,0.0,0.0,0,0,0,0,0.0,0,0.0,0.0,1.0,0.0,0.0,0.0,0.0,0,0
37,3,facundo buonanotte|leeds,Facundo Buonanotte,Leeds,MID,0.0,0.0,0.0,0.0,1,0.0,0.0,0,0,0,0,0.0,0,0.0,0.0,1.0,0.0,0.0,0.0,0.0,0,0
37,3,federico chiesa|liverpool,Federico Chiesa,Liverpool,MID,15.0,0.092312,0.069761,1.632511,1,1.1308,2.085495471105128,0,0,1,4,2.2616,8,0.1101,0.0135,0.89,0.0656,0.0355,0.0078,0.0011,-2,22
37,3,ferdi kadioglu|brighton,Ferdi Kadioglu,Brighton,DEF,90.0,0.065502,0.04189,2.951345,1,3.0419,2.9258408005221335,0,1,6,7,6.0838,14,0.0929,0.0048,0.6554,0.2317,0.0855,0.0243,0.0031,-3,20
37,3,fernando lópez|wolverhampton wanderers,Fernando López,Wolverhampton Wanderers,FWD,0.0,0.0,0.0,0.0,1,0.0,0.0,0,0,0,0,0.0,0,0.0,0.0,1.0,0.0,0.0,0.0,0.0,0,0
37,3,filip jorgensen|chelsea,Filip Jorgensen,Chelsea,GK,0.0,0.0,0.0,0.0,1,0.0,0.0,0,0,0,0,0.0,0,0.0,0.0,1.0,0.0,0.0,0.0,0.0,0,0
37,3,florentino luís|burnley,Florentino Luís,Burnley,MID,60.0,0.012773,0.006689,2.321813,1,1.8025,1.6872147907127888,0,0,2,4,3.605,8,0.014,0.0002,0.7531,0.2364,0.0086,0.0017,0.0002,-1,17
37,3,florian wirtz|liverpool,Florian Wirtz,Liverpool,MID,90.0,0.200922,0.151347,3.668559,1,3.7034,2.8520919410145247,2,2,5,8,7.4068,16,0.2687,0.0378,0.5484,0.2719,0.1321,0.04,0.0076,-1,24
37,3,frank onyeka|brentford,Frank Onyeka,Brentford,MID,0.0,0.0,0.0,0.0,1,0.0,0.0,0,0,0,0,0.0,0,0.0,0.0,1.0,0.0,0.0,0.0,0.0,0,0
37,3,freddie potts|west ham,Freddie Potts,West Ham,MID,75.0,0.008725,0.06095,2.389918,1,2.2809,1.3999982821418033,1,2,2,4,4.5618,8,0.0604,0.0015,0.7554,0.2267,0.016,0.0019,0.0,-2,12
37,3,gabriel gudmundsson|leeds,Gabriel Gudmundsson,Leeds,DEF,90.0,0.015534,0.112464,2.934222,1,3.0026,2.638521032699948,1,1,5,6,6.0052,12,0.1078,0.0066,0.6291,0.2758,0.0763,0.0181,0.0007,-4,21
37,3,gabriel jesus|arsenal,Gabriel Jesus,Arsenal,FWD,15.0,0.205069,0.006992,1.747918,1,1.2338,2.2614016803743646,0,0,1,5,2.4676,10,0.1359,0.02,0.8642,0.0933,0.0287,0.0122,0.0016,-2,19
37,3,gabriel martinelli|arsenal,Gabriel Martinelli,Arsenal,MID,30.0,0.201695,0.075449,2.148167,1,1.3864,2.576488897705558,0,0,1,6,2.7728,12,0.1482,0.0231,0.8518,0.076,0.0535,0.0164,0.0023,-2,21
37,3,gabriel|arsenal,Gabriel,Arsenal,DEF,90.0,0.144775,0.135282,6.195896,1,6.3865,3.6939027802583,2,4,8,12,12.773,24,0.2262,0.0258,0.2029,0.3928,0.2611,0.1097,0.0335,-2,29
37,3,george earthy|west ham,George Earthy,West Ham,MID,0.0,0.0,0.0,0.0,1,0.0,0.0,0,0,0,0,0.0,0,0.0,0.0,1.0,0.0,0.0,0.0,0.0,0,0
37,3,george hemmings|aston villa,George Hemmings,Aston Villa,MID,0.0,0.0,0.0,0.0,1,0.0,0.0,0,0,0,0,0.0,0,0.0,0.0,1.0,0.0,0.0,0.0,0.0,0,0
37,3,georginio rutter|brighton,Georginio Rutter,Brighton,MID,30.0,0.04818,0.056579,1.357305,1,0.8137,1.4634863545656993,0,0,1,1,1.6274,2,0.0651,0.0046,0.9352,0.0467,0.0156,0.0024,0.0001,-2,16
37,3,gianluigi donnarumma|manchester city,Gianluigi Donnarumma,Manchester City,GK,90.0,0.0,0.0,3.172897,1,2.9671,2.393661962349738,1,1,5,7,5.9342,14,0.0,0.0,0.5908,0.2875,0.1203,0.0014,0.0,-3,11
37,3,giorgi mamardashvili|liverpool,Giorgi Mamardashvili,Liverpool,GK,0.0,0.0,0.0,0.0,1,0.0,0.0,0,0,0,0,0.0,0,0.0,0.0,1.0,0.0,0.0,0.0,0.0,0,0
37,3,granit xhaka|sunderland,Granit Xhaka,Sunderland,MID,90.0,0.022166,0.13,3.295795,1,3.1979,1.858853299752296,2,2,4,5,6.3958,10,0.1213,0.0084,0.4922,0.4457,0.0529,0.0088,0.0004,-1,18
37,3,guglielmo vicario|tottenham,Guglielmo Vicario,Tottenham,GK,90.0,0.0,0.001291,2.510142,1,2.2106,2.0062521376935654,0,1,3,6,4.4212,12,0.0014,0.0,0.72,0.2134,0.0654,0.0012,0.0,-4,12
37,3,guido rodríguez|west ham,Guido Rodríguez,West Ham,MID,0.0,0.0,0.0,0.0,1,0.0,0.0,0,0,0,0,0.0,0,0.0,0.0,1.0,0.0,0.0,0.0,0.0,0,0
37,3,habib diarra|sunderland,Habib Diarra,Sunderland,MID,75.0,0.119639,0.015436,2.551986,1,2.4905,2.223220580599235,1,1,2,6,4.981,12,0.1188,0.0091,0.7512,0.1541,0.0793,0.0137,0.0017,-2,20
37,3,hamed junior traore|bournemouth,Hamed Junior Traore,Bournemouth,MID,0.0,0.0,0.0,0.0,1,0.0,0.0,0,0,0,0,0.0,0,0.0,0.0,1.0,0.0,0.0,0.0,0.0,0,0
37,3,hannibal mejbri|burnley,Hannibal Mejbri,Burnley,MID,60.0,0.010155,0.049481,1.915107,1,1.3572,1.4338089691447742,0,0,2,3,2.7144,6,0.0455,0.0016,0.8951,0.0937,0.0105,0.0006,0.0001,-1,15
37,3,harrison armstrong|everton,Harrison Armstrong,Everton,MID,15.0,0.012952,0.004465,1.063157,1,0.6136,0.8509377415533994,0,0,1,1,1.2272,2,0.0138,0.0002,0.9862,0.0076,0.0061,0.0001,0.0,-2,10
37,3,harrison reed|fulham,Harrison Reed,Fulham,MID,15.0,0.13482,0.153081,2.106678,1,1.5005,2.6566519813479523,0,0,1,6,3.001,12,0.1721,0.0344,0.8284,0.1013,0.0478,0.0184,0.0041,-2,22
37,3,harry howell|brighton,Harry Howell,Brighton,MID,0.0,0.0,0.0,0.0,1,0.0,0.0,0,0,0,0,0.0,0,0.0,0.0,1.0,0.0,0.0,0.0,0.0,0,0
37,3,harry maguire|manchester united,Harry Maguire,Manchester United,DEF,90.0,0.059963,0.042876,3.736537,1,3.8128,3.075053846683014,1,1,6,8,7.6256,16,0.0867,0.0042,0.5123,0.3224,0.1269,0.033,0.0054,-3,22
37,3,harry wilson|fulham,Harry Wilson,Fulham,MID,90.0,0.203148,0.13725,3.554091,1,3.5975,2.793437622357084,2,2,5,8,7.195,16,0.2595,0.0342,0.5325,0.2923,0.1334,0.0368,0.005,-1,21
37,3,harvey barnes|newcastle united,Harvey Barnes,Newcastle United,MID,60.0,0.259522,0.111108,3.90113,1,2.9479,3.518520369416667,0,0,3,8,5.8958,16,0.227,0.0451,0.6394,0.1775,0.1289,0.0411,0.0131,-1,26
37,3,harvey elliott|aston villa,Harvey Elliott,Aston Villa,MID,0.0,0.0,0.0,0.0,1,0.0,0.0,0,0,0,0,0.0,0,0.0,0.0,1.0,0.0,0.0,0.0,0.0,0,0
37,3,hee-chan hwang|wolverhampton wanderers,Hee-Chan Hwang,Wolverhampton Wanderers,MID,30.0,0.144602,0.02904,1.712932,1,1.1111,2.1375118221895284,0,0,1,4,2.2222,8,0.1004,0.0107,0.8996,0.049,0.0419,0.0086,0.0009,-2,22
37,3,hjalmar ekdal|burnley,Hjalmar Ekdal,Burnley,DEF,15.0,0.002102,0.001268,0.931792,1,-0.0333,0.7058265438477077,-1,0,0,1,-0.0666,2,0.0026,0.0,0.9975,0.0014,0.0011,0.0,0.0,-5,9
37,3,hugo bueno|wolverhampton wanderers,Hugo Bueno,Wolverhampton Wanderers,DEF,90.0,0.028786,0.144276,3.231522,1,3.2802,2.86340495913519,1,1,6,7,6.5604,14,0.1414,0.0109,0.5912,0.283,0.0955,0.0287,0.0016,-5,19
37,3,hugo ekitike|liverpool,Hugo Ekitike,Liverpool,FWD,0.0,0.0,0.0,0.0,1,0.0,0.0,0,0,0,0,0.0,0,0.0,0.0,1.0,0.0,0.0,0.0,0.0,0,0
37,3,hákon valdimarsson|brentford,Hákon Valdimarsson,Brentford,GK,0.0,0.0,0.0,0.0,1,0.0,0.0,0,0,0,0,0.0,0,0.0,0.0,1.0,0.0,0.0,0.0,0.0,0,0
37,3,ian maatsen|aston villa,Ian Maatsen,Aston Villa,DEF,60.0,0.048018,0.092312,2.662552,1,1.9688,2.8121213629571535,0,0,2,6,3.9376,12,0.0972,0.0074,0.7683,0.1534,0.0567,0.0192,0.0024,-3,19
37,3,ibrahim sangare|nottingham forest,Ibrahim Sangare,Nottingham Forest,MID,75.0,0.031021,0.047975,2.486257,1,2.4268,1.6856576639401015,1,1,3,4,4.8536,8,0.0695,0.0023,0.6824,0.2824,0.0299,0.0047,0.0006,-2,17
37,3,ibrahima konaté|liverpool,Ibrahima Konaté,Liverpool,DEF,90.0,0.045242,0.018245,3.364311,1,3.3796,2.8592488244292413,1,1,6,8,6.7592,16,0.0541,0.0015,0.5171,0.3399,0.1181,0.0203,0.0046,-3,18
37,3,idrissa gueye|everton,Idrissa Gueye,Everton,MID,90.0,0.096432,0.084219,3.33898,1,3.2972,2.2250555408798225,2,2,4,6,6.5944,12,0.1453,0.0132,0.4789,0.4234,0.071,0.025,0.0017,-1,25
37,3,igor jesus|nottingham forest,Igor Jesus,Nottingham Forest,FWD,75.0,0.11896,0.065247,2.572138,1,2.5127,1.9383082082063214,1,2,2,6,5.0254,12,0.1627,0.0135,0.8376,0.0999,0.0528,0.0092,0.0005,-2,16
37,3,igor julio|west ham,Igor Julio,West Ham,DEF,0.0,0.0,0.0,0.0,1,0.0,0.0,0,0,0,0,0.0,0,0.0,0.0,1.0,0.0,0.0,0.0,0.0,0,0
37,3,ilia gruev|leeds,Ilia Gruev,Leeds,MID,60.0,0.01962,0.043791,2.25294,1,1.5594,1.5710097517202113,0,0,2,3,3.1188,6,0.0453,0.0014,0.8235,0.1598,0.0147,0.002,0.0,-1,14
37,3,iliman ndiaye|everton,Iliman Ndiaye,Everton,MID,90.0,0.209898,0.135096,4.156466,1,4.1341,2.975586864804992,2,2,5,9,8.2682,18,0.2564,0.0391,0.3932,0.4107,0.1283,0.0583,0.0095,-1,24
37,3,ismaila sarr|crystal palace,Ismaila Sarr,Crystal Palace,MID,30.0,0.178987,0.026672,1.915191,1,1.2806,2.3828687836303537,0,0,1,6,2.5612,12,0.1231,0.0144,0.8769,0.0583,0.0514,0.0122,0.0012,-2,19
37,3,issa diop|fulham,Issa Diop,Fulham,DEF,15.0,0.001008,0.000236,0.927371,1,0.3248,0.572280490668693,0,0,1,1,0.6496,2,0.0007,0.0,0.9992,0.0003,0.0005,0.0,0.0,-3,9
37,3,iyenoma destiny udogie|tottenham,Iyenoma Destiny Udogie,Tottenham,DEF,30.0,0.004325,0.024113,0.847426,1,0.1181,0.8361533292405168,-1,0,0,1,0.2362,2,0.0172,0.0004,0.9846,0.0134,0.0019,0.0001,0.0,-5,11
37,3,jack fletcher|manchester united,Jack Fletcher,Manchester United,MID,0.0,0.0,0.0,0.0,1,0.0,0.0,0,0,0,0,0.0,0,0.0,0.0,1.0,0.0,0.0,0.0,0.0,0,0
37,3,jack grealish|everton,Jack Grealish,Everton,MID,0.0,0.0,0.0,0.0,1,0.0,0.0,0,0,0,0,0.0,0,0.0,0.0,1.0,0.0,0.0,0.0,0.0,0,0
37,3,jack harrison|leeds,Jack Harrison,Leeds,MID,0.0,0.0,0.0,0.0,1,0.0,0.0,0,0,0,0,0.0,0,0.0,0.0,1.0,0.0,0.0,0.0,0.0,0,0
37,3,jack hinshelwood|brighton,Jack Hinshelwood,Brighton,MID,80.0,0.215877,0.106187,3.676519,1,3.5516,2.99411713865707,1,2,5,8,7.1032,16,0.2452,0.0355,0.5665,0.2525,0.1332,0.0389,0.0089,-2,23
37,3,jackson tchatchoua|wolverhampton wanderers,Jackson Tchatchoua,Wolverhampton Wanderers,DEF,0.0,0.0,0.0,0.0,1,0.0,0.0,0,0,0,0,0.0,0,0.0,0.0,1.0,0.0,0.0,0.0,0.0,0,0
37,3,jacob bruun larsen|burnley,Jacob Bruun Larsen,Burnley,FWD,30.0,0.075821,0.014944,1.329901,1,0.8174,1.3553070648380756,0,0,1,1,1.6348,2,0.0549,0.0033,0.9452,0.0424,0.0101,0.0023,0.0,-2,12
37,3,jacob murphy|newcastle united,Jacob Murphy,Newcastle United,MID,30.0,0.075125,0.119045,1.692758,1,1.0968,1.9540802849422538,0,0,1,4,2.1936,8,0.1116,0.0154,0.8885,0.0735,0.0294,0.008,0.0006,-2,19
37,3,jacob ramsey|newcastle united,Jacob Ramsey,Newcastle United,MID,60.0,0.068295,0.055554,2.516046,1,1.828,2.113484326887711,0,0,2,4,3.656,8,0.087,0.0064,0.7651,0.1825,0.0427,0.0092,0.0005,-1,21
37,3,jadon sancho|aston villa,Jadon Sancho,Aston Villa,MID,0.0,0.0,0.0,0.0,1,0.0,0.0,0,0,0,0,0.0,0,0.0,0.0,1.0,0.0,0.0,0.0,0.0,0,0
37,3,jaidon anthony|burnley,Jaidon Anthony,Burnley,MID,90.0,0.06498,0.059505,2.544223,1,2.5376,1.793707400887893,1,2,2,5,5.0752,10,0.1003,0.0053,0.7844,0.1572,0.0486,0.0089,0.0009,-1,16
37,3,jair|nottingham forest,Jair,Nottingham Forest,DEF,0.0,0.0,0.0,0.0,1,0.0,0.0,0,0,0,0,0.0,0,0.0,0.0,1.0,0.0,0.0,0.0,0.0,0,0
37,3,jaka bijol|leeds,Jaka Bijol,Leeds,DEF,15.0,0.004871,0.006691,0.961287,1,0.2961,0.7711191801531071,0,0,1,1,0.5922,2,0.0094,0.0001,0.9905,0.0059,0.0034,0.0002,0.0,-4,11
37,3,jake o'brien|everton,Jake O'Brien,Everton,DEF,90.0,0.018578,0.027189,3.625293,1,3.7328,2.7103512982637508,1,2,6,7,7.4656,14,0.0412,0.0016,0.5284,0.3339,0.12,0.0159,0.0018,-3,21
37,3,jamaal lascelles|newcastle united,Jamaal Lascelles,Newcastle United,DEF,0.0,0.0,0.0,0.0,1,0.0,0.0,0,0,0,0,0.0,0,0.0,0.0,1.0,0.0,0.0,0.0,0.0,0,0
37,3,jamaldeen jimoh|aston villa,Jamaldeen Jimoh,Aston Villa,MID,0.0,0.0,0.0,0.0,1,0.0,0.0,0,0,0,0,0.0,0,0.0,0.0,1.0,0.0,0.0,0.0,0.0,0,0
37,3,james garner|everton,James Garner,Everton,MID,90.0,0.046536,0.1532,3.852836,1,3.7761,2.196535633674082,2,2,5,7,7.5522,14,0.1633,0.0139,0.3412,0.5576,0.0752,0.0247,0.0013,-1,17
37,3,james hill|bournemouth,James Hill,Bournemouth,DEF,90.0,0.043603,0.051833,3.289589,1,3.2616,2.7637231120356467,1,1,4,8,6.5232,16,0.082,0.0038,0.4714,0.3916,0.1081,0.0265,0.0024,-4,20
37,3,james justin|leeds,James Justin,Leeds,DEF,75.0,0.055227,0.067722,2.99088,1,2.8224,2.9697572695424115,0,1,5,7,5.6448,14,0.1017,0.0061,0.6384,0.2451,0.0895,0.0236,0.0034,-5,22
37,3,james mcatee|nottingham forest,James McAtee,Nottingham Forest,MID,0.0,0.0,0.0,0.0,1,0.0,0.0,0,0,0,0,0.0,0,0.0,0.0,1.0,0.0,0.0,0.0,0.0,0,0
37,3,james milner|brighton,James Milner,Brighton,MID,15.0,0.003809,0.010588,0.990806,1,0.5452,0.6824638891545838,0,0,1,1,1.0904,2,0.0095,0.0003,0.9906,0.008,0.0013,0.0001,0.0,-2,12
37,3,james rowswell|tottenham,James Rowswell,Tottenham,MID,0.0,0.0,0.0,0.0,1,0.0,0.0,0,0,0,0,0.0,0,0.0,0.0,1.0,0.0,0.0,0.0,0.0,0,0
37,3,james tarkowski|everton,James Tarkowski,Everton,DEF,90.0,0.061606,0.054101,4.70303,1,4.7198,3.1761750518508896,1,2,7,9,9.4396,18,0.0977,0.0052,0.3207,0.3987,0.2239,0.0484,0.0083,-3,23
37,3,james trafford|manchester city,James Trafford,Manchester City,GK,0.0,0.0,0.0,0.0,1,0.0,0.0,0,0,0,0,0.0,0,0.0,0.0,1.0,0.0,0.0,0.0,0.0,0,0
37,3,james ward-prowse|burnley,James Ward-Prowse,Burnley,MID,30.0,0.00243,0.04546,1.118531,1,0.6408,0.8727974335434311,0,0,1,1,1.2816,2,0.0306,0.0006,0.9694,0.0292,0.0013,0.0001,0.0,-2,13
37,3,jamie bynoe-gittens|chelsea,Jamie Bynoe-Gittens,Chelsea,MID,0.0,0.0,0.0,0.0,1,0.0,0.0,0,0,0,0,0.0,0,0.0,0.0,1.0,0.0,0.0,0.0,0.0,0,0
37,3,jan paul van hecke|brighton,Jan Paul van Hecke,Brighton,DEF,90.0,0.076887,0.037652,3.525049,1,3.5209,3.1012841195221057,1,1,6,8,7.0418,16,0.0938,0.0052,0.5276,0.31,0.1249,0.0314,0.0061,-4,23
37,3,jarrad branthwaite|everton,Jarrad Branthwaite,Everton,DEF,90.0,0.041512,0.018337,3.935033,1,3.9923,2.9745992520001745,1,2,6,8,7.9846,16,0.0506,0.0018,0.4642,0.3541,0.1515,0.0261,0.0041,-2,26
37,3,jarrod bowen|west ham,Jarrod Bowen,West Ham,FWD,90.0,0.251221,0.197304,3.469058,1,3.6231,2.8052533557595116,2,2,5,8,7.2462,16,0.3325,0.0631,0.6451,0.1991,0.1101,0.0409,0.0048,-1,22
37,3,jaydee canvot|crystal palace,Jaydee Canvot,Crystal Palace,DEF,15.0,0.016501,0.001979,1.031354,1,0.3025,0.9818318338697315,0,0,1,1,0.605,2,0.0131,0.0002,0.9849,0.0066,0.008,0.0004,0.0001,-4,15
37,3,jayden bogle|leeds,Jayden Bogle,Leeds,DEF,75.0,0.030984,0.087478,2.806242,1,2.6097,2.720251074809088,0,1,5,6,5.2194,12,0.1013,0.0062,0.7007,0.2114,0.0699,0.0168,0.0012,-4,19
37,3,jaydon banel|burnley,Jaydon Banel,Burnley,FWD,0.0,0.0,0.0,0.0,1,0.0,0.0,0,0,0,0,0.0,0,0.0,0.0,1.0,0.0,0.0,0.0,0.0,0,0
37,3,jean-clair todibo|west ham,Jean-Clair Todibo,West Ham,DEF,15.0,0.002617,0.002874,0.940069,1,0.146,0.6615769040708721,0,0,0,1,0.292,2,0.004,0.0,0.9961,0.0029,0.001,0.0,0.0,-4,9
37,3,jean-philippe mateta|crystal palace,Jean-Philippe Mateta,Crystal Palace,FWD,30.0,0.177314,0.011655,1.69089,1,1.0847,1.9684323483422033,0,0,1,5,2.1694,10,0.1066,0.0113,0.894,0.0756,0.0214,0.0082,0.0008,-2,20
37,3,jean-ricner bellegarde|wolverhampton wanderers,Jean-Ricner Bellegarde,Wolverhampton Wanderers,MID,60.0,0.031053,0.059208,2.330358,1,1.5886,1.7159691255963787,0,0,2,3,3.1772,6,0.0617,0.003,0.8187,0.1567,0.0209,0.0036,0.0001,-1,15
37,3,jefferson lerma|crystal palace,Jefferson Lerma,Crystal Palace,MID,0.0,0.0,0.0,0.0,1,0.0,0.0,0,0,0,0,0.0,0,0.0,0.0,1.0,0.0,0.0,0.0,0.0,0,0
37,3,jenson seelt|sunderland,Jenson Seelt,Sunderland,DEF,0.0,0.0,0.0,0.0,1,0.0,0.0,0,0,0,0,0.0,0,0.0,0.0,1.0,0.0,0.0,0.0,0.0,0,0
37,3,jeremie frimpong|liverpool,Jeremie Frimpong,Liverpool,DEF,60.0,0.025924,0.119524,2.948721,1,2.0934,2.7483952481402674,0,0,2,6,4.1868,12,0.0976,0.0082,0.7605,0.1674,0.0531,0.0171,0.0019,-3,21
37,3,jhon arias|wolverhampton wanderers,Jhon Arias,Wolverhampton Wanderers,MID,0.0,0.0,0.0,0.0,1,0.0,0.0,0,0,0,0,0.0,0,0.0,0.0,1.0,0.0,0.0,0.0,0.0,0,0
37,3,joachim andersen|fulham,Joachim Andersen,Fulham,DEF,90.0,0.04257,0.024425,4.228278,1,4.2653,2.9700026784499705,1,2,6,8,8.5306,16,0.0541,0.0022,0.3655,0.4079,0.193,0.0281,0.0055,-3,24
37,3,joe knight|brighton,Joe Knight,Brighton,MID,0.0,0.0,0.0,0.0,1,0.0,0.0,0,0,0,0,0.0,0,0.0,0.0,1.0,0.0,0.0,0.0,0.0,0,0
37,3,joe rodon|leeds,Joe Rodon,Leeds,DEF,90.0,0.033642,0.022929,3.299687,1,3.2925,2.749535187990872,1,1,6,7,6.585,14,0.0479,0.0014,0.5553,0.3139,0.1093,0.0188,0.0027,-4,22
37,3,joe willock|newcastle united,Joe Willock,Newcastle United,MID,30.0,0.044392,0.063491,1.292539,1,0.783,1.4625699983248666,0,0,1,1,1.566,2,0.066,0.005,0.9335,0.0483,0.0158,0.0023,0.0001,-2,18
37,3,joe worrall|burnley,Joe Worrall,Burnley,DEF,15.0,0.000984,0.0,0.911353,1,-0.0514,0.6963892876832612,-1,0,0,1,-0.1028,2,0.0007,0.0,0.9977,0.002,0.0003,0.0,0.0,-5,9
37,3,joelinton|newcastle united,Joelinton,Newcastle United,MID,60.0,0.075125,0.079363,2.657117,1,2.0069,2.314919521279304,0,0,3,5,4.0138,10,0.1056,0.008,0.7139,0.2256,0.0471,0.0128,0.0006,-1,17
37,3,john mcginn|aston villa,John McGinn,Aston Villa,MID,60.0,0.05979,0.115611,2.677289,1,1.9468,2.233018083222794,0,0,2,5,3.8936,10,0.124,0.0138,0.7799,0.1611,0.0464,0.0119,0.0007,-1,19
37,3,john stones|manchester city,John Stones,Manchester City,DEF,0.0,0.0,0.0,0.0,1,0.0,0.0,0,0,0,0,0.0,0,0.0,0.0,1.0,0.0,0.0,0.0,0.0,0,0
37,3,john victor|nottingham forest,John Victor,Nottingham Forest,GK,0.0,0.0,0.0,0.0,1,0.0,0.0,0,0,0,0,0.0,0,0.0,0.0,1.0,0.0,0.0,0.0,0.0,0,0
37,3,jonah kusi-asare|fulham,Jonah Kusi-Asare,Fulham,FWD,0.0,0.0,0.0,0.0,1,0.0,0.0,0,0,0,0,0.0,0,0.0,0.0,1.0,0.0,0.0,0.0,0.0,0,0
37,3,jordan henderson|brentford,Jordan Henderson,Brentford,MID,60.0,0.012903,0.080404,2.34336,1,1.6417,1.6808096590631552,0,0,2,3,3.2834,6,0.0662,0.0026,0.7865,0.1957,0.0156,0.002,0.0002,-1,18
37,3,jordan pickford|everton,Jordan Pickford,Everton,GK,90.0,0.0,0.000943,4.083999,1,3.8437,2.514810193632911,1,2,6,7,7.6874,14,0.0004,0.0,0.4402,0.3518,0.2034,0.0046,0.0,-4,12
37,3,jorge cuenca|fulham,Jorge Cuenca,Fulham,DEF,0.0,0.0,0.0,0.0,1,0.0,0.0,0,0,0,0,0.0,0,0.0,0.0,1.0,0.0,0.0,0.0,0.0,0,0
37,3,jorrel hato|chelsea,Jorrel Hato,Chelsea,DEF,15.0,0.00798,0.015175,0.985684,1,0.4034,0.9225337067012782,0,0,1,1,0.8068,2,0.02,0.0006,0.9803,0.0143,0.0049,0.0005,0.0,-5,12
37,3,joseph gomez|liverpool,Joseph Gomez,Liverpool,DEF,90.0,0.023444,0.135255,3.020011,1,3.1006,2.8240537601115174,0,1,5,7,6.2012,14,0.129,0.0085,0.5816,0.2991,0.0965,0.0214,0.0014,-4,20
37,3,josh acheampong|chelsea,Josh Acheampong,Chelsea,DEF,15.0,0.012749,0.006133,1.037169,1,0.4288,0.909247249102245,0,0,1,1,0.8576,2,0.0134,0.0004,0.9869,0.0054,0.0068,0.0009,0.0,-3,13
37,3,josh cullen|burnley,Josh Cullen,Burnley,MID,0.0,0.0,0.0,0.0,1,0.0,0.0,0,0,0,0,0.0,0,0.0,0.0,1.0,0.0,0.0,0.0,0.0,0,0
37,3,josh laurent|burnley,Josh Laurent,Burnley,MID,15.0,0.002529,0.003141,0.962068,1,0.5291,0.5925818002605211,0,0,1,1,1.0582,2,0.0038,0.0002,0.9961,0.0031,0.0007,0.0001,0.0,-2,10
37,3,joshua king|fulham,Joshua King,Fulham,MID,0.0,0.0,0.0,0.0,1,0.0,0.0,0,0,0,0,0.0,0,0.0,0.0,1.0,0.0,0.0,0.0,0.0,0,0
37,3,joshua zirkzee|manchester united,Joshua Zirkzee,Manchester United,FWD,15.0,0.105642,0.029766,1.451867,1,0.9283,1.680285425158476,0,0,1,1,1.8566,2,0.0875,0.0083,0.9127,0.0684,0.0134,0.0052,0.0003,-2,15
37,3,josko gvardiol|manchester city,Josko Gvardiol,Manchester City,DEF,0.0,0.0,0.0,0.0,1,0.0,0.0,0,0,0,0,0.0,0,0.0,0.0,1.0,0.0,0.0,0.0,0.0,0,0
37,3,josé sá|wolverhampton wanderers,José Sá,Wolverhampton Wanderers,GK,90.0,0.0,0.0,3.347894,1,3.0769,2.3370037205789806,1,1,5,7,6.1538,14,0.0,0.0,0.5836,0.2825,0.132,0.0019,0.0,-4,11
37,3,jota silva|nottingham forest,Jota Silva,Nottingham Forest,MID,0.0,0.0,0.0,0.0,1,0.0,0.0,0,0,0,0,0.0,0,0.0,0.0,1.0,0.0,0.0,0.0,0.0,0,0
37,3,joão gomes|wolverhampton wanderers,João Gomes,Wolverhampton Wanderers,MID,90.0,0.036481,0.065581,3.336509,1,3.2474,1.888701469264002,1,2,4,5,6.4948,10,0.0869,0.004,0.429,0.5166,0.0408,0.0127,0.0009,-1,18
37,3,joão palhinha|tottenham,João Palhinha,Tottenham,MID,75.0,0.104924,0.021851,2.967913,1,2.9066,2.3522067171063004,1,1,4,6,5.8132,12,0.1105,0.0072,0.6032,0.3063,0.0649,0.0229,0.0027,-2,18
37,3,joão pedro|chelsea,João Pedro,Chelsea,FWD,90.0,0.657559,0.138866,4.794303,1,4.9884,3.9304535921442962,2,2,7,11,9.9768,22,0.5049,0.1561,0.4942,0.1977,0.1705,0.1095,0.0281,-1,30
37,3,joél drakes-thomas|crystal palace,Joél Drakes-Thomas,Crystal Palace,FWD,0.0,0.0,0.0,0.0,1,0.0,0.0,0,0,0,0,0.0,0,0.0,0.0,1.0,0.0,0.0,0.0,0.0,0,0
37,3,joël piroe|leeds,Joël Piroe,Leeds,FWD,15.0,0.076111,0.020753,1.345036,1,0.8668,1.5202163530234767,0,0,1,1,1.7336,2,0.0668,0.0059,0.9333,0.0506,0.0124,0.0035,0.0002,-2,16
37,3,joël veltman|brighton,Joël Veltman,Brighton,DEF,90.0,0.073965,0.022732,3.391268,1,3.4027,3.0972782745500926,0,1,6,8,6.8054,16,0.0814,0.0037,0.5137,0.3263,0.1241,0.0299,0.006,-3,23
37,3,julio soler|bournemouth,Julio Soler,Bournemouth,DEF,0.0,0.0,0.0,0.0,1,0.0,0.0,0,0,0,0,0.0,0,0.0,0.0,1.0,0.0,0.0,0.0,0.0,0,0
37,3,jun'ai byfield|tottenham,Jun'ai Byfield,Tottenham,DEF,0.0,0.0,0.0,0.0,1,0.0,0.0,0,0,0,0,0.0,0,0.0,0.0,1.0,0.0,0.0,0.0,0.0,0,0
37,3,jurriën timber|arsenal,Jurriën Timber,Arsenal,DEF,0.0,0.0,0.0,0.0,1,0.0,0.0,0,0,0,0,0.0,0,0.0,0.0,1.0,0.0,0.0,0.0,0.0,0,0
37,3,justin devenny|crystal palace,Justin Devenny,Crystal Palace,MID,0.0,0.0,0.0,0.0,1,0.0,0.0,0,0,0,0,0.0,0,0.0,0.0,1.0,0.0,0.0,0.0,0.0,0,0
37,3,justin kluivert|bournemouth,Justin Kluivert,Bournemouth,MID,0.0,0.0,0.0,0.0,1,0.0,0.0,0,0,0,0,0.0,0,0.0,0.0,1.0,0.0,0.0,0.0,0.0,0,0
37,3,jéremy doku|manchester city,Jéremy Doku,Manchester City,MID,60.0,0.100236,0.180881,3.245012,1,2.3657,2.7062083271618245,0,0,3,6,4.7314,12,0.1782,0.0275,0.6993,0.2083,0.0671,0.0223,0.003,-1,21
37,3,jørgen strand larsen|crystal palace,Jørgen Strand Larsen,Crystal Palace,FWD,75.0,0.198914,0.024041,2.715959,1,2.662,2.2214310702787965,1,2,2,6,5.324,12,0.1831,0.0178,0.8169,0.0935,0.0736,0.0149,0.0011,-2,17
37,3,kaden rodney|crystal palace,Kaden Rodney,Crystal Palace,MID,0.0,0.0,0.0,0.0,1,0.0,0.0,0,0,0,0,0.0,0,0.0,0.0,1.0,0.0,0.0,0.0,0.0,0,0
37,3,kai havertz|arsenal,Kai Havertz,Arsenal,FWD,0.0,0.0,0.0,0.0,1,0.0,0.0,0,0,0,0,0.0,0,0.0,0.0,1.0,0.0,0.0,0.0,0.0,0,0
37,3,kaoru mitoma|brighton,Kaoru Mitoma,Brighton,MID,75.0,0.168103,0.16251,3.408726,1,3.366,2.871627413157912,1,2,5,8,6.732,16,0.266,0.0442,0.5939,0.2502,0.1145,0.0353,0.0061,-2,23
37,3,karl darlow|leeds,Karl Darlow,Leeds,GK,90.0,0.0,0.000315,3.415506,1,3.12,2.3287765028014173,1,1,5,7,6.24,14,0.0005,0.0,0.5622,0.3013,0.1335,0.003,0.0,-3,11
37,3,keane lewis-potter|brentford,Keane Lewis-Potter,Brentford,DEF,15.0,0.02228,0.022306,1.160964,1,0.4754,1.1106731472399969,0,0,1,1,0.9508,2,0.0322,0.0008,0.9685,0.0196,0.0114,0.0005,0.0,-3,13
37,3,kenny tete|fulham,Kenny Tete,Fulham,DEF,75.0,0.033485,0.043244,3.507028,1,3.3381,2.9204431838335774,1,1,6,7,6.6762,14,0.0734,0.0025,0.5749,0.2908,0.1079,0.0227,0.0037,-3,23
37,3,kevin danso|tottenham,Kevin Danso,Tottenham,DEF,90.0,0.015395,0.003804,2.745166,1,2.7896,2.345406540453062,0,1,4,6,5.5792,12,0.0187,0.0003,0.5046,0.3968,0.0894,0.0079,0.0013,-4,18
37,3,kevin schade|brentford,Kevin Schade,Brentford,MID,75.0,0.279456,0.099369,3.691622,1,3.6733,3.3247506838859366,1,2,6,8,7.3466,16,0.2956,0.049,0.5764,0.2088,0.1546,0.0487,0.0115,-2,25
37,3,kevin|fulham,Kevin,Fulham,MID,60.0,0.093913,0.054429,2.873658,1,2.0963,2.365380795981907,0,0,3,5,4.1926,10,0.1059,0.0086,0.7091,0.2171,0.0582,0.0141,0.0015,-1,22
37,3,ki-jana hoever|wolverhampton wanderers,Ki-Jana Hoever,Wolverhampton Wanderers,DEF,15.0,0.0,0.012705,0.988437,1,0.3168,0.6723375342787282,0,0,1,1,0.6336,2,0.0114,0.0003,0.9887,0.011,0.0003,0.0,0.0,-3,8
37,3,kieran trippier|newcastle united,Kieran Trippier,Newcastle United,DEF,0.0,0.0,0.0,0.0,1,0.0,0.0,0,0,0,0,0.0,0,0.0,0.0,1.0,0.0,0.0,0.0,0.0,0,0
37,3,kiernan dewsbury-hall|everton,Kiernan Dewsbury-Hall,Everton,MID,90.0,0.161341,0.227351,3.629117,1,3.6774,2.856383944780533,1,2,5,8,7.3548,16,0.2859,0.0459,0.494,0.3431,0.1137,0.0429,0.0063,-1,23
37,3,kobbie mainoo|manchester united,Kobbie Mainoo,Manchester United,MID,90.0,0.014583,0.073043,2.943622,1,2.8781,1.5105761781518996,2,2,3,5,5.7562,10,0.0751,0.0027,0.5211,0.4479,0.0258,0.0051,0.0001,-1,16
37,3,konstantinos mavropanos|west ham,Konstantinos Mavropanos,West Ham,DEF,90.0,0.081376,0.009213,3.327857,1,3.2836,2.9397909857675257,1,1,4,8,6.5672,16,0.0742,0.002,0.4894,0.3615,0.1161,0.028,0.005,-4,27
37,3,kristoffer ajer|brentford,Kristoffer Ajer,Brentford,DEF,90.0,0.040193,0.038067,3.69145,1,3.7355,2.877905444937342,1,1,6,8,7.471,16,0.0686,0.0019,0.4676,0.3631,0.1388,0.0277,0.0028,-3,19
37,3,kyle walker-peters|west ham,Kyle Walker-Peters,West Ham,DEF,30.0,0.019194,0.007485,0.914343,1,0.2145,1.043019534812268,0,0,0,1,0.429,2,0.0182,0.0002,0.9828,0.0083,0.0085,0.0004,0.0,-5,13
37,3,kyle walker|burnley,Kyle Walker,Burnley,DEF,90.0,0.0,0.020659,0.997667,1,1.0267,1.8453690985816362,-1,0,1,3,2.0534,6,0.019,0.0003,0.888,0.0953,0.0159,0.0008,0.0,-5,12
37,3,ladislav krejcí|wolverhampton wanderers,Ladislav Krejcí,Wolverhampton Wanderers,DEF,90.0,0.048138,0.040493,2.959559,1,3.0112,2.809568393899675,0,1,6,7,6.0224,14,0.0726,0.0032,0.6353,0.2501,0.0924,0.0201,0.0021,-3,27
37,3,lamare bogarde|aston villa,Lamare Bogarde,Aston Villa,MID,30.0,0.0,0.001309,0.817261,1,0.4423,0.5333579567232497,0,0,1,1,0.8846,2,0.0009,0.0,0.9991,0.0009,0.0,0.0,0.0,-2,4
37,3,leandro trossard|arsenal,Leandro Trossard,Arsenal,MID,60.0,0.251121,0.163825,3.891782,1,2.9293,3.53959058508184,0,0,3,8,5.8586,16,0.2464,0.0551,0.6145,0.2173,0.1113,0.0443,0.0126,-1,25
37,3,leny yoro|manchester united,Leny Yoro,Manchester United,DEF,45.0,0.036613,0.013484,1.11177,1,1.0778,2.0641577362207566,0,0,1,2,2.1556,4,0.0381,0.0012,0.9025,0.0544,0.036,0.0062,0.0009,-5,26
37,3,leon bailey|aston villa,Leon Bailey,Aston Villa,MID,60.0,0.045424,0.098274,2.620229,1,1.9728,2.1631597629393906,0,0,2,5,3.9456,10,0.1049,0.0084,0.7578,0.1901,0.0414,0.01,0.0007,-1,17
37,3,lewis cook|bournemouth,Lewis Cook,Bournemouth,DEF,15.0,0.001311,0.005878,0.958215,1,0.1855,0.7067458878550338,0,0,0,1,0.371,2,0.0061,0.0,0.9897,0.0094,0.0009,0.0,0.0,-4,9
37,3,lewis dunk|brighton,Lewis Dunk,Brighton,DEF,0.0,0.0,0.0,0.0,1,0.0,0.0,0,0,0,0,0.0,0,0.0,0.0,1.0,0.0,0.0,0.0,0.0,0,0
37,3,lewis hall|newcastle united,Lewis Hall,Newcastle United,DEF,90.0,0.051221,0.119045,3.950397,1,3.9352,3.046473528524415,1,2,6,8,7.8704,16,0.1411,0.009,0.4836,0.3402,0.1332,0.0384,0.0046,-3,23
37,3,lewis miley|newcastle united,Lewis Miley,Newcastle United,MID,60.0,0.075125,0.111108,3.01057,1,2.233,2.454610152345989,0,0,3,5,4.466,10,0.1244,0.0126,0.6779,0.2508,0.052,0.018,0.0013,-1,20
37,3,liam delap|chelsea,Liam Delap,Chelsea,FWD,15.0,0.081483,0.001899,1.293296,1,0.8188,1.418367568721169,0,0,1,1,1.6376,2,0.0591,0.0027,0.9409,0.0476,0.0093,0.002,0.0002,-2,16
37,3,lisandro martínez|manchester united,Lisandro Martínez,Manchester United,DEF,0.0,0.0,0.0,0.0,1,0.0,0.0,0,0,0,0,0.0,0,0.0,0.0,1.0,0.0,0.0,0.0,0.0,0,0
37,3,lorenzo lucca|nottingham forest,Lorenzo Lucca,Nottingham Forest,FWD,15.0,0.064501,0.006198,1.2616,1,0.786,1.3455868608157557,0,0,1,1,1.572,2,0.0495,0.0029,0.9505,0.0365,0.0105,0.0025,0.0,-2,13
37,3,loum tchaouna|burnley,Loum Tchaouna,Burnley,MID,15.0,0.005618,0.004529,1.010008,1,0.553,0.676159004968506,0,0,1,1,1.106,2,0.0066,0.0,0.9934,0.0045,0.0021,0.0,0.0,-2,8
37,3,luca netz|nottingham forest,Luca Netz,Nottingham Forest,DEF,0.0,0.0,0.0,0.0,1,0.0,0.0,0,0,0,0,0.0,0,0.0,0.0,1.0,0.0,0.0,0.0,0.0,0,0
37,3,lucas bergvall|tottenham,Lucas Bergvall,Tottenham,MID,0.0,0.0,0.0,0.0,1,0.0,0.0,0,0,0,0,0.0,0,0.0,0.0,1.0,0.0,0.0,0.0,0.0,0,0
37,3,lucas digne|aston villa,Lucas Digne,Aston Villa,DEF,30.0,0.00989,0.037679,0.971987,1,0.2953,1.030581345649144,0,0,1,1,0.5906,2,0.0296,0.001,0.9731,0.0208,0.0056,0.0005,0.0,-4,14
37,3,lucas paquetá|west ham,Lucas Paquetá,West Ham,MID,0.0,0.0,0.0,0.0,1,0.0,0.0,0,0,0,0,0.0,0,0.0,0.0,1.0,0.0,0.0,0.0,0.0,0,0
37,3,lucas perri|leeds,Lucas Perri,Leeds,GK,0.0,0.0,0.0,0.0,1,0.0,0.0,0,0,0,0,0.0,0,0.0,0.0,1.0,0.0,0.0,0.0,0.0,0,0
37,3,lucas pires|burnley,Lucas Pires,Burnley,DEF,0.0,0.0,0.0,0.0,1,0.0,0.0,0,0,0,0,0.0,0,0.0,0.0,1.0,0.0,0.0,0.0,0.0,0,0
37,3,luis guilherme|west ham,Luis Guilherme,West Ham,MID,0.0,0.0,0.0,0.0,1,0.0,0.0,0,0,0,0,0.0,0,0.0,0.0,1.0,0.0,0.0,0.0,0.0,0,0
37,3,lukas nmecha|leeds,Lukas Nmecha,Leeds,FWD,30.0,0.110468,0.026989,1.4754,1,0.9844,1.727065904938199,0,0,1,1,1.9688,2,0.0914,0.0079,0.9087,0.0685,0.0175,0.0053,0.0,-2,14
37,3,luke o'nien|sunderland,Luke O'Nien,Sunderland,MID,0.0,0.0,0.0,0.0,1,0.0,0.0,0,0,0,0,0.0,0,0.0,0.0,1.0,0.0,0.0,0.0,0.0,0,0
37,3,luke shaw|manchester united,Luke Shaw,Manchester United,DEF,90.0,0.013128,0.03877,3.160878,1,3.2531,2.6120567356012767,1,1,6,6,6.5062,12,0.0451,0.0007,0.5947,0.3121,0.0812,0.0116,0.0004,-3,19
37,3,lutsharel geertruida|sunderland,Lutsharel Geertruida,Sunderland,DEF,30.0,0.010413,0.013939,0.980013,1,0.3244,0.8428313235754827,0,0,1,1,0.6488,2,0.0139,0.0002,0.986,0.0097,0.004,0.0003,0.0,-5,11
37,3,lyle foster|burnley,Lyle Foster,Burnley,FWD,15.0,0.01615,0.004396,1.012785,1,0.5707,0.7988751529494456,0,0,1,1,1.1414,2,0.0147,0.0004,0.9853,0.0121,0.0024,0.0002,0.0,-2,10
37,3,mads hermansen|west ham,Mads Hermansen,West Ham,GK,90.0,0.0,0.0,2.732482,1,2.4744,2.1577638054244956,0,1,3,6,4.9488,12,0.0,0.0,0.6667,0.2465,0.0853,0.0015,0.0,-5,12
37,3,malick thiaw|newcastle united,Malick Thiaw,Newcastle United,DEF,90.0,0.204886,0.035713,4.831503,1,4.7982,3.903008680492525,1,2,7,10,9.5964,20,0.1886,0.0198,0.4046,0.3154,0.1754,0.0792,0.0254,-3,32
37,3,malo gusto|chelsea,Malo Gusto,Chelsea,DEF,75.0,0.063744,0.153544,3.686769,1,3.4603,3.211109451575888,0,1,6,7,6.9206,14,0.177,0.0174,0.5798,0.2779,0.0965,0.0396,0.0062,-4,23
37,3,mamadou sarr|chelsea,Mamadou Sarr,Chelsea,DEF,0.0,0.0,0.0,0.0,1,0.0,0.0,0,0,0,0,0.0,0,0.0,0.0,1.0,0.0,0.0,0.0,0.0,0,0
37,3,manuel ugarte|manchester united,Manuel Ugarte,Manchester United,MID,15.0,0.012339,0.001658,1.018347,1,0.5711,0.8135998955260504,0,0,1,1,1.1422,2,0.0105,0.0001,0.9878,0.0066,0.0055,0.0001,0.0,-2,10
37,3,marc cucurella|chelsea,Marc Cucurella,Chelsea,DEF,90.0,0.065565,0.198392,3.989294,1,4.0843,3.2496759084561035,1,1,6,8,8.1686,16,0.2064,0.0242,0.479,0.3306,0.1331,0.0511,0.0062,-3,24
37,3,marc guehi|manchester city,Marc Guehi,Manchester City,DEF,90.0,0.124738,0.06027,3.864991,1,3.9048,3.4516281607380597,1,1,6,8,7.8096,16,0.147,0.012,0.5123,0.2887,0.1372,0.0495,0.0123,-4,27
37,3,marc guiu|chelsea,Marc Guiu,Chelsea,FWD,0.0,0.0,0.0,0.0,1,0.0,0.0,0,0,0,0,0.0,0,0.0,0.0,1.0,0.0,0.0,0.0,0.0,0,0
37,3,marco bizot|aston villa,Marco Bizot,Aston Villa,GK,0.0,0.0,0.0,0.0,1,0.0,0.0,0,0,0,0,0.0,0,0.0,0.0,1.0,0.0,0.0,0.0,0.0,0,0
37,3,marcos senesi|bournemouth,Marcos Senesi,Bournemouth,DEF,90.0,0.047213,0.105802,3.684528,1,3.6868,2.8958773730943785,1,2,5,8,7.3736,16,0.1293,0.0087,0.3793,0.4518,0.1259,0.0391,0.0039,-3,21
37,3,marcus edwards|burnley,Marcus Edwards,Burnley,MID,75.0,0.053309,0.067375,2.466418,1,2.3496,1.7611302734323773,1,2,2,5,4.6992,10,0.1054,0.0058,0.8446,0.1013,0.047,0.0059,0.0012,-2,21
37,3,marcus tavernier|bournemouth,Marcus Tavernier,Bournemouth,MID,90.0,0.319508,0.158806,4.128794,1,4.1766,3.493281042229497,2,2,6,9,8.3532,18,0.337,0.0679,0.5403,0.2122,0.1661,0.0655,0.0159,-1,30
37,3,marshall munetsi|wolverhampton wanderers,Marshall Munetsi,Wolverhampton Wanderers,MID,0.0,0.0,0.0,0.0,1,0.0,0.0,0,0,0,0,0.0,0,0.0,0.0,1.0,0.0,0.0,0.0,0.0,0,0
37,3,martin dubravka|burnley,Martin Dubravka,Burnley,GK,90.0,0.0,9.5e-05,2.372763,1,2.0553,1.842835291066459,0,1,3,4,4.1106,8,0.0001,0.0,0.7091,0.2439,0.0453,0.0017,0.0,-4,12
37,3,martin odegaard|arsenal,Martin Odegaard,Arsenal,MID,75.0,0.093541,0.369136,4.169202,1,4.0485,2.899232269067106,1,2,6,8,8.097,16,0.3461,0.0714,0.3202,0.5122,0.1102,0.0501,0.0073,-2,24
37,3,martín zubimendi|arsenal,Martín Zubimendi,Arsenal,MID,90.0,0.122789,0.048023,3.526437,1,3.4922,2.2929760487192183,2,2,3,7,6.9844,14,0.1386,0.0107,0.3379,0.5533,0.0784,0.027,0.0034,-1,21
37,3,mason mount|manchester united,Mason Mount,Manchester United,MID,0.0,0.0,0.0,0.0,1,0.0,0.0,0,0,0,0,0.0,0,0.0,0.0,1.0,0.0,0.0,0.0,0.0,0,0
37,3,mateo kovacic|manchester city,Mateo Kovacic,Manchester City,MID,0.0,0.0,0.0,0.0,1,0.0,0.0,0,0,0,0,0.0,0,0.0,0.0,1.0,0.0,0.0,0.0,0.0,0,0
37,3,mateus fernandes|west ham,Mateus Fernandes,West Ham,MID,90.0,0.029913,0.099763,3.232323,1,3.1378,1.827296133635706,2,2,4,5,6.2756,10,0.1046,0.0056,0.5018,0.4427,0.0457,0.0095,0.0003,-1,17
37,3,mateus mané|wolverhampton wanderers,Mateus Mané,Wolverhampton Wanderers,FWD,90.0,0.070738,0.112651,2.532097,1,2.5418,1.6745306088573002,2,2,2,5,5.0836,10,0.1454,0.0108,0.8542,0.1018,0.0373,0.0064,0.0003,-1,17
37,3,matheus cunha|manchester united,Matheus Cunha,Manchester United,MID,80.0,0.197421,0.097277,3.586246,1,3.4899,2.8747692063885752,1,2,4,8,6.9798,16,0.2349,0.0317,0.5338,0.3002,0.1218,0.0376,0.0066,-2,22
37,3,matheus nunes|manchester city,Matheus Nunes,Manchester City,DEF,90.0,0.020544,0.069499,2.950355,1,3.0688,2.6923347785890224,1,1,6,7,6.1376,14,0.0797,0.0047,0.6258,0.2704,0.0844,0.0181,0.0013,-3,20
37,3,mathias jensen|brentford,Mathias Jensen,Brentford,MID,75.0,0.052558,0.169442,2.764468,1,2.6799,2.1241082811382284,1,1,3,6,5.3598,12,0.1811,0.0206,0.6576,0.2735,0.054,0.0143,0.0006,-2,18
37,3,mathys tel|tottenham,Mathys Tel,Tottenham,MID,60.0,0.082256,0.082594,2.735207,1,1.9886,2.2931790248473845,0,0,2,5,3.9772,10,0.1143,0.0115,0.8097,0.1219,0.0535,0.0141,0.0008,-1,19
37,3,mats wieffer|brighton,Mats Wieffer,Brighton,MID,0.0,0.0,0.0,0.0,1,0.0,0.0,0,0,0,0,0.0,0,0.0,0.0,1.0,0.0,0.0,0.0,0.0,0,0
37,3,matt doherty|wolverhampton wanderers,Matt Doherty,Wolverhampton Wanderers,DEF,15.0,0.000953,0.002541,0.896995,1,0.2411,0.6169041983971255,0,0,1,1,0.4822,2,0.0022,0.0001,0.9978,0.0016,0.0006,0.0,0.0,-4,9
37,3,matt o'riley|brighton,Matt O'Riley,Brighton,DEF,0.0,0.0,0.0,0.0,1,0.0,0.0,0,0,0,0,0.0,0,0.0,0.0,1.0,0.0,0.0,0.0,0.0,0,0
37,3,matthew cash|aston villa,Matthew Cash,Aston Villa,DEF,90.0,0.034939,0.089908,2.400382,1,2.4524,2.6947605162611388,0,1,4,6,4.9048,12,0.1044,0.0042,0.7025,0.2173,0.0626,0.0165,0.0011,-4,24
37,3,matthijs de ligt|manchester united,Matthijs de Ligt,Manchester United,DEF,0.0,0.0,0.0,0.0,1,0.0,0.0,0,0,0,0,0.0,0,0.0,0.0,1.0,0.0,0.0,0.0,0.0,0,0
37,3,matz sels|nottingham forest,Matz Sels,Nottingham Forest,GK,0.0,0.0,0.0,0.0,1,0.0,0.0,0,0,0,0,0.0,0,0.0,0.0,1.0,0.0,0.0,0.0,0.0,0,0
37,3,max alleyne|manchester city,Max Alleyne,Manchester City,DEF,0.0,0.0,0.0,0.0,1,0.0,0.0,0,0,0,0,0.0,0,0.0,0.0,1.0,0.0,0.0,0.0,0.0,0,0
37,3,max dowman|arsenal,Max Dowman,Arsenal,MID,0.0,0.0,0.0,0.0,1,0.0,0.0,0,0,0,0,0.0,0,0.0,0.0,1.0,0.0,0.0,0.0,0.0,0,0
37,3,max kilman|west ham,Max Kilman,West Ham,DEF,15.0,0.008725,0.001663,0.973082,1,0.1856,0.8507365279568052,0,0,0,1,0.3712,2,0.0085,0.0003,0.9913,0.0043,0.004,0.0003,0.0001,-5,16
37,3,maxence lacroix|crystal palace,Maxence Lacroix,Crystal Palace,DEF,90.0,0.099551,0.027979,3.768655,1,3.7724,3.2464439376031122,1,1,6,8,7.5448,16,0.1063,0.007,0.4428,0.3673,0.1349,0.045,0.01,-4,23
37,3,maxim de cuyper|brighton,Maxim De Cuyper,Brighton,DEF,15.0,0.013448,0.036363,1.125751,1,0.4388,1.0949221707500494,0,0,1,1,0.8776,2,0.0349,0.0017,0.9666,0.0243,0.0083,0.0008,0.0,-3,13
37,3,maxime estève|burnley,Maxime Estève,Burnley,DEF,90.0,0.008324,0.011017,2.096092,1,2.0181,2.116783500975005,0,1,3,4,4.0362,8,0.0177,0.0001,0.6704,0.286,0.0392,0.0041,0.0003,-5,17
37,3,melker ellborg|sunderland,Melker Ellborg,Sunderland,MID,0.0,0.0,0.0,0.0,1,0.0,0.0,0,0,0,0,0.0,0,0.0,0.0,1.0,0.0,0.0,0.0,0.0,0,0
37,3,merlin röhl|everton,Merlin Röhl,Everton,MID,15.0,0.012062,0.043979,1.172248,1,0.6939,1.0346993717983983,0,0,1,1,1.3878,2,0.0375,0.0018,0.9624,0.0318,0.0053,0.0003,0.0002,-2,15
37,3,michael kayode|brentford,Michael Kayode,Brentford,DEF,90.0,0.066438,0.06168,3.197038,1,3.2893,3.0285649258353367,1,1,6,7,6.5786,14,0.1061,0.0054,0.6025,0.2643,0.1005,0.0281,0.0046,-5,27
37,3,michael keane|everton,Michael Keane,Everton,DEF,90.0,0.103479,0.002302,4.812388,1,4.8574,3.4303447698445706,1,2,7,9,9.7148,18,0.0933,0.0052,0.3377,0.3808,0.2103,0.0553,0.0159,-3,23
37,3,micky van de ven|tottenham,Micky van de Ven,Tottenham,DEF,0.0,0.0,0.0,0.0,1,0.0,0.0,0,0,0,0,0.0,0,0.0,0.0,1.0,0.0,0.0,0.0,0.0,0,0
37,3,mike trésor|burnley,Mike Trésor,Burnley,FWD,0.0,0.0,0.0,0.0,1,0.0,0.0,0,0,0,0,0.0,0,0.0,0.0,1.0,0.0,0.0,0.0,0.0,0,0
37,3,mikel merino|arsenal,Mikel Merino,Arsenal,MID,0.0,0.0,0.0,0.0,1,0.0,0.0,0,0,0,0,0.0,0,0.0,0.0,1.0,0.0,0.0,0.0,0.0,0,0
37,3,mikkel damsgaard|brentford,Mikkel Damsgaard,Brentford,MID,75.0,0.091676,0.193464,3.224055,1,3.1561,2.5631099839843,1,2,4,7,6.3122,14,0.2297,0.0276,0.5648,0.322,0.0829,0.0275,0.0028,-2,21
37,3,milos kerkez|liverpool,Milos Kerkez,Liverpool,DEF,75.0,0.073545,0.03803,2.917019,1,2.7694,3.022287815546362,0,1,5,7,5.5388,14,0.099,0.0056,0.6945,0.1903,0.0862,0.0247,0.0043,-4,21
37,3,mohamadou kanté|west ham,Mohamadou Kanté,West Ham,MID,0.0,0.0,0.0,0.0,1,0.0,0.0,0,0,0,0,0.0,0,0.0,0.0,1.0,0.0,0.0,0.0,0.0,0,0
37,3,mohamed salah|liverpool,Mohamed Salah,Liverpool,MID,0.0,0.0,0.0,0.0,1,0.0,0.0,0,0,0,0,0.0,0,0.0,0.0,1.0,0.0,0.0,0.0,0.0,0,0
37,3,mohammed kudus|tottenham,Mohammed Kudus,Tottenham,MID,0.0,0.0,0.0,0.0,1,0.0,0.0,0,0,0,0,0.0,0,0.0,0.0,1.0,0.0,0.0,0.0,0.0,0,0
37,3,moisés caicedo|chelsea,Moisés Caicedo,Chelsea,MID,90.0,0.065565,0.105031,3.797671,1,3.7033,2.2149196621999634,2,2,5,6,7.4066,12,0.1382,0.0118,0.3415,0.5611,0.0685,0.0275,0.0014,-1,20
37,3,morato|nottingham forest,Morato,Nottingham Forest,DEF,30.0,0.019276,0.0,0.872091,1,0.2224,0.9793560333198544,0,0,0,1,0.4448,2,0.0121,0.0001,0.9854,0.0072,0.0072,0.0002,0.0,-5,14
37,3,morgan gibbs-white|nottingham forest,Morgan Gibbs-White,Nottingham Forest,MID,90.0,0.280815,0.080038,3.692379,1,3.7767,3.0968430877265964,2,2,5,8,7.5534,16,0.2708,0.0413,0.6019,0.1794,0.1643,0.0445,0.0099,-1,24
37,3,morgan rogers|aston villa,Morgan Rogers,Aston Villa,MID,90.0,0.200591,0.14798,3.497794,1,3.5651,2.861636243480292,2,2,5,8,7.1302,16,0.2647,0.0391,0.6039,0.2191,0.1331,0.0368,0.0071,-1,25
37,3,murillo|nottingham forest,Murillo,Nottingham Forest,DEF,90.0,0.016756,0.007672,2.8009,1,2.8276,2.5229503047028095,0,1,4,7,5.6552,14,0.0212,0.0002,0.5737,0.3245,0.0921,0.009,0.0007,-4,18
37,3,myles lewis-skelly|arsenal,Myles Lewis-Skelly,Arsenal,DEF,0.0,0.0,0.0,0.0,1,0.0,0.0,0,0,0,0,0.0,0,0.0,0.0,1.0,0.0,0.0,0.0,0.0,0,0
37,3,myles peart-harris|brentford,Myles Peart-Harris,Brentford,MID,0.0,0.0,0.0,0.0,1,0.0,0.0,0,0,0,0,0.0,0,0.0,0.0,1.0,0.0,0.0,0.0,0.0,0,0
37,3,naif aguerd|west ham,Naif Aguerd,West Ham,DEF,15.0,0.004985,0.0,0.945654,1,0.1568,0.709516567812197,0,0,0,1,0.3136,2,0.0033,0.0,0.9967,0.0006,0.0027,0.0,0.0,-6,9
37,3,nathan aké|manchester city,Nathan Aké,Manchester City,DEF,15.0,0.003932,0.011732,1.003639,1,0.3446,0.785780401893557,0,0,1,1,0.6892,2,0.0124,0.0001,0.9877,0.0096,0.0024,0.0003,0.0,-4,12
37,3,nathan collins|brentford,Nathan Collins,Brentford,DEF,15.0,0.014742,0.009251,1.053251,1,0.4059,1.0009721224889332,0,0,1,1,0.8118,2,0.018,0.0002,0.9817,0.0082,0.0098,0.0001,0.0002,-4,17
37,3,nathan patterson|everton,Nathan Patterson,Everton,DEF,0.0,0.0,0.0,0.0,1,0.0,0.0,0,0,0,0,0.0,0,0.0,0.0,1.0,0.0,0.0,0.0,0.0,0,0
37,3,nathaniel clyne|crystal palace,Nathaniel Clyne,Crystal Palace,DEF,0.0,0.0,0.0,0.0,1,0.0,0.0,0,0,0,0,0.0,0,0.0,0.0,1.0,0.0,0.0,0.0,0.0,0,0
37,3,neco williams|nottingham forest,Neco Williams,Nottingham Forest,DEF,90.0,0.033074,0.108572,2.696687,1,2.7571,2.738740511622085,0,1,5,6,5.5142,12,0.1178,0.0081,0.6588,0.2445,0.0752,0.02,0.0015,-3,23
37,3,nehemiah oriola|brighton,Nehemiah Oriola,Brighton,FWD,0.0,0.0,0.0,0.0,1,0.0,0.0,0,0,0,0,0.0,0,0.0,0.0,1.0,0.0,0.0,0.0,0.0,0,0
37,3,nick pope|newcastle united,Nick Pope,Newcastle United,GK,90.0,0.010244,0.0,4.06422,1,3.7634,2.6291482346950312,1,2,6,7,7.5268,14,0.0086,0.0,0.449,0.3525,0.1866,0.0087,0.0032,-3,22
37,3,nick woltemade|newcastle united,Nick Woltemade,Newcastle United,FWD,30.0,0.129761,0.027777,1.572376,1,0.9745,1.716056453034107,0,0,1,1,1.949,2,0.0895,0.0082,0.9105,0.0689,0.0151,0.0051,0.0004,-2,16
37,3,niclas füllkrug|west ham,Niclas Füllkrug,West Ham,FWD,0.0,0.0,0.0,0.0,1,0.0,0.0,0,0,0,0,0.0,0,0.0,0.0,1.0,0.0,0.0,0.0,0.0,0,0
37,3,nico gonzález|manchester city,Nico González,Manchester City,MID,15.0,0.004213,0.006446,0.975406,1,0.5388,0.6879640688291795,0,0,1,1,1.0776,2,0.0083,0.0,0.9914,0.0065,0.0021,0.0,0.0,-2,9
37,3,nico o'reilly|manchester city,Nico O'Reilly,Manchester City,DEF,90.0,0.236289,0.102234,4.201871,1,4.3833,4.075264544787246,1,1,7,10,8.7666,20,0.2641,0.0396,0.5135,0.2287,0.1547,0.0778,0.0253,-3,27
37,3,nicolás domínguez|nottingham forest,Nicolás Domínguez,Nottingham Forest,DEF,30.0,0.011908,0.037233,0.982914,1,0.3023,1.025628933874235,0,0,1,1,0.6046,2,0.0305,0.0009,0.9681,0.0263,0.0051,0.0004,0.0001,-4,15
37,3,nicolò savona|nottingham forest,Nicolò Savona,Nottingham Forest,DEF,0.0,0.0,0.0,0.0,1,0.0,0.0,0,0,0,0,0.0,0,0.0,0.0,1.0,0.0,0.0,0.0,0.0,0,0
37,3,nikola milenkovic|nottingham forest,Nikola Milenkovic,Nottingham Forest,DEF,90.0,0.009665,0.001162,2.41891,1,2.4608,2.3505027887666925,0,1,4,6,4.9216,12,0.0069,0.0,0.6678,0.2642,0.0641,0.0038,0.0001,-3,15
37,3,nilson angulo|sunderland,Nilson Angulo,Sunderland,FWD,0.0,0.0,0.0,0.0,1,0.0,0.0,0,0,0,0,0.0,0,0.0,0.0,1.0,0.0,0.0,0.0,0.0,0,0
37,3,noah okafor|leeds,Noah Okafor,Leeds,MID,75.0,0.175268,0.062721,3.107468,1,3.0212,2.697359924073908,1,2,3,7,6.0424,14,0.1955,0.023,0.6667,0.1941,0.1078,0.0269,0.0045,-2,23
37,3,noah sadiki|sunderland,Noah Sadiki,Sunderland,MID,60.0,0.021056,0.025821,2.28056,1,1.5705,1.5182983073164509,0,0,2,3,3.141,6,0.0319,0.0007,0.8249,0.1584,0.0143,0.0023,0.0001,-1,16
37,3,noni madueke|arsenal,Noni Madueke,Arsenal,MID,5.0,0.01089,0.01651,1.100645,1,0.3415,0.7027643630691585,0,0,1,1,0.683,2,0.01,0.0,0.99,0.0069,0.0031,0.0,0.0,0,9
37,3,nordi mukiele|sunderland,Nordi Mukiele,Sunderland,DEF,90.0,0.051247,0.086842,3.657551,1,3.6325,3.0069326148086524,1,1,6,8,7.265,16,0.1146,0.0057,0.4813,0.3484,0.1316,0.0346,0.0041,-3,19
37,3,noussair mazraoui|manchester united,Noussair Mazraoui,Manchester United,DEF,75.0,0.015347,0.009971,3.180323,1,2.9987,2.77569780595799,0,1,5,7,5.9974,14,0.0254,0.0008,0.5756,0.3064,0.1062,0.0101,0.0017,-3,18
37,3,odsonne edouard|crystal palace,Odsonne Edouard,Crystal Palace,DEF,0.0,0.0,0.0,0.0,1,0.0,0.0,0,0,0,0,0.0,0,0.0,0.0,1.0,0.0,0.0,0.0,0.0,0,0
37,3,ola aina|nottingham forest,Ola Aina,Nottingham Forest,DEF,90.0,0.017174,0.02048,2.243737,1,2.3351,2.4380336318434983,0,1,3,6,4.6702,12,0.0338,0.0008,0.7262,0.2031,0.064,0.0061,0.0006,-4,18
37,3,oleksandr zinchenko|nottingham forest,Oleksandr Zinchenko,Nottingham Forest,DEF,0.0,0.0,0.0,0.0,1,0.0,0.0,0,0,0,0,0.0,0,0.0,0.0,1.0,0.0,0.0,0.0,0.0,0,0
37,3,oliver scarles|west ham,Oliver Scarles,West Ham,DEF,15.0,0.003739,0.021615,1.013033,1,0.22,0.8357032966310471,0,0,0,1,0.44,2,0.0192,0.0004,0.9819,0.016,0.0018,0.0003,0.0,-4,11
37,3,oliver sonne|burnley,Oliver Sonne,Burnley,DEF,0.0,0.0,0.0,0.0,1,0.0,0.0,0,0,0,0,0.0,0,0.0,0.0,1.0,0.0,0.0,0.0,0.0,0,0
37,3,olivier boscagli|brighton,Olivier Boscagli,Brighton,DEF,90.0,0.0,0.018058,2.734948,1,2.7974,2.4989904441594013,0,1,5,6,5.5948,12,0.0174,0.0005,0.587,0.3222,0.0863,0.0045,0.0,-3,13
37,3,ollie watkins|aston villa,Ollie Watkins,Aston Villa,FWD,75.0,0.376422,0.034388,3.487707,1,3.6042,3.095955807178132,1,2,6,8,7.2084,16,0.3248,0.0591,0.6753,0.1401,0.1304,0.0464,0.0078,-2,24
37,3,omar alderete|sunderland,Omar Alderete,Sunderland,DEF,75.0,0.034903,0.014615,3.043155,1,2.8586,2.8223405251670113,0,1,4,7,5.7172,14,0.0455,0.0018,0.6052,0.279,0.0956,0.0172,0.003,-3,20
37,3,omar marmoush|manchester city,Omar Marmoush,Manchester City,FWD,0.0,0.0,0.0,0.0,1,0.0,0.0,0,0,0,0,0.0,0,0.0,0.0,1.0,0.0,0.0,0.0,0.0,0,0
37,3,omari hutchinson|nottingham forest,Omari Hutchinson,Nottingham Forest,MID,15.0,0.012675,0.031282,1.142223,1,0.674,0.9987612327278227,0,0,1,1,1.348,2,0.0317,0.001,0.9683,0.0257,0.0057,0.0003,0.0,-2,12
37,3,oscar bobb|fulham,Oscar Bobb,Fulham,MID,15.0,0.023212,0.021965,1.153621,1,0.7028,1.1513783739501102,0,0,1,1,1.4056,2,0.0351,0.0009,0.9649,0.0219,0.0127,0.0005,0.0,-2,13
37,3,pablo|west ham,Pablo,West Ham,FWD,0.0,0.0,0.0,0.0,1,0.0,0.0,0,0,0,0,0.0,0,0.0,0.0,1.0,0.0,0.0,0.0,0.0,0,0
37,3,pape sarr|tottenham,Pape Sarr,Tottenham,MID,60.0,0.060545,0.060283,2.697717,1,2.0715,2.254592590691276,0,0,3,5,4.143,10,0.0801,0.0059,0.7371,0.2082,0.0411,0.0122,0.0014,-1,17
37,3,pascal groß|brighton,Pascal Groß,Brighton,MID,90.0,0.12008,0.176144,3.338841,1,3.3789,2.5322983216832884,1,2,4,7,6.7578,14,0.2306,0.028,0.5579,0.3146,0.0952,0.029,0.0033,-1,24
37,3,pascal struijk|leeds,Pascal Struijk,Leeds,DEF,90.0,0.061353,0.024881,3.616836,1,3.6189,3.0206394670665353,1,1,6,8,7.2378,16,0.0744,0.0025,0.4866,0.3434,0.1354,0.0282,0.0064,-3,23
37,3,patrick dorgu|manchester united,Patrick Dorgu,Manchester United,DEF,15.0,0.021593,0.029846,1.172782,1,0.5436,1.214865852676747,0,0,1,1,1.0872,2,0.0377,0.0021,0.9629,0.0229,0.012,0.0021,0.0001,-3,15
37,3,patrick roberts|sunderland,Patrick Roberts,Sunderland,MID,0.0,0.0,0.0,0.0,1,0.0,0.0,0,0,0,0,0.0,0,0.0,0.0,1.0,0.0,0.0,0.0,0.0,0,0
37,3,pau torres|aston villa,Pau Torres,Aston Villa,DEF,60.0,0.02114,0.002659,2.308738,1,1.5804,2.2614897390879314,0,0,2,6,3.1608,12,0.0166,0.0002,0.8439,0.1115,0.0392,0.0047,0.0007,-3,21
37,3,pedro lima|wolverhampton wanderers,Pedro Lima,Wolverhampton Wanderers,DEF,0.0,0.0,0.0,0.0,1,0.0,0.0,0,0,0,0,0.0,0,0.0,0.0,1.0,0.0,0.0,0.0,0.0,0,0
37,3,pedro neto|chelsea,Pedro Neto,Chelsea,MID,75.0,0.182126,0.282028,3.905501,1,3.894,3.165306304293473,1,2,6,8,7.788,16,0.3544,0.0745,0.4907,0.3142,0.1326,0.0528,0.0097,-2,24
37,3,pedro porro|tottenham,Pedro Porro,Tottenham,DEF,90.0,0.026695,0.101749,1.976433,1,2.0385,2.499803542280873,0,1,3,6,4.077,12,0.1096,0.0069,0.7378,0.1999,0.0499,0.0118,0.0006,-4,16
37,3,phil foden|manchester city,Phil Foden,Manchester City,MID,15.0,0.03504,0.032032,1.232963,1,0.7454,1.296834160561789,0,0,1,1,1.4908,2,0.0479,0.0025,0.9521,0.033,0.0133,0.0016,0.0,-2,14
37,3,piero hincapié|arsenal,Piero Hincapié,Arsenal,DEF,75.0,0.025694,0.141287,5.052585,1,4.8483,3.120558781692792,1,2,6,9,9.6966,18,0.1467,0.0105,0.3531,0.3989,0.1871,0.0564,0.0045,-3,23
37,3,quilindschy hartman|burnley,Quilindschy Hartman,Burnley,DEF,30.0,0.002325,0.017635,0.801376,1,-0.0164,0.8323046557601369,-1,0,0,1,-0.0328,2,0.0143,0.0004,0.9874,0.0114,0.0012,0.0,0.0,-5,9
37,3,radu dragusin|tottenham,Radu Dragusin,Tottenham,DEF,15.0,0.00427,0.000208,0.942969,1,0.1137,0.7082176995811387,0,0,0,1,0.2274,2,0.0032,0.0,0.9955,0.0027,0.0018,0.0,0.0,-5,9
37,3,randal kolo muani|tottenham,Randal Kolo Muani,Tottenham,FWD,60.0,0.057531,0.047576,2.260888,1,1.6089,1.7097195062348676,0,0,2,2,3.2178,4,0.0774,0.0046,0.9182,0.0542,0.0245,0.0031,0.0,-1,14
37,3,rayan ait nouri|manchester city,Rayan Ait Nouri,Manchester City,DEF,75.0,0.029876,0.112072,3.015951,1,2.8602,2.8286844928340806,0,1,5,7,5.7204,14,0.1202,0.0091,0.6425,0.2545,0.0799,0.0212,0.0019,-3,19
37,3,rayan cherki|manchester city,Rayan Cherki,Manchester City,MID,80.0,0.175227,0.340954,4.066118,1,3.991,3.2303125235803423,1,2,6,9,7.982,18,0.3727,0.0864,0.4941,0.3101,0.1253,0.0613,0.0092,-2,27
37,3,rayan|bournemouth,Rayan,Bournemouth,MID,75.0,0.122844,0.128572,3.042279,1,2.95,2.442560132320185,1,2,3,7,5.9,14,0.2073,0.0245,0.7035,0.181,0.0907,0.0222,0.0026,-2,21
37,3,raúl jiménez|fulham,Raúl Jiménez,Fulham,FWD,60.0,0.298357,0.045357,3.143785,1,2.4256,2.9867481715069317,0,0,2,7,4.8512,14,0.2127,0.0403,0.7864,0.0942,0.083,0.0322,0.0042,-1,21
37,3,reece james|chelsea,Reece James,Chelsea,DEF,0.0,0.0,0.0,0.0,1,0.0,0.0,0,0,0,0,0.0,0,0.0,0.0,1.0,0.0,0.0,0.0,0.0,0,0
37,3,reinildo|sunderland,Reinildo,Sunderland,DEF,60.0,0.003427,0.021539,2.360424,1,1.6859,2.29935669046801,0,0,2,6,3.3718,12,0.0175,0.0004,0.7947,0.1622,0.0401,0.0028,0.0002,-4,16
37,3,reiss nelson|brentford,Reiss Nelson,Brentford,MID,0.0,0.0,0.0,0.0,1,0.0,0.0,0,0,0,0,0.0,0,0.0,0.0,1.0,0.0,0.0,0.0,0.0,0,0
37,3,riccardo calafiori|arsenal,Riccardo Calafiori,Arsenal,DEF,15.0,0.038293,0.011179,1.195479,1,0.7,1.420915198032592,0,0,1,1,1.4,2,0.0364,0.0012,0.9636,0.0092,0.0243,0.0026,0.0003,-3,16
37,3,richarlison|tottenham,Richarlison,Tottenham,FWD,60.0,0.181133,0.061321,2.671907,1,1.9705,2.4586235478413525,0,0,2,6,3.941,12,0.1524,0.0226,0.8411,0.0884,0.0519,0.0168,0.0018,-1,20
37,3,rico henry|brentford,Rico Henry,Brentford,DEF,15.0,0.001075,0.004106,0.97247,1,0.3239,0.6344988494867425,0,0,1,1,0.6478,2,0.0051,0.0,0.995,0.0042,0.0007,0.0001,0.0,-4,10
37,3,rico lewis|manchester city,Rico Lewis,Manchester City,DEF,0.0,0.0,0.0,0.0,1,0.0,0.0,0,0,0,0,0.0,0,0.0,0.0,1.0,0.0,0.0,0.0,0.0,0,0
37,3,rio ngumoha|liverpool,Rio Ngumoha,Liverpool,MID,30.0,0.113965,0.164576,2.033551,1,1.3319,2.330481149891584,0,0,1,5,2.6638,10,0.1524,0.0251,0.8478,0.097,0.0402,0.0133,0.0017,-2,20
37,3,robert sánchez|chelsea,Robert Sánchez,Chelsea,GK,90.0,0.0,0.024507,3.855217,1,3.6411,2.540175346309778,1,2,6,7,7.2822,14,0.0225,0.0004,0.4764,0.3445,0.1713,0.0078,0.0,-2,14
37,3,robin roefs|sunderland,Robin Roefs,Sunderland,GK,90.0,0.0,0.020822,3.414509,1,3.1408,2.405654871339611,1,1,5,7,6.2816,14,0.0182,0.0002,0.5489,0.3065,0.1376,0.007,0.0,-3,13
37,3,rodrigo bentancur|tottenham,Rodrigo Bentancur,Tottenham,MID,0.0,0.0,0.0,0.0,1,0.0,0.0,0,0,0,0,0.0,0,0.0,0.0,1.0,0.0,0.0,0.0,0.0,0,0
37,3,rodrigo gomes|wolverhampton wanderers,Rodrigo Gomes,Wolverhampton Wanderers,DEF,90.0,0.220582,0.02178,3.834117,1,3.8694,3.761082774946598,1,1,6,9,7.7388,18,0.1916,0.0183,0.5941,0.1908,0.1407,0.059,0.0154,-4,28
37,3,rodrigo muniz|fulham,Rodrigo Muniz,Fulham,FWD,30.0,0.11235,0.028348,1.47778,1,0.9375,1.6615034607246535,0,0,1,1,1.875,2,0.0854,0.0077,0.9147,0.0642,0.0175,0.0035,0.0001,-2,15
37,3,rodri|manchester city,Rodri,Manchester City,MID,75.0,0.050042,0.10849,3.256827,1,3.1125,2.146588863755703,1,2,4,6,6.225,12,0.1308,0.0096,0.5091,0.4138,0.0609,0.0148,0.0014,-2,20
37,3,romain esse|crystal palace,Romain Esse,Crystal Palace,MID,0.0,0.0,0.0,0.0,1,0.0,0.0,0,0,0,0,0.0,0,0.0,0.0,1.0,0.0,0.0,0.0,0.0,0,0
37,3,romaine mundle|sunderland,Romaine Mundle,Sunderland,MID,30.0,0.081844,0.033948,1.434412,1,0.8535,1.6009490154280368,0,0,1,1,1.707,2,0.0648,0.0031,0.9351,0.037,0.0258,0.0019,0.0002,-2,19
37,3,romelle donovan|brentford,Romelle Donovan,Brentford,MID,0.0,0.0,0.0,0.0,1,0.0,0.0,0,0,0,0,0.0,0,0.0,0.0,1.0,0.0,0.0,0.0,0.0,0,0
37,3,romeo lavia|chelsea,Romeo Lavia,Chelsea,MID,0.0,0.0,0.0,0.0,1,0.0,0.0,0,0,0,0,0.0,0,0.0,0.0,1.0,0.0,0.0,0.0,0.0,0,0
37,3,ross barkley|aston villa,Ross Barkley,Aston Villa,MID,0.0,0.0,0.0,0.0,1,0.0,0.0,0,0,0,0,0.0,0,0.0,0.0,1.0,0.0,0.0,0.0,0.0,0,0
37,3,ryan christie|bournemouth,Ryan Christie,Bournemouth,MID,15.0,0.024027,0.018847,1.111678,1,0.6623,1.1199369223308964,0,0,1,1,1.3246,2,0.0322,0.0014,0.9675,0.0224,0.0092,0.0009,0.0,-2,14
37,3,ryan gravenberch|liverpool,Ryan Gravenberch,Liverpool,MID,75.0,0.038587,0.045775,2.539317,1,2.4534,1.7321167512612998,1,2,3,4,4.9068,8,0.0792,0.0031,0.6862,0.2733,0.0329,0.0074,0.0002,-2,17
37,3,ryan sessegnon|fulham,Ryan Sessegnon,Fulham,MID,30.0,0.032756,0.026363,1.203269,1,0.699,1.1452506275920569,0,0,1,1,1.398,2,0.0347,0.0013,0.9635,0.0247,0.0109,0.0009,0.0,-2,12
37,3,ryan yates|nottingham forest,Ryan Yates,Nottingham Forest,MID,30.0,0.019246,0.009934,1.039436,1,0.587,0.951226050946882,0,0,1,1,1.174,2,0.0205,0.0002,0.9788,0.0143,0.0068,0.0001,0.0,-2,14
37,3,rúben dias|manchester city,Rúben Dias,Manchester City,DEF,0.0,0.0,0.0,0.0,1,0.0,0.0,0,0,0,0,0.0,0,0.0,0.0,1.0,0.0,0.0,0.0,0.0,0,0
37,3,sam byram|leeds,Sam Byram,Leeds,DEF,0.0,0.0,0.0,0.0,1,0.0,0.0,0,0,0,0,0.0,0,0.0,0.0,1.0,0.0,0.0,0.0,0.0,0,0
37,3,sam johnstone|wolverhampton wanderers,Sam Johnstone,Wolverhampton Wanderers,GK,0.0,0.0,0.0,0.0,1,0.0,0.0,0,0,0,0,0.0,0,0.0,0.0,1.0,0.0,0.0,0.0,0.0,0,0
37,3,samuel chukwueze|fulham,Samuel Chukwueze,Fulham,MID,60.0,0.10191,0.15868,3.273871,1,2.4514,2.7554016113808166,0,0,3,7,4.9028,14,0.1753,0.0278,0.6552,0.2437,0.0737,0.0247,0.0027,-1,23
37,3,sander berge|fulham,Sander Berge,Fulham,MID,90.0,0.026758,0.057562,2.734669,1,2.7251,1.5665024704736343,2,2,3,5,5.4502,10,0.0731,0.003,0.5823,0.382,0.0301,0.0053,0.0003,-1,19
37,3,sandro tonali|newcastle united,Sandro Tonali,Newcastle United,MID,75.0,0.042685,0.119045,2.881126,1,2.7621,1.9704069605033372,1,2,3,5,5.5242,10,0.1363,0.0107,0.6064,0.3335,0.0489,0.0106,0.0006,-2,18
37,3,santiago bueno|wolverhampton wanderers,Santiago Bueno,Wolverhampton Wanderers,DEF,90.0,0.040849,0.01089,2.920344,1,2.9362,2.7012829470457183,0,1,5,7,5.8724,14,0.0413,0.0012,0.6331,0.2623,0.0897,0.0128,0.0021,-4,20
37,3,sasa kalajdzic|wolverhampton wanderers,Sasa Kalajdzic,Wolverhampton Wanderers,FWD,0.0,0.0,0.0,0.0,1,0.0,0.0,0,0,0,0,0.0,0,0.0,0.0,1.0,0.0,0.0,0.0,0.0,0,0
37,3,sasa lukic|fulham,Sasa Lukic,Fulham,MID,0.0,0.0,0.0,0.0,1,0.0,0.0,0,0,0,0,0.0,0,0.0,0.0,1.0,0.0,0.0,0.0,0.0,0,0
37,3,seamus coleman|everton,Seamus Coleman,Everton,DEF,0.0,0.0,0.0,0.0,1,0.0,0.0,0,0,0,0,0.0,0,0.0,0.0,1.0,0.0,0.0,0.0,0.0,0,0
37,3,sean longstaff|leeds,Sean Longstaff,Leeds,MID,0.0,0.0,0.0,0.0,1,0.0,0.0,0,0,0,0,0.0,0,0.0,0.0,1.0,0.0,0.0,0.0,0.0,0,0
37,3,sebastiaan bornauw|leeds,Sebastiaan Bornauw,Leeds,DEF,0.0,0.0,0.0,0.0,1,0.0,0.0,0,0,0,0,0.0,0,0.0,0.0,1.0,0.0,0.0,0.0,0.0,0,0
37,3,senne lammens|manchester united,Senne Lammens,Manchester United,GK,90.0,0.0,0.0,3.853441,1,3.5962,2.4475182450801056,1,2,6,7,7.1924,14,0.0,0.0,0.5063,0.3228,0.1685,0.0024,0.0,-2,11
37,3,sepp van den berg|brentford,Sepp van den Berg,Brentford,DEF,90.0,0.099766,0.05126,4.077992,1,4.1169,3.3266851955061814,1,2,6,8,8.2338,16,0.1251,0.0097,0.4565,0.3346,0.1476,0.0504,0.0109,-3,23
37,3,shea lacey|manchester united,Shea Lacey,Manchester United,MID,0.0,0.0,0.0,0.0,1,0.0,0.0,0,0,0,0,0.0,0,0.0,0.0,1.0,0.0,0.0,0.0,0.0,0,0
37,3,simon adingra|sunderland,Simon Adingra,Sunderland,MID,0.0,0.0,0.0,0.0,1,0.0,0.0,0,0,0,0,0.0,0,0.0,0.0,1.0,0.0,0.0,0.0,0.0,0,0
37,3,solly march|brighton,Solly March,Brighton,MID,0.0,0.0,0.0,0.0,1,0.0,0.0,0,0,0,0,0.0,0,0.0,0.0,1.0,0.0,0.0,0.0,0.0,0,0
37,3,soungoutou magassa|west ham,Soungoutou Magassa,West Ham,MID,0.0,0.0,0.0,0.0,1,0.0,0.0,0,0,0,0,0.0,0,0.0,0.0,1.0,0.0,0.0,0.0,0.0,0,0
37,3,souza|tottenham,Souza,Tottenham,DEF,60.0,0.005486,0.058147,1.700289,1,1.1631,1.9072751217378157,0,0,2,4,2.3262,8,0.0467,0.0014,0.883,0.095,0.0193,0.0027,0.0,-4,14
37,3,stefan ortega moreno|nottingham forest,Stefan Ortega Moreno,Nottingham Forest,GK,90.0,0.0,0.0,3.047834,1,2.8089,2.2337369563133436,1,1,3,7,5.6178,14,0.0,0.0,0.5971,0.2928,0.1074,0.0027,0.0,-3,12
37,3,stefanos tzimas|brighton,Stefanos Tzimas,Brighton,FWD,0.0,0.0,0.0,0.0,1,0.0,0.0,0,0,0,0,0.0,0,0.0,0.0,1.0,0.0,0.0,0.0,0.0,0,0
37,3,sven botman|newcastle united,Sven Botman,Newcastle United,DEF,60.0,0.054636,0.039682,3.474645,1,2.5709,3.101092257576353,0,0,5,7,5.1418,14,0.0679,0.0043,0.6828,0.1989,0.0906,0.0243,0.0034,-3,23
37,3,sávio|manchester city,Sávio,Manchester City,MID,15.0,0.05758,0.012893,1.288246,1,0.8291,1.5200964410194504,0,0,1,1,1.6582,2,0.054,0.0032,0.9462,0.0286,0.0224,0.0028,0.0,-2,14
37,3,taiwo awoniyi|nottingham forest,Taiwo Awoniyi,Nottingham Forest,FWD,30.0,0.232756,0.067241,2.089415,1,1.3776,2.365421366268598,0,0,1,5,2.7552,10,0.1605,0.0272,0.8397,0.1117,0.033,0.0143,0.0013,-2,23
37,3,tammy abraham|aston villa,Tammy Abraham,Aston Villa,FWD,15.0,0.123976,0.015174,1.526424,1,1.0089,1.7970032804644516,0,0,1,1,2.0178,2,0.0916,0.0098,0.9084,0.0666,0.0181,0.0066,0.0003,-2,16
37,3,tawanda chirewa|wolverhampton wanderers,Tawanda Chirewa,Wolverhampton Wanderers,MID,0.0,0.0,0.0,0.0,1,0.0,0.0,0,0,0,0,0.0,0,0.0,0.0,1.0,0.0,0.0,0.0,0.0,0,0
37,3,thiago|brentford,Thiago,Brentford,FWD,90.0,0.590792,0.081286,4.305051,1,4.5768,3.6669744695047988,2,2,7,10,9.1536,20,0.4505,0.1255,0.5468,0.1829,0.1578,0.095,0.0175,-1,25
37,3,thierno barry|everton,Thierno Barry,Everton,FWD,30.0,0.140895,0.013836,1.52842,1,0.9623,1.7711235727639107,0,0,1,1,1.9246,2,0.0918,0.0084,0.9086,0.0688,0.016,0.0062,0.0004,-2,16
37,3,tijjani reijnders|manchester city,Tijjani Reijnders,Manchester City,MID,15.0,0.030327,0.03685,1.235517,1,0.775,1.294903471305873,0,0,1,1,1.55,2,0.0492,0.002,0.951,0.0351,0.0125,0.0014,0.0,-2,14
37,3,tim iroegbunam|everton,Tim Iroegbunam,Everton,MID,0.0,0.0,0.0,0.0,1,0.0,0.0,0,0,0,0,0.0,0,0.0,0.0,1.0,0.0,0.0,0.0,0.0,0,0
37,3,timothy castagne|fulham,Timothy Castagne,Fulham,DEF,0.0,0.0,0.0,0.0,1,0.0,0.0,0,0,0,0,0.0,0,0.0,0.0,1.0,0.0,0.0,0.0,0.0,0,0
37,3,tolu arokodare|wolverhampton wanderers,Tolu Arokodare,Wolverhampton Wanderers,FWD,60.0,0.243281,0.044947,3.047967,1,2.2586,2.759660493611488,0,0,2,6,4.5172,12,0.1814,0.0304,0.8187,0.0825,0.0717,0.0241,0.003,-1,21
37,3,tom cairney|fulham,Tom Cairney,Fulham,MID,0.0,0.0,0.0,0.0,1,0.0,0.0,0,0,0,0,0.0,0,0.0,0.0,1.0,0.0,0.0,0.0,0.0,0,0
37,3,tom edozie|wolverhampton wanderers,Tom Edozie,Wolverhampton Wanderers,MID,0.0,0.0,0.0,0.0,1,0.0,0.0,0,0,0,0,0.0,0,0.0,0.0,1.0,0.0,0.0,0.0,0.0,0,0
37,3,tom watson|brighton,Tom Watson,Brighton,FWD,0.0,0.0,0.0,0.0,1,0.0,0.0,0,0,0,0,0.0,0,0.0,0.0,1.0,0.0,0.0,0.0,0.0,0,0
37,3,tomas soucek|west ham,Tomas Soucek,West Ham,MID,75.0,0.155797,0.033254,3.009316,1,3.0011,2.593433783615845,1,2,3,7,6.0022,14,0.166,0.0139,0.6778,0.189,0.1055,0.0236,0.0041,-2,24
37,3,tosin adarabioyo|chelsea,Tosin Adarabioyo,Chelsea,DEF,15.0,0.001275,0.006808,0.970383,1,0.3783,0.6655742708368465,0,0,1,1,0.7566,2,0.0079,0.0003,0.9914,0.0079,0.0005,0.0002,0.0,-3,10
37,3,toti|wolverhampton wanderers,Toti,Wolverhampton Wanderers,DEF,0.0,0.0,0.0,0.0,1,0.0,0.0,0,0,0,0,0.0,0,0.0,0.0,1.0,0.0,0.0,0.0,0.0,0,0
37,3,trai hume|sunderland,Trai Hume,Sunderland,DEF,90.0,0.055517,0.075621,2.801825,1,2.8975,2.9180804906650533,0,1,5,7,5.795,14,0.1123,0.0065,0.6443,0.2435,0.0843,0.0255,0.0024,-4,19
37,3,trevoh chalobah|chelsea,Trevoh Chalobah,Chelsea,DEF,90.0,0.06101,0.029064,4.066641,1,4.0963,3.086976888478435,1,2,6,8,8.1926,16,0.0735,0.0037,0.4392,0.3601,0.1612,0.0331,0.0064,-3,21
37,3,treymaurice nyoni|liverpool,Treymaurice Nyoni,Liverpool,MID,0.0,0.0,0.0,0.0,1,0.0,0.0,0,0,0,0,0.0,0,0.0,0.0,1.0,0.0,0.0,0.0,0.0,0,0
37,3,tyler adams|bournemouth,Tyler Adams,Bournemouth,MID,75.0,0.028153,0.033293,2.342938,1,2.2743,1.6839416587281164,1,1,3,4,4.5486,8,0.0581,0.0019,0.6909,0.2799,0.0238,0.0052,0.0002,-2,15
37,3,tyler dibling|everton,Tyler Dibling,Everton,MID,0.0,0.0,0.0,0.0,1,0.0,0.0,0,0,0,0,0.0,0,0.0,0.0,1.0,0.0,0.0,0.0,0.0,0,0
37,3,tyler fletcher|manchester united,Tyler Fletcher,Manchester United,MID,0.0,0.0,0.0,0.0,1,0.0,0.0,0,0,0,0,0.0,0,0.0,0.0,1.0,0.0,0.0,0.0,0.0,0,0
37,3,tyler fredricson|manchester united,Tyler Fredricson,Manchester United,DEF,0.0,0.0,0.0,0.0,1,0.0,0.0,0,0,0,0,0.0,0,0.0,0.0,1.0,0.0,0.0,0.0,0.0,0,0
37,3,tyrell malacia|manchester united,Tyrell Malacia,Manchester United,DEF,0.0,0.0,0.0,0.0,1,0.0,0.0,0,0,0,0,0.0,0,0.0,0.0,1.0,0.0,0.0,0.0,0.0,0,0
37,3,tyrick mitchell|crystal palace,Tyrick Mitchell,Crystal Palace,DEF,90.0,0.039904,0.080765,2.676026,1,2.7691,2.779637600479602,0,1,5,6,5.5382,12,0.1047,0.0058,0.662,0.2387,0.0785,0.0186,0.0022,-4,19
37,3,tyrique george|everton,Tyrique George,Everton,FWD,15.0,0.038056,0.05491,1.295288,1,0.786,1.291357425347452,0,0,1,1,1.572,2,0.0638,0.0037,0.9366,0.0559,0.0065,0.0009,0.0001,-2,15
37,3,tyrone mings|aston villa,Tyrone Mings,Aston Villa,DEF,0.0,0.0,0.0,0.0,1,0.0,0.0,0,0,0,0,0.0,0,0.0,0.0,1.0,0.0,0.0,0.0,0.0,0,0
37,3,valentino livramento|newcastle united,Valentino Livramento,Newcastle United,DEF,0.0,0.0,0.0,0.0,1,0.0,0.0,0,0,0,0,0.0,0,0.0,0.0,1.0,0.0,0.0,0.0,0.0,0,0
37,3,valentín castellanos|west ham,Valentín Castellanos,West Ham,FWD,75.0,0.223964,0.045602,2.848467,1,2.8259,2.4658850723421804,1,2,2,7,5.6518,14,0.2189,0.0275,0.7759,0.1165,0.0845,0.0207,0.0024,-2,20
37,3,veljko milosavljevic|bournemouth,Veljko Milosavljevic,Bournemouth,DEF,0.0,0.0,0.0,0.0,1,0.0,0.0,0,0,0,0,0.0,0,0.0,0.0,1.0,0.0,0.0,0.0,0.0,0,0
37,3,victor lindelöf|aston villa,Victor Lindelöf,Aston Villa,DEF,0.0,0.0,0.0,0.0,1,0.0,0.0,0,0,0,0,0.0,0,0.0,0.0,1.0,0.0,0.0,0.0,0.0,0,0
37,3,viktor gyokeres|arsenal,Viktor Gyokeres,Arsenal,FWD,75.0,0.566668,0.101352,4.366267,1,4.51,3.7578584326714597,1,2,7,10,9.02,20,0.4594,0.1294,0.5407,0.1967,0.1499,0.0925,0.0202,-2,28
37,3,virgil van dijk|liverpool,Virgil van Dijk,Liverpool,DEF,90.0,0.103565,0.014172,3.86798,1,3.8601,3.2448309647807543,1,1,6,8,7.7202,16,0.0975,0.0052,0.4715,0.3333,0.1423,0.0433,0.0096,-3,22
37,3,vitalii mykolenko|everton,Vitalii Mykolenko,Everton,DEF,90.0,0.006579,0.029497,3.390222,1,3.4881,2.6263774271798788,1,1,6,7,6.9762,14,0.0315,0.001,0.5369,0.3524,0.1003,0.0098,0.0006,-4,16
37,3,vitaly janelt|brentford,Vitaly Janelt,Brentford,MID,60.0,0.047312,0.114366,2.646457,1,2.0674,2.2982291530654644,0,0,3,5,4.1348,10,0.1187,0.0092,0.6968,0.2454,0.045,0.0122,0.0006,-1,19
37,3,walter benítez|crystal palace,Walter Benítez,Crystal Palace,MID,0.0,0.0,0.0,0.0,1,0.0,0.0,0,0,0,0,0.0,0,0.0,0.0,1.0,0.0,0.0,0.0,0.0,0,0
37,3,wataru endo|liverpool,Wataru Endo,Liverpool,MID,0.0,0.0,0.0,0.0,1,0.0,0.0,0,0,0,0,0.0,0,0.0,0.0,1.0,0.0,0.0,0.0,0.0,0,0
37,3,wesley fofana|chelsea,Wesley Fofana,Chelsea,DEF,15.0,0.006397,0.007497,0.981526,1,0.3813,0.7773739833567883,0,0,1,1,0.7626,2,0.0102,0.0,0.9889,0.0075,0.0036,0.0,0.0,-3,9
37,3,wilfried gnonto|leeds,Wilfried Gnonto,Leeds,MID,0.0,0.0,0.0,0.0,1,0.0,0.0,0,0,0,0,0.0,0,0.0,0.0,1.0,0.0,0.0,0.0,0.0,0,0
37,3,will hughes|crystal palace,Will Hughes,Crystal Palace,MID,60.0,0.042174,0.054679,2.226245,1,1.5845,1.8428401314275744,0,0,2,3,3.169,6,0.0682,0.0046,0.8258,0.142,0.0267,0.0051,0.0004,-1,18
37,3,william osula|newcastle united,William Osula,Newcastle United,FWD,15.0,0.063173,0.005952,1.255549,1,0.7944,1.3347391655301046,0,0,1,1,1.5888,2,0.0496,0.003,0.9504,0.0371,0.0101,0.0023,0.0001,-2,16
37,3,william saliba|arsenal,William Saliba,Arsenal,DEF,90.0,0.090197,0.028164,5.107831,1,5.2836,3.0306057216338784,2,2,6,8,10.5672,16,0.0952,0.0046,0.3038,0.4568,0.1771,0.0529,0.0094,-2,22
37,3,wilson isidor|sunderland,Wilson Isidor,Sunderland,FWD,30.0,0.154466,0.005824,1.605334,1,1.028,1.8682655057566095,0,0,1,1,2.056,2,0.0909,0.0097,0.9091,0.0629,0.0193,0.0077,0.001,-2,20
37,3,wilson odobert|tottenham,Wilson Odobert,Tottenham,MID,15.0,0.024867,0.028634,1.195238,1,0.7461,1.2313548594942079,0,0,1,1,1.4922,2,0.0421,0.0018,0.9579,0.0282,0.0126,0.0013,0.0,-2,13
37,3,xavi simons|tottenham,Xavi Simons,Tottenham,MID,0.0,0.0,0.0,0.0,1,0.0,0.0,0,0,0,0,0.0,0,0.0,0.0,1.0,0.0,0.0,0.0,0.0,0,0
37,3,yankuba minteh|brighton,Yankuba Minteh,Brighton,MID,60.0,0.084186,0.167326,3.156749,1,2.2491,2.5221913468252164,0,0,3,6,4.4982,12,0.1596,0.02,0.709,0.2129,0.0582,0.0185,0.0014,-1,20
37,3,yasin ayari|brighton,Yasin Ayari,Brighton,MID,15.0,0.014567,0.007532,1.075431,1,0.6094,0.8714537509242817,0,0,1,1,1.2188,2,0.0154,0.0002,0.9844,0.0093,0.0061,0.0002,0.0,-2,11
37,3,yehor yarmolyuk|brentford,Yehor Yarmolyuk,Brentford,MID,0.0,0.0,0.0,0.0,1,0.0,0.0,0,0,0,0,0.0,0,0.0,0.0,1.0,0.0,0.0,0.0,0.0,0,0
37,3,yeremi pino|crystal palace,Yeremi Pino,Crystal Palace,MID,60.0,0.124655,0.185847,3.230148,1,2.3867,2.8077683504876254,0,0,3,7,4.7734,14,0.1965,0.0331,0.7206,0.1749,0.0759,0.0259,0.0027,-1,21
37,3,yerson mosquera|wolverhampton wanderers,Yerson Mosquera,Wolverhampton Wanderers,DEF,90.0,0.089867,0.065341,3.393055,1,3.5051,3.3233377784992,0,1,6,8,7.0102,16,0.1343,0.0088,0.5149,0.3034,0.1319,0.0437,0.0061,-3,26
37,3,yoane wissa|newcastle united,Yoane Wissa,Newcastle United,FWD,15.0,0.090491,0.005952,1.358155,1,0.892,1.5738284531676254,0,0,1,1,1.784,2,0.0724,0.0056,0.9277,0.0552,0.0132,0.0039,0.0,-2,13
37,3,youri tielemans|aston villa,Youri Tielemans,Aston Villa,MID,90.0,0.101552,0.127774,3.386567,1,3.3948,2.3727479765031934,2,2,4,7,6.7896,14,0.188,0.021,0.5545,0.3306,0.0846,0.0279,0.0024,-1,19
37,3,yves bissouma|tottenham,Yves Bissouma,Tottenham,MID,30.0,0.006816,0.001145,0.910353,1,0.5306,0.7415279091173844,0,0,1,1,1.0612,2,0.0055,0.0,0.9829,0.015,0.002,0.0001,0.0,-2,10
37,3,zach abbott|nottingham forest,Zach Abbott,Nottingham Forest,DEF,0.0,0.0,0.0,0.0,1,0.0,0.0,0,0,0,0,0.0,0,0.0,0.0,1.0,0.0,0.0,0.0,0.0,0,0
37,3,zian flemming|burnley,Zian Flemming,Burnley,FWD,15.0,0.063892,0.002819,1.198892,1,0.7571,1.3353275216215683,0,0,1,1,1.5142,2,0.0492,0.0028,0.9508,0.0374,0.0095,0.0021,0.0002,-2,16
38,4,aaron hickey|brentford,Aaron Hickey,Brentford,DEF,75.0,0.031182,0.034587,1.911251,1,1.7833,2.3659968533368763,0,0,2,6,3.5666,12,0.0602,0.0026,0.8092,0.1389,0.0417,0.0097,0.0005,-4,19
38,4,aaron ramsdale|newcastle united,Aaron Ramsdale,Newcastle United,GK,0.0,0.0,0.0,0.0,1,0.0,0.0,0,0,0,0,0.0,0,0.0,0.0,1.0,0.0,0.0,0.0,0.0,0,0
38,4,aaron wan-bissaka|west ham,Aaron Wan-Bissaka,West Ham,DEF,90.0,0.0,0.053814,3.09902,1,3.1552,2.5545866514956974,1,1,6,7,6.3104,14,0.0474,0.0015,0.5822,0.3083,0.1013,0.0081,0.0001,-3,16
38,4,abduqodir khusanov|manchester city,Abduqodir Khusanov,Manchester City,DEF,75.0,0.024878,0.025701,3.476379,1,3.2955,2.835415269409403,1,1,6,7,6.591,14,0.049,0.0014,0.5686,0.3034,0.1086,0.0181,0.0013,-4,21
38,4,adam armstrong|wolverhampton wanderers,Adam Armstrong,Wolverhampton Wanderers,FWD,60.0,0.08391,0.096418,2.564923,1,1.8331,2.0157986977870586,0,0,2,5,3.6662,10,0.1187,0.0128,0.8813,0.0766,0.0345,0.0074,0.0002,-1,16
38,4,adam smith|bournemouth,Adam Smith,Bournemouth,DEF,15.0,0.0,0.01113,0.968238,1,0.3129,0.6354475509434278,0,0,1,1,0.6258,2,0.0086,0.0,0.992,0.008,0.0,0.0,0.0,-4,6
38,4,adam wharton|crystal palace,Adam Wharton,Crystal Palace,MID,75.0,0.022889,0.12944,2.632993,1,2.5879,1.9218411979141252,1,1,3,5,5.1758,10,0.1322,0.01,0.6481,0.305,0.0374,0.0091,0.0004,-2,16
38,4,adama traoré|west ham,Adama Traoré,West Ham,MID,15.0,0.021247,0.027862,1.124821,1,0.6649,1.10932771983756,0,0,1,1,1.3298,2,0.0341,0.0016,0.966,0.0245,0.0084,0.0011,0.0,-2,14
38,4,adrien truffert|bournemouth,Adrien Truffert,Bournemouth,DEF,90.0,0.03492,0.102714,3.517001,1,3.5596,2.937115564631395,1,1,6,8,7.1192,16,0.1162,0.0078,0.5213,0.326,0.1184,0.0309,0.0034,-4,19
38,4,alejandro garnacho|chelsea,Alejandro Garnacho,Chelsea,MID,15.0,0.044947,0.053285,1.357923,1,0.8609,1.5153056424365348,0,0,1,1,1.7218,2,0.0674,0.0052,0.9328,0.0463,0.0179,0.0029,0.0001,-2,16
38,4,alejandro jiménez|bournemouth,Alejandro Jiménez,Bournemouth,DEF,90.0,0.041902,0.075072,2.57354,1,2.7334,2.813134273368408,0,1,5,6,5.4668,12,0.0996,0.0045,0.6493,0.2603,0.0703,0.0192,0.0009,-3,21
38,4,alex iwobi|fulham,Alex Iwobi,Fulham,MID,90.0,0.062328,0.143711,2.907953,1,2.9256,1.948451857244618,2,2,3,6,5.8512,12,0.1664,0.0138,0.6394,0.2832,0.0663,0.0102,0.0009,-1,17
38,4,alex murphy|newcastle united,Alex Murphy,Newcastle United,DEF,0.0,0.0,0.0,0.0,1,0.0,0.0,0,0,0,0,0.0,0,0.0,0.0,1.0,0.0,0.0,0.0,0.0,0,0
38,4,alex scott|bournemouth,Alex Scott,Bournemouth,MID,90.0,0.103151,0.107652,3.878228,1,3.8343,2.4630151258163235,2,2,5,7,7.6686,14,0.1736,0.017,0.3957,0.4756,0.087,0.0382,0.0035,-1,21
38,4,alex tóth|bournemouth,Alex Tóth,Bournemouth,MID,0.0,0.0,0.0,0.0,1,0.0,0.0,0,0,0,0,0.0,0,0.0,0.0,1.0,0.0,0.0,0.0,0.0,0,0
38,4,alexander isak|liverpool,Alexander Isak,Liverpool,FWD,75.0,0.420788,0.083756,3.859653,1,3.9192,3.2824185229796643,1,2,6,8,7.8384,16,0.3673,0.0842,0.6333,0.1556,0.1372,0.0649,0.009,-2,25
38,4,alexis mac allister|liverpool,Alexis Mac Allister,Liverpool,MID,75.0,0.135402,0.05435,2.969194,1,2.9187,2.477638050644202,1,2,3,7,5.8374,14,0.1625,0.015,0.6373,0.2465,0.0897,0.0237,0.0028,-2,24
38,4,alisson|liverpool,Alisson,Liverpool,GK,0.0,0.0,0.0,0.0,1,0.0,0.0,0,0,0,0,0.0,0,0.0,0.0,1.0,0.0,0.0,0.0,0.0,0,0
38,4,alphonse areola|west ham,Alphonse Areola,West Ham,GK,0.0,0.0,0.0,0.0,1,0.0,0.0,0,0,0,0,0.0,0,0.0,0.0,1.0,0.0,0.0,0.0,0.0,0,0
38,4,altay bayindir|manchester united,Altay Bayindir,Manchester United,GK,0.0,0.0,0.0,0.0,1,0.0,0.0,0,0,0,0,0.0,0,0.0,0.0,1.0,0.0,0.0,0.0,0.0,0,0
38,4,alysson edward|aston villa,Alysson Edward,Aston Villa,FWD,0.0,0.0,0.0,0.0,1,0.0,0.0,0,0,0,0,0.0,0,0.0,0.0,1.0,0.0,0.0,0.0,0.0,0,0
38,4,amad diallo traore|manchester united,Amad Diallo Traore,Manchester United,MID,30.0,0.054106,0.051602,1.382029,1,0.872,1.566849067396091,0,0,1,1,1.744,2,0.0666,0.0051,0.9333,0.0429,0.0204,0.003,0.0004,-2,18
38,4,amadou onana|aston villa,Amadou Onana,Aston Villa,MID,75.0,0.063753,0.016695,2.806052,1,2.7194,1.9614442739981168,1,2,4,5,5.4388,10,0.0717,0.0037,0.6595,0.2825,0.0421,0.0148,0.0011,-2,17
38,4,amine adli|bournemouth,Amine Adli,Bournemouth,MID,15.0,0.036333,0.017339,1.195352,1,0.7292,1.2858722176017336,0,0,1,1,1.4584,2,0.0398,0.0019,0.9601,0.023,0.0155,0.0014,0.0,-2,14
38,4,andrew robertson|liverpool,Andrew Robertson,Liverpool,DEF,15.0,0.018496,0.019201,1.124225,1,0.4667,1.1111665536723108,0,0,1,1,0.9334,2,0.0275,0.0012,0.9731,0.0154,0.0105,0.0009,0.0001,-4,22
38,4,andrey santos|chelsea,Andrey Santos,Chelsea,MID,60.0,0.070015,0.033491,2.568782,1,1.8804,2.1362808429604945,0,0,3,4,3.7608,8,0.0757,0.0043,0.7421,0.2045,0.0423,0.0101,0.001,-1,18
38,4,andrés garcía|aston villa,Andrés García,Aston Villa,DEF,0.0,0.0,0.0,0.0,1,0.0,0.0,0,0,0,0,0.0,0,0.0,0.0,1.0,0.0,0.0,0.0,0.0,0,0
38,4,andré|wolverhampton wanderers,André,Wolverhampton Wanderers,MID,75.0,0.016221,0.034725,2.639561,1,2.5252,1.662698096468508,1,1,3,5,5.0504,10,0.0453,0.0016,0.5755,0.4,0.0203,0.004,0.0002,-2,16
38,4,andy irving|west ham,Andy Irving,West Ham,MID,0.0,0.0,0.0,0.0,1,0.0,0.0,0,0,0,0,0.0,0,0.0,0.0,1.0,0.0,0.0,0.0,0.0,0,0
38,4,angel gomes|wolverhampton wanderers,Angel Gomes,Wolverhampton Wanderers,MID,60.0,0.025422,0.038854,2.410368,1,1.6498,1.6300183925342682,0,0,2,3,3.2996,6,0.0503,0.0008,0.7833,0.1936,0.0209,0.0022,0.0,-1,13
38,4,angus gunn|nottingham forest,Angus Gunn,Nottingham Forest,GK,0.0,0.0,0.0,0.0,1,0.0,0.0,0,0,0,0,0.0,0,0.0,0.0,1.0,0.0,0.0,0.0,0.0,0,0
38,4,anthony elanga|newcastle united,Anthony Elanga,Newcastle United,MID,60.0,0.050605,0.082735,2.68124,1,1.8802,2.0044570237348567,0,0,2,3,3.7604,6,0.0925,0.0071,0.7767,0.1773,0.0379,0.0076,0.0005,-1,17
38,4,anthony gordon|newcastle united,Anthony Gordon,Newcastle United,MID,75.0,0.280096,0.140353,3.82917,1,3.7942,3.3362323600133132,1,2,6,8,7.5884,16,0.3216,0.057,0.5756,0.2001,0.1601,0.0527,0.0115,-2,24
38,4,antoine semenyo|manchester city,Antoine Semenyo,Manchester City,MID,90.0,0.33113,0.096772,4.253669,1,4.2347,3.374465277640296,2,2,6,9,8.4694,18,0.3027,0.0521,0.4468,0.3037,0.1739,0.0591,0.0165,-1,26
38,4,anton stach|leeds,Anton Stach,Leeds,MID,90.0,0.063815,0.192956,3.511891,1,3.4849,2.2912380910765253,2,2,5,7,6.9698,14,0.205,0.0235,0.4801,0.4133,0.0795,0.026,0.0011,-1,18
38,4,antonee robinson|fulham,Antonee Robinson,Fulham,DEF,90.0,0.006338,0.0636,2.932503,1,2.9779,2.587472046225814,1,1,5,7,5.9558,14,0.0609,0.0017,0.6192,0.2786,0.0892,0.0124,0.0006,-3,16
38,4,antoni milambo|brentford,Antoni Milambo,Brentford,MID,0.0,0.0,0.0,0.0,1,0.0,0.0,0,0,0,0,0.0,0,0.0,0.0,1.0,0.0,0.0,0.0,0.0,0,0
38,4,ao tanaka|leeds,Ao Tanaka,Leeds,MID,60.0,0.055187,0.061484,2.676549,1,2.0024,2.20943301324118,0,0,3,5,4.0048,10,0.0856,0.0075,0.7315,0.2141,0.0414,0.0121,0.0009,-1,18
38,4,archie gray|tottenham,Archie Gray,Tottenham,MID,75.0,0.051525,0.096015,2.58971,1,2.484,1.9005641267792044,1,1,3,5,4.968,10,0.1255,0.0081,0.6807,0.2634,0.0464,0.0092,0.0003,-2,18
38,4,armando broja|burnley,Armando Broja,Burnley,FWD,60.0,0.143045,0.043811,2.663719,1,1.9384,2.216259335005721,0,0,2,6,3.8768,12,0.1267,0.0121,0.8732,0.0628,0.053,0.0101,0.0009,-1,18
38,4,arnaud kalimuendo muinga|nottingham forest,Arnaud Kalimuendo Muinga,Nottingham Forest,FWD,0.0,0.0,0.0,0.0,1,0.0,0.0,0,0,0,0,0.0,0,0.0,0.0,1.0,0.0,0.0,0.0,0.0,0,0
38,4,arthur masuaku|sunderland,Arthur Masuaku,Sunderland,FWD,0.0,0.0,0.0,0.0,1,0.0,0.0,0,0,0,0,0.0,0,0.0,0.0,1.0,0.0,0.0,0.0,0.0,0,0
38,4,ashley barnes|burnley,Ashley Barnes,Burnley,FWD,15.0,0.095926,0.0,1.344343,1,0.8628,1.6000550490530006,0,0,1,1,1.7256,2,0.0646,0.007,0.9354,0.0443,0.0141,0.006,0.0002,-2,16
38,4,axel disasi|west ham,Axel Disasi,West Ham,DEF,90.0,0.093121,0.000226,3.205718,1,3.2809,3.0803888050049784,1,1,6,7,6.5618,14,0.0786,0.0035,0.6256,0.2387,0.1016,0.0293,0.0048,-4,20
38,4,axel tuanzebe|burnley,Axel Tuanzebe,Burnley,DEF,75.0,0.045614,0.0,3.451579,1,3.2632,2.9023310906924453,1,1,6,8,6.5264,16,0.0393,0.0007,0.571,0.2847,0.1238,0.0177,0.0028,-3,20
38,4,ayden heaven|manchester united,Ayden Heaven,Manchester United,DEF,15.0,0.00247,0.004723,0.955348,1,0.2343,0.6967090569240506,0,0,1,1,0.4686,2,0.0062,0.0,0.9934,0.0049,0.0017,0.0,0.0,-5,8
38,4,bafode diakite|bournemouth,Bafode Diakite,Bournemouth,DEF,0.0,0.0,0.0,0.0,1,0.0,0.0,0,0,0,0,0.0,0,0.0,0.0,1.0,0.0,0.0,0.0,0.0,0,0
38,4,bart verbruggen|brighton,Bart Verbruggen,Brighton,GK,90.0,0.0,0.001043,3.503571,1,3.2572,2.409947750470952,1,2,6,7,6.5144,14,0.0008,0.0,0.544,0.3011,0.1505,0.0044,0.0,-5,11
38,4,bashir humphreys|burnley,Bashir Humphreys,Burnley,DEF,15.0,0.005088,0.008583,0.946151,1,0.333,0.7753134849852672,0,0,1,1,0.666,2,0.0101,0.0002,0.99,0.0063,0.0036,0.0001,0.0,-4,10
38,4,ben davies|tottenham,Ben Davies,Tottenham,DEF,0.0,0.0,0.0,0.0,1,0.0,0.0,0,0,0,0,0.0,0,0.0,0.0,1.0,0.0,0.0,0.0,0.0,0,0
38,4,ben doak|bournemouth,Ben Doak,Bournemouth,FWD,0.0,0.0,0.0,0.0,1,0.0,0.0,0,0,0,0,0.0,0,0.0,0.0,1.0,0.0,0.0,0.0,0.0,0,0
38,4,ben white|arsenal,Ben White,Arsenal,DEF,15.0,0.00877,0.035419,1.128851,1,0.527,0.9678176481135277,0,0,1,1,1.054,2,0.0289,0.0014,0.971,0.0229,0.0056,0.0005,0.0,-3,12
38,4,ben winterburn|bournemouth,Ben Winterburn,Bournemouth,MID,0.0,0.0,0.0,0.0,1,0.0,0.0,0,0,0,0,0.0,0,0.0,0.0,1.0,0.0,0.0,0.0,0.0,0,0
38,4,bendito mantato|manchester united,Bendito Mantato,Manchester United,MID,0.0,0.0,0.0,0.0,1,0.0,0.0,0,0,0,0,0.0,0,0.0,0.0,1.0,0.0,0.0,0.0,0.0,0,0
38,4,benjamin sesko|manchester united,Benjamin Sesko,Manchester United,FWD,60.0,0.274837,0.016958,3.090245,1,2.3075,2.7665038857735227,0,0,2,7,4.615,14,0.1839,0.0286,0.8161,0.0773,0.0796,0.0246,0.0024,-1,21
38,4,benoit badiashile mukinayi|chelsea,Benoit Badiashile Mukinayi,Chelsea,DEF,0.0,0.0,0.0,0.0,1,0.0,0.0,0,0,0,0,0.0,0,0.0,0.0,1.0,0.0,0.0,0.0,0.0,0,0
38,4,bernardo silva|manchester city,Bernardo Silva,Manchester City,MID,75.0,0.064815,0.133357,2.832977,1,2.7494,2.1663793850570126,1,2,3,6,5.4988,12,0.1692,0.0165,0.6176,0.3075,0.0581,0.0158,0.001,-2,19
38,4,bernd leno|fulham,Bernd Leno,Fulham,GK,90.0,0.0,0.0,3.152042,1,2.8822,2.322568225047436,1,1,4,7,5.7644,14,0.0,0.0,0.6206,0.264,0.113,0.0024,0.0,-4,12
38,4,bertrand traoré|sunderland,Bertrand Traoré,Sunderland,MID,0.0,0.0,0.0,0.0,1,0.0,0.0,0,0,0,0,0.0,0,0.0,0.0,1.0,0.0,0.0,0.0,0.0,0,0
38,4,beto|everton,Beto,Everton,FWD,60.0,0.309821,0.022956,3.15547,1,2.3916,2.970126165670408,0,0,2,7,4.7832,14,0.2066,0.0382,0.7916,0.0889,0.0846,0.0312,0.0037,-1,21
38,4,borna sosa|crystal palace,Borna Sosa,Crystal Palace,DEF,0.0,0.0,0.0,0.0,1,0.0,0.0,0,0,0,0,0.0,0,0.0,0.0,1.0,0.0,0.0,0.0,0.0,0,0
38,4,boubacar kamara|aston villa,Boubacar Kamara,Aston Villa,MID,0.0,0.0,0.0,0.0,1,0.0,0.0,0,0,0,0,0.0,0,0.0,0.0,1.0,0.0,0.0,0.0,0.0,0,0
38,4,bradley burrowes|aston villa,Bradley Burrowes,Aston Villa,MID,0.0,0.0,0.0,0.0,1,0.0,0.0,0,0,0,0,0.0,0,0.0,0.0,1.0,0.0,0.0,0.0,0.0,0,0
38,4,brajan gruda|brighton,Brajan Gruda,Brighton,MID,0.0,0.0,0.0,0.0,1,0.0,0.0,0,0,0,0,0.0,0,0.0,0.0,1.0,0.0,0.0,0.0,0.0,0,0
38,4,brenden aaronson|leeds,Brenden Aaronson,Leeds,MID,75.0,0.107249,0.113386,3.130441,1,3.0459,2.3325079185288953,1,2,3,7,6.0918,14,0.1838,0.0188,0.6108,0.2812,0.083,0.0234,0.0016,-2,20
38,4,brennan johnson|crystal palace,Brennan Johnson,Crystal Palace,MID,75.0,0.085226,0.038006,2.555029,1,2.4373,1.9397599619540555,1,2,2,5,4.8746,10,0.1094,0.0065,0.7561,0.1731,0.0611,0.0088,0.0009,-2,17
38,4,brian brobbey|sunderland,Brian Brobbey,Sunderland,FWD,60.0,0.151739,0.043418,2.583897,1,1.9194,2.2807243673885718,0,0,2,6,3.8388,12,0.1368,0.015,0.8633,0.0699,0.0541,0.012,0.0007,-1,17
38,4,bruno fernandes|manchester united,Bruno Fernandes,Manchester United,MID,90.0,0.249426,0.365643,4.629249,1,4.6509,3.4885282269174778,2,2,7,9,9.3018,18,0.4161,0.1014,0.429,0.3131,0.159,0.0803,0.0186,-1,25
38,4,bruno guimarães|newcastle united,Bruno Guimarães,Newcastle United,MID,90.0,0.169425,0.124102,3.491582,1,3.5172,2.719835318544121,1,2,4,8,7.0344,16,0.2335,0.0288,0.5552,0.2893,0.1131,0.0381,0.0043,-1,19
38,4,bryan mbeumo|manchester united,Bryan Mbeumo,Manchester United,MID,80.0,0.212564,0.107388,3.424646,1,3.3001,2.8723579146756766,1,2,3,8,6.6002,16,0.2472,0.0367,0.6414,0.1954,0.1239,0.0326,0.0067,-2,20
38,4,bukayo saka|arsenal,Bukayo Saka,Arsenal,MID,90.0,0.342515,0.203222,4.724108,1,4.8702,3.644166840307946,2,2,7,10,9.7404,20,0.393,0.0886,0.3558,0.346,0.1898,0.0848,0.0236,-1,23
38,4,callum hudson-odoi|nottingham forest,Callum Hudson-Odoi,Nottingham Forest,MID,60.0,0.075318,0.156662,3.026973,1,2.1971,2.47767059755731,0,0,3,6,4.3942,12,0.1553,0.0209,0.7314,0.1894,0.0614,0.0164,0.0014,-1,22
38,4,callum marshall|west ham,Callum Marshall,West Ham,FWD,0.0,0.0,0.0,0.0,1,0.0,0.0,0,0,0,0,0.0,0,0.0,0.0,1.0,0.0,0.0,0.0,0.0,0,0
38,4,callum olusesi|tottenham,Callum Olusesi,Tottenham,DEF,0.0,0.0,0.0,0.0,1,0.0,0.0,0,0,0,0,0.0,0,0.0,0.0,1.0,0.0,0.0,0.0,0.0,0,0
38,4,callum wilson|west ham,Callum Wilson,West Ham,FWD,15.0,0.104433,0.012038,1.438848,1,0.948,1.682407798365188,0,0,1,1,1.896,2,0.0811,0.0067,0.9191,0.0594,0.0161,0.0053,0.0001,-2,15
38,4,calvin bassey|fulham,Calvin Bassey,Fulham,DEF,90.0,0.056952,0.008776,3.103012,1,3.1399,2.914846134875733,1,1,6,7,6.2798,14,0.0577,0.0019,0.5977,0.2725,0.1028,0.023,0.004,-3,21
38,4,caoimhin kelleher|brentford,Caoimhin Kelleher,Brentford,GK,90.0,0.0,0.003737,2.596876,1,2.2913,2.0655372932968312,0,1,3,6,4.5826,12,0.0026,0.0,0.7062,0.2212,0.0706,0.002,0.0,-3,12
38,4,carlos alcaraz|everton,Carlos Alcaraz,Everton,MID,15.0,0.011034,0.026272,1.068986,1,0.6176,0.9564362184693761,0,0,1,1,1.2352,2,0.0281,0.0011,0.972,0.0225,0.0049,0.0006,0.0,-2,12
38,4,carlos baleba|brighton,Carlos Baleba,Brighton,MID,60.0,0.025956,0.059432,2.280305,1,1.7045,1.8498593865480695,0,0,2,4,3.409,8,0.0623,0.0026,0.7627,0.2109,0.0224,0.0037,0.0003,-1,16
38,4,casemiro|manchester united,Casemiro,Manchester United,MID,75.0,0.116651,0.067295,3.12954,1,3.046,2.51298308788579,1,1,4,7,6.092,14,0.1526,0.0128,0.5754,0.3174,0.0769,0.0279,0.0024,-2,21
38,4,chadi riad|crystal palace,Chadi Riad,Crystal Palace,DEF,60.0,0.012526,0.036598,2.161625,1,1.5143,2.264949339389294,0,0,2,6,3.0286,12,0.0366,0.0013,0.8334,0.1293,0.0317,0.0052,0.0004,-3,15
38,4,charalampos kostoulas|brighton,Charalampos Kostoulas,Brighton,FWD,15.0,0.148698,0.06574,1.732015,1,1.2317,2.190756743684702,0,0,1,5,2.4634,10,0.1398,0.023,0.86,0.1001,0.0267,0.0121,0.0011,-2,20
38,4,chemsdine talbi|sunderland,Chemsdine Talbi,Sunderland,MID,75.0,0.114281,0.064532,2.782649,1,2.6895,2.243677728641081,1,2,3,6,5.379,12,0.1559,0.0125,0.7308,0.1701,0.0824,0.0148,0.0019,-2,22
38,4,chimuanya ugochukwu|burnley,Chimuanya Ugochukwu,Burnley,MID,90.0,0.12042,0.024555,3.073957,1,3.1149,2.279451247559377,2,2,3,7,6.2298,14,0.1278,0.0079,0.5711,0.3204,0.0843,0.0218,0.0024,-1,20
38,4,chris richards|crystal palace,Chris Richards,Crystal Palace,DEF,90.0,0.049707,0.013419,3.33281,1,3.3083,2.8248276248295223,1,1,5,8,6.6166,16,0.052,0.0015,0.5053,0.3514,0.1181,0.0223,0.0029,-4,22
38,4,chris rigg|sunderland,Chris Rigg,Sunderland,MID,15.0,0.014163,0.019248,1.106895,1,0.6365,0.9723002365524755,0,0,1,1,1.273,2,0.0234,0.001,0.9766,0.0161,0.0068,0.0005,0.0,-2,13
38,4,chris wood|nottingham forest,Chris Wood,Nottingham Forest,FWD,0.0,0.0,0.0,0.0,1,0.0,0.0,0,0,0,0,0.0,0,0.0,0.0,1.0,0.0,0.0,0.0,0.0,0,0
38,4,christantus uche|crystal palace,Christantus Uche,Crystal Palace,MID,0.0,0.0,0.0,0.0,1,0.0,0.0,0,0,0,0,0.0,0,0.0,0.0,1.0,0.0,0.0,0.0,0.0,0,0
38,4,christian nørgaard|arsenal,Christian Nørgaard,Arsenal,MID,0.0,0.0,0.0,0.0,1,0.0,0.0,0,0,0,0,0.0,0,0.0,0.0,1.0,0.0,0.0,0.0,0.0,0,0
38,4,cody gakpo|liverpool,Cody Gakpo,Liverpool,MID,75.0,0.292766,0.153885,4.1199,1,4.0676,3.448453311268691,1,2,6,9,8.1352,18,0.3342,0.0672,0.5106,0.2462,0.1654,0.0646,0.0132,-2,25
38,4,cole palmer|chelsea,Cole Palmer,Chelsea,MID,90.0,0.332218,0.116872,3.987602,1,4.1789,3.5053523061170333,1,2,7,9,8.3578,18,0.3373,0.0648,0.4983,0.2511,0.172,0.0615,0.0171,-1,29
38,4,conor bradley|liverpool,Conor Bradley,Liverpool,DEF,0.0,0.0,0.0,0.0,1,0.0,0.0,0,0,0,0,0.0,0,0.0,0.0,1.0,0.0,0.0,0.0,0.0,0,0
38,4,conor gallagher|tottenham,Conor Gallagher,Tottenham,MID,60.0,0.048471,0.034754,2.555237,1,1.8725,1.9880250878698689,0,0,3,4,3.745,8,0.0627,0.0032,0.739,0.2188,0.0336,0.0085,0.0001,-1,16
38,4,cristhian mosquera|arsenal,Cristhian Mosquera,Arsenal,DEF,75.0,0.01229,0.01513,3.557659,1,3.3419,2.7741312856460127,0,1,6,7,6.6838,14,0.0268,0.0004,0.5379,0.3233,0.1279,0.0098,0.0011,-4,21
38,4,cristian romero|tottenham,Cristian Romero,Tottenham,DEF,0.0,0.0,0.0,0.0,1,0.0,0.0,0,0,0,0,0.0,0,0.0,0.0,1.0,0.0,0.0,0.0,0.0,0,0
38,4,crysencio summerville|west ham,Crysencio Summerville,West Ham,MID,75.0,0.166971,0.165386,3.46925,1,3.4475,2.937863807258601,1,2,5,8,6.895,16,0.2687,0.0439,0.5713,0.269,0.1144,0.0378,0.0075,-2,25
38,4,curtis jones|liverpool,Curtis Jones,Liverpool,MID,15.0,0.018541,0.022582,1.140448,1,0.6753,1.0267764654490283,0,0,1,1,1.3506,2,0.0286,0.001,0.9714,0.0206,0.0074,0.0006,0.0,-2,14
38,4,daichi kamada|crystal palace,Daichi Kamada,Crystal Palace,MID,15.0,0.007313,0.011386,1.03739,1,0.594,0.7872509129877209,0,0,1,1,1.188,2,0.0142,0.0001,0.9857,0.0114,0.0028,0.0001,0.0,-2,13
38,4,dan ballard|sunderland,Dan Ballard,Sunderland,DEF,90.0,0.116705,0.069015,4.011378,1,3.9423,3.3455598500101598,1,2,6,9,7.8846,18,0.1479,0.0122,0.4056,0.3913,0.137,0.0538,0.0123,-3,24
38,4,dan burn|newcastle united,Dan Burn,Newcastle United,DEF,75.0,0.006326,0.014774,2.459006,1,2.2668,2.45434670737449,0,1,4,6,4.5336,12,0.017,0.0,0.6862,0.2425,0.066,0.0051,0.0002,-3,16
38,4,dan ndoye|nottingham forest,Dan Ndoye,Nottingham Forest,MID,60.0,0.040907,0.066635,2.592725,1,1.8699,1.9485312391645149,0,0,2,3,3.7398,6,0.077,0.0066,0.773,0.1895,0.0288,0.0083,0.0004,-1,18
38,4,dan neil|sunderland,Dan Neil,Sunderland,MID,0.0,0.0,0.0,0.0,1,0.0,0.0,0,0,0,0,0.0,0,0.0,0.0,1.0,0.0,0.0,0.0,0.0,0,0
38,4,dane scarlett|tottenham,Dane Scarlett,Tottenham,FWD,0.0,0.0,0.0,0.0,1,0.0,0.0,0,0,0,0,0.0,0,0.0,0.0,1.0,0.0,0.0,0.0,0.0,0,0
38,4,dango ouattara|brentford,Dango Ouattara,Brentford,MID,75.0,0.172399,0.140338,3.267143,1,3.2262,2.792961431885517,1,2,4,8,6.4524,16,0.249,0.0348,0.6584,0.1935,0.1093,0.0343,0.0045,-2,27
38,4,daniel james|leeds,Daniel James,Leeds,MID,15.0,0.010401,0.01176,1.065617,1,0.6212,0.8824457830371224,0,0,1,1,1.2424,2,0.0178,0.0003,0.9822,0.0119,0.0057,0.0002,0.0,-2,12
38,4,daniel muñoz|crystal palace,Daniel Muñoz,Crystal Palace,DEF,90.0,0.069175,0.118955,2.902751,1,2.9993,3.0466866445369796,0,1,5,7,5.9986,14,0.1545,0.0113,0.6118,0.2583,0.096,0.0298,0.0041,-3,22
38,4,danny welbeck|brighton,Danny Welbeck,Brighton,FWD,60.0,0.391322,0.057984,3.56543,1,2.7834,3.409293833039329,0,0,5,7,5.5668,14,0.2619,0.064,0.7381,0.1075,0.0973,0.0484,0.0087,-1,24
38,4,david brooks|bournemouth,David Brooks,Bournemouth,MID,15.0,0.058724,0.041253,1.319044,1,0.8498,1.6368384037527957,0,0,1,1,1.6996,2,0.0718,0.006,0.9283,0.0456,0.0224,0.0035,0.0002,-2,17
38,4,david møller wolfe|wolverhampton wanderers,David Møller Wolfe,Wolverhampton Wanderers,DEF,15.0,0.001052,0.019768,1.023,1,0.401,0.7464576344307827,0,0,1,1,0.802,2,0.0161,0.0005,0.9841,0.0151,0.0008,0.0,0.0,-4,9
38,4,david raya|arsenal,David Raya,Arsenal,GK,90.0,0.0,0.0,3.875509,1,3.6552,2.4227077743714776,1,2,6,7,7.3104,14,0.0,0.0,0.5247,0.3355,0.1391,0.0007,0.0,-3,11
38,4,dean henderson|crystal palace,Dean Henderson,Crystal Palace,GK,90.0,0.0,0.000108,3.105605,1,2.8701,2.2830300019929655,1,1,4,7,5.7402,14,0.0,0.0,0.5937,0.29,0.1134,0.0029,0.0,-4,12
38,4,declan rice|arsenal,Declan Rice,Arsenal,MID,90.0,0.087114,0.185914,3.921281,1,3.8341,2.4590602249640003,2,2,5,7,7.6682,14,0.2091,0.023,0.3684,0.5017,0.0931,0.0337,0.0031,-1,24
38,4,dennis cirkin|sunderland,Dennis Cirkin,Sunderland,DEF,15.0,0.069614,0.0,1.340296,1,0.5051,1.6813607554596959,0,0,1,1,1.0102,2,0.0468,0.0021,0.9532,0.0138,0.0293,0.0031,0.0006,-4,16
38,4,diego coppola|brighton,Diego Coppola,Brighton,DEF,0.0,0.0,0.0,0.0,1,0.0,0.0,0,0,0,0,0.0,0,0.0,0.0,1.0,0.0,0.0,0.0,0.0,0,0
38,4,diego gómez|brighton,Diego Gómez,Brighton,MID,0.0,0.0,0.0,0.0,1,0.0,0.0,0,0,0,0,0.0,0,0.0,0.0,1.0,0.0,0.0,0.0,0.0,0,0
38,4,dilane bakwa|nottingham forest,Dilane Bakwa,Nottingham Forest,MID,0.0,0.0,0.0,0.0,1,0.0,0.0,0,0,0,0,0.0,0,0.0,0.0,1.0,0.0,0.0,0.0,0.0,0,0
38,4,diogo dalot|manchester united,Diogo Dalot,Manchester United,DEF,90.0,0.056459,0.092883,2.719229,1,2.7957,2.889976039693063,0,1,5,7,5.5914,14,0.1234,0.0082,0.6756,0.2169,0.0808,0.0235,0.0032,-3,21
38,4,divine mukasa|manchester city,Divine Mukasa,Manchester City,MID,0.0,0.0,0.0,0.0,1,0.0,0.0,0,0,0,0,0.0,0,0.0,0.0,1.0,0.0,0.0,0.0,0.0,0,0
38,4,djed spence|tottenham,Djed Spence,Tottenham,DEF,75.0,0.024276,0.066722,2.965643,1,2.769,2.687906062346674,0,1,5,6,5.538,12,0.0818,0.003,0.6787,0.2371,0.0676,0.0155,0.0011,-4,21
38,4,djiamgone jocelin ta bi|sunderland,Djiamgone Jocelin Ta Bi,Sunderland,FWD,0.0,0.0,0.0,0.0,1,0.0,0.0,0,0,0,0,0.0,0,0.0,0.0,1.0,0.0,0.0,0.0,0.0,0,0
38,4,djordje petrovic|bournemouth,Djordje Petrovic,Bournemouth,GK,90.0,0.0,0.0,3.542897,1,3.2919,2.3852241802396685,1,2,6,7,6.5838,14,0.0,0.0,0.5165,0.3255,0.1543,0.0037,0.0,-3,11
38,4,dominic calvert-lewin|leeds,Dominic Calvert-Lewin,Leeds,FWD,90.0,0.424038,0.043285,3.686815,1,3.8964,3.1057474205092728,2,2,6,8,7.7928,16,0.344,0.0677,0.6562,0.1362,0.1436,0.0573,0.0067,-1,25
38,4,dominic solanke|tottenham,Dominic Solanke,Tottenham,FWD,90.0,0.331355,0.031362,3.268386,1,3.4118,2.7168034084195347,2,2,5,7,6.8236,14,0.274,0.0406,0.7155,0.1291,0.1172,0.0347,0.0035,-1,23
38,4,dominik szoboszlai|liverpool,Dominik Szoboszlai,Liverpool,MID,90.0,0.215268,0.191081,4.033339,1,4.0545,3.11828955518887,2,2,5,8,8.109,16,0.2997,0.052,0.4609,0.3347,0.1368,0.0574,0.0102,-1,24
38,4,donyell malen|aston villa,Donyell Malen,Aston Villa,MID,0.0,0.0,0.0,0.0,1,0.0,0.0,0,0,0,0,0.0,0,0.0,0.0,1.0,0.0,0.0,0.0,0.0,0,0
38,4,douglas luiz|aston villa,Douglas Luiz,Aston Villa,MID,90.0,0.072023,0.08325,3.1084,1,3.0705,2.109390848088614,1,2,4,5,6.141,10,0.1276,0.0094,0.5882,0.3343,0.058,0.018,0.0015,-1,21
38,4,dwight mcneil|everton,Dwight McNeil,Everton,MID,60.0,0.064943,0.104089,2.739793,1,2.0015,2.24693073992057,0,0,3,5,4.003,10,0.1166,0.0107,0.7442,0.1981,0.0454,0.0113,0.001,-1,18
38,4,eberechi eze|arsenal,Eberechi Eze,Arsenal,MID,60.0,0.129822,0.081351,3.24405,1,2.3531,2.6822043900493493,0,0,3,6,4.7062,12,0.142,0.0167,0.6507,0.2518,0.0744,0.0199,0.0032,-1,23
38,4,eddie nketiah|crystal palace,Eddie Nketiah,Crystal Palace,FWD,0.0,0.0,0.0,0.0,1,0.0,0.0,0,0,0,0,0.0,0,0.0,0.0,1.0,0.0,0.0,0.0,0.0,0,0
38,4,el hadji malick diouf|west ham,El Hadji Malick Diouf,West Ham,DEF,90.0,0.015741,0.145229,3.365683,1,3.4165,2.8402865612469457,1,1,6,7,6.833,14,0.1316,0.0094,0.5416,0.3244,0.1072,0.0255,0.0013,-3,18
38,4,eli junior kroupi|bournemouth,Eli Junior Kroupi,Bournemouth,FWD,60.0,0.251069,0.083248,2.987381,1,2.2062,2.773604434666198,0,0,2,6,4.4124,12,0.198,0.0348,0.8003,0.105,0.0665,0.0248,0.0034,-1,22
38,4,eliezer mayenda|sunderland,Eliezer Mayenda,Sunderland,FWD,15.0,0.039021,0.018033,1.178516,1,0.7154,1.1874354045589175,0,0,1,1,1.4308,2,0.0425,0.0023,0.9577,0.0335,0.0076,0.0011,0.0001,-2,16
38,4,elliot anderson|nottingham forest,Elliot Anderson,Nottingham Forest,MID,90.0,0.080305,0.11901,4.107735,1,3.9983,2.25519336421514,2,2,5,7,7.9966,14,0.1554,0.0111,0.2873,0.5952,0.0824,0.0333,0.0018,-1,18
38,4,emil krafth|newcastle united,Emil Krafth,Newcastle United,DEF,0.0,0.0,0.0,0.0,1,0.0,0.0,0,0,0,0,0.0,0,0.0,0.0,1.0,0.0,0.0,0.0,0.0,0,0
38,4,emile smith-rowe|fulham,Emile Smith-Rowe,Fulham,MID,75.0,0.152738,0.045552,3.091551,1,2.9976,2.47842575842005,1,2,3,7,5.9952,14,0.1656,0.016,0.6631,0.211,0.0996,0.0224,0.0039,-2,21
38,4,emiliano buendía|aston villa,Emiliano Buendía,Aston Villa,MID,75.0,0.092656,0.062437,2.621518,1,2.5928,2.1823354829173263,1,1,3,6,5.1856,12,0.136,0.0081,0.7217,0.1962,0.0666,0.0146,0.0009,-2,17
38,4,emiliano martinez|aston villa,Emiliano Martinez,Aston Villa,GK,90.0,0.0,0.0,2.350004,1,2.0565,2.011692757356351,0,1,3,6,4.113,12,0.0,0.0,0.7321,0.2104,0.0563,0.0012,0.0,-4,11
38,4,emmanuel agbadou|wolverhampton wanderers,Emmanuel Agbadou,Wolverhampton Wanderers,DEF,0.0,0.0,0.0,0.0,1,0.0,0.0,0,0,0,0,0.0,0,0.0,0.0,1.0,0.0,0.0,0.0,0.0,0,0
38,4,enes ünal|bournemouth,Enes Ünal,Bournemouth,FWD,0.0,0.0,0.0,0.0,1,0.0,0.0,0,0,0,0,0.0,0,0.0,0.0,1.0,0.0,0.0,0.0,0.0,0,0
38,4,enzo fernández|chelsea,Enzo Fernández,Chelsea,MID,90.0,0.253115,0.22841,3.991126,1,4.1074,3.3604263479505097,1,2,6,9,8.2148,18,0.351,0.0729,0.484,0.2902,0.15,0.063,0.0128,-1,24
38,4,enzo le fée|sunderland,Enzo Le Fée,Sunderland,MID,90.0,0.152288,0.221412,3.707974,1,3.7396,2.8364752493191263,2,2,5,8,7.4792,16,0.2825,0.0453,0.5231,0.3114,0.1166,0.0437,0.0052,-1,21
38,4,erling haaland|manchester city,Erling Haaland,Manchester City,FWD,90.0,0.787646,0.126152,5.38992,1,5.5823,4.178376085275235,2,2,7,12,11.1646,24,0.549,0.191,0.4518,0.189,0.1824,0.1379,0.0389,-1,28
38,4,estêvão|chelsea,Estêvão,Chelsea,MID,15.0,0.050043,0.036958,1.339425,1,0.8228,1.4718016714217985,0,0,1,1,1.6456,2,0.0566,0.0041,0.9435,0.035,0.0187,0.0026,0.0002,-2,17
38,4,ethan ampadu|leeds,Ethan Ampadu,Leeds,MID,90.0,0.05059,0.045361,3.289586,1,3.2265,1.9524338016946952,1,2,4,5,6.453,10,0.0802,0.004,0.4384,0.5025,0.0435,0.0144,0.0012,-1,19
38,4,ethan nwaneri|arsenal,Ethan Nwaneri,Arsenal,MID,0.0,0.0,0.0,0.0,1,0.0,0.0,0,0,0,0,0.0,0,0.0,0.0,1.0,0.0,0.0,0.0,0.0,0,0
38,4,ethan pinnock|brentford,Ethan Pinnock,Brentford,DEF,0.0,0.0,0.0,0.0,1,0.0,0.0,0,0,0,0,0.0,0,0.0,0.0,1.0,0.0,0.0,0.0,0.0,0,0
38,4,evanilson|bournemouth,Evanilson,Bournemouth,FWD,75.0,0.275195,0.065335,3.2219,1,3.2076,2.702240226182713,1,2,5,7,6.4152,14,0.2658,0.0417,0.7346,0.1271,0.1028,0.0318,0.0037,-2,21
38,4,evann guessand|crystal palace,Evann Guessand,Crystal Palace,MID,15.0,0.016841,0.011049,1.10235,1,0.6444,0.9840470720448286,0,0,1,1,1.2888,2,0.021,0.0007,0.979,0.0124,0.0081,0.0005,0.0,-2,13
38,4,ezra mayers|west ham,Ezra Mayers,West Ham,DEF,0.0,0.0,0.0,0.0,1,0.0,0.0,0,0,0,0,0.0,0,0.0,0.0,1.0,0.0,0.0,0.0,0.0,0,0
38,4,ezri konsa ngoyo|aston villa,Ezri Konsa Ngoyo,Aston Villa,DEF,90.0,0.020912,0.00959,1.785453,1,1.804,2.1487168263873206,0,1,2,6,3.608,12,0.0262,0.0005,0.8259,0.1297,0.04,0.004,0.0004,-4,17
38,4,fabian schär|newcastle united,Fabian Schär,Newcastle United,DEF,0.0,0.0,0.0,0.0,1,0.0,0.0,0,0,0,0,0.0,0,0.0,0.0,1.0,0.0,0.0,0.0,0.0,0,0
38,4,fabio carvalho|brentford,Fabio Carvalho,Brentford,MID,0.0,0.0,0.0,0.0,1,0.0,0.0,0,0,0,0,0.0,0,0.0,0.0,1.0,0.0,0.0,0.0,0.0,0,0
38,4,facundo buonanotte|leeds,Facundo Buonanotte,Leeds,MID,0.0,0.0,0.0,0.0,1,0.0,0.0,0,0,0,0,0.0,0,0.0,0.0,1.0,0.0,0.0,0.0,0.0,0,0
38,4,federico chiesa|liverpool,Federico Chiesa,Liverpool,MID,15.0,0.116915,0.086812,1.806682,1,1.2467,2.2746074628383686,0,0,1,4,2.4934,8,0.1295,0.0189,0.8708,0.0738,0.0419,0.0122,0.0013,-2,20
38,4,ferdi kadioglu|brighton,Ferdi Kadioglu,Brighton,DEF,90.0,0.077451,0.04882,3.04383,1,3.1455,3.017106188055038,0,1,6,7,6.291,14,0.105,0.0068,0.6447,0.2284,0.095,0.0284,0.0035,-3,24
38,4,fernando lópez|wolverhampton wanderers,Fernando López,Wolverhampton Wanderers,FWD,0.0,0.0,0.0,0.0,1,0.0,0.0,0,0,0,0,0.0,0,0.0,0.0,1.0,0.0,0.0,0.0,0.0,0,0
38,4,filip jorgensen|chelsea,Filip Jorgensen,Chelsea,GK,0.0,0.0,0.0,0.0,1,0.0,0.0,0,0,0,0,0.0,0,0.0,0.0,1.0,0.0,0.0,0.0,0.0,0,0
38,4,florentino luís|burnley,Florentino Luís,Burnley,MID,60.0,0.036491,0.01637,2.709449,1,2.0866,2.0431104815941796,0,0,3,5,4.1732,10,0.0377,0.0007,0.6438,0.3251,0.0229,0.0082,0.0,-1,14
38,4,florian wirtz|liverpool,Florian Wirtz,Liverpool,MID,90.0,0.254473,0.18834,4.09729,1,4.1802,3.1776607685528675,2,2,6,9,8.3604,18,0.33,0.0629,0.4664,0.3037,0.158,0.0614,0.0105,-1,22
38,4,frank onyeka|brentford,Frank Onyeka,Brentford,MID,0.0,0.0,0.0,0.0,1,0.0,0.0,0,0,0,0,0.0,0,0.0,0.0,1.0,0.0,0.0,0.0,0.0,0,0
38,4,freddie potts|west ham,Freddie Potts,West Ham,MID,75.0,0.010624,0.072952,2.565418,1,2.4583,1.51098018186871,1,2,3,4,4.9166,8,0.0763,0.0032,0.6647,0.3098,0.0224,0.0031,0.0,-2,14
38,4,gabriel gudmundsson|leeds,Gabriel Gudmundsson,Leeds,DEF,90.0,0.015146,0.110474,2.984259,1,3.1142,2.7049507130445094,1,1,6,7,6.2284,14,0.1039,0.006,0.6156,0.2815,0.0831,0.0188,0.001,-3,18
38,4,gabriel jesus|arsenal,Gabriel Jesus,Arsenal,FWD,15.0,0.121312,0.00425,1.404665,1,0.9175,1.7473104332087068,0,0,1,1,1.835,2,0.0828,0.0088,0.9174,0.0603,0.0154,0.0068,0.0001,-2,20
38,4,gabriel martinelli|arsenal,Gabriel Martinelli,Arsenal,MID,30.0,0.119316,0.045866,1.647521,1,1.0308,1.9895354633682707,0,0,1,1,2.0616,2,0.0939,0.0096,0.9061,0.0512,0.0353,0.0068,0.0006,-2,19
38,4,gabriel|arsenal,Gabriel,Arsenal,DEF,90.0,0.085644,0.082238,4.644397,1,4.6788,3.365357419353849,1,2,6,9,9.3576,18,0.1379,0.0104,0.3823,0.3691,0.1809,0.0549,0.0128,-3,26
38,4,george earthy|west ham,George Earthy,West Ham,MID,0.0,0.0,0.0,0.0,1,0.0,0.0,0,0,0,0,0.0,0,0.0,0.0,1.0,0.0,0.0,0.0,0.0,0,0
38,4,george hemmings|aston villa,George Hemmings,Aston Villa,MID,0.0,0.0,0.0,0.0,1,0.0,0.0,0,0,0,0,0.0,0,0.0,0.0,1.0,0.0,0.0,0.0,0.0,0,0
38,4,georginio rutter|brighton,Georginio Rutter,Brighton,MID,30.0,0.05697,0.065939,1.429332,1,0.9016,1.6049664918620576,0,0,1,1,1.8032,2,0.0803,0.0054,0.9197,0.0566,0.0208,0.0028,0.0001,-2,16
38,4,gianluigi donnarumma|manchester city,Gianluigi Donnarumma,Manchester City,GK,90.0,0.0,0.0,3.771982,1,3.5577,2.504490109782828,1,2,6,7,7.1154,14,0.0,0.0,0.4925,0.3381,0.1664,0.003,0.0,-2,12
38,4,giorgi mamardashvili|liverpool,Giorgi Mamardashvili,Liverpool,GK,0.0,0.0,0.0,0.0,1,0.0,0.0,0,0,0,0,0.0,0,0.0,0.0,1.0,0.0,0.0,0.0,0.0,0,0
38,4,granit xhaka|sunderland,Granit Xhaka,Sunderland,MID,90.0,0.028268,0.16248,3.363745,1,3.2875,2.030232437431734,2,2,4,6,6.575,12,0.155,0.0124,0.5109,0.4122,0.0614,0.015,0.0005,-1,18
38,4,guglielmo vicario|tottenham,Guglielmo Vicario,Tottenham,GK,90.0,0.0,0.001493,3.669992,1,3.4229,2.410571631377089,1,2,6,7,6.8458,14,0.0012,0.0,0.5175,0.3172,0.1625,0.0028,0.0,-2,13
38,4,guido rodríguez|west ham,Guido Rodríguez,West Ham,MID,0.0,0.0,0.0,0.0,1,0.0,0.0,0,0,0,0,0.0,0,0.0,0.0,1.0,0.0,0.0,0.0,0.0,0,0
38,4,habib diarra|sunderland,Habib Diarra,Sunderland,MID,75.0,0.14739,0.019293,2.642315,1,2.5668,2.383220040197715,1,1,2,7,5.1336,14,0.1423,0.0103,0.7665,0.1193,0.0969,0.0154,0.0019,-2,20
38,4,hamed junior traore|bournemouth,Hamed Junior Traore,Bournemouth,MID,0.0,0.0,0.0,0.0,1,0.0,0.0,0,0,0,0,0.0,0,0.0,0.0,1.0,0.0,0.0,0.0,0.0,0,0
38,4,hannibal mejbri|burnley,Hannibal Mejbri,Burnley,MID,60.0,0.029012,0.121103,2.464256,1,1.7947,2.0157261495550434,0,0,2,5,3.5894,10,0.1078,0.0085,0.7654,0.1978,0.0298,0.0064,0.0006,-1,17
38,4,harrison armstrong|everton,Harrison Armstrong,Everton,MID,15.0,0.010861,0.003785,1.050661,1,0.5962,0.7399632153019501,0,0,1,1,1.1924,2,0.009,0.0001,0.991,0.0056,0.0033,0.0001,0.0,-2,12
38,4,harrison reed|fulham,Harrison Reed,Fulham,MID,15.0,0.141236,0.158991,2.156488,1,1.5358,2.685203597494983,0,0,1,6,3.0716,12,0.1802,0.0366,0.8202,0.1064,0.0507,0.0195,0.0032,-2,23
38,4,harry howell|brighton,Harry Howell,Brighton,MID,0.0,0.0,0.0,0.0,1,0.0,0.0,0,0,0,0,0.0,0,0.0,0.0,1.0,0.0,0.0,0.0,0.0,0,0
38,4,harry maguire|manchester united,Harry Maguire,Manchester United,DEF,90.0,0.045729,0.033358,2.711084,1,2.7434,2.7323536447539145,0,1,4,7,5.4868,14,0.0633,0.0022,0.6601,0.2346,0.0871,0.0159,0.0023,-4,19
38,4,harry wilson|fulham,Harry Wilson,Fulham,MID,90.0,0.211398,0.142549,3.511239,1,3.58,2.934518699889302,1,2,5,8,7.16,16,0.2641,0.0419,0.5855,0.2387,0.1278,0.0397,0.0083,-1,24
38,4,harvey barnes|newcastle united,Harvey Barnes,Newcastle United,MID,60.0,0.1923,0.082735,3.3899,1,2.5515,3.067791999142054,0,0,3,8,5.103,16,0.184,0.0272,0.7069,0.1523,0.1049,0.0293,0.0066,-1,23
38,4,harvey elliott|aston villa,Harvey Elliott,Aston Villa,MID,0.0,0.0,0.0,0.0,1,0.0,0.0,0,0,0,0,0.0,0,0.0,0.0,1.0,0.0,0.0,0.0,0.0,0,0
38,4,hee-chan hwang|wolverhampton wanderers,Hee-Chan Hwang,Wolverhampton Wanderers,MID,30.0,0.148287,0.031679,1.739269,1,1.1105,2.138665413289325,0,0,1,4,2.221,8,0.1011,0.0094,0.8989,0.0467,0.0461,0.0076,0.0007,-2,19
38,4,hjalmar ekdal|burnley,Hjalmar Ekdal,Burnley,DEF,15.0,0.006006,0.003103,1.018562,1,0.3832,0.7171873953158964,0,0,1,1,0.7664,2,0.0063,0.0,0.9926,0.0039,0.0033,0.0002,0.0,-3,10
38,4,hugo bueno|wolverhampton wanderers,Hugo Bueno,Wolverhampton Wanderers,DEF,90.0,0.031782,0.157382,3.682272,1,3.7825,3.0296524140567676,1,1,6,8,7.565,16,0.1605,0.0137,0.523,0.3198,0.1178,0.0351,0.0043,-3,29
38,4,hugo ekitike|liverpool,Hugo Ekitike,Liverpool,FWD,0.0,0.0,0.0,0.0,1,0.0,0.0,0,0,0,0,0.0,0,0.0,0.0,1.0,0.0,0.0,0.0,0.0,0,0
38,4,hákon valdimarsson|brentford,Hákon Valdimarsson,Brentford,GK,0.0,0.0,0.0,0.0,1,0.0,0.0,0,0,0,0,0.0,0,0.0,0.0,1.0,0.0,0.0,0.0,0.0,0,0
38,4,ian maatsen|aston villa,Ian Maatsen,Aston Villa,DEF,60.0,0.033165,0.066092,1.842828,1,1.3271,2.2609965922132655,0,0,2,5,2.6542,10,0.0684,0.0048,0.849,0.1079,0.0331,0.0092,0.0008,-4,18
38,4,ibrahim sangare|nottingham forest,Ibrahim Sangare,Nottingham Forest,MID,75.0,0.041579,0.062436,2.642433,1,2.58,1.9170289512680814,1,1,3,5,5.16,10,0.0959,0.0055,0.6533,0.2926,0.043,0.0105,0.0006,-2,17
38,4,ibrahima konaté|liverpool,Ibrahima Konaté,Liverpool,DEF,90.0,0.0573,0.022705,3.734324,1,3.8294,3.018492279267913,1,1,6,8,7.6588,16,0.0651,0.0028,0.464,0.3547,0.1459,0.0299,0.0055,-4,21
38,4,idrissa gueye|everton,Idrissa Gueye,Everton,MID,90.0,0.080864,0.07139,3.092655,1,3.0362,2.053068328137181,2,2,3,6,6.0724,12,0.1225,0.0075,0.5787,0.3407,0.063,0.0165,0.0011,-1,23
38,4,igor jesus|nottingham forest,Igor Jesus,Nottingham Forest,FWD,75.0,0.15945,0.084916,2.7931,1,2.7271,2.1990965394907063,1,2,2,6,5.4542,12,0.2017,0.0222,0.7988,0.1159,0.0691,0.0155,0.0007,-2,21
38,4,igor julio|west ham,Igor Julio,West Ham,DEF,0.0,0.0,0.0,0.0,1,0.0,0.0,0,0,0,0,0.0,0,0.0,0.0,1.0,0.0,0.0,0.0,0.0,0,0
38,4,ilia gruev|leeds,Ilia Gruev,Leeds,MID,60.0,0.01913,0.043016,2.258165,1,1.615,1.622582817609012,0,0,2,3,3.23,6,0.0482,0.002,0.8049,0.1751,0.0171,0.0027,0.0002,-1,16
38,4,iliman ndiaye|everton,Iliman Ndiaye,Everton,MID,90.0,0.190115,0.114518,3.865821,1,3.8976,2.8777620193476734,2,2,5,8,7.7952,16,0.2362,0.0312,0.47,0.3519,0.1204,0.0503,0.0074,-1,22
38,4,ismaila sarr|crystal palace,Ismaila Sarr,Crystal Palace,MID,30.0,0.142392,0.018569,1.707911,1,1.1113,2.0997886346011114,0,0,1,1,2.2226,2,0.0959,0.0091,0.904,0.0427,0.0452,0.0076,0.0005,-2,19
38,4,issa diop|fulham,Issa Diop,Fulham,DEF,15.0,0.001056,0.000245,0.917787,1,0.2528,0.6045594759823056,0,0,1,1,0.5056,2,0.0009,0.0,0.9991,0.0001,0.0008,0.0,0.0,-3,9
38,4,iyenoma destiny udogie|tottenham,Iyenoma Destiny Udogie,Tottenham,DEF,30.0,0.004778,0.027877,0.962937,1,0.3826,0.8555800605437225,0,0,1,1,0.7652,2,0.0214,0.0004,0.9795,0.0173,0.0032,0.0,0.0,-4,9
38,4,jack fletcher|manchester united,Jack Fletcher,Manchester United,MID,0.0,0.0,0.0,0.0,1,0.0,0.0,0,0,0,0,0.0,0,0.0,0.0,1.0,0.0,0.0,0.0,0.0,0,0
38,4,jack grealish|everton,Jack Grealish,Everton,MID,0.0,0.0,0.0,0.0,1,0.0,0.0,0,0,0,0,0.0,0,0.0,0.0,1.0,0.0,0.0,0.0,0.0,0,0
38,4,jack harrison|leeds,Jack Harrison,Leeds,MID,0.0,0.0,0.0,0.0,1,0.0,0.0,0,0,0,0,0.0,0,0.0,0.0,1.0,0.0,0.0,0.0,0.0,0,0
38,4,jack hinshelwood|brighton,Jack Hinshelwood,Brighton,MID,80.0,0.255258,0.123754,3.926126,1,3.839,3.2430662959612775,1,2,5,8,7.678,16,0.2917,0.0476,0.5349,0.2537,0.1482,0.0515,0.0117,-2,29
38,4,jackson tchatchoua|wolverhampton wanderers,Jackson Tchatchoua,Wolverhampton Wanderers,DEF,0.0,0.0,0.0,0.0,1,0.0,0.0,0,0,0,0,0.0,0,0.0,0.0,1.0,0.0,0.0,0.0,0.0,0,0
38,4,jacob bruun larsen|burnley,Jacob Bruun Larsen,Burnley,FWD,30.0,0.100742,0.036573,1.494478,1,0.9611,1.6146166077431507,0,0,1,1,1.9222,2,0.0857,0.006,0.9145,0.0673,0.0145,0.0036,0.0001,-2,15
38,4,jacob murphy|newcastle united,Jacob Murphy,Newcastle United,MID,30.0,0.055666,0.088644,1.504262,1,0.9227,1.650734597080948,0,0,1,1,1.8454,2,0.0876,0.008,0.9131,0.0643,0.0181,0.0042,0.0003,-2,17
38,4,jacob ramsey|newcastle united,Jacob Ramsey,Newcastle United,MID,60.0,0.050605,0.041367,2.295035,1,1.6637,1.893938306809385,0,0,2,3,3.3274,6,0.0666,0.004,0.8105,0.1527,0.03,0.0064,0.0004,-1,20
38,4,jadon sancho|aston villa,Jadon Sancho,Aston Villa,MID,0.0,0.0,0.0,0.0,1,0.0,0.0,0,0,0,0,0.0,0,0.0,0.0,1.0,0.0,0.0,0.0,0.0,0,0
38,4,jaidon anthony|burnley,Jaidon Anthony,Burnley,MID,90.0,0.185647,0.145636,3.645948,1,3.6926,2.827703173955852,2,2,5,8,7.3852,16,0.2579,0.0351,0.5091,0.3216,0.123,0.0402,0.0061,-1,23
38,4,jair|nottingham forest,Jair,Nottingham Forest,DEF,0.0,0.0,0.0,0.0,1,0.0,0.0,0,0,0,0,0.0,0,0.0,0.0,1.0,0.0,0.0,0.0,0.0,0,0
38,4,jaka bijol|leeds,Jaka Bijol,Leeds,DEF,15.0,0.004749,0.006573,0.961398,1,0.3222,0.7959818842159664,0,0,1,1,0.6444,2,0.0097,0.0001,0.9905,0.0058,0.0034,0.0003,0.0,-4,14
38,4,jake o'brien|everton,Jake O'Brien,Everton,DEF,90.0,0.015579,0.023048,2.893265,1,2.9638,2.5475654181983236,1,1,6,6,5.9276,12,0.0344,0.0009,0.6503,0.2567,0.083,0.0089,0.0011,-4,21
38,4,jamaal lascelles|newcastle united,Jamaal Lascelles,Newcastle United,DEF,0.0,0.0,0.0,0.0,1,0.0,0.0,0,0,0,0,0.0,0,0.0,0.0,1.0,0.0,0.0,0.0,0.0,0,0
38,4,jamaldeen jimoh|aston villa,Jamaldeen Jimoh,Aston Villa,MID,0.0,0.0,0.0,0.0,1,0.0,0.0,0,0,0,0,0.0,0,0.0,0.0,1.0,0.0,0.0,0.0,0.0,0,0
38,4,james garner|everton,James Garner,Everton,MID,90.0,0.039024,0.129865,3.615265,1,3.5608,2.0925829398138562,2,2,4,6,7.1216,12,0.1428,0.0119,0.4001,0.5126,0.0665,0.0196,0.0012,-1,17
38,4,james hill|bournemouth,James Hill,Bournemouth,DEF,90.0,0.046437,0.055167,4.020343,1,4.0462,2.97292205750504,1,2,6,8,8.0924,16,0.086,0.0034,0.3778,0.414,0.1665,0.038,0.0037,-3,20
38,4,james justin|leeds,James Justin,Leeds,DEF,75.0,0.053847,0.066524,3.037343,1,2.9357,3.0112398625815247,0,1,5,7,5.8714,14,0.102,0.0063,0.6214,0.2558,0.0946,0.0238,0.0044,-3,24
38,4,james mcatee|nottingham forest,James McAtee,Nottingham Forest,MID,0.0,0.0,0.0,0.0,1,0.0,0.0,0,0,0,0,0.0,0,0.0,0.0,1.0,0.0,0.0,0.0,0.0,0,0
38,4,james milner|brighton,James Milner,Brighton,MID,15.0,0.004503,0.01234,0.999535,1,0.5616,0.7351227380512726,0,0,1,1,1.1232,2,0.0128,0.0,0.9872,0.0109,0.0019,0.0,0.0,-2,9
38,4,james rowswell|tottenham,James Rowswell,Tottenham,MID,0.0,0.0,0.0,0.0,1,0.0,0.0,0,0,0,0,0.0,0,0.0,0.0,1.0,0.0,0.0,0.0,0.0,0,0
38,4,james tarkowski|everton,James Tarkowski,Everton,DEF,90.0,0.051661,0.045861,3.917026,1,3.9443,3.0141329615662276,1,2,6,8,7.8886,16,0.0835,0.0035,0.4001,0.4023,0.1585,0.0339,0.0052,-3,23
38,4,james trafford|manchester city,James Trafford,Manchester City,GK,0.0,0.0,0.0,0.0,1,0.0,0.0,0,0,0,0,0.0,0,0.0,0.0,1.0,0.0,0.0,0.0,0.0,0,0
38,4,james ward-prowse|burnley,James Ward-Prowse,Burnley,MID,30.0,0.006943,0.11126,1.338495,1,0.8116,1.264478327216406,0,0,1,1,1.6232,2,0.0732,0.0054,0.927,0.0657,0.0065,0.0008,0.0,-2,12
38,4,jamie bynoe-gittens|chelsea,Jamie Bynoe-Gittens,Chelsea,MID,0.0,0.0,0.0,0.0,1,0.0,0.0,0,0,0,0,0.0,0,0.0,0.0,1.0,0.0,0.0,0.0,0.0,0,0
38,4,jan paul van hecke|brighton,Jan Paul van Hecke,Brighton,DEF,90.0,0.090913,0.043881,3.627892,1,3.682,3.2574032602672944,1,1,6,8,7.364,16,0.114,0.0068,0.515,0.3051,0.1315,0.0414,0.007,-3,25
38,4,jarrad branthwaite|everton,Jarrad Branthwaite,Everton,DEF,90.0,0.03481,0.015544,3.184836,1,3.2238,2.741005939431726,1,1,6,7,6.4476,14,0.0403,0.0011,0.5644,0.309,0.1095,0.0151,0.002,-4,17
38,4,jarrod bowen|west ham,Jarrod Bowen,West Ham,FWD,90.0,0.282132,0.236155,3.709254,1,3.8025,2.9207693763801346,2,2,6,8,7.605,16,0.3623,0.0767,0.6147,0.2151,0.1137,0.0515,0.005,-1,20
38,4,jaydee canvot|crystal palace,Jaydee Canvot,Crystal Palace,DEF,15.0,0.011099,0.001378,0.99714,1,0.2697,0.8806599286898433,0,0,1,1,0.5394,2,0.0096,0.0,0.9888,0.0054,0.0054,0.0004,0.0,-4,10
38,4,jayden bogle|leeds,Jayden Bogle,Leeds,DEF,75.0,0.03021,0.08593,2.85529,1,2.7267,2.724703123277837,0,1,5,6,5.4534,12,0.1014,0.0052,0.6785,0.231,0.0715,0.0181,0.0009,-3,18
38,4,jaydon banel|burnley,Jaydon Banel,Burnley,FWD,0.0,0.0,0.0,0.0,1,0.0,0.0,0,0,0,0,0.0,0,0.0,0.0,1.0,0.0,0.0,0.0,0.0,0,0
38,4,jean-clair todibo|west ham,Jean-Clair Todibo,West Ham,DEF,15.0,0.003187,0.00344,0.966476,1,0.319,0.6903904692273787,0,0,1,1,0.638,2,0.0058,0.0,0.9942,0.0036,0.0022,0.0,0.0,-3,9
38,4,jean-philippe mateta|crystal palace,Jean-Philippe Mateta,Crystal Palace,FWD,30.0,0.119269,0.008115,1.448085,1,0.8968,1.6339980905741598,0,0,1,1,1.7936,2,0.0738,0.0067,0.9263,0.0548,0.0138,0.0049,0.0002,-2,16
38,4,jean-ricner bellegarde|wolverhampton wanderers,Jean-Ricner Bellegarde,Wolverhampton Wanderers,MID,60.0,0.034285,0.064586,2.432653,1,1.6951,1.8233858587803078,0,0,2,3,3.3902,6,0.0688,0.0041,0.7766,0.1953,0.0221,0.0057,0.0003,-1,15
38,4,jefferson lerma|crystal palace,Jefferson Lerma,Crystal Palace,MID,0.0,0.0,0.0,0.0,1,0.0,0.0,0,0,0,0,0.0,0,0.0,0.0,1.0,0.0,0.0,0.0,0.0,0,0
38,4,jenson seelt|sunderland,Jenson Seelt,Sunderland,DEF,0.0,0.0,0.0,0.0,1,0.0,0.0,0,0,0,0,0.0,0,0.0,0.0,1.0,0.0,0.0,0.0,0.0,0,0
38,4,jeremie frimpong|liverpool,Jeremie Frimpong,Liverpool,DEF,60.0,0.032834,0.148738,3.362106,1,2.4395,3.0536436841910684,0,0,5,6,4.879,12,0.1218,0.0138,0.7108,0.1941,0.0665,0.0249,0.0037,-3,20
38,4,jhon arias|wolverhampton wanderers,Jhon Arias,Wolverhampton Wanderers,MID,0.0,0.0,0.0,0.0,1,0.0,0.0,0,0,0,0,0.0,0,0.0,0.0,1.0,0.0,0.0,0.0,0.0,0,0
38,4,joachim andersen|fulham,Joachim Andersen,Fulham,DEF,90.0,0.044596,0.025368,3.683609,1,3.6626,2.8624746706302924,1,2,6,8,7.3252,16,0.0575,0.0022,0.4381,0.3925,0.1391,0.0267,0.0036,-3,20
38,4,joe knight|brighton,Joe Knight,Brighton,MID,0.0,0.0,0.0,0.0,1,0.0,0.0,0,0,0,0,0.0,0,0.0,0.0,1.0,0.0,0.0,0.0,0.0,0,0
38,4,joe rodon|leeds,Joe Rodon,Leeds,DEF,90.0,0.032801,0.022524,3.351762,1,3.4436,2.762031687001436,1,1,6,7,6.8872,14,0.0472,0.0011,0.5326,0.3286,0.1172,0.0192,0.0024,-3,18
38,4,joe willock|newcastle united,Joe Willock,Newcastle United,MID,30.0,0.032893,0.047277,1.186406,1,0.7023,1.256373634712222,0,0,1,1,1.4046,2,0.0521,0.0025,0.9479,0.0404,0.0108,0.0009,0.0,-2,14
38,4,joe worrall|burnley,Joe Worrall,Burnley,DEF,15.0,0.002811,0.0,0.980156,1,0.3665,0.6410754635766369,0,0,1,1,0.733,2,0.0019,0.0,0.9944,0.0042,0.0013,0.0001,0.0,-3,10
38,4,joelinton|newcastle united,Joelinton,Newcastle United,MID,60.0,0.055666,0.059096,2.409021,1,1.8275,2.1021759560036832,0,0,2,4,3.655,8,0.0828,0.0051,0.7545,0.1987,0.0377,0.0089,0.0002,-1,17
38,4,john mcginn|aston villa,John McGinn,Aston Villa,MID,60.0,0.041295,0.082773,2.396302,1,1.689,1.8710101549697695,0,0,2,3,3.378,6,0.0863,0.006,0.849,0.1154,0.0296,0.0059,0.0001,-1,16
38,4,john stones|manchester city,John Stones,Manchester City,DEF,0.0,0.0,0.0,0.0,1,0.0,0.0,0,0,0,0,0.0,0,0.0,0.0,1.0,0.0,0.0,0.0,0.0,0,0
38,4,john victor|nottingham forest,John Victor,Nottingham Forest,GK,0.0,0.0,0.0,0.0,1,0.0,0.0,0,0,0,0,0.0,0,0.0,0.0,1.0,0.0,0.0,0.0,0.0,0,0
38,4,jonah kusi-asare|fulham,Jonah Kusi-Asare,Fulham,FWD,0.0,0.0,0.0,0.0,1,0.0,0.0,0,0,0,0,0.0,0,0.0,0.0,1.0,0.0,0.0,0.0,0.0,0,0
38,4,jordan henderson|brentford,Jordan Henderson,Brentford,MID,60.0,0.009355,0.059902,2.114112,1,1.4648,1.4898191031128576,0,0,2,3,2.9296,6,0.0473,0.0019,0.8666,0.1231,0.0088,0.0015,0.0,-1,14
38,4,jordan pickford|everton,Jordan Pickford,Everton,GK,90.0,0.0,0.000799,3.38196,1,3.1473,2.3780249599194705,1,1,6,7,6.2946,14,0.0004,0.0,0.5572,0.3067,0.1335,0.0026,0.0,-4,12
38,4,jorge cuenca|fulham,Jorge Cuenca,Fulham,DEF,0.0,0.0,0.0,0.0,1,0.0,0.0,0,0,0,0,0.0,0,0.0,0.0,1.0,0.0,0.0,0.0,0.0,0,0
38,4,jorrel hato|chelsea,Jorrel Hato,Chelsea,DEF,15.0,0.006353,0.012227,0.966318,1,0.3575,0.8026791077385782,0,0,1,1,0.715,2,0.0143,0.0002,0.9861,0.01,0.0039,0.0,0.0,-4,9
38,4,joseph gomez|liverpool,Joseph Gomez,Liverpool,DEF,90.0,0.029692,0.168314,3.440964,1,3.6115,3.0181729158548887,1,1,6,7,7.223,14,0.1685,0.0128,0.5108,0.3357,0.1166,0.0333,0.0036,-3,21
38,4,josh acheampong|chelsea,Josh Acheampong,Chelsea,DEF,15.0,0.010149,0.004941,1.017238,1,0.392,0.859032013373192,0,0,1,1,0.784,2,0.009,0.0003,0.9909,0.0028,0.0058,0.0003,0.0002,-4,15
38,4,josh cullen|burnley,Josh Cullen,Burnley,MID,0.0,0.0,0.0,0.0,1,0.0,0.0,0,0,0,0,0.0,0,0.0,0.0,1.0,0.0,0.0,0.0,0.0,0,0
38,4,josh laurent|burnley,Josh Laurent,Burnley,MID,15.0,0.007225,0.007688,0.999188,1,0.5451,0.7296341480495551,0,0,1,1,1.0902,2,0.0095,0.0,0.9902,0.0069,0.0029,0.0,0.0,-2,9
38,4,joshua king|fulham,Joshua King,Fulham,MID,0.0,0.0,0.0,0.0,1,0.0,0.0,0,0,0,0,0.0,0,0.0,0.0,1.0,0.0,0.0,0.0,0.0,0,0
38,4,joshua zirkzee|manchester united,Joshua Zirkzee,Manchester United,FWD,15.0,0.080565,0.023158,1.331734,1,0.8488,1.5028434915186613,0,0,1,1,1.6976,2,0.0717,0.0055,0.9284,0.0573,0.011,0.0033,0.0,-2,14
38,4,josko gvardiol|manchester city,Josko Gvardiol,Manchester City,DEF,0.0,0.0,0.0,0.0,1,0.0,0.0,0,0,0,0,0.0,0,0.0,0.0,1.0,0.0,0.0,0.0,0.0,0,0
38,4,josé sá|wolverhampton wanderers,José Sá,Wolverhampton Wanderers,GK,90.0,0.0,0.0,3.74135,1,3.5004,2.429362023248079,1,2,6,7,7.0008,14,0.0,0.0,0.5081,0.3202,0.1682,0.0035,0.0,-2,12
38,4,jota silva|nottingham forest,Jota Silva,Nottingham Forest,MID,0.0,0.0,0.0,0.0,1,0.0,0.0,0,0,0,0,0.0,0,0.0,0.0,1.0,0.0,0.0,0.0,0.0,0,0
38,4,joão gomes|wolverhampton wanderers,João Gomes,Wolverhampton Wanderers,MID,90.0,0.040278,0.071538,3.443365,1,3.3724,1.9492352962123376,1,2,4,5,6.7448,10,0.0968,0.0047,0.3989,0.5384,0.0474,0.0146,0.0007,-1,18
38,4,joão palhinha|tottenham,João Palhinha,Tottenham,MID,75.0,0.115911,0.025262,3.21308,1,3.154,2.4950519032677456,1,2,4,7,6.308,14,0.1236,0.0091,0.5229,0.3768,0.067,0.0296,0.0037,-2,19
38,4,joão pedro|chelsea,João Pedro,Chelsea,FWD,90.0,0.523483,0.11189,4.177075,1,4.3941,3.569143481285111,1,2,7,9,8.7882,18,0.4353,0.1132,0.5638,0.1841,0.1524,0.083,0.0167,-1,25
38,4,joél drakes-thomas|crystal palace,Joél Drakes-Thomas,Crystal Palace,FWD,0.0,0.0,0.0,0.0,1,0.0,0.0,0,0,0,0,0.0,0,0.0,0.0,1.0,0.0,0.0,0.0,0.0,0,0
38,4,joël piroe|leeds,Joël Piroe,Leeds,FWD,15.0,0.074209,0.020386,1.336328,1,0.8453,1.4757939930762694,0,0,1,1,1.6906,2,0.0637,0.0057,0.9364,0.0481,0.0114,0.004,0.0001,-2,16
38,4,joël veltman|brighton,Joël Veltman,Brighton,DEF,90.0,0.087458,0.026492,3.483509,1,3.5426,3.223536139087012,0,1,6,8,7.0852,16,0.0941,0.0052,0.4991,0.3187,0.1377,0.0378,0.0067,-3,21
38,4,julio soler|bournemouth,Julio Soler,Bournemouth,DEF,0.0,0.0,0.0,0.0,1,0.0,0.0,0,0,0,0,0.0,0,0.0,0.0,1.0,0.0,0.0,0.0,0.0,0,0
38,4,jun'ai byfield|tottenham,Jun'ai Byfield,Tottenham,DEF,0.0,0.0,0.0,0.0,1,0.0,0.0,0,0,0,0,0.0,0,0.0,0.0,1.0,0.0,0.0,0.0,0.0,0,0
38,4,jurriën timber|arsenal,Jurriën Timber,Arsenal,DEF,0.0,0.0,0.0,0.0,1,0.0,0.0,0,0,0,0,0.0,0,0.0,0.0,1.0,0.0,0.0,0.0,0.0,0,0
38,4,justin devenny|crystal palace,Justin Devenny,Crystal Palace,MID,0.0,0.0,0.0,0.0,1,0.0,0.0,0,0,0,0,0.0,0,0.0,0.0,1.0,0.0,0.0,0.0,0.0,0,0
38,4,justin kluivert|bournemouth,Justin Kluivert,Bournemouth,MID,0.0,0.0,0.0,0.0,1,0.0,0.0,0,0,0,0,0.0,0,0.0,0.0,1.0,0.0,0.0,0.0,0.0,0,0
38,4,jéremy doku|manchester city,Jéremy Doku,Manchester City,MID,60.0,0.11565,0.207887,3.513101,1,2.5512,2.870153055152286,0,0,3,7,5.1024,14,0.1986,0.0332,0.6364,0.255,0.0775,0.0269,0.0042,-1,23
38,4,jørgen strand larsen|crystal palace,Jørgen Strand Larsen,Crystal Palace,FWD,75.0,0.147547,0.016738,2.488579,1,2.4394,1.9523646278295457,1,2,2,6,4.8788,12,0.1414,0.0107,0.8586,0.0702,0.0618,0.0091,0.0003,-2,17
38,4,kaden rodney|crystal palace,Kaden Rodney,Crystal Palace,MID,0.0,0.0,0.0,0.0,1,0.0,0.0,0,0,0,0,0.0,0,0.0,0.0,1.0,0.0,0.0,0.0,0.0,0,0
38,4,kai havertz|arsenal,Kai Havertz,Arsenal,FWD,0.0,0.0,0.0,0.0,1,0.0,0.0,0,0,0,0,0.0,0,0.0,0.0,1.0,0.0,0.0,0.0,0.0,0,0
38,4,kaoru mitoma|brighton,Kaoru Mitoma,Brighton,MID,75.0,0.198769,0.189396,3.642713,1,3.5482,3.0271565469925736,1,2,5,8,7.0964,16,0.2959,0.0534,0.5707,0.2592,0.1172,0.0459,0.007,-2,26
38,4,karl darlow|leeds,Karl Darlow,Leeds,GK,90.0,0.0,0.000309,3.473825,1,3.2682,2.3661928830930075,1,2,6,7,6.5364,14,0.0005,0.0,0.5375,0.3127,0.1476,0.0022,0.0,-2,11
38,4,keane lewis-potter|brentford,Keane Lewis-Potter,Brentford,DEF,15.0,0.016153,0.016618,1.080107,1,0.228,1.0512925377838462,0,0,0,1,0.456,2,0.0243,0.0006,0.977,0.0144,0.0082,0.0004,0.0,-4,11
38,4,kenny tete|fulham,Kenny Tete,Fulham,DEF,75.0,0.035078,0.044914,2.961945,1,2.8047,2.7578901192759657,0,1,4,7,5.6094,14,0.0738,0.0028,0.6474,0.25,0.0839,0.0165,0.0022,-4,21
38,4,kevin danso|tottenham,Kevin Danso,Tottenham,DEF,90.0,0.017007,0.004398,3.915865,1,4.018,2.741947483085699,1,2,6,8,8.036,16,0.0214,0.0002,0.3256,0.447,0.2083,0.0161,0.003,-3,20
38,4,kevin schade|brentford,Kevin Schade,Brentford,MID,75.0,0.205145,0.074032,3.094055,1,3.052,2.809536616597121,1,1,3,7,6.104,14,0.228,0.0282,0.6986,0.1439,0.1233,0.0299,0.0043,-2,20
38,4,kevin|fulham,Kevin,Fulham,MID,60.0,0.098383,0.05653,2.802309,1,2.0147,2.3318413132115143,0,0,2,5,4.0294,10,0.1087,0.0097,0.7604,0.1659,0.0591,0.0135,0.0011,-1,20
38,4,ki-jana hoever|wolverhampton wanderers,Ki-Jana Hoever,Wolverhampton Wanderers,DEF,15.0,0.0,0.013859,0.998964,1,0.3841,0.6605809488624388,0,0,1,1,0.7682,2,0.0098,0.0002,0.9899,0.0099,0.0002,0.0,0.0,-4,9
38,4,kieran trippier|newcastle united,Kieran Trippier,Newcastle United,DEF,15.0,0.001265,0.016251,0.988724,1,0.3002,0.7250379024575199,0,0,1,1,0.6004,2,0.0122,0.0004,0.9884,0.0105,0.0011,0.0,0.0,-4,9
38,4,kiernan dewsbury-hall|everton,Kiernan Dewsbury-Hall,Everton,MID,90.0,0.13882,0.192721,3.282622,1,3.3336,2.654827873893146,1,2,4,7,6.6672,14,0.254,0.0341,0.5794,0.284,0.1014,0.0317,0.0035,-1,26
38,4,kobbie mainoo|manchester united,Kobbie Mainoo,Manchester United,MID,90.0,0.011121,0.056828,2.717669,1,2.633,1.3600408082112831,2,2,3,4,5.266,8,0.0555,0.0016,0.6541,0.3258,0.0186,0.0015,0.0,-1,12
38,4,konstantinos mavropanos|west ham,Konstantinos Mavropanos,West Ham,DEF,90.0,0.099088,0.011027,4.257671,1,4.2721,3.293912808499946,1,2,6,9,8.5442,18,0.0951,0.0045,0.3802,0.3865,0.1735,0.0488,0.011,-3,24
38,4,kristoffer ajer|brentford,Kristoffer Ajer,Brentford,DEF,90.0,0.029139,0.02836,2.627754,1,2.6138,2.511184891639801,0,1,4,6,5.2276,12,0.0506,0.0012,0.6141,0.2998,0.0716,0.0134,0.0011,-5,18
38,4,kyle walker-peters|west ham,Kyle Walker-Peters,West Ham,DEF,30.0,0.023372,0.008959,1.011435,1,0.4057,1.1220995989661522,0,0,1,1,0.8114,2,0.0214,0.0005,0.978,0.0098,0.0115,0.0004,0.0003,-3,16
38,4,kyle walker|burnley,Kyle Walker,Burnley,DEF,90.0,0.0,0.050561,2.768613,1,2.9031,2.516249270243312,0,1,6,6,5.8062,12,0.0416,0.0012,0.6304,0.2927,0.0707,0.0061,0.0001,-3,15
38,4,ladislav krejcí|wolverhampton wanderers,Ladislav Krejcí,Wolverhampton Wanderers,DEF,90.0,0.053148,0.044171,3.39411,1,3.4784,2.941110919363634,1,1,6,7,6.9568,14,0.0847,0.0041,0.5643,0.2975,0.1097,0.0244,0.0041,-3,19
38,4,lamare bogarde|aston villa,Lamare Bogarde,Aston Villa,MID,30.0,0.0,0.000937,0.816146,1,0.426,0.530022641025834,0,0,1,1,0.852,2,0.0007,0.0,0.9993,0.0007,0.0,0.0,0.0,-2,6
38,4,leandro trossard|arsenal,Leandro Trossard,Arsenal,MID,60.0,0.148555,0.099589,2.966246,1,2.1397,2.72631324502523,0,0,3,6,4.2794,12,0.1576,0.023,0.7394,0.162,0.0726,0.0233,0.0027,-1,21
38,4,leny yoro|manchester united,Leny Yoro,Manchester United,DEF,45.0,0.027922,0.010491,0.943696,1,0.734,1.7503268266241023,0,0,1,2,1.468,4,0.03,0.0007,0.9311,0.043,0.0214,0.0039,0.0006,-5,16
38,4,leon bailey|aston villa,Leon Bailey,Aston Villa,MID,60.0,0.031373,0.070361,2.376235,1,1.7479,1.859393877047034,0,0,2,4,3.4958,8,0.0734,0.0039,0.8242,0.1433,0.0271,0.0053,0.0001,-1,18
38,4,lewis cook|bournemouth,Lewis Cook,Bournemouth,DEF,15.0,0.001397,0.006256,0.978967,1,0.3381,0.6821938067734126,0,0,1,1,0.6762,2,0.006,0.0,0.9867,0.0123,0.001,0.0,0.0,-3,8
38,4,lewis dunk|brighton,Lewis Dunk,Brighton,DEF,0.0,0.0,0.0,0.0,1,0.0,0.0,0,0,0,0,0.0,0,0.0,0.0,1.0,0.0,0.0,0.0,0.0,0,0
38,4,lewis hall|newcastle united,Lewis Hall,Newcastle United,DEF,90.0,0.037954,0.088644,3.273188,1,3.2749,2.8567341475888157,1,1,6,7,6.5498,14,0.1039,0.0069,0.5718,0.2964,0.104,0.0257,0.0021,-3,20
38,4,lewis miley|newcastle united,Lewis Miley,Newcastle United,MID,60.0,0.055666,0.082735,2.738154,1,2.0163,2.1528665332528165,0,0,3,5,4.0326,10,0.0933,0.0056,0.7353,0.2111,0.0436,0.0096,0.0004,-1,16
38,4,liam delap|chelsea,Liam Delap,Chelsea,FWD,15.0,0.064869,0.00153,1.225732,1,0.7611,1.286245229340035,0,0,1,1,1.5222,2,0.0451,0.0027,0.955,0.0348,0.0081,0.002,0.0001,-2,16
38,4,lisandro martínez|manchester united,Lisandro Martínez,Manchester United,DEF,0.0,0.0,0.0,0.0,1,0.0,0.0,0,0,0,0,0.0,0,0.0,0.0,1.0,0.0,0.0,0.0,0.0,0,0
38,4,lorenzo lucca|nottingham forest,Lorenzo Lucca,Nottingham Forest,FWD,15.0,0.086455,0.008067,1.35502,1,0.8929,1.563595085052393,0,0,1,1,1.7858,2,0.0678,0.0063,0.9324,0.049,0.0136,0.005,0.0,-2,12
38,4,loum tchaouna|burnley,Loum Tchaouna,Burnley,MID,15.0,0.016049,0.011084,1.081832,1,0.6178,0.9360145084345648,0,0,1,1,1.2356,2,0.019,0.0006,0.981,0.013,0.0055,0.0005,0.0,-2,14
38,4,luca netz|nottingham forest,Luca Netz,Nottingham Forest,DEF,0.0,0.0,0.0,0.0,1,0.0,0.0,0,0,0,0,0.0,0,0.0,0.0,1.0,0.0,0.0,0.0,0.0,0,0
38,4,lucas bergvall|tottenham,Lucas Bergvall,Tottenham,MID,0.0,0.0,0.0,0.0,1,0.0,0.0,0,0,0,0,0.0,0,0.0,0.0,1.0,0.0,0.0,0.0,0.0,0,0
38,4,lucas digne|aston villa,Lucas Digne,Aston Villa,DEF,30.0,0.006831,0.026977,0.84999,1,0.0969,0.8951594215557361,-1,0,0,1,0.1938,2,0.0198,0.0001,0.9826,0.0147,0.0026,0.0001,0.0,-6,10
38,4,lucas paquetá|west ham,Lucas Paquetá,West Ham,MID,0.0,0.0,0.0,0.0,1,0.0,0.0,0,0,0,0,0.0,0,0.0,0.0,1.0,0.0,0.0,0.0,0.0,0,0
38,4,lucas perri|leeds,Lucas Perri,Leeds,GK,0.0,0.0,0.0,0.0,1,0.0,0.0,0,0,0,0,0.0,0,0.0,0.0,1.0,0.0,0.0,0.0,0.0,0,0
38,4,lucas pires|burnley,Lucas Pires,Burnley,DEF,0.0,0.0,0.0,0.0,1,0.0,0.0,0,0,0,0,0.0,0,0.0,0.0,1.0,0.0,0.0,0.0,0.0,0,0
38,4,luis guilherme|west ham,Luis Guilherme,West Ham,MID,0.0,0.0,0.0,0.0,1,0.0,0.0,0,0,0,0,0.0,0,0.0,0.0,1.0,0.0,0.0,0.0,0.0,0,0
38,4,lukas nmecha|leeds,Lukas Nmecha,Leeds,FWD,30.0,0.107918,0.026512,1.463767,1,0.9438,1.6583852266587522,0,0,1,1,1.8876,2,0.0838,0.0069,0.9165,0.0625,0.0164,0.0045,0.0001,-2,18
38,4,luke o'nien|sunderland,Luke O'Nien,Sunderland,MID,0.0,0.0,0.0,0.0,1,0.0,0.0,0,0,0,0,0.0,0,0.0,0.0,1.0,0.0,0.0,0.0,0.0,0,0
38,4,luke shaw|manchester united,Luke Shaw,Manchester United,DEF,90.0,0.010011,0.030163,2.204868,1,2.2747,2.3671586153023205,0,1,2,6,4.5494,12,0.0365,0.0007,0.7555,0.1874,0.0514,0.0054,0.0003,-3,20
38,4,lutsharel geertruida|sunderland,Lutsharel Geertruida,Sunderland,DEF,30.0,0.013279,0.017421,0.976563,1,0.2676,0.9318745838362585,0,0,1,1,0.5352,2,0.0187,0.0003,0.982,0.0124,0.0053,0.0003,0.0,-4,14
38,4,lyle foster|burnley,Lyle Foster,Burnley,FWD,15.0,0.046139,0.010758,1.151831,1,0.6862,1.1473140633671322,0,0,1,1,1.3724,2,0.0383,0.0012,0.9617,0.0308,0.0067,0.0008,0.0,-2,12
38,4,mads hermansen|west ham,Mads Hermansen,West Ham,GK,90.0,0.0,0.0,3.550584,1,3.2978,2.4051434801275366,1,2,6,7,6.5956,14,0.0,0.0,0.5243,0.3208,0.1519,0.003,0.0,-3,11
38,4,malick thiaw|newcastle united,Malick Thiaw,Newcastle United,DEF,90.0,0.151816,0.026593,3.979322,1,3.9693,3.5206189100781695,1,1,6,9,7.9386,18,0.1489,0.0119,0.4876,0.3014,0.1428,0.0539,0.0143,-3,23
38,4,malo gusto|chelsea,Malo Gusto,Chelsea,DEF,75.0,0.050747,0.123717,3.466053,1,3.2519,3.0871744994411965,0,1,6,7,6.5038,14,0.1514,0.0129,0.6141,0.2553,0.0921,0.0341,0.0044,-3,22
38,4,mamadou sarr|chelsea,Mamadou Sarr,Chelsea,DEF,0.0,0.0,0.0,0.0,1,0.0,0.0,0,0,0,0,0.0,0,0.0,0.0,1.0,0.0,0.0,0.0,0.0,0,0
38,4,manuel ugarte|manchester united,Manuel Ugarte,Manchester United,MID,15.0,0.00941,0.00129,1.002598,1,0.5611,0.7377443934046534,0,0,1,1,1.1222,2,0.0074,0.0,0.9902,0.0064,0.0034,0.0,0.0,-2,9
38,4,marc cucurella|chelsea,Marc Cucurella,Chelsea,DEF,90.0,0.052197,0.159854,3.740213,1,3.7959,3.1374580778075747,1,1,6,8,7.5918,16,0.1701,0.0179,0.5207,0.312,0.1222,0.0395,0.0056,-3,24
38,4,marc guehi|manchester city,Marc Guehi,Manchester City,DEF,90.0,0.14392,0.069268,4.606164,1,4.6454,3.637562211151859,1,2,7,9,9.2908,18,0.1683,0.0154,0.4175,0.3303,0.168,0.0669,0.0173,-3,29
38,4,marc guiu|chelsea,Marc Guiu,Chelsea,FWD,0.0,0.0,0.0,0.0,1,0.0,0.0,0,0,0,0,0.0,0,0.0,0.0,1.0,0.0,0.0,0.0,0.0,0,0
38,4,marco bizot|aston villa,Marco Bizot,Aston Villa,GK,0.0,0.0,0.0,0.0,1,0.0,0.0,0,0,0,0,0.0,0,0.0,0.0,1.0,0.0,0.0,0.0,0.0,0,0
38,4,marcos senesi|bournemouth,Marcos Senesi,Bournemouth,DEF,90.0,0.050282,0.112607,4.427105,1,4.4542,3.1507621871540863,1,2,7,9,8.9084,18,0.1342,0.009,0.3016,0.4449,0.1942,0.0503,0.009,-3,21
38,4,marcus edwards|burnley,Marcus Edwards,Burnley,MID,75.0,0.152303,0.164895,3.493948,1,3.3782,2.6898633348183325,1,2,4,8,6.7564,16,0.2555,0.035,0.5607,0.2924,0.1094,0.0337,0.0038,-2,21
38,4,marcus tavernier|bournemouth,Marcus Tavernier,Bournemouth,MID,90.0,0.334191,0.169021,4.342856,1,4.4664,3.5757895687526133,2,2,7,9,8.9328,18,0.3631,0.0748,0.4637,0.2655,0.1779,0.0751,0.0178,-1,25
38,4,marshall munetsi|wolverhampton wanderers,Marshall Munetsi,Wolverhampton Wanderers,MID,0.0,0.0,0.0,0.0,1,0.0,0.0,0,0,0,0,0.0,0,0.0,0.0,1.0,0.0,0.0,0.0,0.0,0,0
38,4,martin dubravka|burnley,Martin Dubravka,Burnley,GK,90.0,0.0,0.000232,4.054413,1,3.8222,2.471150978795104,1,2,6,7,7.6444,14,0.0,0.0,0.3991,0.384,0.2089,0.008,0.0,-2,12
38,4,martin odegaard|arsenal,Martin Odegaard,Arsenal,MID,75.0,0.059283,0.224399,3.343698,1,3.196,2.2624287834095465,1,2,3,6,6.392,12,0.2282,0.0295,0.5155,0.3883,0.0748,0.0196,0.0018,-2,18
38,4,martín zubimendi|arsenal,Martín Zubimendi,Arsenal,MID,90.0,0.072638,0.029193,2.999192,1,2.9377,1.8480851468479478,2,2,3,5,5.8754,10,0.077,0.0042,0.5213,0.4174,0.0469,0.0136,0.0008,-1,17
38,4,mason mount|manchester united,Mason Mount,Manchester United,MID,0.0,0.0,0.0,0.0,1,0.0,0.0,0,0,0,0,0.0,0,0.0,0.0,1.0,0.0,0.0,0.0,0.0,0,0
38,4,mateo kovacic|manchester city,Mateo Kovacic,Manchester City,MID,0.0,0.0,0.0,0.0,1,0.0,0.0,0,0,0,0,0.0,0,0.0,0.0,1.0,0.0,0.0,0.0,0.0,0,0
38,4,mateus fernandes|west ham,Mateus Fernandes,West Ham,MID,90.0,0.036423,0.119408,3.453808,1,3.3603,1.9985704666085706,2,2,4,6,6.7206,12,0.125,0.0088,0.441,0.4866,0.0569,0.0148,0.0007,-1,18
38,4,mateus mané|wolverhampton wanderers,Mateus Mané,Wolverhampton Wanderers,FWD,90.0,0.078101,0.122885,2.592247,1,2.6555,1.779893184997347,2,2,2,6,5.311,12,0.1692,0.0146,0.8306,0.1168,0.043,0.0093,0.0003,-1,15
38,4,matheus cunha|manchester united,Matheus Cunha,Manchester United,MID,80.0,0.150557,0.075683,3.127141,1,2.9978,2.496356376801998,1,2,3,7,5.9956,14,0.1803,0.0197,0.6689,0.207,0.0983,0.0225,0.0033,-2,20
38,4,matheus nunes|manchester city,Matheus Nunes,Manchester City,DEF,90.0,0.023704,0.079876,3.599526,1,3.6869,2.817138333486661,1,1,6,7,7.3738,14,0.0867,0.0049,0.5288,0.3331,0.1135,0.0228,0.0018,-3,19
38,4,mathias jensen|brentford,Mathias Jensen,Brentford,MID,75.0,0.038104,0.126238,2.412581,1,2.3692,1.84918667527105,1,1,2,5,4.7384,10,0.1457,0.011,0.7634,0.1896,0.0386,0.0082,0.0002,-2,15
38,4,mathys tel|tottenham,Mathys Tel,Tottenham,MID,60.0,0.090869,0.095486,2.996949,1,2.1585,2.401703093640011,0,0,3,5,4.317,10,0.1202,0.0134,0.7083,0.2186,0.056,0.0159,0.0012,-1,19
38,4,mats wieffer|brighton,Mats Wieffer,Brighton,MID,0.0,0.0,0.0,0.0,1,0.0,0.0,0,0,0,0,0.0,0,0.0,0.0,1.0,0.0,0.0,0.0,0.0,0,0
38,4,matt doherty|wolverhampton wanderers,Matt Doherty,Wolverhampton Wanderers,DEF,15.0,0.001052,0.002772,0.905347,1,0.3131,0.6098101261868321,0,0,1,1,0.6262,2,0.0036,0.0,0.9967,0.0027,0.0006,0.0,0.0,-3,9
38,4,matt o'riley|brighton,Matt O'Riley,Brighton,DEF,0.0,0.0,0.0,0.0,1,0.0,0.0,0,0,0,0,0.0,0,0.0,0.0,1.0,0.0,0.0,0.0,0.0,0,0
38,4,matthew cash|aston villa,Matthew Cash,Aston Villa,DEF,90.0,0.024131,0.064371,1.606982,1,1.6625,2.333536747085848,0,0,2,6,3.325,12,0.0758,0.0033,0.805,0.1474,0.0397,0.0078,0.0001,-4,17
38,4,matthijs de ligt|manchester united,Matthijs de Ligt,Manchester United,DEF,0.0,0.0,0.0,0.0,1,0.0,0.0,0,0,0,0,0.0,0,0.0,0.0,1.0,0.0,0.0,0.0,0.0,0,0
38,4,matz sels|nottingham forest,Matz Sels,Nottingham Forest,GK,0.0,0.0,0.0,0.0,1,0.0,0.0,0,0,0,0,0.0,0,0.0,0.0,1.0,0.0,0.0,0.0,0.0,0,0
38,4,max alleyne|manchester city,Max Alleyne,Manchester City,DEF,0.0,0.0,0.0,0.0,1,0.0,0.0,0,0,0,0,0.0,0,0.0,0.0,1.0,0.0,0.0,0.0,0.0,0,0
38,4,max dowman|arsenal,Max Dowman,Arsenal,MID,0.0,0.0,0.0,0.0,1,0.0,0.0,0,0,0,0,0.0,0,0.0,0.0,1.0,0.0,0.0,0.0,0.0,0,0
38,4,max kilman|west ham,Max Kilman,West Ham,DEF,15.0,0.010624,0.00199,1.00675,1,0.343,0.834236776940456,0,0,1,1,0.686,2,0.0085,0.0001,0.9912,0.0031,0.0056,0.0001,0.0,-4,10
38,4,maxence lacroix|crystal palace,Maxence Lacroix,Crystal Palace,DEF,90.0,0.066962,0.01948,3.547621,1,3.5842,3.0334980402169376,1,1,5,8,7.1684,16,0.0757,0.0036,0.4565,0.3751,0.1297,0.0316,0.0071,-4,23
38,4,maxim de cuyper|brighton,Maxim De Cuyper,Brighton,DEF,15.0,0.015902,0.042379,1.158518,1,0.4618,1.0993365089907638,0,0,1,1,0.9236,2,0.0404,0.0015,0.9611,0.0316,0.0065,0.0008,0.0,-4,12
38,4,maxime estève|burnley,Maxime Estève,Burnley,DEF,90.0,0.023782,0.026964,3.91792,1,3.9596,2.839501336502591,1,2,6,8,7.9192,16,0.0455,0.0011,0.4212,0.3908,0.1603,0.0249,0.0028,-4,21
38,4,melker ellborg|sunderland,Melker Ellborg,Sunderland,MID,0.0,0.0,0.0,0.0,1,0.0,0.0,0,0,0,0,0.0,0,0.0,0.0,1.0,0.0,0.0,0.0,0.0,0,0
38,4,merlin röhl|everton,Merlin Röhl,Everton,MID,15.0,0.010115,0.03728,1.142415,1,0.696,1.0582929651093784,0,0,1,1,1.392,2,0.0382,0.0014,0.9615,0.0331,0.0046,0.0007,0.0001,-2,15
38,4,michael kayode|brentford,Michael Kayode,Brentford,DEF,90.0,0.048166,0.045953,2.071974,1,2.1124,2.5747167300501235,0,1,2,6,4.2248,12,0.0803,0.0042,0.7539,0.1749,0.0581,0.0118,0.0013,-4,23
38,4,michael keane|everton,Michael Keane,Everton,DEF,90.0,0.086774,0.001951,4.009495,1,4.0147,3.150029191928227,1,2,6,8,8.0294,16,0.0741,0.0027,0.4137,0.382,0.1578,0.0366,0.0099,-3,24
38,4,micky van de ven|tottenham,Micky van de Ven,Tottenham,DEF,0.0,0.0,0.0,0.0,1,0.0,0.0,0,0,0,0,0.0,0,0.0,0.0,1.0,0.0,0.0,0.0,0.0,0,0
38,4,mike trésor|burnley,Mike Trésor,Burnley,FWD,0.0,0.0,0.0,0.0,1,0.0,0.0,0,0,0,0,0.0,0,0.0,0.0,1.0,0.0,0.0,0.0,0.0,0,0
38,4,mikel merino|arsenal,Mikel Merino,Arsenal,MID,0.0,0.0,0.0,0.0,1,0.0,0.0,0,0,0,0,0.0,0,0.0,0.0,1.0,0.0,0.0,0.0,0.0,0,0
38,4,mikkel damsgaard|brentford,Mikkel Damsgaard,Brentford,MID,75.0,0.066463,0.144134,2.800003,1,2.8005,2.2525762473221635,1,1,4,6,5.601,12,0.1839,0.0174,0.6546,0.2619,0.0649,0.0177,0.0009,-2,18
38,4,milos kerkez|liverpool,Milos Kerkez,Liverpool,DEF,75.0,0.093147,0.047326,3.346801,1,3.2262,3.2019421543806814,0,1,6,7,6.4524,14,0.1231,0.0082,0.6328,0.2279,0.0996,0.0336,0.0061,-4,21
38,4,mohamadou kanté|west ham,Mohamadou Kanté,West Ham,MID,0.0,0.0,0.0,0.0,1,0.0,0.0,0,0,0,0,0.0,0,0.0,0.0,1.0,0.0,0.0,0.0,0.0,0,0
38,4,mohamed salah|liverpool,Mohamed Salah,Liverpool,MID,0.0,0.0,0.0,0.0,1,0.0,0.0,0,0,0,0,0.0,0,0.0,0.0,1.0,0.0,0.0,0.0,0.0,0,0
38,4,mohammed kudus|tottenham,Mohammed Kudus,Tottenham,MID,0.0,0.0,0.0,0.0,1,0.0,0.0,0,0,0,0,0.0,0,0.0,0.0,1.0,0.0,0.0,0.0,0.0,0,0
38,4,moisés caicedo|chelsea,Moisés Caicedo,Chelsea,MID,90.0,0.052197,0.084628,3.659619,1,3.5731,2.0477442198673153,2,2,4,6,7.1462,12,0.1139,0.0087,0.348,0.5735,0.0578,0.0198,0.0009,-1,18
38,4,morato|nottingham forest,Morato,Nottingham Forest,DEF,30.0,0.025837,0.0,0.942554,1,0.3184,1.0660306937419766,0,0,1,1,0.6368,2,0.0148,0.0003,0.9818,0.0075,0.0101,0.0004,0.0002,-4,18
38,4,morgan gibbs-white|nottingham forest,Morgan Gibbs-White,Nottingham Forest,MID,90.0,0.346659,0.104164,4.153981,1,4.2709,3.4751853461362314,2,2,7,9,8.5418,18,0.3302,0.0614,0.5162,0.2156,0.1911,0.0585,0.0186,-1,26
38,4,morgan rogers|aston villa,Morgan Rogers,Aston Villa,MID,90.0,0.147354,0.105948,3.015517,1,3.0743,2.461377563479443,2,2,3,7,6.1486,14,0.2027,0.0226,0.7136,0.1574,0.1037,0.022,0.0033,-1,23
38,4,murillo|nottingham forest,Murillo,Nottingham Forest,DEF,90.0,0.022459,0.009985,3.219597,1,3.2177,2.655843879071208,1,1,5,7,6.4354,14,0.028,0.0005,0.5204,0.3509,0.1141,0.0133,0.0013,-3,23
38,4,myles lewis-skelly|arsenal,Myles Lewis-Skelly,Arsenal,DEF,0.0,0.0,0.0,0.0,1,0.0,0.0,0,0,0,0,0.0,0,0.0,0.0,1.0,0.0,0.0,0.0,0.0,0,0
38,4,myles peart-harris|brentford,Myles Peart-Harris,Brentford,MID,0.0,0.0,0.0,0.0,1,0.0,0.0,0,0,0,0,0.0,0,0.0,0.0,1.0,0.0,0.0,0.0,0.0,0,0
38,4,naif aguerd|west ham,Naif Aguerd,West Ham,DEF,15.0,0.006071,0.0,0.973456,1,0.3234,0.7373007798720953,0,0,1,1,0.6468,2,0.0045,0.0001,0.9955,0.0015,0.0027,0.0003,0.0,-4,14
38,4,nathan aké|manchester city,Nathan Aké,Manchester City,DEF,15.0,0.004537,0.013484,1.02201,1,0.4171,0.7616610729189198,0,0,1,1,0.8342,2,0.013,0.0001,0.9871,0.0103,0.0025,0.0001,0.0,-3,10
38,4,nathan collins|brentford,Nathan Collins,Brentford,DEF,15.0,0.010687,0.006892,0.99482,1,0.1693,0.9215408346893805,0,0,0,1,0.3386,2,0.0117,0.0004,0.9879,0.0067,0.0047,0.0006,0.0001,-5,15
38,4,nathan patterson|everton,Nathan Patterson,Everton,DEF,0.0,0.0,0.0,0.0,1,0.0,0.0,0,0,0,0,0.0,0,0.0,0.0,1.0,0.0,0.0,0.0,0.0,0,0
38,4,nathaniel clyne|crystal palace,Nathaniel Clyne,Crystal Palace,DEF,0.0,0.0,0.0,0.0,1,0.0,0.0,0,0,0,0,0.0,0,0.0,0.0,1.0,0.0,0.0,0.0,0.0,0,0
38,4,neco williams|nottingham forest,Neco Williams,Nottingham Forest,DEF,90.0,0.044331,0.1413,3.239955,1,3.2432,2.9329258019936337,1,1,6,7,6.4864,14,0.1462,0.011,0.5926,0.2773,0.0973,0.0303,0.0025,-4,24
38,4,nehemiah oriola|brighton,Nehemiah Oriola,Brighton,FWD,0.0,0.0,0.0,0.0,1,0.0,0.0,0,0,0,0,0.0,0,0.0,0.0,1.0,0.0,0.0,0.0,0.0,0,0
38,4,nick pope|newcastle united,Nick Pope,Newcastle United,GK,90.0,0.007591,0.0,3.531283,1,3.237,2.5074750248008453,1,2,5,7,6.474,14,0.0071,0.0,0.5348,0.3168,0.1375,0.0081,0.0028,-3,20
38,4,nick woltemade|newcastle united,Nick Woltemade,Newcastle United,FWD,30.0,0.09615,0.020684,1.416652,1,0.8973,1.5959801721825997,0,0,1,1,1.7946,2,0.0744,0.006,0.9259,0.0547,0.0149,0.0043,0.0002,-2,15
38,4,niclas füllkrug|west ham,Niclas Füllkrug,West Ham,FWD,0.0,0.0,0.0,0.0,1,0.0,0.0,0,0,0,0,0.0,0,0.0,0.0,1.0,0.0,0.0,0.0,0.0,0,0
38,4,nico gonzález|manchester city,Nico González,Manchester City,MID,15.0,0.004861,0.007409,0.981533,1,0.5432,0.7081904828504828,0,0,1,1,1.0864,2,0.0096,0.0001,0.9903,0.0073,0.0024,0.0,0.0,-2,8
38,4,nico o'reilly|manchester city,Nico O'Reilly,Manchester City,DEF,90.0,0.272626,0.117498,5.064766,1,5.1316,4.284399775931281,1,2,7,11,10.2632,22,0.2864,0.0437,0.426,0.2762,0.1658,0.0976,0.0344,-3,30
38,4,nicolás domínguez|nottingham forest,Nicolás Domínguez,Nottingham Forest,DEF,30.0,0.015961,0.048457,1.072001,1,0.4244,1.1481657720033287,0,0,1,1,0.8488,2,0.0405,0.0016,0.9588,0.032,0.0086,0.0006,0.0,-4,14
38,4,nicolò savona|nottingham forest,Nicolò Savona,Nottingham Forest,DEF,0.0,0.0,0.0,0.0,1,0.0,0.0,0,0,0,0,0.0,0,0.0,0.0,1.0,0.0,0.0,0.0,0.0,0,0
38,4,nikola milenkovic|nottingham forest,Nikola Milenkovic,Nottingham Forest,DEF,90.0,0.012955,0.001512,2.81724,1,2.8254,2.5129892240119136,0,1,5,6,5.6508,12,0.0126,0.0001,0.623,0.285,0.0842,0.0073,0.0005,-3,16
38,4,nilson angulo|sunderland,Nilson Angulo,Sunderland,FWD,0.0,0.0,0.0,0.0,1,0.0,0.0,0,0,0,0,0.0,0,0.0,0.0,1.0,0.0,0.0,0.0,0.0,0,0
38,4,noah okafor|leeds,Noah Okafor,Leeds,MID,75.0,0.170889,0.061611,3.092245,1,3.0196,2.6619195780488933,1,2,3,7,6.0392,14,0.1947,0.0208,0.6506,0.2103,0.1093,0.0259,0.0039,-2,22
38,4,noah sadiki|sunderland,Noah Sadiki,Sunderland,MID,60.0,0.026852,0.032272,2.268896,1,1.5919,1.5994856642058408,0,0,2,3,3.1838,6,0.0438,0.001,0.8436,0.1329,0.0209,0.0026,0.0,-1,13
38,4,noni madueke|arsenal,Noni Madueke,Arsenal,MID,5.0,0.006442,0.010036,1.058986,1,0.3304,0.608141299370467,0,0,1,1,0.6608,2,0.0056,0.0,0.9944,0.0043,0.0013,0.0,0.0,0,9
38,4,nordi mukiele|sunderland,Nordi Mukiele,Sunderland,DEF,90.0,0.065355,0.108539,3.429747,1,3.3993,3.085556596466835,1,1,5,8,6.7986,16,0.1467,0.0102,0.5138,0.3307,0.1145,0.0356,0.0054,-4,27
38,4,noussair mazraoui|manchester united,Noussair Mazraoui,Manchester United,DEF,75.0,0.011704,0.007757,2.240331,1,2.1274,2.4417553603913724,0,1,3,6,4.2548,12,0.0183,0.0003,0.7001,0.2332,0.0608,0.0056,0.0003,-3,16
38,4,odsonne edouard|crystal palace,Odsonne Edouard,Crystal Palace,DEF,0.0,0.0,0.0,0.0,1,0.0,0.0,0,0,0,0,0.0,0,0.0,0.0,1.0,0.0,0.0,0.0,0.0,0,0
38,4,ola aina|nottingham forest,Ola Aina,Nottingham Forest,DEF,90.0,0.02302,0.026654,2.674872,1,2.7191,2.5379115804141015,0,1,5,6,5.4382,12,0.0452,0.0005,0.6706,0.2487,0.0694,0.0106,0.0007,-3,19
38,4,oleksandr zinchenko|nottingham forest,Oleksandr Zinchenko,Nottingham Forest,DEF,0.0,0.0,0.0,0.0,1,0.0,0.0,0,0,0,0,0.0,0,0.0,0.0,1.0,0.0,0.0,0.0,0.0,0,0
38,4,oliver scarles|west ham,Oliver Scarles,West Ham,DEF,15.0,0.004553,0.025872,1.051976,1,0.3935,0.885244457762939,0,0,1,1,0.787,2,0.0235,0.0007,0.9766,0.0197,0.0034,0.0003,0.0,-4,10
38,4,oliver sonne|burnley,Oliver Sonne,Burnley,DEF,0.0,0.0,0.0,0.0,1,0.0,0.0,0,0,0,0,0.0,0,0.0,0.0,1.0,0.0,0.0,0.0,0.0,0,0
38,4,olivier boscagli|brighton,Olivier Boscagli,Brighton,DEF,90.0,0.0,0.021046,2.74391,1,2.8235,2.5330115968941005,0,1,5,6,5.647,12,0.0183,0.0001,0.5804,0.324,0.0914,0.0042,0.0,-3,12
38,4,ollie watkins|aston villa,Ollie Watkins,Aston Villa,FWD,75.0,0.267328,0.02462,3.022027,1,3.0353,2.6038536652431143,1,2,2,7,6.0706,14,0.2342,0.0342,0.7661,0.1051,0.0969,0.0297,0.0022,-2,21
38,4,omar alderete|sunderland,Omar Alderete,Sunderland,DEF,75.0,0.044511,0.018266,2.734218,1,2.5494,2.738678447718899,0,1,4,7,5.0988,14,0.0567,0.0011,0.644,0.2557,0.0806,0.018,0.0017,-5,20
38,4,omar marmoush|manchester city,Omar Marmoush,Manchester City,FWD,0.0,0.0,0.0,0.0,1,0.0,0.0,0,0,0,0,0.0,0,0.0,0.0,1.0,0.0,0.0,0.0,0.0,0,0
38,4,omari hutchinson|nottingham forest,Omari Hutchinson,Nottingham Forest,MID,15.0,0.016989,0.040712,1.192083,1,0.7105,1.1021296430093874,0,0,1,1,1.421,2,0.0393,0.0017,0.9607,0.031,0.0077,0.0006,0.0,-2,14
38,4,oscar bobb|fulham,Oscar Bobb,Fulham,MID,15.0,0.024317,0.022813,1.161688,1,0.7173,1.1680670828338586,0,0,1,1,1.4346,2,0.038,0.0015,0.962,0.0269,0.0102,0.0009,0.0,-2,14
38,4,pablo|west ham,Pablo,West Ham,FWD,0.0,0.0,0.0,0.0,1,0.0,0.0,0,0,0,0,0.0,0,0.0,0.0,1.0,0.0,0.0,0.0,0.0,0,0
38,4,pape sarr|tottenham,Pape Sarr,Tottenham,MID,60.0,0.066885,0.069692,2.937645,1,2.2869,2.465154840978554,0,0,3,5,4.5738,10,0.1002,0.0078,0.6509,0.2801,0.0504,0.0169,0.0017,-1,23
38,4,pascal groß|brighton,Pascal Groß,Brighton,MID,90.0,0.130033,0.205286,3.47603,1,3.5059,2.6230831458419304,2,2,5,7,7.0118,14,0.2523,0.0367,0.5376,0.3201,0.1047,0.0335,0.0041,-1,22
38,4,pascal struijk|leeds,Pascal Struijk,Leeds,DEF,90.0,0.05982,0.024441,3.664654,1,3.7216,2.9865186153781127,1,1,6,8,7.4432,16,0.0693,0.0024,0.4676,0.3583,0.1404,0.0272,0.0065,-3,20
38,4,patrick dorgu|manchester united,Patrick Dorgu,Manchester United,DEF,15.0,0.016467,0.023221,1.104812,1,0.3482,1.0984337758827338,0,0,1,1,0.6964,2,0.027,0.0009,0.9746,0.0156,0.0087,0.0009,0.0002,-4,16
38,4,patrick roberts|sunderland,Patrick Roberts,Sunderland,MID,0.0,0.0,0.0,0.0,1,0.0,0.0,0,0,0,0,0.0,0,0.0,0.0,1.0,0.0,0.0,0.0,0.0,0,0
38,4,pau torres|aston villa,Pau Torres,Aston Villa,DEF,60.0,0.014601,0.001903,1.615295,1,1.1396,1.8917483553580798,0,0,1,3,2.2792,6,0.0125,0.0001,0.8994,0.0744,0.0237,0.0019,0.0006,-5,16
38,4,pedro lima|wolverhampton wanderers,Pedro Lima,Wolverhampton Wanderers,DEF,0.0,0.0,0.0,0.0,1,0.0,0.0,0,0,0,0,0.0,0,0.0,0.0,1.0,0.0,0.0,0.0,0.0,0,0
38,4,pedro neto|chelsea,Pedro Neto,Chelsea,MID,75.0,0.144991,0.227243,3.545467,1,3.434,2.8181632316102627,1,2,5,8,6.868,16,0.2896,0.0488,0.5544,0.2969,0.1051,0.0386,0.005,-2,23
38,4,pedro porro|tottenham,Pedro Porro,Tottenham,DEF,90.0,0.02949,0.117631,3.200096,1,3.3417,2.913716031119025,0,1,6,7,6.6834,14,0.1265,0.0083,0.5613,0.3102,0.1008,0.0246,0.0031,-3,24
38,4,phil foden|manchester city,Phil Foden,Manchester City,MID,15.0,0.040429,0.036814,1.274253,1,0.7891,1.3940664223773556,0,0,1,1,1.5782,2,0.0529,0.0033,0.9472,0.0352,0.0151,0.0023,0.0002,-2,16
38,4,piero hincapié|arsenal,Piero Hincapié,Arsenal,DEF,75.0,0.015199,0.085889,3.785844,1,3.5624,2.882031616759261,1,1,6,7,7.1248,14,0.0924,0.0034,0.5416,0.3163,0.1159,0.0247,0.0015,-3,18
38,4,quilindschy hartman|burnley,Quilindschy Hartman,Burnley,DEF,30.0,0.006642,0.04316,1.079819,1,0.4667,0.9939271150340955,0,0,1,1,0.9334,2,0.0318,0.0012,0.9679,0.0267,0.0049,0.0003,0.0002,-4,16
38,4,radu dragusin|tottenham,Radu Dragusin,Tottenham,DEF,15.0,0.004717,0.000241,0.978059,1,0.3505,0.7230835014021548,0,0,1,1,0.701,2,0.0035,0.0001,0.9942,0.0026,0.0027,0.0005,0.0,-3,11
38,4,randal kolo muani|tottenham,Randal Kolo Muani,Tottenham,FWD,60.0,0.063555,0.055002,2.307263,1,1.6148,1.747232371494988,0,0,2,2,3.2296,4,0.0819,0.0053,0.9148,0.055,0.027,0.0031,0.0001,-1,19
38,4,rayan ait nouri|manchester city,Rayan Ait Nouri,Manchester City,DEF,75.0,0.03447,0.128805,3.692801,1,3.488,3.0617733423622333,1,1,6,7,6.976,14,0.1412,0.0105,0.5583,0.298,0.1075,0.0326,0.0036,-3,23
38,4,rayan cherki|manchester city,Rayan Cherki,Manchester City,MID,80.0,0.202173,0.391859,4.463564,1,4.378,3.3829448709667145,1,2,6,9,8.756,18,0.4159,0.1049,0.4128,0.3561,0.1452,0.0723,0.0136,-2,28
38,4,rayan|bournemouth,Rayan,Bournemouth,MID,75.0,0.130829,0.136841,3.217011,1,3.0894,2.5079488910262904,1,2,3,7,6.1788,14,0.2134,0.0266,0.6306,0.2492,0.0923,0.0249,0.003,-2,20
38,4,raúl jiménez|fulham,Raúl Jiménez,Fulham,FWD,60.0,0.308776,0.047108,3.190714,1,2.4659,3.0613456502002516,0,0,2,7,4.9318,14,0.2184,0.0447,0.7807,0.0981,0.0808,0.0345,0.0059,-1,21
38,4,reece james|chelsea,Reece James,Chelsea,DEF,0.0,0.0,0.0,0.0,1,0.0,0.0,0,0,0,0,0.0,0,0.0,0.0,1.0,0.0,0.0,0.0,0.0,0,0
38,4,reinildo|sunderland,Reinildo,Sunderland,DEF,60.0,0.00437,0.02692,2.004688,1,1.4416,2.1599049608721215,0,0,2,6,2.8832,12,0.0221,0.0007,0.8307,0.1337,0.032,0.0033,0.0003,-4,17
38,4,reiss nelson|brentford,Reiss Nelson,Brentford,MID,0.0,0.0,0.0,0.0,1,0.0,0.0,0,0,0,0,0.0,0,0.0,0.0,1.0,0.0,0.0,0.0,0.0,0,0
38,4,riccardo calafiori|arsenal,Riccardo Calafiori,Arsenal,DEF,15.0,0.022653,0.006796,1.081282,1,0.5127,1.17253516365182,0,0,1,1,1.0254,2,0.0232,0.0008,0.9769,0.0072,0.0145,0.0013,0.0001,-4,18
38,4,richarlison|tottenham,Richarlison,Tottenham,FWD,60.0,0.2001,0.070893,2.776489,1,2.1105,2.5860954642085434,0,0,2,6,4.221,12,0.178,0.0287,0.8166,0.1003,0.0597,0.0218,0.0016,-1,21
38,4,rico henry|brentford,Rico Henry,Brentford,DEF,15.0,0.00078,0.003059,0.940525,1,0.1162,0.6328487655040499,0,0,0,1,0.2324,2,0.0025,0.0,0.9977,0.0019,0.0004,0.0,0.0,-4,8
38,4,rico lewis|manchester city,Rico Lewis,Manchester City,DEF,0.0,0.0,0.0,0.0,1,0.0,0.0,0,0,0,0,0.0,0,0.0,0.0,1.0,0.0,0.0,0.0,0.0,0,0
38,4,rio ngumoha|liverpool,Rio Ngumoha,Liverpool,MID,30.0,0.144339,0.204801,2.306101,1,1.506,2.625102664659041,0,0,1,6,3.012,12,0.1782,0.0381,0.8222,0.1071,0.048,0.0204,0.0023,-2,22
38,4,robert sánchez|chelsea,Robert Sánchez,Chelsea,GK,90.0,0.0,0.019747,3.787684,1,3.5187,2.4889456221460526,1,2,6,7,7.0374,14,0.0148,0.0001,0.4938,0.3373,0.1631,0.0058,0.0,-3,12
38,4,robin roefs|sunderland,Robin Roefs,Sunderland,GK,90.0,0.0,0.026025,3.052575,1,2.7312,2.254095508180609,1,1,3,7,5.4624,14,0.0211,0.0002,0.6169,0.2811,0.0982,0.0038,0.0,-4,14
38,4,rodrigo bentancur|tottenham,Rodrigo Bentancur,Tottenham,MID,0.0,0.0,0.0,0.0,1,0.0,0.0,0,0,0,0,0.0,0,0.0,0.0,1.0,0.0,0.0,0.0,0.0,0,0
38,4,rodrigo gomes|wolverhampton wanderers,Rodrigo Gomes,Wolverhampton Wanderers,DEF,90.0,0.24354,0.023759,4.371257,1,4.5206,4.02789965614835,1,1,7,10,9.0412,20,0.2181,0.0254,0.5242,0.2217,0.1498,0.0813,0.023,-2,28
38,4,rodrigo muniz|fulham,Rodrigo Muniz,Fulham,FWD,30.0,0.117697,0.029443,1.50245,1,0.9776,1.7533676853415543,0,0,1,1,1.9552,2,0.0908,0.0087,0.9093,0.0667,0.0184,0.0053,0.0003,-2,16
38,4,rodri|manchester city,Rodri,Manchester City,MID,75.0,0.057737,0.124688,3.453898,1,3.2992,2.2885539888759454,1,2,4,6,6.5984,12,0.1508,0.0112,0.4552,0.4535,0.0675,0.0223,0.0015,-2,18
38,4,romain esse|crystal palace,Romain Esse,Crystal Palace,MID,0.0,0.0,0.0,0.0,1,0.0,0.0,0,0,0,0,0.0,0,0.0,0.0,1.0,0.0,0.0,0.0,0.0,0,0
38,4,romaine mundle|sunderland,Romaine Mundle,Sunderland,MID,30.0,0.104375,0.042429,1.57251,1,0.9912,1.872304077867695,0,0,1,1,1.9824,2,0.0888,0.0069,0.9113,0.0498,0.0331,0.0057,0.0001,-2,17
38,4,romelle donovan|brentford,Romelle Donovan,Brentford,MID,0.0,0.0,0.0,0.0,1,0.0,0.0,0,0,0,0,0.0,0,0.0,0.0,1.0,0.0,0.0,0.0,0.0,0,0
38,4,romeo lavia|chelsea,Romeo Lavia,Chelsea,MID,0.0,0.0,0.0,0.0,1,0.0,0.0,0,0,0,0,0.0,0,0.0,0.0,1.0,0.0,0.0,0.0,0.0,0,0
38,4,ross barkley|aston villa,Ross Barkley,Aston Villa,MID,0.0,0.0,0.0,0.0,1,0.0,0.0,0,0,0,0,0.0,0,0.0,0.0,1.0,0.0,0.0,0.0,0.0,0,0
38,4,ryan christie|bournemouth,Ryan Christie,Bournemouth,MID,15.0,0.025589,0.02006,1.123123,1,0.6629,1.1056507540810525,0,0,1,1,1.3258,2,0.0323,0.001,0.9677,0.0226,0.009,0.0006,0.0001,-2,16
38,4,ryan gravenberch|liverpool,Ryan Gravenberch,Liverpool,MID,75.0,0.048872,0.056964,2.674305,1,2.6064,1.8723992736593336,1,2,3,5,5.2128,10,0.095,0.0041,0.6381,0.3073,0.0447,0.0094,0.0005,-2,20
38,4,ryan sessegnon|fulham,Ryan Sessegnon,Fulham,MID,30.0,0.034315,0.027381,1.214117,1,0.7174,1.1814978798118938,0,0,1,1,1.4348,2,0.0389,0.0008,0.9589,0.03,0.0108,0.0003,0.0,-2,13
38,4,ryan yates|nottingham forest,Ryan Yates,Nottingham Forest,MID,30.0,0.025797,0.012928,1.081172,1,0.5881,0.926411566205863,0,0,1,1,1.1762,2,0.0192,0.0003,0.9803,0.0131,0.0064,0.0002,0.0,-2,11
38,4,rúben dias|manchester city,Rúben Dias,Manchester City,DEF,0.0,0.0,0.0,0.0,1,0.0,0.0,0,0,0,0,0.0,0,0.0,0.0,1.0,0.0,0.0,0.0,0.0,0,0
38,4,sam byram|leeds,Sam Byram,Leeds,DEF,0.0,0.0,0.0,0.0,1,0.0,0.0,0,0,0,0,0.0,0,0.0,0.0,1.0,0.0,0.0,0.0,0.0,0,0
38,4,sam johnstone|wolverhampton wanderers,Sam Johnstone,Wolverhampton Wanderers,GK,0.0,0.0,0.0,0.0,1,0.0,0.0,0,0,0,0,0.0,0,0.0,0.0,1.0,0.0,0.0,0.0,0.0,0,0
38,4,samuel chukwueze|fulham,Samuel Chukwueze,Fulham,MID,60.0,0.106759,0.164806,3.216498,1,2.3268,2.6541291905255853,0,0,3,6,4.6536,12,0.1692,0.0237,0.7103,0.1958,0.0715,0.0199,0.0025,-1,24
38,4,sander berge|fulham,Sander Berge,Fulham,MID,90.0,0.028032,0.059784,2.647702,1,2.6175,1.5755614078797437,1,2,3,5,5.235,10,0.0759,0.0036,0.6575,0.3077,0.0289,0.0058,0.0001,-1,16
38,4,sandro tonali|newcastle united,Sandro Tonali,Newcastle United,MID,75.0,0.031628,0.088644,2.644644,1,2.5425,1.7406302737801616,1,2,3,5,5.085,10,0.1038,0.0049,0.6789,0.2767,0.0372,0.0071,0.0001,-2,17
38,4,santiago bueno|wolverhampton wanderers,Santiago Bueno,Wolverhampton Wanderers,DEF,90.0,0.0451,0.011879,3.342276,1,3.3915,2.8341185137534386,1,1,6,7,6.783,14,0.047,0.0011,0.5669,0.3005,0.1115,0.0182,0.0029,-3,20
38,4,sasa kalajdzic|wolverhampton wanderers,Sasa Kalajdzic,Wolverhampton Wanderers,FWD,0.0,0.0,0.0,0.0,1,0.0,0.0,0,0,0,0,0.0,0,0.0,0.0,1.0,0.0,0.0,0.0,0.0,0,0
38,4,sasa lukic|fulham,Sasa Lukic,Fulham,MID,0.0,0.0,0.0,0.0,1,0.0,0.0,0,0,0,0,0.0,0,0.0,0.0,1.0,0.0,0.0,0.0,0.0,0,0
38,4,seamus coleman|everton,Seamus Coleman,Everton,DEF,0.0,0.0,0.0,0.0,1,0.0,0.0,0,0,0,0,0.0,0,0.0,0.0,1.0,0.0,0.0,0.0,0.0,0,0
38,4,sean longstaff|leeds,Sean Longstaff,Leeds,MID,0.0,0.0,0.0,0.0,1,0.0,0.0,0,0,0,0,0.0,0,0.0,0.0,1.0,0.0,0.0,0.0,0.0,0,0
38,4,sebastiaan bornauw|leeds,Sebastiaan Bornauw,Leeds,DEF,0.0,0.0,0.0,0.0,1,0.0,0.0,0,0,0,0,0.0,0,0.0,0.0,1.0,0.0,0.0,0.0,0.0,0,0
38,4,senne lammens|manchester united,Senne Lammens,Manchester United,GK,90.0,0.0,0.0,2.941948,1,2.664,2.2220495043990356,1,1,3,6,5.328,12,0.0,0.0,0.6638,0.2405,0.0939,0.0018,0.0,-4,10
38,4,sepp van den berg|brentford,Sepp van den Berg,Brentford,DEF,90.0,0.072328,0.03819,2.905903,1,2.8664,2.8495527789461983,0,1,4,7,5.7328,14,0.0891,0.0044,0.6022,0.2802,0.0882,0.0255,0.0039,-4,25
38,4,shea lacey|manchester united,Shea Lacey,Manchester United,MID,0.0,0.0,0.0,0.0,1,0.0,0.0,0,0,0,0,0.0,0,0.0,0.0,1.0,0.0,0.0,0.0,0.0,0,0
38,4,simon adingra|sunderland,Simon Adingra,Sunderland,MID,0.0,0.0,0.0,0.0,1,0.0,0.0,0,0,0,0,0.0,0,0.0,0.0,1.0,0.0,0.0,0.0,0.0,0,0
38,4,solly march|brighton,Solly March,Brighton,MID,0.0,0.0,0.0,0.0,1,0.0,0.0,0,0,0,0,0.0,0,0.0,0.0,1.0,0.0,0.0,0.0,0.0,0,0
38,4,soungoutou magassa|west ham,Soungoutou Magassa,West Ham,MID,0.0,0.0,0.0,0.0,1,0.0,0.0,0,0,0,0,0.0,0,0.0,0.0,1.0,0.0,0.0,0.0,0.0,0,0
38,4,souza|tottenham,Souza,Tottenham,DEF,60.0,0.00606,0.067223,2.890209,1,2.0083,2.5415017430645217,0,0,2,6,4.0166,12,0.0534,0.0025,0.7638,0.1817,0.0458,0.0082,0.0005,-3,18
38,4,stefan ortega moreno|nottingham forest,Stefan Ortega Moreno,Nottingham Forest,GK,90.0,0.0,0.0,3.425375,1,3.145,2.3328898388050816,1,2,4,7,6.29,14,0.0,0.0,0.5419,0.318,0.1363,0.0038,0.0,-3,11
38,4,stefanos tzimas|brighton,Stefanos Tzimas,Brighton,FWD,0.0,0.0,0.0,0.0,1,0.0,0.0,0,0,0,0,0.0,0,0.0,0.0,1.0,0.0,0.0,0.0,0.0,0,0
38,4,sven botman|newcastle united,Sven Botman,Newcastle United,DEF,60.0,0.040484,0.029548,2.852931,1,2.1053,2.739673686773664,0,0,3,6,4.2106,12,0.0481,0.0016,0.7394,0.1777,0.0674,0.0137,0.0018,-3,20
38,4,sávio|manchester city,Sávio,Manchester City,MID,15.0,0.066435,0.014817,1.338294,1,0.8696,1.6256062992003937,0,0,1,1,1.7392,2,0.0594,0.0039,0.9406,0.0305,0.0251,0.0037,0.0001,-2,15
38,4,taiwo awoniyi|nottingham forest,Taiwo Awoniyi,Nottingham Forest,FWD,30.0,0.311977,0.08751,2.467106,1,1.7185,2.845357227133353,0,0,1,6,3.437,12,0.2089,0.0472,0.7913,0.1346,0.0429,0.0272,0.004,-2,20
38,4,tammy abraham|aston villa,Tammy Abraham,Aston Villa,FWD,15.0,0.085627,0.010864,1.360098,1,0.8992,1.5663458621900845,0,0,1,1,1.7984,2,0.0707,0.0048,0.9293,0.0539,0.013,0.0035,0.0003,-2,18
38,4,tawanda chirewa|wolverhampton wanderers,Tawanda Chirewa,Wolverhampton Wanderers,MID,0.0,0.0,0.0,0.0,1,0.0,0.0,0,0,0,0,0.0,0,0.0,0.0,1.0,0.0,0.0,0.0,0.0,0,0
38,4,thiago|brentford,Thiago,Brentford,FWD,90.0,0.455799,0.06056,3.702902,1,3.8968,3.2199300861975244,1,2,6,8,7.7936,16,0.364,0.0746,0.6334,0.1601,0.1388,0.0593,0.0084,-1,21
38,4,thierno barry|everton,Thierno Barry,Everton,FWD,30.0,0.118149,0.011728,1.431114,1,0.8911,1.63524945803385,0,0,1,1,1.7822,2,0.0761,0.007,0.9239,0.0569,0.0133,0.0058,0.0001,-2,15
38,4,tijjani reijnders|manchester city,Tijjani Reijnders,Manchester City,MID,15.0,0.03499,0.042352,1.27534,1,0.7933,1.388083250385221,0,0,1,1,1.5866,2,0.0542,0.0041,0.9459,0.0351,0.0168,0.0022,0.0,-2,14
38,4,tim iroegbunam|everton,Tim Iroegbunam,Everton,MID,0.0,0.0,0.0,0.0,1,0.0,0.0,0,0,0,0,0.0,0,0.0,0.0,1.0,0.0,0.0,0.0,0.0,0,0
38,4,timothy castagne|fulham,Timothy Castagne,Fulham,DEF,0.0,0.0,0.0,0.0,1,0.0,0.0,0,0,0,0,0.0,0,0.0,0.0,1.0,0.0,0.0,0.0,0.0,0,0
38,4,tolu arokodare|wolverhampton wanderers,Tolu Arokodare,Wolverhampton Wanderers,FWD,60.0,0.268601,0.04903,3.161498,1,2.3241,2.7814131642026863,0,0,2,7,4.6482,14,0.1927,0.0324,0.8073,0.085,0.0785,0.027,0.0022,-1,21
38,4,tom cairney|fulham,Tom Cairney,Fulham,MID,0.0,0.0,0.0,0.0,1,0.0,0.0,0,0,0,0,0.0,0,0.0,0.0,1.0,0.0,0.0,0.0,0.0,0,0
38,4,tom edozie|wolverhampton wanderers,Tom Edozie,Wolverhampton Wanderers,MID,0.0,0.0,0.0,0.0,1,0.0,0.0,0,0,0,0,0.0,0,0.0,0.0,1.0,0.0,0.0,0.0,0.0,0,0
38,4,tom watson|brighton,Tom Watson,Brighton,FWD,0.0,0.0,0.0,0.0,1,0.0,0.0,0,0,0,0,0.0,0,0.0,0.0,1.0,0.0,0.0,0.0,0.0,0,0
38,4,tomas soucek|west ham,Tomas Soucek,West Ham,MID,75.0,0.189706,0.039803,3.328505,1,3.319,2.84858543842378,1,2,4,8,6.638,16,0.1924,0.0223,0.5899,0.2522,0.117,0.0341,0.0068,-2,23
38,4,tosin adarabioyo|chelsea,Tosin Adarabioyo,Chelsea,DEF,15.0,0.001015,0.005485,0.964096,1,0.3562,0.6231545233728147,0,0,1,1,0.7124,2,0.0043,0.0002,0.9947,0.0045,0.0007,0.0001,0.0,-4,11
38,4,toti|wolverhampton wanderers,Toti,Wolverhampton Wanderers,DEF,0.0,0.0,0.0,0.0,1,0.0,0.0,0,0,0,0,0.0,0,0.0,0.0,1.0,0.0,0.0,0.0,0.0,0,0
38,4,trai hume|sunderland,Trai Hume,Sunderland,DEF,90.0,0.070799,0.094515,2.572662,1,2.6174,2.947578199132298,0,1,5,7,5.2348,14,0.1327,0.0103,0.6839,0.2143,0.0736,0.0243,0.0039,-3,20
38,4,trevoh chalobah|chelsea,Trevoh Chalobah,Chelsea,DEF,90.0,0.04857,0.023418,3.921814,1,3.9149,2.964465886125189,1,2,6,8,7.8298,16,0.0638,0.0015,0.4612,0.3548,0.151,0.0288,0.0042,-3,23
38,4,treymaurice nyoni|liverpool,Treymaurice Nyoni,Liverpool,MID,0.0,0.0,0.0,0.0,1,0.0,0.0,0,0,0,0,0.0,0,0.0,0.0,1.0,0.0,0.0,0.0,0.0,0,0
38,4,tyler adams|bournemouth,Tyler Adams,Bournemouth,MID,75.0,0.029983,0.035435,2.468512,1,2.3995,1.7889381627099357,1,1,3,4,4.799,8,0.0601,0.0026,0.6505,0.3156,0.0258,0.0078,0.0003,-2,16
38,4,tyler dibling|everton,Tyler Dibling,Everton,MID,0.0,0.0,0.0,0.0,1,0.0,0.0,0,0,0,0,0.0,0,0.0,0.0,1.0,0.0,0.0,0.0,0.0,0,0
38,4,tyler fletcher|manchester united,Tyler Fletcher,Manchester United,MID,0.0,0.0,0.0,0.0,1,0.0,0.0,0,0,0,0,0.0,0,0.0,0.0,1.0,0.0,0.0,0.0,0.0,0,0
38,4,tyler fredricson|manchester united,Tyler Fredricson,Manchester United,DEF,0.0,0.0,0.0,0.0,1,0.0,0.0,0,0,0,0,0.0,0,0.0,0.0,1.0,0.0,0.0,0.0,0.0,0,0
38,4,tyrell malacia|manchester united,Tyrell Malacia,Manchester United,DEF,0.0,0.0,0.0,0.0,1,0.0,0.0,0,0,0,0,0.0,0,0.0,0.0,1.0,0.0,0.0,0.0,0.0,0,0
38,4,tyrick mitchell|crystal palace,Tyrick Mitchell,Crystal Palace,DEF,90.0,0.026841,0.05623,2.524043,1,2.621,2.6330132927883216,0,1,4,6,5.242,12,0.0702,0.0029,0.6848,0.2289,0.0706,0.0146,0.0011,-4,20
38,4,tyrique george|everton,Tyrique George,Everton,FWD,15.0,0.031913,0.046546,1.245621,1,0.7687,1.2149898394636887,0,0,1,1,1.5374,2,0.0542,0.0027,0.9459,0.0463,0.0071,0.0007,0.0,-2,13
38,4,tyrone mings|aston villa,Tyrone Mings,Aston Villa,DEF,0.0,0.0,0.0,0.0,1,0.0,0.0,0,0,0,0,0.0,0,0.0,0.0,1.0,0.0,0.0,0.0,0.0,0,0
38,4,valentino livramento|newcastle united,Valentino Livramento,Newcastle United,DEF,0.0,0.0,0.0,0.0,1,0.0,0.0,0,0,0,0,0.0,0,0.0,0.0,1.0,0.0,0.0,0.0,0.0,0,0
38,4,valentín castellanos|west ham,Valentín Castellanos,West Ham,FWD,75.0,0.272709,0.054582,3.070388,1,3.1042,2.6933143819465264,1,2,5,7,6.2084,14,0.2616,0.0404,0.7335,0.1355,0.0947,0.0334,0.0029,-2,21
38,4,veljko milosavljevic|bournemouth,Veljko Milosavljevic,Bournemouth,DEF,0.0,0.0,0.0,0.0,1,0.0,0.0,0,0,0,0,0.0,0,0.0,0.0,1.0,0.0,0.0,0.0,0.0,0,0
38,4,victor lindelöf|aston villa,Victor Lindelöf,Aston Villa,DEF,0.0,0.0,0.0,0.0,1,0.0,0.0,0,0,0,0,0.0,0,0.0,0.0,1.0,0.0,0.0,0.0,0.0,0,0
38,4,viktor gyokeres|arsenal,Viktor Gyokeres,Arsenal,FWD,75.0,0.34509,0.061612,3.360732,1,3.4132,2.990194936789239,1,2,6,7,6.8264,14,0.3098,0.059,0.6903,0.1489,0.1099,0.0455,0.0054,-2,28
38,4,virgil van dijk|liverpool,Virgil van Dijk,Liverpool,DEF,90.0,0.131167,0.017636,4.328273,1,4.3526,3.4657860926491124,1,2,6,9,8.7052,18,0.1192,0.0075,0.4212,0.3413,0.1682,0.0542,0.0151,-3,24
38,4,vitalii mykolenko|everton,Vitalii Mykolenko,Everton,DEF,90.0,0.005517,0.025004,2.668762,1,2.7518,2.50894335527927,0,1,5,6,5.5036,12,0.0251,0.0001,0.6609,0.2565,0.0755,0.0069,0.0002,-4,17
38,4,vitaly janelt|brentford,Vitaly Janelt,Brentford,MID,60.0,0.0343,0.085205,2.343915,1,1.8043,2.0164824596311273,0,0,2,4,3.6086,8,0.0855,0.0054,0.7655,0.1975,0.0296,0.0072,0.0002,-1,16
38,4,walter benítez|crystal palace,Walter Benítez,Crystal Palace,MID,0.0,0.0,0.0,0.0,1,0.0,0.0,0,0,0,0,0.0,0,0.0,0.0,1.0,0.0,0.0,0.0,0.0,0,0
38,4,wataru endo|liverpool,Wataru Endo,Liverpool,MID,0.0,0.0,0.0,0.0,1,0.0,0.0,0,0,0,0,0.0,0,0.0,0.0,1.0,0.0,0.0,0.0,0.0,0,0
38,4,wesley fofana|chelsea,Wesley Fofana,Chelsea,DEF,15.0,0.005093,0.006041,0.968571,1,0.355,0.7402533350144395,0,0,1,1,0.71,2,0.0074,0.0,0.9915,0.0051,0.0033,0.0001,0.0,-3,10
38,4,wilfried gnonto|leeds,Wilfried Gnonto,Leeds,MID,0.0,0.0,0.0,0.0,1,0.0,0.0,0,0,0,0,0.0,0,0.0,0.0,1.0,0.0,0.0,0.0,0.0,0,0
38,4,will hughes|crystal palace,Will Hughes,Crystal Palace,MID,60.0,0.028368,0.038068,2.107383,1,1.501,1.625853314416771,0,0,2,3,3.002,6,0.0467,0.002,0.8434,0.1352,0.0186,0.0027,0.0001,-1,15
38,4,william osula|newcastle united,William Osula,Newcastle United,FWD,15.0,0.04681,0.004432,1.185536,1,0.7115,1.1179748431874483,0,0,1,1,1.423,2,0.0362,0.0011,0.9639,0.0293,0.006,0.0008,0.0,-2,11
38,4,william saliba|arsenal,William Saliba,Arsenal,DEF,90.0,0.053357,0.017121,3.816084,1,3.8986,2.8518972702395855,1,2,6,7,7.7972,14,0.0595,0.0011,0.5201,0.326,0.1269,0.0244,0.0026,-3,20
38,4,wilson isidor|sunderland,Wilson Isidor,Sunderland,FWD,30.0,0.196988,0.007279,1.779788,1,1.1639,2.0670357495699005,0,0,1,5,2.3278,10,0.1175,0.0134,0.8825,0.0837,0.0239,0.0089,0.001,-2,20
38,4,wilson odobert|tottenham,Wilson Odobert,Tottenham,MID,15.0,0.027471,0.033104,1.221665,1,0.7565,1.2315874918169638,0,0,1,1,1.513,2,0.0463,0.0017,0.9538,0.0339,0.0113,0.001,0.0,-2,14
38,4,xavi simons|tottenham,Xavi Simons,Tottenham,MID,0.0,0.0,0.0,0.0,1,0.0,0.0,0,0,0,0,0.0,0,0.0,0.0,1.0,0.0,0.0,0.0,0.0,0,0
38,4,yankuba minteh|brighton,Yankuba Minteh,Brighton,MID,60.0,0.099543,0.195008,3.316583,1,2.3937,2.6907806135023344,0,0,3,6,4.7874,12,0.1832,0.0292,0.685,0.2245,0.0647,0.0237,0.0021,-1,21
38,4,yasin ayari|brighton,Yasin Ayari,Brighton,MID,15.0,0.017224,0.008778,1.092456,1,0.6239,0.916650855015147,0,0,1,1,1.2478,2,0.0177,0.0,0.9822,0.01,0.0078,0.0,0.0,-2,9
38,4,yehor yarmolyuk|brentford,Yehor Yarmolyuk,Brentford,MID,0.0,0.0,0.0,0.0,1,0.0,0.0,0,0,0,0,0.0,0,0.0,0.0,1.0,0.0,0.0,0.0,0.0,0,0
38,4,yeremi pino|crystal palace,Yeremi Pino,Crystal Palace,MID,60.0,0.083848,0.129389,2.856739,1,2.0906,2.4187582847403335,0,0,2,5,4.1812,10,0.1436,0.0173,0.7619,0.1641,0.0573,0.015,0.0017,-1,20
38,4,yerson mosquera|wolverhampton wanderers,Yerson Mosquera,Wolverhampton Wanderers,DEF,90.0,0.09922,0.071277,3.860437,1,3.9601,3.4029557725600847,1,1,6,8,7.9202,16,0.1429,0.0112,0.4535,0.3407,0.1478,0.0475,0.0105,-3,23
38,4,yoane wissa|newcastle united,Yoane Wissa,Newcastle United,FWD,15.0,0.067052,0.004432,1.259838,1,0.7843,1.3144479867990213,0,0,1,1,1.5686,2,0.0495,0.0026,0.9505,0.0389,0.0088,0.0017,0.0001,-2,15
38,4,youri tielemans|aston villa,Youri Tielemans,Aston Villa,MID,90.0,0.078951,0.091481,3.074684,1,3.0877,2.138225598481133,2,2,4,6,6.1754,12,0.1468,0.0114,0.6406,0.2681,0.0701,0.02,0.0012,-1,16
38,4,yves bissouma|tottenham,Yves Bissouma,Tottenham,MID,30.0,0.00753,0.001324,0.914458,1,0.5107,0.6915818895835837,0,0,1,1,1.0214,2,0.004,0.0,0.9854,0.0131,0.0015,0.0,0.0,-2,9
38,4,zach abbott|nottingham forest,Zach Abbott,Nottingham Forest,DEF,0.0,0.0,0.0,0.0,1,0.0,0.0,0,0,0,0,0.0,0,0.0,0.0,1.0,0.0,0.0,0.0,0.0,0,0
38,4,zian flemming|burnley,Zian Flemming,Burnley,FWD,15.0,0.110116,0.0069,1.396031,1,0.9023,1.6134294871484156,0,0,1,1,1.8046,2,0.0776,0.0052,0.9224,0.058,0.0162,0.0032,0.0002,-2,16
39,5,aaron hickey|brentford,Aaron Hickey,Brentford,DEF,0.0,0.0,0.0,0.0,1,0.0,0.0,0,0,0,0,0.0,0,0.0,0.0,1.0,0.0,0.0,0.0,0.0,0,0
39,5,aaron ramsdale|newcastle united,Aaron Ramsdale,Newcastle United,GK,0.0,0.0,0.0,0.0,1,0.0,0.0,0,0,0,0,0.0,0,0.0,0.0,1.0,0.0,0.0,0.0,0.0,0,0
39,5,aaron wan-bissaka|west ham,Aaron Wan-Bissaka,West Ham,DEF,0.0,0.0,0.0,0.0,1,0.0,0.0,0,0,0,0,0.0,0,0.0,0.0,1.0,0.0,0.0,0.0,0.0,0,0
39,5,abduqodir khusanov|manchester city,Abduqodir Khusanov,Manchester City,DEF,0.0,0.0,0.0,0.0,1,0.0,0.0,0,0,0,0,0.0,0,0.0,0.0,1.0,0.0,0.0,0.0,0.0,0,0
39,5,adam armstrong|wolverhampton wanderers,Adam Armstrong,Wolverhampton Wanderers,FWD,0.0,0.0,0.0,0.0,1,0.0,0.0,0,0,0,0,0.0,0,0.0,0.0,1.0,0.0,0.0,0.0,0.0,0,0
39,5,adam smith|bournemouth,Adam Smith,Bournemouth,DEF,0.0,0.0,0.0,0.0,1,0.0,0.0,0,0,0,0,0.0,0,0.0,0.0,1.0,0.0,0.0,0.0,0.0,0,0
39,5,adam wharton|crystal palace,Adam Wharton,Crystal Palace,MID,0.0,0.0,0.0,0.0,1,0.0,0.0,0,0,0,0,0.0,0,0.0,0.0,1.0,0.0,0.0,0.0,0.0,0,0
39,5,adama traoré|west ham,Adama Traoré,West Ham,MID,0.0,0.0,0.0,0.0,1,0.0,0.0,0,0,0,0,0.0,0,0.0,0.0,1.0,0.0,0.0,0.0,0.0,0,0
39,5,adrien truffert|bournemouth,Adrien Truffert,Bournemouth,DEF,0.0,0.0,0.0,0.0,1,0.0,0.0,0,0,0,0,0.0,0,0.0,0.0,1.0,0.0,0.0,0.0,0.0,0,0
39,5,alejandro garnacho|chelsea,Alejandro Garnacho,Chelsea,MID,0.0,0.0,0.0,0.0,1,0.0,0.0,0,0,0,0,0.0,0,0.0,0.0,1.0,0.0,0.0,0.0,0.0,0,0
39,5,alejandro jiménez|bournemouth,Alejandro Jiménez,Bournemouth,DEF,0.0,0.0,0.0,0.0,1,0.0,0.0,0,0,0,0,0.0,0,0.0,0.0,1.0,0.0,0.0,0.0,0.0,0,0
39,5,alex iwobi|fulham,Alex Iwobi,Fulham,MID,0.0,0.0,0.0,0.0,1,0.0,0.0,0,0,0,0,0.0,0,0.0,0.0,1.0,0.0,0.0,0.0,0.0,0,0
39,5,alex murphy|newcastle united,Alex Murphy,Newcastle United,DEF,0.0,0.0,0.0,0.0,1,0.0,0.0,0,0,0,0,0.0,0,0.0,0.0,1.0,0.0,0.0,0.0,0.0,0,0
39,5,alex scott|bournemouth,Alex Scott,Bournemouth,MID,0.0,0.0,0.0,0.0,1,0.0,0.0,0,0,0,0,0.0,0,0.0,0.0,1.0,0.0,0.0,0.0,0.0,0,0
39,5,alex tóth|bournemouth,Alex Tóth,Bournemouth,MID,0.0,0.0,0.0,0.0,1,0.0,0.0,0,0,0,0,0.0,0,0.0,0.0,1.0,0.0,0.0,0.0,0.0,0,0
39,5,alexander isak|liverpool,Alexander Isak,Liverpool,FWD,0.0,0.0,0.0,0.0,1,0.0,0.0,0,0,0,0,0.0,0,0.0,0.0,1.0,0.0,0.0,0.0,0.0,0,0
39,5,alexis mac allister|liverpool,Alexis Mac Allister,Liverpool,MID,0.0,0.0,0.0,0.0,1,0.0,0.0,0,0,0,0,0.0,0,0.0,0.0,1.0,0.0,0.0,0.0,0.0,0,0
39,5,alisson|liverpool,Alisson,Liverpool,GK,0.0,0.0,0.0,0.0,1,0.0,0.0,0,0,0,0,0.0,0,0.0,0.0,1.0,0.0,0.0,0.0,0.0,0,0
39,5,alphonse areola|west ham,Alphonse Areola,West Ham,GK,0.0,0.0,0.0,0.0,1,0.0,0.0,0,0,0,0,0.0,0,0.0,0.0,1.0,0.0,0.0,0.0,0.0,0,0
39,5,altay bayindir|manchester united,Altay Bayindir,Manchester United,GK,0.0,0.0,0.0,0.0,1,0.0,0.0,0,0,0,0,0.0,0,0.0,0.0,1.0,0.0,0.0,0.0,0.0,0,0
39,5,alysson edward|aston villa,Alysson Edward,Aston Villa,FWD,0.0,0.0,0.0,0.0,1,0.0,0.0,0,0,0,0,0.0,0,0.0,0.0,1.0,0.0,0.0,0.0,0.0,0,0
39,5,amad diallo traore|manchester united,Amad Diallo Traore,Manchester United,MID,0.0,0.0,0.0,0.0,1,0.0,0.0,0,0,0,0,0.0,0,0.0,0.0,1.0,0.0,0.0,0.0,0.0,0,0
39,5,amadou onana|aston villa,Amadou Onana,Aston Villa,MID,0.0,0.0,0.0,0.0,1,0.0,0.0,0,0,0,0,0.0,0,0.0,0.0,1.0,0.0,0.0,0.0,0.0,0,0
39,5,amine adli|bournemouth,Amine Adli,Bournemouth,MID,0.0,0.0,0.0,0.0,1,0.0,0.0,0,0,0,0,0.0,0,0.0,0.0,1.0,0.0,0.0,0.0,0.0,0,0
39,5,andrew robertson|liverpool,Andrew Robertson,Liverpool,DEF,0.0,0.0,0.0,0.0,1,0.0,0.0,0,0,0,0,0.0,0,0.0,0.0,1.0,0.0,0.0,0.0,0.0,0,0
39,5,andrey santos|chelsea,Andrey Santos,Chelsea,MID,0.0,0.0,0.0,0.0,1,0.0,0.0,0,0,0,0,0.0,0,0.0,0.0,1.0,0.0,0.0,0.0,0.0,0,0
39,5,andrés garcía|aston villa,Andrés García,Aston Villa,DEF,0.0,0.0,0.0,0.0,1,0.0,0.0,0,0,0,0,0.0,0,0.0,0.0,1.0,0.0,0.0,0.0,0.0,0,0
39,5,andré|wolverhampton wanderers,André,Wolverhampton Wanderers,MID,0.0,0.0,0.0,0.0,1,0.0,0.0,0,0,0,0,0.0,0,0.0,0.0,1.0,0.0,0.0,0.0,0.0,0,0
39,5,andy irving|west ham,Andy Irving,West Ham,MID,0.0,0.0,0.0,0.0,1,0.0,0.0,0,0,0,0,0.0,0,0.0,0.0,1.0,0.0,0.0,0.0,0.0,0,0
39,5,angel gomes|wolverhampton wanderers,Angel Gomes,Wolverhampton Wanderers,MID,0.0,0.0,0.0,0.0,1,0.0,0.0,0,0,0,0,0.0,0,0.0,0.0,1.0,0.0,0.0,0.0,0.0,0,0
39,5,angus gunn|nottingham forest,Angus Gunn,Nottingham Forest,GK,0.0,0.0,0.0,0.0,1,0.0,0.0,0,0,0,0,0.0,0,0.0,0.0,1.0,0.0,0.0,0.0,0.0,0,0
39,5,anthony elanga|newcastle united,Anthony Elanga,Newcastle United,MID,0.0,0.0,0.0,0.0,1,0.0,0.0,0,0,0,0,0.0,0,0.0,0.0,1.0,0.0,0.0,0.0,0.0,0,0
39,5,anthony gordon|newcastle united,Anthony Gordon,Newcastle United,MID,0.0,0.0,0.0,0.0,1,0.0,0.0,0,0,0,0,0.0,0,0.0,0.0,1.0,0.0,0.0,0.0,0.0,0,0
39,5,antoine semenyo|manchester city,Antoine Semenyo,Manchester City,MID,0.0,0.0,0.0,0.0,1,0.0,0.0,0,0,0,0,0.0,0,0.0,0.0,1.0,0.0,0.0,0.0,0.0,0,0
39,5,anton stach|leeds,Anton Stach,Leeds,MID,0.0,0.0,0.0,0.0,1,0.0,0.0,0,0,0,0,0.0,0,0.0,0.0,1.0,0.0,0.0,0.0,0.0,0,0
39,5,antonee robinson|fulham,Antonee Robinson,Fulham,DEF,0.0,0.0,0.0,0.0,1,0.0,0.0,0,0,0,0,0.0,0,0.0,0.0,1.0,0.0,0.0,0.0,0.0,0,0
39,5,antoni milambo|brentford,Antoni Milambo,Brentford,MID,0.0,0.0,0.0,0.0,1,0.0,0.0,0,0,0,0,0.0,0,0.0,0.0,1.0,0.0,0.0,0.0,0.0,0,0
39,5,ao tanaka|leeds,Ao Tanaka,Leeds,MID,0.0,0.0,0.0,0.0,1,0.0,0.0,0,0,0,0,0.0,0,0.0,0.0,1.0,0.0,0.0,0.0,0.0,0,0
39,5,archie gray|tottenham,Archie Gray,Tottenham,MID,0.0,0.0,0.0,0.0,1,0.0,0.0,0,0,0,0,0.0,0,0.0,0.0,1.0,0.0,0.0,0.0,0.0,0,0
39,5,armando broja|burnley,Armando Broja,Burnley,FWD,0.0,0.0,0.0,0.0,1,0.0,0.0,0,0,0,0,0.0,0,0.0,0.0,1.0,0.0,0.0,0.0,0.0,0,0
39,5,arnaud kalimuendo muinga|nottingham forest,Arnaud Kalimuendo Muinga,Nottingham Forest,FWD,0.0,0.0,0.0,0.0,1,0.0,0.0,0,0,0,0,0.0,0,0.0,0.0,1.0,0.0,0.0,0.0,0.0,0,0
39,5,arthur masuaku|sunderland,Arthur Masuaku,Sunderland,FWD,0.0,0.0,0.0,0.0,1,0.0,0.0,0,0,0,0,0.0,0,0.0,0.0,1.0,0.0,0.0,0.0,0.0,0,0
39,5,ashley barnes|burnley,Ashley Barnes,Burnley,FWD,0.0,0.0,0.0,0.0,1,0.0,0.0,0,0,0,0,0.0,0,0.0,0.0,1.0,0.0,0.0,0.0,0.0,0,0
39,5,axel disasi|west ham,Axel Disasi,West Ham,DEF,0.0,0.0,0.0,0.0,1,0.0,0.0,0,0,0,0,0.0,0,0.0,0.0,1.0,0.0,0.0,0.0,0.0,0,0
39,5,axel tuanzebe|burnley,Axel Tuanzebe,Burnley,DEF,0.0,0.0,0.0,0.0,1,0.0,0.0,0,0,0,0,0.0,0,0.0,0.0,1.0,0.0,0.0,0.0,0.0,0,0
39,5,ayden heaven|manchester united,Ayden Heaven,Manchester United,DEF,0.0,0.0,0.0,0.0,1,0.0,0.0,0,0,0,0,0.0,0,0.0,0.0,1.0,0.0,0.0,0.0,0.0,0,0
39,5,bafode diakite|bournemouth,Bafode Diakite,Bournemouth,DEF,0.0,0.0,0.0,0.0,1,0.0,0.0,0,0,0,0,0.0,0,0.0,0.0,1.0,0.0,0.0,0.0,0.0,0,0
39,5,bart verbruggen|brighton,Bart Verbruggen,Brighton,GK,0.0,0.0,0.0,0.0,1,0.0,0.0,0,0,0,0,0.0,0,0.0,0.0,1.0,0.0,0.0,0.0,0.0,0,0
39,5,bashir humphreys|burnley,Bashir Humphreys,Burnley,DEF,0.0,0.0,0.0,0.0,1,0.0,0.0,0,0,0,0,0.0,0,0.0,0.0,1.0,0.0,0.0,0.0,0.0,0,0
39,5,ben davies|tottenham,Ben Davies,Tottenham,DEF,0.0,0.0,0.0,0.0,1,0.0,0.0,0,0,0,0,0.0,0,0.0,0.0,1.0,0.0,0.0,0.0,0.0,0,0
39,5,ben doak|bournemouth,Ben Doak,Bournemouth,FWD,0.0,0.0,0.0,0.0,1,0.0,0.0,0,0,0,0,0.0,0,0.0,0.0,1.0,0.0,0.0,0.0,0.0,0,0
39,5,ben white|arsenal,Ben White,Arsenal,DEF,0.0,0.0,0.0,0.0,1,0.0,0.0,0,0,0,0,0.0,0,0.0,0.0,1.0,0.0,0.0,0.0,0.0,0,0
39,5,ben winterburn|bournemouth,Ben Winterburn,Bournemouth,MID,0.0,0.0,0.0,0.0,1,0.0,0.0,0,0,0,0,0.0,0,0.0,0.0,1.0,0.0,0.0,0.0,0.0,0,0
39,5,bendito mantato|manchester united,Bendito Mantato,Manchester United,MID,0.0,0.0,0.0,0.0,1,0.0,0.0,0,0,0,0,0.0,0,0.0,0.0,1.0,0.0,0.0,0.0,0.0,0,0
39,5,benjamin sesko|manchester united,Benjamin Sesko,Manchester United,FWD,0.0,0.0,0.0,0.0,1,0.0,0.0,0,0,0,0,0.0,0,0.0,0.0,1.0,0.0,0.0,0.0,0.0,0,0
39,5,benoit badiashile mukinayi|chelsea,Benoit Badiashile Mukinayi,Chelsea,DEF,0.0,0.0,0.0,0.0,1,0.0,0.0,0,0,0,0,0.0,0,0.0,0.0,1.0,0.0,0.0,0.0,0.0,0,0
39,5,bernardo silva|manchester city,Bernardo Silva,Manchester City,MID,0.0,0.0,0.0,0.0,1,0.0,0.0,0,0,0,0,0.0,0,0.0,0.0,1.0,0.0,0.0,0.0,0.0,0,0
39,5,bernd leno|fulham,Bernd Leno,Fulham,GK,0.0,0.0,0.0,0.0,1,0.0,0.0,0,0,0,0,0.0,0,0.0,0.0,1.0,0.0,0.0,0.0,0.0,0,0
39,5,bertrand traoré|sunderland,Bertrand Traoré,Sunderland,MID,0.0,0.0,0.0,0.0,1,0.0,0.0,0,0,0,0,0.0,0,0.0,0.0,1.0,0.0,0.0,0.0,0.0,0,0
39,5,beto|everton,Beto,Everton,FWD,0.0,0.0,0.0,0.0,1,0.0,0.0,0,0,0,0,0.0,0,0.0,0.0,1.0,0.0,0.0,0.0,0.0,0,0
39,5,borna sosa|crystal palace,Borna Sosa,Crystal Palace,DEF,0.0,0.0,0.0,0.0,1,0.0,0.0,0,0,0,0,0.0,0,0.0,0.0,1.0,0.0,0.0,0.0,0.0,0,0
39,5,boubacar kamara|aston villa,Boubacar Kamara,Aston Villa,MID,0.0,0.0,0.0,0.0,1,0.0,0.0,0,0,0,0,0.0,0,0.0,0.0,1.0,0.0,0.0,0.0,0.0,0,0
39,5,bradley burrowes|aston villa,Bradley Burrowes,Aston Villa,MID,0.0,0.0,0.0,0.0,1,0.0,0.0,0,0,0,0,0.0,0,0.0,0.0,1.0,0.0,0.0,0.0,0.0,0,0
39,5,brajan gruda|brighton,Brajan Gruda,Brighton,MID,0.0,0.0,0.0,0.0,1,0.0,0.0,0,0,0,0,0.0,0,0.0,0.0,1.0,0.0,0.0,0.0,0.0,0,0
39,5,brenden aaronson|leeds,Brenden Aaronson,Leeds,MID,0.0,0.0,0.0,0.0,1,0.0,0.0,0,0,0,0,0.0,0,0.0,0.0,1.0,0.0,0.0,0.0,0.0,0,0
39,5,brennan johnson|crystal palace,Brennan Johnson,Crystal Palace,MID,0.0,0.0,0.0,0.0,1,0.0,0.0,0,0,0,0,0.0,0,0.0,0.0,1.0,0.0,0.0,0.0,0.0,0,0
39,5,brian brobbey|sunderland,Brian Brobbey,Sunderland,FWD,0.0,0.0,0.0,0.0,1,0.0,0.0,0,0,0,0,0.0,0,0.0,0.0,1.0,0.0,0.0,0.0,0.0,0,0
39,5,bruno fernandes|manchester united,Bruno Fernandes,Manchester United,MID,0.0,0.0,0.0,0.0,1,0.0,0.0,0,0,0,0,0.0,0,0.0,0.0,1.0,0.0,0.0,0.0,0.0,0,0
39,5,bruno guimarães|newcastle united,Bruno Guimarães,Newcastle United,MID,0.0,0.0,0.0,0.0,1,0.0,0.0,0,0,0,0,0.0,0,0.0,0.0,1.0,0.0,0.0,0.0,0.0,0,0
39,5,bryan mbeumo|manchester united,Bryan Mbeumo,Manchester United,MID,0.0,0.0,0.0,0.0,1,0.0,0.0,0,0,0,0,0.0,0,0.0,0.0,1.0,0.0,0.0,0.0,0.0,0,0
39,5,bukayo saka|arsenal,Bukayo Saka,Arsenal,MID,0.0,0.0,0.0,0.0,1,0.0,0.0,0,0,0,0,0.0,0,0.0,0.0,1.0,0.0,0.0,0.0,0.0,0,0
39,5,callum hudson-odoi|nottingham forest,Callum Hudson-Odoi,Nottingham Forest,MID,0.0,0.0,0.0,0.0,1,0.0,0.0,0,0,0,0,0.0,0,0.0,0.0,1.0,0.0,0.0,0.0,0.0,0,0
39,5,callum marshall|west ham,Callum Marshall,West Ham,FWD,0.0,0.0,0.0,0.0,1,0.0,0.0,0,0,0,0,0.0,0,0.0,0.0,1.0,0.0,0.0,0.0,0.0,0,0
39,5,callum olusesi|tottenham,Callum Olusesi,Tottenham,DEF,0.0,0.0,0.0,0.0,1,0.0,0.0,0,0,0,0,0.0,0,0.0,0.0,1.0,0.0,0.0,0.0,0.0,0,0
39,5,callum wilson|west ham,Callum Wilson,West Ham,FWD,0.0,0.0,0.0,0.0,1,0.0,0.0,0,0,0,0,0.0,0,0.0,0.0,1.0,0.0,0.0,0.0,0.0,0,0
39,5,calvin bassey|fulham,Calvin Bassey,Fulham,DEF,0.0,0.0,0.0,0.0,1,0.0,0.0,0,0,0,0,0.0,0,0.0,0.0,1.0,0.0,0.0,0.0,0.0,0,0
39,5,caoimhin kelleher|brentford,Caoimhin Kelleher,Brentford,GK,0.0,0.0,0.0,0.0,1,0.0,0.0,0,0,0,0,0.0,0,0.0,0.0,1.0,0.0,0.0,0.0,0.0,0,0
39,5,carlos alcaraz|everton,Carlos Alcaraz,Everton,MID,0.0,0.0,0.0,0.0,1,0.0,0.0,0,0,0,0,0.0,0,0.0,0.0,1.0,0.0,0.0,0.0,0.0,0,0
39,5,carlos baleba|brighton,Carlos Baleba,Brighton,MID,0.0,0.0,0.0,0.0,1,0.0,0.0,0,0,0,0,0.0,0,0.0,0.0,1.0,0.0,0.0,0.0,0.0,0,0
39,5,casemiro|manchester united,Casemiro,Manchester United,MID,0.0,0.0,0.0,0.0,1,0.0,0.0,0,0,0,0,0.0,0,0.0,0.0,1.0,0.0,0.0,0.0,0.0,0,0
39,5,chadi riad|crystal palace,Chadi Riad,Crystal Palace,DEF,0.0,0.0,0.0,0.0,1,0.0,0.0,0,0,0,0,0.0,0,0.0,0.0,1.0,0.0,0.0,0.0,0.0,0,0
39,5,charalampos kostoulas|brighton,Charalampos Kostoulas,Brighton,FWD,0.0,0.0,0.0,0.0,1,0.0,0.0,0,0,0,0,0.0,0,0.0,0.0,1.0,0.0,0.0,0.0,0.0,0,0
39,5,chemsdine talbi|sunderland,Chemsdine Talbi,Sunderland,MID,0.0,0.0,0.0,0.0,1,0.0,0.0,0,0,0,0,0.0,0,0.0,0.0,1.0,0.0,0.0,0.0,0.0,0,0
39,5,chimuanya ugochukwu|burnley,Chimuanya Ugochukwu,Burnley,MID,0.0,0.0,0.0,0.0,1,0.0,0.0,0,0,0,0,0.0,0,0.0,0.0,1.0,0.0,0.0,0.0,0.0,0,0
39,5,chris richards|crystal palace,Chris Richards,Crystal Palace,DEF,0.0,0.0,0.0,0.0,1,0.0,0.0,0,0,0,0,0.0,0,0.0,0.0,1.0,0.0,0.0,0.0,0.0,0,0
39,5,chris rigg|sunderland,Chris Rigg,Sunderland,MID,0.0,0.0,0.0,0.0,1,0.0,0.0,0,0,0,0,0.0,0,0.0,0.0,1.0,0.0,0.0,0.0,0.0,0,0
39,5,chris wood|nottingham forest,Chris Wood,Nottingham Forest,FWD,0.0,0.0,0.0,0.0,1,0.0,0.0,0,0,0,0,0.0,0,0.0,0.0,1.0,0.0,0.0,0.0,0.0,0,0
39,5,christantus uche|crystal palace,Christantus Uche,Crystal Palace,MID,0.0,0.0,0.0,0.0,1,0.0,0.0,0,0,0,0,0.0,0,0.0,0.0,1.0,0.0,0.0,0.0,0.0,0,0
39,5,christian nørgaard|arsenal,Christian Nørgaard,Arsenal,MID,0.0,0.0,0.0,0.0,1,0.0,0.0,0,0,0,0,0.0,0,0.0,0.0,1.0,0.0,0.0,0.0,0.0,0,0
39,5,cody gakpo|liverpool,Cody Gakpo,Liverpool,MID,0.0,0.0,0.0,0.0,1,0.0,0.0,0,0,0,0,0.0,0,0.0,0.0,1.0,0.0,0.0,0.0,0.0,0,0
39,5,cole palmer|chelsea,Cole Palmer,Chelsea,MID,0.0,0.0,0.0,0.0,1,0.0,0.0,0,0,0,0,0.0,0,0.0,0.0,1.0,0.0,0.0,0.0,0.0,0,0
39,5,conor bradley|liverpool,Conor Bradley,Liverpool,DEF,0.0,0.0,0.0,0.0,1,0.0,0.0,0,0,0,0,0.0,0,0.0,0.0,1.0,0.0,0.0,0.0,0.0,0,0
39,5,conor gallagher|tottenham,Conor Gallagher,Tottenham,MID,0.0,0.0,0.0,0.0,1,0.0,0.0,0,0,0,0,0.0,0,0.0,0.0,1.0,0.0,0.0,0.0,0.0,0,0
39,5,cristhian mosquera|arsenal,Cristhian Mosquera,Arsenal,DEF,0.0,0.0,0.0,0.0,1,0.0,0.0,0,0,0,0,0.0,0,0.0,0.0,1.0,0.0,0.0,0.0,0.0,0,0
39,5,cristian romero|tottenham,Cristian Romero,Tottenham,DEF,0.0,0.0,0.0,0.0,1,0.0,0.0,0,0,0,0,0.0,0,0.0,0.0,1.0,0.0,0.0,0.0,0.0,0,0
39,5,crysencio summerville|west ham,Crysencio Summerville,West Ham,MID,0.0,0.0,0.0,0.0,1,0.0,0.0,0,0,0,0,0.0,0,0.0,0.0,1.0,0.0,0.0,0.0,0.0,0,0
39,5,curtis jones|liverpool,Curtis Jones,Liverpool,MID,0.0,0.0,0.0,0.0,1,0.0,0.0,0,0,0,0,0.0,0,0.0,0.0,1.0,0.0,0.0,0.0,0.0,0,0
39,5,daichi kamada|crystal palace,Daichi Kamada,Crystal Palace,MID,0.0,0.0,0.0,0.0,1,0.0,0.0,0,0,0,0,0.0,0,0.0,0.0,1.0,0.0,0.0,0.0,0.0,0,0
39,5,dan ballard|sunderland,Dan Ballard,Sunderland,DEF,0.0,0.0,0.0,0.0,1,0.0,0.0,0,0,0,0,0.0,0,0.0,0.0,1.0,0.0,0.0,0.0,0.0,0,0
39,5,dan burn|newcastle united,Dan Burn,Newcastle United,DEF,0.0,0.0,0.0,0.0,1,0.0,0.0,0,0,0,0,0.0,0,0.0,0.0,1.0,0.0,0.0,0.0,0.0,0,0
39,5,dan ndoye|nottingham forest,Dan Ndoye,Nottingham Forest,MID,0.0,0.0,0.0,0.0,1,0.0,0.0,0,0,0,0,0.0,0,0.0,0.0,1.0,0.0,0.0,0.0,0.0,0,0
39,5,dan neil|sunderland,Dan Neil,Sunderland,MID,0.0,0.0,0.0,0.0,1,0.0,0.0,0,0,0,0,0.0,0,0.0,0.0,1.0,0.0,0.0,0.0,0.0,0,0
39,5,dane scarlett|tottenham,Dane Scarlett,Tottenham,FWD,0.0,0.0,0.0,0.0,1,0.0,0.0,0,0,0,0,0.0,0,0.0,0.0,1.0,0.0,0.0,0.0,0.0,0,0
39,5,dango ouattara|brentford,Dango Ouattara,Brentford,MID,0.0,0.0,0.0,0.0,1,0.0,0.0,0,0,0,0,0.0,0,0.0,0.0,1.0,0.0,0.0,0.0,0.0,0,0
39,5,daniel james|leeds,Daniel James,Leeds,MID,0.0,0.0,0.0,0.0,1,0.0,0.0,0,0,0,0,0.0,0,0.0,0.0,1.0,0.0,0.0,0.0,0.0,0,0
39,5,daniel muñoz|crystal palace,Daniel Muñoz,Crystal Palace,DEF,0.0,0.0,0.0,0.0,1,0.0,0.0,0,0,0,0,0.0,0,0.0,0.0,1.0,0.0,0.0,0.0,0.0,0,0
39,5,danny welbeck|brighton,Danny Welbeck,Brighton,FWD,0.0,0.0,0.0,0.0,1,0.0,0.0,0,0,0,0,0.0,0,0.0,0.0,1.0,0.0,0.0,0.0,0.0,0,0
39,5,david brooks|bournemouth,David Brooks,Bournemouth,MID,0.0,0.0,0.0,0.0,1,0.0,0.0,0,0,0,0,0.0,0,0.0,0.0,1.0,0.0,0.0,0.0,0.0,0,0
39,5,david møller wolfe|wolverhampton wanderers,David Møller Wolfe,Wolverhampton Wanderers,DEF,0.0,0.0,0.0,0.0,1,0.0,0.0,0,0,0,0,0.0,0,0.0,0.0,1.0,0.0,0.0,0.0,0.0,0,0
39,5,david raya|arsenal,David Raya,Arsenal,GK,0.0,0.0,0.0,0.0,1,0.0,0.0,0,0,0,0,0.0,0,0.0,0.0,1.0,0.0,0.0,0.0,0.0,0,0
39,5,dean henderson|crystal palace,Dean Henderson,Crystal Palace,GK,0.0,0.0,0.0,0.0,1,0.0,0.0,0,0,0,0,0.0,0,0.0,0.0,1.0,0.0,0.0,0.0,0.0,0,0
39,5,declan rice|arsenal,Declan Rice,Arsenal,MID,0.0,0.0,0.0,0.0,1,0.0,0.0,0,0,0,0,0.0,0,0.0,0.0,1.0,0.0,0.0,0.0,0.0,0,0
39,5,dennis cirkin|sunderland,Dennis Cirkin,Sunderland,DEF,0.0,0.0,0.0,0.0,1,0.0,0.0,0,0,0,0,0.0,0,0.0,0.0,1.0,0.0,0.0,0.0,0.0,0,0
39,5,diego coppola|brighton,Diego Coppola,Brighton,DEF,0.0,0.0,0.0,0.0,1,0.0,0.0,0,0,0,0,0.0,0,0.0,0.0,1.0,0.0,0.0,0.0,0.0,0,0
39,5,diego gómez|brighton,Diego Gómez,Brighton,MID,0.0,0.0,0.0,0.0,1,0.0,0.0,0,0,0,0,0.0,0,0.0,0.0,1.0,0.0,0.0,0.0,0.0,0,0
39,5,dilane bakwa|nottingham forest,Dilane Bakwa,Nottingham Forest,MID,0.0,0.0,0.0,0.0,1,0.0,0.0,0,0,0,0,0.0,0,0.0,0.0,1.0,0.0,0.0,0.0,0.0,0,0
39,5,diogo dalot|manchester united,Diogo Dalot,Manchester United,DEF,0.0,0.0,0.0,0.0,1,0.0,0.0,0,0,0,0,0.0,0,0.0,0.0,1.0,0.0,0.0,0.0,0.0,0,0
39,5,divine mukasa|manchester city,Divine Mukasa,Manchester City,MID,0.0,0.0,0.0,0.0,1,0.0,0.0,0,0,0,0,0.0,0,0.0,0.0,1.0,0.0,0.0,0.0,0.0,0,0
39,5,djed spence|tottenham,Djed Spence,Tottenham,DEF,0.0,0.0,0.0,0.0,1,0.0,0.0,0,0,0,0,0.0,0,0.0,0.0,1.0,0.0,0.0,0.0,0.0,0,0
39,5,djiamgone jocelin ta bi|sunderland,Djiamgone Jocelin Ta Bi,Sunderland,FWD,0.0,0.0,0.0,0.0,1,0.0,0.0,0,0,0,0,0.0,0,0.0,0.0,1.0,0.0,0.0,0.0,0.0,0,0
39,5,djordje petrovic|bournemouth,Djordje Petrovic,Bournemouth,GK,0.0,0.0,0.0,0.0,1,0.0,0.0,0,0,0,0,0.0,0,0.0,0.0,1.0,0.0,0.0,0.0,0.0,0,0
39,5,dominic calvert-lewin|leeds,Dominic Calvert-Lewin,Leeds,FWD,0.0,0.0,0.0,0.0,1,0.0,0.0,0,0,0,0,0.0,0,0.0,0.0,1.0,0.0,0.0,0.0,0.0,0,0
39,5,dominic solanke|tottenham,Dominic Solanke,Tottenham,FWD,0.0,0.0,0.0,0.0,1,0.0,0.0,0,0,0,0,0.0,0,0.0,0.0,1.0,0.0,0.0,0.0,0.0,0,0
39,5,dominik szoboszlai|liverpool,Dominik Szoboszlai,Liverpool,MID,0.0,0.0,0.0,0.0,1,0.0,0.0,0,0,0,0,0.0,0,0.0,0.0,1.0,0.0,0.0,0.0,0.0,0,0
39,5,donyell malen|aston villa,Donyell Malen,Aston Villa,MID,0.0,0.0,0.0,0.0,1,0.0,0.0,0,0,0,0,0.0,0,0.0,0.0,1.0,0.0,0.0,0.0,0.0,0,0
39,5,douglas luiz|aston villa,Douglas Luiz,Aston Villa,MID,0.0,0.0,0.0,0.0,1,0.0,0.0,0,0,0,0,0.0,0,0.0,0.0,1.0,0.0,0.0,0.0,0.0,0,0
39,5,dwight mcneil|everton,Dwight McNeil,Everton,MID,0.0,0.0,0.0,0.0,1,0.0,0.0,0,0,0,0,0.0,0,0.0,0.0,1.0,0.0,0.0,0.0,0.0,0,0
39,5,eberechi eze|arsenal,Eberechi Eze,Arsenal,MID,0.0,0.0,0.0,0.0,1,0.0,0.0,0,0,0,0,0.0,0,0.0,0.0,1.0,0.0,0.0,0.0,0.0,0,0
39,5,eddie nketiah|crystal palace,Eddie Nketiah,Crystal Palace,FWD,0.0,0.0,0.0,0.0,1,0.0,0.0,0,0,0,0,0.0,0,0.0,0.0,1.0,0.0,0.0,0.0,0.0,0,0
39,5,el hadji malick diouf|west ham,El Hadji Malick Diouf,West Ham,DEF,0.0,0.0,0.0,0.0,1,0.0,0.0,0,0,0,0,0.0,0,0.0,0.0,1.0,0.0,0.0,0.0,0.0,0,0
39,5,eli junior kroupi|bournemouth,Eli Junior Kroupi,Bournemouth,FWD,0.0,0.0,0.0,0.0,1,0.0,0.0,0,0,0,0,0.0,0,0.0,0.0,1.0,0.0,0.0,0.0,0.0,0,0
39,5,eliezer mayenda|sunderland,Eliezer Mayenda,Sunderland,FWD,0.0,0.0,0.0,0.0,1,0.0,0.0,0,0,0,0,0.0,0,0.0,0.0,1.0,0.0,0.0,0.0,0.0,0,0
39,5,elliot anderson|nottingham forest,Elliot Anderson,Nottingham Forest,MID,0.0,0.0,0.0,0.0,1,0.0,0.0,0,0,0,0,0.0,0,0.0,0.0,1.0,0.0,0.0,0.0,0.0,0,0
39,5,emil krafth|newcastle united,Emil Krafth,Newcastle United,DEF,0.0,0.0,0.0,0.0,1,0.0,0.0,0,0,0,0,0.0,0,0.0,0.0,1.0,0.0,0.0,0.0,0.0,0,0
39,5,emile smith-rowe|fulham,Emile Smith-Rowe,Fulham,MID,0.0,0.0,0.0,0.0,1,0.0,0.0,0,0,0,0,0.0,0,0.0,0.0,1.0,0.0,0.0,0.0,0.0,0,0
39,5,emiliano buendía|aston villa,Emiliano Buendía,Aston Villa,MID,0.0,0.0,0.0,0.0,1,0.0,0.0,0,0,0,0,0.0,0,0.0,0.0,1.0,0.0,0.0,0.0,0.0,0,0
39,5,emiliano martinez|aston villa,Emiliano Martinez,Aston Villa,GK,0.0,0.0,0.0,0.0,1,0.0,0.0,0,0,0,0,0.0,0,0.0,0.0,1.0,0.0,0.0,0.0,0.0,0,0
39,5,emmanuel agbadou|wolverhampton wanderers,Emmanuel Agbadou,Wolverhampton Wanderers,DEF,0.0,0.0,0.0,0.0,1,0.0,0.0,0,0,0,0,0.0,0,0.0,0.0,1.0,0.0,0.0,0.0,0.0,0,0
39,5,enes ünal|bournemouth,Enes Ünal,Bournemouth,FWD,0.0,0.0,0.0,0.0,1,0.0,0.0,0,0,0,0,0.0,0,0.0,0.0,1.0,0.0,0.0,0.0,0.0,0,0
39,5,enzo fernández|chelsea,Enzo Fernández,Chelsea,MID,0.0,0.0,0.0,0.0,1,0.0,0.0,0,0,0,0,0.0,0,0.0,0.0,1.0,0.0,0.0,0.0,0.0,0,0
39,5,enzo le fée|sunderland,Enzo Le Fée,Sunderland,MID,0.0,0.0,0.0,0.0,1,0.0,0.0,0,0,0,0,0.0,0,0.0,0.0,1.0,0.0,0.0,0.0,0.0,0,0
39,5,erling haaland|manchester city,Erling Haaland,Manchester City,FWD,0.0,0.0,0.0,0.0,1,0.0,0.0,0,0,0,0,0.0,0,0.0,0.0,1.0,0.0,0.0,0.0,0.0,0,0
39,5,estêvão|chelsea,Estêvão,Chelsea,MID,0.0,0.0,0.0,0.0,1,0.0,0.0,0,0,0,0,0.0,0,0.0,0.0,1.0,0.0,0.0,0.0,0.0,0,0
39,5,ethan ampadu|leeds,Ethan Ampadu,Leeds,MID,0.0,0.0,0.0,0.0,1,0.0,0.0,0,0,0,0,0.0,0,0.0,0.0,1.0,0.0,0.0,0.0,0.0,0,0
39,5,ethan nwaneri|arsenal,Ethan Nwaneri,Arsenal,MID,0.0,0.0,0.0,0.0,1,0.0,0.0,0,0,0,0,0.0,0,0.0,0.0,1.0,0.0,0.0,0.0,0.0,0,0
39,5,ethan pinnock|brentford,Ethan Pinnock,Brentford,DEF,0.0,0.0,0.0,0.0,1,0.0,0.0,0,0,0,0,0.0,0,0.0,0.0,1.0,0.0,0.0,0.0,0.0,0,0
39,5,evanilson|bournemouth,Evanilson,Bournemouth,FWD,0.0,0.0,0.0,0.0,1,0.0,0.0,0,0,0,0,0.0,0,0.0,0.0,1.0,0.0,0.0,0.0,0.0,0,0
39,5,evann guessand|crystal palace,Evann Guessand,Crystal Palace,MID,0.0,0.0,0.0,0.0,1,0.0,0.0,0,0,0,0,0.0,0,0.0,0.0,1.0,0.0,0.0,0.0,0.0,0,0
39,5,ezra mayers|west ham,Ezra Mayers,West Ham,DEF,0.0,0.0,0.0,0.0,1,0.0,0.0,0,0,0,0,0.0,0,0.0,0.0,1.0,0.0,0.0,0.0,0.0,0,0
39,5,ezri konsa ngoyo|aston villa,Ezri Konsa Ngoyo,Aston Villa,DEF,0.0,0.0,0.0,0.0,1,0.0,0.0,0,0,0,0,0.0,0,0.0,0.0,1.0,0.0,0.0,0.0,0.0,0,0
39,5,fabian schär|newcastle united,Fabian Schär,Newcastle United,DEF,0.0,0.0,0.0,0.0,1,0.0,0.0,0,0,0,0,0.0,0,0.0,0.0,1.0,0.0,0.0,0.0,0.0,0,0
39,5,fabio carvalho|brentford,Fabio Carvalho,Brentford,MID,0.0,0.0,0.0,0.0,1,0.0,0.0,0,0,0,0,0.0,0,0.0,0.0,1.0,0.0,0.0,0.0,0.0,0,0
39,5,facundo buonanotte|leeds,Facundo Buonanotte,Leeds,MID,0.0,0.0,0.0,0.0,1,0.0,0.0,0,0,0,0,0.0,0,0.0,0.0,1.0,0.0,0.0,0.0,0.0,0,0
39,5,federico chiesa|liverpool,Federico Chiesa,Liverpool,MID,0.0,0.0,0.0,0.0,1,0.0,0.0,0,0,0,0,0.0,0,0.0,0.0,1.0,0.0,0.0,0.0,0.0,0,0
39,5,ferdi kadioglu|brighton,Ferdi Kadioglu,Brighton,DEF,0.0,0.0,0.0,0.0,1,0.0,0.0,0,0,0,0,0.0,0,0.0,0.0,1.0,0.0,0.0,0.0,0.0,0,0
39,5,fernando lópez|wolverhampton wanderers,Fernando López,Wolverhampton Wanderers,FWD,0.0,0.0,0.0,0.0,1,0.0,0.0,0,0,0,0,0.0,0,0.0,0.0,1.0,0.0,0.0,0.0,0.0,0,0
39,5,filip jorgensen|chelsea,Filip Jorgensen,Chelsea,GK,0.0,0.0,0.0,0.0,1,0.0,0.0,0,0,0,0,0.0,0,0.0,0.0,1.0,0.0,0.0,0.0,0.0,0,0
39,5,florentino luís|burnley,Florentino Luís,Burnley,MID,0.0,0.0,0.0,0.0,1,0.0,0.0,0,0,0,0,0.0,0,0.0,0.0,1.0,0.0,0.0,0.0,0.0,0,0
39,5,florian wirtz|liverpool,Florian Wirtz,Liverpool,MID,0.0,0.0,0.0,0.0,1,0.0,0.0,0,0,0,0,0.0,0,0.0,0.0,1.0,0.0,0.0,0.0,0.0,0,0
39,5,frank onyeka|brentford,Frank Onyeka,Brentford,MID,0.0,0.0,0.0,0.0,1,0.0,0.0,0,0,0,0,0.0,0,0.0,0.0,1.0,0.0,0.0,0.0,0.0,0,0
39,5,freddie potts|west ham,Freddie Potts,West Ham,MID,0.0,0.0,0.0,0.0,1,0.0,0.0,0,0,0,0,0.0,0,0.0,0.0,1.0,0.0,0.0,0.0,0.0,0,0
39,5,gabriel gudmundsson|leeds,Gabriel Gudmundsson,Leeds,DEF,0.0,0.0,0.0,0.0,1,0.0,0.0,0,0,0,0,0.0,0,0.0,0.0,1.0,0.0,0.0,0.0,0.0,0,0
39,5,gabriel jesus|arsenal,Gabriel Jesus,Arsenal,FWD,0.0,0.0,0.0,0.0,1,0.0,0.0,0,0,0,0,0.0,0,0.0,0.0,1.0,0.0,0.0,0.0,0.0,0,0
39,5,gabriel martinelli|arsenal,Gabriel Martinelli,Arsenal,MID,0.0,0.0,0.0,0.0,1,0.0,0.0,0,0,0,0,0.0,0,0.0,0.0,1.0,0.0,0.0,0.0,0.0,0,0
39,5,gabriel|arsenal,Gabriel,Arsenal,DEF,0.0,0.0,0.0,0.0,1,0.0,0.0,0,0,0,0,0.0,0,0.0,0.0,1.0,0.0,0.0,0.0,0.0,0,0
39,5,george earthy|west ham,George Earthy,West Ham,MID,0.0,0.0,0.0,0.0,1,0.0,0.0,0,0,0,0,0.0,0,0.0,0.0,1.0,0.0,0.0,0.0,0.0,0,0
39,5,george hemmings|aston villa,George Hemmings,Aston Villa,MID,0.0,0.0,0.0,0.0,1,0.0,0.0,0,0,0,0,0.0,0,0.0,0.0,1.0,0.0,0.0,0.0,0.0,0,0
39,5,georginio rutter|brighton,Georginio Rutter,Brighton,MID,0.0,0.0,0.0,0.0,1,0.0,0.0,0,0,0,0,0.0,0,0.0,0.0,1.0,0.0,0.0,0.0,0.0,0,0
39,5,gianluigi donnarumma|manchester city,Gianluigi Donnarumma,Manchester City,GK,0.0,0.0,0.0,0.0,1,0.0,0.0,0,0,0,0,0.0,0,0.0,0.0,1.0,0.0,0.0,0.0,0.0,0,0
39,5,giorgi mamardashvili|liverpool,Giorgi Mamardashvili,Liverpool,GK,0.0,0.0,0.0,0.0,1,0.0,0.0,0,0,0,0,0.0,0,0.0,0.0,1.0,0.0,0.0,0.0,0.0,0,0
39,5,granit xhaka|sunderland,Granit Xhaka,Sunderland,MID,0.0,0.0,0.0,0.0,1,0.0,0.0,0,0,0,0,0.0,0,0.0,0.0,1.0,0.0,0.0,0.0,0.0,0,0
39,5,guglielmo vicario|tottenham,Guglielmo Vicario,Tottenham,GK,0.0,0.0,0.0,0.0,1,0.0,0.0,0,0,0,0,0.0,0,0.0,0.0,1.0,0.0,0.0,0.0,0.0,0,0
39,5,guido rodríguez|west ham,Guido Rodríguez,West Ham,MID,0.0,0.0,0.0,0.0,1,0.0,0.0,0,0,0,0,0.0,0,0.0,0.0,1.0,0.0,0.0,0.0,0.0,0,0
39,5,habib diarra|sunderland,Habib Diarra,Sunderland,MID,0.0,0.0,0.0,0.0,1,0.0,0.0,0,0,0,0,0.0,0,0.0,0.0,1.0,0.0,0.0,0.0,0.0,0,0
39,5,hamed junior traore|bournemouth,Hamed Junior Traore,Bournemouth,MID,0.0,0.0,0.0,0.0,1,0.0,0.0,0,0,0,0,0.0,0,0.0,0.0,1.0,0.0,0.0,0.0,0.0,0,0
39,5,hannibal mejbri|burnley,Hannibal Mejbri,Burnley,MID,0.0,0.0,0.0,0.0,1,0.0,0.0,0,0,0,0,0.0,0,0.0,0.0,1.0,0.0,0.0,0.0,0.0,0,0
39,5,harrison armstrong|everton,Harrison Armstrong,Everton,MID,0.0,0.0,0.0,0.0,1,0.0,0.0,0,0,0,0,0.0,0,0.0,0.0,1.0,0.0,0.0,0.0,0.0,0,0
39,5,harrison reed|fulham,Harrison Reed,Fulham,MID,0.0,0.0,0.0,0.0,1,0.0,0.0,0,0,0,0,0.0,0,0.0,0.0,1.0,0.0,0.0,0.0,0.0,0,0
39,5,harry howell|brighton,Harry Howell,Brighton,MID,0.0,0.0,0.0,0.0,1,0.0,0.0,0,0,0,0,0.0,0,0.0,0.0,1.0,0.0,0.0,0.0,0.0,0,0
39,5,harry maguire|manchester united,Harry Maguire,Manchester United,DEF,0.0,0.0,0.0,0.0,1,0.0,0.0,0,0,0,0,0.0,0,0.0,0.0,1.0,0.0,0.0,0.0,0.0,0,0
39,5,harry wilson|fulham,Harry Wilson,Fulham,MID,0.0,0.0,0.0,0.0,1,0.0,0.0,0,0,0,0,0.0,0,0.0,0.0,1.0,0.0,0.0,0.0,0.0,0,0
39,5,harvey barnes|newcastle united,Harvey Barnes,Newcastle United,MID,0.0,0.0,0.0,0.0,1,0.0,0.0,0,0,0,0,0.0,0,0.0,0.0,1.0,0.0,0.0,0.0,0.0,0,0
39,5,harvey elliott|aston villa,Harvey Elliott,Aston Villa,MID,0.0,0.0,0.0,0.0,1,0.0,0.0,0,0,0,0,0.0,0,0.0,0.0,1.0,0.0,0.0,0.0,0.0,0,0
39,5,hee-chan hwang|wolverhampton wanderers,Hee-Chan Hwang,Wolverhampton Wanderers,MID,0.0,0.0,0.0,0.0,1,0.0,0.0,0,0,0,0,0.0,0,0.0,0.0,1.0,0.0,0.0,0.0,0.0,0,0
39,5,hjalmar ekdal|burnley,Hjalmar Ekdal,Burnley,DEF,0.0,0.0,0.0,0.0,1,0.0,0.0,0,0,0,0,0.0,0,0.0,0.0,1.0,0.0,0.0,0.0,0.0,0,0
39,5,hugo bueno|wolverhampton wanderers,Hugo Bueno,Wolverhampton Wanderers,DEF,0.0,0.0,0.0,0.0,1,0.0,0.0,0,0,0,0,0.0,0,0.0,0.0,1.0,0.0,0.0,0.0,0.0,0,0
39,5,hugo ekitike|liverpool,Hugo Ekitike,Liverpool,FWD,0.0,0.0,0.0,0.0,1,0.0,0.0,0,0,0,0,0.0,0,0.0,0.0,1.0,0.0,0.0,0.0,0.0,0,0
39,5,hákon valdimarsson|brentford,Hákon Valdimarsson,Brentford,GK,0.0,0.0,0.0,0.0,1,0.0,0.0,0,0,0,0,0.0,0,0.0,0.0,1.0,0.0,0.0,0.0,0.0,0,0
39,5,ian maatsen|aston villa,Ian Maatsen,Aston Villa,DEF,0.0,0.0,0.0,0.0,1,0.0,0.0,0,0,0,0,0.0,0,0.0,0.0,1.0,0.0,0.0,0.0,0.0,0,0
39,5,ibrahim sangare|nottingham forest,Ibrahim Sangare,Nottingham Forest,MID,0.0,0.0,0.0,0.0,1,0.0,0.0,0,0,0,0,0.0,0,0.0,0.0,1.0,0.0,0.0,0.0,0.0,0,0
39,5,ibrahima konaté|liverpool,Ibrahima Konaté,Liverpool,DEF,0.0,0.0,0.0,0.0,1,0.0,0.0,0,0,0,0,0.0,0,0.0,0.0,1.0,0.0,0.0,0.0,0.0,0,0
39,5,idrissa gueye|everton,Idrissa Gueye,Everton,MID,0.0,0.0,0.0,0.0,1,0.0,0.0,0,0,0,0,0.0,0,0.0,0.0,1.0,0.0,0.0,0.0,0.0,0,0
39,5,igor jesus|nottingham forest,Igor Jesus,Nottingham Forest,FWD,0.0,0.0,0.0,0.0,1,0.0,0.0,0,0,0,0,0.0,0,0.0,0.0,1.0,0.0,0.0,0.0,0.0,0,0
39,5,igor julio|west ham,Igor Julio,West Ham,DEF,0.0,0.0,0.0,0.0,1,0.0,0.0,0,0,0,0,0.0,0,0.0,0.0,1.0,0.0,0.0,0.0,0.0,0,0
39,5,ilia gruev|leeds,Ilia Gruev,Leeds,MID,0.0,0.0,0.0,0.0,1,0.0,0.0,0,0,0,0,0.0,0,0.0,0.0,1.0,0.0,0.0,0.0,0.0,0,0
39,5,iliman ndiaye|everton,Iliman Ndiaye,Everton,MID,0.0,0.0,0.0,0.0,1,0.0,0.0,0,0,0,0,0.0,0,0.0,0.0,1.0,0.0,0.0,0.0,0.0,0,0
39,5,ismaila sarr|crystal palace,Ismaila Sarr,Crystal Palace,MID,0.0,0.0,0.0,0.0,1,0.0,0.0,0,0,0,0,0.0,0,0.0,0.0,1.0,0.0,0.0,0.0,0.0,0,0
39,5,issa diop|fulham,Issa Diop,Fulham,DEF,0.0,0.0,0.0,0.0,1,0.0,0.0,0,0,0,0,0.0,0,0.0,0.0,1.0,0.0,0.0,0.0,0.0,0,0
39,5,iyenoma destiny udogie|tottenham,Iyenoma Destiny Udogie,Tottenham,DEF,0.0,0.0,0.0,0.0,1,0.0,0.0,0,0,0,0,0.0,0,0.0,0.0,1.0,0.0,0.0,0.0,0.0,0,0
39,5,jack fletcher|manchester united,Jack Fletcher,Manchester United,MID,0.0,0.0,0.0,0.0,1,0.0,0.0,0,0,0,0,0.0,0,0.0,0.0,1.0,0.0,0.0,0.0,0.0,0,0
39,5,jack grealish|everton,Jack Grealish,Everton,MID,0.0,0.0,0.0,0.0,1,0.0,0.0,0,0,0,0,0.0,0,0.0,0.0,1.0,0.0,0.0,0.0,0.0,0,0
39,5,jack harrison|leeds,Jack Harrison,Leeds,MID,0.0,0.0,0.0,0.0,1,0.0,0.0,0,0,0,0,0.0,0,0.0,0.0,1.0,0.0,0.0,0.0,0.0,0,0
39,5,jack hinshelwood|brighton,Jack Hinshelwood,Brighton,MID,0.0,0.0,0.0,0.0,1,0.0,0.0,0,0,0,0,0.0,0,0.0,0.0,1.0,0.0,0.0,0.0,0.0,0,0
39,5,jackson tchatchoua|wolverhampton wanderers,Jackson Tchatchoua,Wolverhampton Wanderers,DEF,0.0,0.0,0.0,0.0,1,0.0,0.0,0,0,0,0,0.0,0,0.0,0.0,1.0,0.0,0.0,0.0,0.0,0,0
39,5,jacob bruun larsen|burnley,Jacob Bruun Larsen,Burnley,FWD,0.0,0.0,0.0,0.0,1,0.0,0.0,0,0,0,0,0.0,0,0.0,0.0,1.0,0.0,0.0,0.0,0.0,0,0
39,5,jacob murphy|newcastle united,Jacob Murphy,Newcastle United,MID,0.0,0.0,0.0,0.0,1,0.0,0.0,0,0,0,0,0.0,0,0.0,0.0,1.0,0.0,0.0,0.0,0.0,0,0
39,5,jacob ramsey|newcastle united,Jacob Ramsey,Newcastle United,MID,0.0,0.0,0.0,0.0,1,0.0,0.0,0,0,0,0,0.0,0,0.0,0.0,1.0,0.0,0.0,0.0,0.0,0,0
39,5,jadon sancho|aston villa,Jadon Sancho,Aston Villa,MID,0.0,0.0,0.0,0.0,1,0.0,0.0,0,0,0,0,0.0,0,0.0,0.0,1.0,0.0,0.0,0.0,0.0,0,0
39,5,jaidon anthony|burnley,Jaidon Anthony,Burnley,MID,0.0,0.0,0.0,0.0,1,0.0,0.0,0,0,0,0,0.0,0,0.0,0.0,1.0,0.0,0.0,0.0,0.0,0,0
39,5,jair|nottingham forest,Jair,Nottingham Forest,DEF,0.0,0.0,0.0,0.0,1,0.0,0.0,0,0,0,0,0.0,0,0.0,0.0,1.0,0.0,0.0,0.0,0.0,0,0
39,5,jaka bijol|leeds,Jaka Bijol,Leeds,DEF,0.0,0.0,0.0,0.0,1,0.0,0.0,0,0,0,0,0.0,0,0.0,0.0,1.0,0.0,0.0,0.0,0.0,0,0
39,5,jake o'brien|everton,Jake O'Brien,Everton,DEF,0.0,0.0,0.0,0.0,1,0.0,0.0,0,0,0,0,0.0,0,0.0,0.0,1.0,0.0,0.0,0.0,0.0,0,0
39,5,jamaal lascelles|newcastle united,Jamaal Lascelles,Newcastle United,DEF,0.0,0.0,0.0,0.0,1,0.0,0.0,0,0,0,0,0.0,0,0.0,0.0,1.0,0.0,0.0,0.0,0.0,0,0
39,5,jamaldeen jimoh|aston villa,Jamaldeen Jimoh,Aston Villa,MID,0.0,0.0,0.0,0.0,1,0.0,0.0,0,0,0,0,0.0,0,0.0,0.0,1.0,0.0,0.0,0.0,0.0,0,0
39,5,james garner|everton,James Garner,Everton,MID,0.0,0.0,0.0,0.0,1,0.0,0.0,0,0,0,0,0.0,0,0.0,0.0,1.0,0.0,0.0,0.0,0.0,0,0
39,5,james hill|bournemouth,James Hill,Bournemouth,DEF,0.0,0.0,0.0,0.0,1,0.0,0.0,0,0,0,0,0.0,0,0.0,0.0,1.0,0.0,0.0,0.0,0.0,0,0
39,5,james justin|leeds,James Justin,Leeds,DEF,0.0,0.0,0.0,0.0,1,0.0,0.0,0,0,0,0,0.0,0,0.0,0.0,1.0,0.0,0.0,0.0,0.0,0,0
39,5,james mcatee|nottingham forest,James McAtee,Nottingham Forest,MID,0.0,0.0,0.0,0.0,1,0.0,0.0,0,0,0,0,0.0,0,0.0,0.0,1.0,0.0,0.0,0.0,0.0,0,0
39,5,james milner|brighton,James Milner,Brighton,MID,0.0,0.0,0.0,0.0,1,0.0,0.0,0,0,0,0,0.0,0,0.0,0.0,1.0,0.0,0.0,0.0,0.0,0,0
39,5,james rowswell|tottenham,James Rowswell,Tottenham,MID,0.0,0.0,0.0,0.0,1,0.0,0.0,0,0,0,0,0.0,0,0.0,0.0,1.0,0.0,0.0,0.0,0.0,0,0
39,5,james tarkowski|everton,James Tarkowski,Everton,DEF,0.0,0.0,0.0,0.0,1,0.0,0.0,0,0,0,0,0.0,0,0.0,0.0,1.0,0.0,0.0,0.0,0.0,0,0
39,5,james trafford|manchester city,James Trafford,Manchester City,GK,0.0,0.0,0.0,0.0,1,0.0,0.0,0,0,0,0,0.0,0,0.0,0.0,1.0,0.0,0.0,0.0,0.0,0,0
39,5,james ward-prowse|burnley,James Ward-Prowse,Burnley,MID,0.0,0.0,0.0,0.0,1,0.0,0.0,0,0,0,0,0.0,0,0.0,0.0,1.0,0.0,0.0,0.0,0.0,0,0
39,5,jamie bynoe-gittens|chelsea,Jamie Bynoe-Gittens,Chelsea,MID,0.0,0.0,0.0,0.0,1,0.0,0.0,0,0,0,0,0.0,0,0.0,0.0,1.0,0.0,0.0,0.0,0.0,0,0
39,5,jan paul van hecke|brighton,Jan Paul van Hecke,Brighton,DEF,0.0,0.0,0.0,0.0,1,0.0,0.0,0,0,0,0,0.0,0,0.0,0.0,1.0,0.0,0.0,0.0,0.0,0,0
39,5,jarrad branthwaite|everton,Jarrad Branthwaite,Everton,DEF,0.0,0.0,0.0,0.0,1,0.0,0.0,0,0,0,0,0.0,0,0.0,0.0,1.0,0.0,0.0,0.0,0.0,0,0
39,5,jarrod bowen|west ham,Jarrod Bowen,West Ham,FWD,0.0,0.0,0.0,0.0,1,0.0,0.0,0,0,0,0,0.0,0,0.0,0.0,1.0,0.0,0.0,0.0,0.0,0,0
39,5,jaydee canvot|crystal palace,Jaydee Canvot,Crystal Palace,DEF,0.0,0.0,0.0,0.0,1,0.0,0.0,0,0,0,0,0.0,0,0.0,0.0,1.0,0.0,0.0,0.0,0.0,0,0
39,5,jayden bogle|leeds,Jayden Bogle,Leeds,DEF,0.0,0.0,0.0,0.0,1,0.0,0.0,0,0,0,0,0.0,0,0.0,0.0,1.0,0.0,0.0,0.0,0.0,0,0
39,5,jaydon banel|burnley,Jaydon Banel,Burnley,FWD,0.0,0.0,0.0,0.0,1,0.0,0.0,0,0,0,0,0.0,0,0.0,0.0,1.0,0.0,0.0,0.0,0.0,0,0
39,5,jean-clair todibo|west ham,Jean-Clair Todibo,West Ham,DEF,0.0,0.0,0.0,0.0,1,0.0,0.0,0,0,0,0,0.0,0,0.0,0.0,1.0,0.0,0.0,0.0,0.0,0,0
39,5,jean-philippe mateta|crystal palace,Jean-Philippe Mateta,Crystal Palace,FWD,0.0,0.0,0.0,0.0,1,0.0,0.0,0,0,0,0,0.0,0,0.0,0.0,1.0,0.0,0.0,0.0,0.0,0,0
39,5,jean-ricner bellegarde|wolverhampton wanderers,Jean-Ricner Bellegarde,Wolverhampton Wanderers,MID,0.0,0.0,0.0,0.0,1,0.0,0.0,0,0,0,0,0.0,0,0.0,0.0,1.0,0.0,0.0,0.0,0.0,0,0
39,5,jefferson lerma|crystal palace,Jefferson Lerma,Crystal Palace,MID,0.0,0.0,0.0,0.0,1,0.0,0.0,0,0,0,0,0.0,0,0.0,0.0,1.0,0.0,0.0,0.0,0.0,0,0
39,5,jenson seelt|sunderland,Jenson Seelt,Sunderland,DEF,0.0,0.0,0.0,0.0,1,0.0,0.0,0,0,0,0,0.0,0,0.0,0.0,1.0,0.0,0.0,0.0,0.0,0,0
39,5,jeremie frimpong|liverpool,Jeremie Frimpong,Liverpool,DEF,0.0,0.0,0.0,0.0,1,0.0,0.0,0,0,0,0,0.0,0,0.0,0.0,1.0,0.0,0.0,0.0,0.0,0,0
39,5,jhon arias|wolverhampton wanderers,Jhon Arias,Wolverhampton Wanderers,MID,0.0,0.0,0.0,0.0,1,0.0,0.0,0,0,0,0,0.0,0,0.0,0.0,1.0,0.0,0.0,0.0,0.0,0,0
39,5,joachim andersen|fulham,Joachim Andersen,Fulham,DEF,0.0,0.0,0.0,0.0,1,0.0,0.0,0,0,0,0,0.0,0,0.0,0.0,1.0,0.0,0.0,0.0,0.0,0,0
39,5,joe knight|brighton,Joe Knight,Brighton,MID,0.0,0.0,0.0,0.0,1,0.0,0.0,0,0,0,0,0.0,0,0.0,0.0,1.0,0.0,0.0,0.0,0.0,0,0
39,5,joe rodon|leeds,Joe Rodon,Leeds,DEF,0.0,0.0,0.0,0.0,1,0.0,0.0,0,0,0,0,0.0,0,0.0,0.0,1.0,0.0,0.0,0.0,0.0,0,0
39,5,joe willock|newcastle united,Joe Willock,Newcastle United,MID,0.0,0.0,0.0,0.0,1,0.0,0.0,0,0,0,0,0.0,0,0.0,0.0,1.0,0.0,0.0,0.0,0.0,0,0
39,5,joe worrall|burnley,Joe Worrall,Burnley,DEF,0.0,0.0,0.0,0.0,1,0.0,0.0,0,0,0,0,0.0,0,0.0,0.0,1.0,0.0,0.0,0.0,0.0,0,0
39,5,joelinton|newcastle united,Joelinton,Newcastle United,MID,0.0,0.0,0.0,0.0,1,0.0,0.0,0,0,0,0,0.0,0,0.0,0.0,1.0,0.0,0.0,0.0,0.0,0,0
39,5,john mcginn|aston villa,John McGinn,Aston Villa,MID,0.0,0.0,0.0,0.0,1,0.0,0.0,0,0,0,0,0.0,0,0.0,0.0,1.0,0.0,0.0,0.0,0.0,0,0
39,5,john stones|manchester city,John Stones,Manchester City,DEF,0.0,0.0,0.0,0.0,1,0.0,0.0,0,0,0,0,0.0,0,0.0,0.0,1.0,0.0,0.0,0.0,0.0,0,0
39,5,john victor|nottingham forest,John Victor,Nottingham Forest,GK,0.0,0.0,0.0,0.0,1,0.0,0.0,0,0,0,0,0.0,0,0.0,0.0,1.0,0.0,0.0,0.0,0.0,0,0
39,5,jonah kusi-asare|fulham,Jonah Kusi-Asare,Fulham,FWD,0.0,0.0,0.0,0.0,1,0.0,0.0,0,0,0,0,0.0,0,0.0,0.0,1.0,0.0,0.0,0.0,0.0,0,0
39,5,jordan henderson|brentford,Jordan Henderson,Brentford,MID,0.0,0.0,0.0,0.0,1,0.0,0.0,0,0,0,0,0.0,0,0.0,0.0,1.0,0.0,0.0,0.0,0.0,0,0
39,5,jordan pickford|everton,Jordan Pickford,Everton,GK,0.0,0.0,0.0,0.0,1,0.0,0.0,0,0,0,0,0.0,0,0.0,0.0,1.0,0.0,0.0,0.0,0.0,0,0
39,5,jorge cuenca|fulham,Jorge Cuenca,Fulham,DEF,0.0,0.0,0.0,0.0,1,0.0,0.0,0,0,0,0,0.0,0,0.0,0.0,1.0,0.0,0.0,0.0,0.0,0,0
39,5,jorrel hato|chelsea,Jorrel Hato,Chelsea,DEF,0.0,0.0,0.0,0.0,1,0.0,0.0,0,0,0,0,0.0,0,0.0,0.0,1.0,0.0,0.0,0.0,0.0,0,0
39,5,joseph gomez|liverpool,Joseph Gomez,Liverpool,DEF,0.0,0.0,0.0,0.0,1,0.0,0.0,0,0,0,0,0.0,0,0.0,0.0,1.0,0.0,0.0,0.0,0.0,0,0
39,5,josh acheampong|chelsea,Josh Acheampong,Chelsea,DEF,0.0,0.0,0.0,0.0,1,0.0,0.0,0,0,0,0,0.0,0,0.0,0.0,1.0,0.0,0.0,0.0,0.0,0,0
39,5,josh cullen|burnley,Josh Cullen,Burnley,MID,0.0,0.0,0.0,0.0,1,0.0,0.0,0,0,0,0,0.0,0,0.0,0.0,1.0,0.0,0.0,0.0,0.0,0,0
39,5,josh laurent|burnley,Josh Laurent,Burnley,MID,0.0,0.0,0.0,0.0,1,0.0,0.0,0,0,0,0,0.0,0,0.0,0.0,1.0,0.0,0.0,0.0,0.0,0,0
39,5,joshua king|fulham,Joshua King,Fulham,MID,0.0,0.0,0.0,0.0,1,0.0,0.0,0,0,0,0,0.0,0,0.0,0.0,1.0,0.0,0.0,0.0,0.0,0,0
39,5,joshua zirkzee|manchester united,Joshua Zirkzee,Manchester United,FWD,0.0,0.0,0.0,0.0,1,0.0,0.0,0,0,0,0,0.0,0,0.0,0.0,1.0,0.0,0.0,0.0,0.0,0,0
39,5,josko gvardiol|manchester city,Josko Gvardiol,Manchester City,DEF,0.0,0.0,0.0,0.0,1,0.0,0.0,0,0,0,0,0.0,0,0.0,0.0,1.0,0.0,0.0,0.0,0.0,0,0
39,5,josé sá|wolverhampton wanderers,José Sá,Wolverhampton Wanderers,GK,0.0,0.0,0.0,0.0,1,0.0,0.0,0,0,0,0,0.0,0,0.0,0.0,1.0,0.0,0.0,0.0,0.0,0,0
39,5,jota silva|nottingham forest,Jota Silva,Nottingham Forest,MID,0.0,0.0,0.0,0.0,1,0.0,0.0,0,0,0,0,0.0,0,0.0,0.0,1.0,0.0,0.0,0.0,0.0,0,0
39,5,joão gomes|wolverhampton wanderers,João Gomes,Wolverhampton Wanderers,MID,0.0,0.0,0.0,0.0,1,0.0,0.0,0,0,0,0,0.0,0,0.0,0.0,1.0,0.0,0.0,0.0,0.0,0,0
39,5,joão palhinha|tottenham,João Palhinha,Tottenham,MID,0.0,0.0,0.0,0.0,1,0.0,0.0,0,0,0,0,0.0,0,0.0,0.0,1.0,0.0,0.0,0.0,0.0,0,0
39,5,joão pedro|chelsea,João Pedro,Chelsea,FWD,0.0,0.0,0.0,0.0,1,0.0,0.0,0,0,0,0,0.0,0,0.0,0.0,1.0,0.0,0.0,0.0,0.0,0,0
39,5,joél drakes-thomas|crystal palace,Joél Drakes-Thomas,Crystal Palace,FWD,0.0,0.0,0.0,0.0,1,0.0,0.0,0,0,0,0,0.0,0,0.0,0.0,1.0,0.0,0.0,0.0,0.0,0,0
39,5,joël piroe|leeds,Joël Piroe,Leeds,FWD,0.0,0.0,0.0,0.0,1,0.0,0.0,0,0,0,0,0.0,0,0.0,0.0,1.0,0.0,0.0,0.0,0.0,0,0
39,5,joël veltman|brighton,Joël Veltman,Brighton,DEF,0.0,0.0,0.0,0.0,1,0.0,0.0,0,0,0,0,0.0,0,0.0,0.0,1.0,0.0,0.0,0.0,0.0,0,0
39,5,julio soler|bournemouth,Julio Soler,Bournemouth,DEF,0.0,0.0,0.0,0.0,1,0.0,0.0,0,0,0,0,0.0,0,0.0,0.0,1.0,0.0,0.0,0.0,0.0,0,0
39,5,jun'ai byfield|tottenham,Jun'ai Byfield,Tottenham,DEF,0.0,0.0,0.0,0.0,1,0.0,0.0,0,0,0,0,0.0,0,0.0,0.0,1.0,0.0,0.0,0.0,0.0,0,0
39,5,jurriën timber|arsenal,Jurriën Timber,Arsenal,DEF,0.0,0.0,0.0,0.0,1,0.0,0.0,0,0,0,0,0.0,0,0.0,0.0,1.0,0.0,0.0,0.0,0.0,0,0
39,5,justin devenny|crystal palace,Justin Devenny,Crystal Palace,MID,0.0,0.0,0.0,0.0,1,0.0,0.0,0,0,0,0,0.0,0,0.0,0.0,1.0,0.0,0.0,0.0,0.0,0,0
39,5,justin kluivert|bournemouth,Justin Kluivert,Bournemouth,MID,0.0,0.0,0.0,0.0,1,0.0,0.0,0,0,0,0,0.0,0,0.0,0.0,1.0,0.0,0.0,0.0,0.0,0,0
39,5,jéremy doku|manchester city,Jéremy Doku,Manchester City,MID,0.0,0.0,0.0,0.0,1,0.0,0.0,0,0,0,0,0.0,0,0.0,0.0,1.0,0.0,0.0,0.0,0.0,0,0
39,5,jørgen strand larsen|crystal palace,Jørgen Strand Larsen,Crystal Palace,FWD,0.0,0.0,0.0,0.0,1,0.0,0.0,0,0,0,0,0.0,0,0.0,0.0,1.0,0.0,0.0,0.0,0.0,0,0
39,5,kaden rodney|crystal palace,Kaden Rodney,Crystal Palace,MID,0.0,0.0,0.0,0.0,1,0.0,0.0,0,0,0,0,0.0,0,0.0,0.0,1.0,0.0,0.0,0.0,0.0,0,0
39,5,kai havertz|arsenal,Kai Havertz,Arsenal,FWD,0.0,0.0,0.0,0.0,1,0.0,0.0,0,0,0,0,0.0,0,0.0,0.0,1.0,0.0,0.0,0.0,0.0,0,0
39,5,kaoru mitoma|brighton,Kaoru Mitoma,Brighton,MID,0.0,0.0,0.0,0.0,1,0.0,0.0,0,0,0,0,0.0,0,0.0,0.0,1.0,0.0,0.0,0.0,0.0,0,0
39,5,karl darlow|leeds,Karl Darlow,Leeds,GK,0.0,0.0,0.0,0.0,1,0.0,0.0,0,0,0,0,0.0,0,0.0,0.0,1.0,0.0,0.0,0.0,0.0,0,0
39,5,keane lewis-potter|brentford,Keane Lewis-Potter,Brentford,DEF,0.0,0.0,0.0,0.0,1,0.0,0.0,0,0,0,0,0.0,0,0.0,0.0,1.0,0.0,0.0,0.0,0.0,0,0
39,5,kenny tete|fulham,Kenny Tete,Fulham,DEF,0.0,0.0,0.0,0.0,1,0.0,0.0,0,0,0,0,0.0,0,0.0,0.0,1.0,0.0,0.0,0.0,0.0,0,0
39,5,kevin danso|tottenham,Kevin Danso,Tottenham,DEF,0.0,0.0,0.0,0.0,1,0.0,0.0,0,0,0,0,0.0,0,0.0,0.0,1.0,0.0,0.0,0.0,0.0,0,0
39,5,kevin schade|brentford,Kevin Schade,Brentford,MID,0.0,0.0,0.0,0.0,1,0.0,0.0,0,0,0,0,0.0,0,0.0,0.0,1.0,0.0,0.0,0.0,0.0,0,0
39,5,kevin|fulham,Kevin,Fulham,MID,0.0,0.0,0.0,0.0,1,0.0,0.0,0,0,0,0,0.0,0,0.0,0.0,1.0,0.0,0.0,0.0,0.0,0,0
39,5,ki-jana hoever|wolverhampton wanderers,Ki-Jana Hoever,Wolverhampton Wanderers,DEF,0.0,0.0,0.0,0.0,1,0.0,0.0,0,0,0,0,0.0,0,0.0,0.0,1.0,0.0,0.0,0.0,0.0,0,0
39,5,kieran trippier|newcastle united,Kieran Trippier,Newcastle United,DEF,0.0,0.0,0.0,0.0,1,0.0,0.0,0,0,0,0,0.0,0,0.0,0.0,1.0,0.0,0.0,0.0,0.0,0,0
39,5,kiernan dewsbury-hall|everton,Kiernan Dewsbury-Hall,Everton,MID,0.0,0.0,0.0,0.0,1,0.0,0.0,0,0,0,0,0.0,0,0.0,0.0,1.0,0.0,0.0,0.0,0.0,0,0
39,5,kobbie mainoo|manchester united,Kobbie Mainoo,Manchester United,MID,0.0,0.0,0.0,0.0,1,0.0,0.0,0,0,0,0,0.0,0,0.0,0.0,1.0,0.0,0.0,0.0,0.0,0,0
39,5,konstantinos mavropanos|west ham,Konstantinos Mavropanos,West Ham,DEF,0.0,0.0,0.0,0.0,1,0.0,0.0,0,0,0,0,0.0,0,0.0,0.0,1.0,0.0,0.0,0.0,0.0,0,0
39,5,kristoffer ajer|brentford,Kristoffer Ajer,Brentford,DEF,0.0,0.0,0.0,0.0,1,0.0,0.0,0,0,0,0,0.0,0,0.0,0.0,1.0,0.0,0.0,0.0,0.0,0,0
39,5,kyle walker-peters|west ham,Kyle Walker-Peters,West Ham,DEF,0.0,0.0,0.0,0.0,1,0.0,0.0,0,0,0,0,0.0,0,0.0,0.0,1.0,0.0,0.0,0.0,0.0,0,0
39,5,kyle walker|burnley,Kyle Walker,Burnley,DEF,0.0,0.0,0.0,0.0,1,0.0,0.0,0,0,0,0,0.0,0,0.0,0.0,1.0,0.0,0.0,0.0,0.0,0,0
39,5,ladislav krejcí|wolverhampton wanderers,Ladislav Krejcí,Wolverhampton Wanderers,DEF,0.0,0.0,0.0,0.0,1,0.0,0.0,0,0,0,0,0.0,0,0.0,0.0,1.0,0.0,0.0,0.0,0.0,0,0
39,5,lamare bogarde|aston villa,Lamare Bogarde,Aston Villa,MID,0.0,0.0,0.0,0.0,1,0.0,0.0,0,0,0,0,0.0,0,0.0,0.0,1.0,0.0,0.0,0.0,0.0,0,0
39,5,leandro trossard|arsenal,Leandro Trossard,Arsenal,MID,0.0,0.0,0.0,0.0,1,0.0,0.0,0,0,0,0,0.0,0,0.0,0.0,1.0,0.0,0.0,0.0,0.0,0,0
39,5,leny yoro|manchester united,Leny Yoro,Manchester United,DEF,0.0,0.0,0.0,0.0,1,0.0,0.0,0,0,0,0,0.0,0,0.0,0.0,1.0,0.0,0.0,0.0,0.0,0,0
39,5,leon bailey|aston villa,Leon Bailey,Aston Villa,MID,0.0,0.0,0.0,0.0,1,0.0,0.0,0,0,0,0,0.0,0,0.0,0.0,1.0,0.0,0.0,0.0,0.0,0,0
39,5,lewis cook|bournemouth,Lewis Cook,Bournemouth,DEF,0.0,0.0,0.0,0.0,1,0.0,0.0,0,0,0,0,0.0,0,0.0,0.0,1.0,0.0,0.0,0.0,0.0,0,0
39,5,lewis dunk|brighton,Lewis Dunk,Brighton,DEF,0.0,0.0,0.0,0.0,1,0.0,0.0,0,0,0,0,0.0,0,0.0,0.0,1.0,0.0,0.0,0.0,0.0,0,0
39,5,lewis hall|newcastle united,Lewis Hall,Newcastle United,DEF,0.0,0.0,0.0,0.0,1,0.0,0.0,0,0,0,0,0.0,0,0.0,0.0,1.0,0.0,0.0,0.0,0.0,0,0
39,5,lewis miley|newcastle united,Lewis Miley,Newcastle United,MID,0.0,0.0,0.0,0.0,1,0.0,0.0,0,0,0,0,0.0,0,0.0,0.0,1.0,0.0,0.0,0.0,0.0,0,0
39,5,liam delap|chelsea,Liam Delap,Chelsea,FWD,0.0,0.0,0.0,0.0,1,0.0,0.0,0,0,0,0,0.0,0,0.0,0.0,1.0,0.0,0.0,0.0,0.0,0,0
39,5,lisandro martínez|manchester united,Lisandro Martínez,Manchester United,DEF,0.0,0.0,0.0,0.0,1,0.0,0.0,0,0,0,0,0.0,0,0.0,0.0,1.0,0.0,0.0,0.0,0.0,0,0
39,5,lorenzo lucca|nottingham forest,Lorenzo Lucca,Nottingham Forest,FWD,0.0,0.0,0.0,0.0,1,0.0,0.0,0,0,0,0,0.0,0,0.0,0.0,1.0,0.0,0.0,0.0,0.0,0,0
39,5,loum tchaouna|burnley,Loum Tchaouna,Burnley,MID,0.0,0.0,0.0,0.0,1,0.0,0.0,0,0,0,0,0.0,0,0.0,0.0,1.0,0.0,0.0,0.0,0.0,0,0
39,5,luca netz|nottingham forest,Luca Netz,Nottingham Forest,DEF,0.0,0.0,0.0,0.0,1,0.0,0.0,0,0,0,0,0.0,0,0.0,0.0,1.0,0.0,0.0,0.0,0.0,0,0
39,5,lucas bergvall|tottenham,Lucas Bergvall,Tottenham,MID,0.0,0.0,0.0,0.0,1,0.0,0.0,0,0,0,0,0.0,0,0.0,0.0,1.0,0.0,0.0,0.0,0.0,0,0
39,5,lucas digne|aston villa,Lucas Digne,Aston Villa,DEF,0.0,0.0,0.0,0.0,1,0.0,0.0,0,0,0,0,0.0,0,0.0,0.0,1.0,0.0,0.0,0.0,0.0,0,0
39,5,lucas paquetá|west ham,Lucas Paquetá,West Ham,MID,0.0,0.0,0.0,0.0,1,0.0,0.0,0,0,0,0,0.0,0,0.0,0.0,1.0,0.0,0.0,0.0,0.0,0,0
39,5,lucas perri|leeds,Lucas Perri,Leeds,GK,0.0,0.0,0.0,0.0,1,0.0,0.0,0,0,0,0,0.0,0,0.0,0.0,1.0,0.0,0.0,0.0,0.0,0,0
39,5,lucas pires|burnley,Lucas Pires,Burnley,DEF,0.0,0.0,0.0,0.0,1,0.0,0.0,0,0,0,0,0.0,0,0.0,0.0,1.0,0.0,0.0,0.0,0.0,0,0
39,5,luis guilherme|west ham,Luis Guilherme,West Ham,MID,0.0,0.0,0.0,0.0,1,0.0,0.0,0,0,0,0,0.0,0,0.0,0.0,1.0,0.0,0.0,0.0,0.0,0,0
39,5,lukas nmecha|leeds,Lukas Nmecha,Leeds,FWD,0.0,0.0,0.0,0.0,1,0.0,0.0,0,0,0,0,0.0,0,0.0,0.0,1.0,0.0,0.0,0.0,0.0,0,0
39,5,luke o'nien|sunderland,Luke O'Nien,Sunderland,MID,0.0,0.0,0.0,0.0,1,0.0,0.0,0,0,0,0,0.0,0,0.0,0.0,1.0,0.0,0.0,0.0,0.0,0,0
39,5,luke shaw|manchester united,Luke Shaw,Manchester United,DEF,0.0,0.0,0.0,0.0,1,0.0,0.0,0,0,0,0,0.0,0,0.0,0.0,1.0,0.0,0.0,0.0,0.0,0,0
39,5,lutsharel geertruida|sunderland,Lutsharel Geertruida,Sunderland,DEF,0.0,0.0,0.0,0.0,1,0.0,0.0,0,0,0,0,0.0,0,0.0,0.0,1.0,0.0,0.0,0.0,0.0,0,0
39,5,lyle foster|burnley,Lyle Foster,Burnley,FWD,0.0,0.0,0.0,0.0,1,0.0,0.0,0,0,0,0,0.0,0,0.0,0.0,1.0,0.0,0.0,0.0,0.0,0,0
39,5,mads hermansen|west ham,Mads Hermansen,West Ham,GK,0.0,0.0,0.0,0.0,1,0.0,0.0,0,0,0,0,0.0,0,0.0,0.0,1.0,0.0,0.0,0.0,0.0,0,0
39,5,malick thiaw|newcastle united,Malick Thiaw,Newcastle United,DEF,0.0,0.0,0.0,0.0,1,0.0,0.0,0,0,0,0,0.0,0,0.0,0.0,1.0,0.0,0.0,0.0,0.0,0,0
39,5,malo gusto|chelsea,Malo Gusto,Chelsea,DEF,0.0,0.0,0.0,0.0,1,0.0,0.0,0,0,0,0,0.0,0,0.0,0.0,1.0,0.0,0.0,0.0,0.0,0,0
39,5,mamadou sarr|chelsea,Mamadou Sarr,Chelsea,DEF,0.0,0.0,0.0,0.0,1,0.0,0.0,0,0,0,0,0.0,0,0.0,0.0,1.0,0.0,0.0,0.0,0.0,0,0
39,5,manuel ugarte|manchester united,Manuel Ugarte,Manchester United,MID,0.0,0.0,0.0,0.0,1,0.0,0.0,0,0,0,0,0.0,0,0.0,0.0,1.0,0.0,0.0,0.0,0.0,0,0
39,5,marc cucurella|chelsea,Marc Cucurella,Chelsea,DEF,0.0,0.0,0.0,0.0,1,0.0,0.0,0,0,0,0,0.0,0,0.0,0.0,1.0,0.0,0.0,0.0,0.0,0,0
39,5,marc guehi|manchester city,Marc Guehi,Manchester City,DEF,0.0,0.0,0.0,0.0,1,0.0,0.0,0,0,0,0,0.0,0,0.0,0.0,1.0,0.0,0.0,0.0,0.0,0,0
39,5,marc guiu|chelsea,Marc Guiu,Chelsea,FWD,0.0,0.0,0.0,0.0,1,0.0,0.0,0,0,0,0,0.0,0,0.0,0.0,1.0,0.0,0.0,0.0,0.0,0,0
39,5,marco bizot|aston villa,Marco Bizot,Aston Villa,GK,0.0,0.0,0.0,0.0,1,0.0,0.0,0,0,0,0,0.0,0,0.0,0.0,1.0,0.0,0.0,0.0,0.0,0,0
39,5,marcos senesi|bournemouth,Marcos Senesi,Bournemouth,DEF,0.0,0.0,0.0,0.0,1,0.0,0.0,0,0,0,0,0.0,0,0.0,0.0,1.0,0.0,0.0,0.0,0.0,0,0
39,5,marcus edwards|burnley,Marcus Edwards,Burnley,MID,0.0,0.0,0.0,0.0,1,0.0,0.0,0,0,0,0,0.0,0,0.0,0.0,1.0,0.0,0.0,0.0,0.0,0,0
39,5,marcus tavernier|bournemouth,Marcus Tavernier,Bournemouth,MID,0.0,0.0,0.0,0.0,1,0.0,0.0,0,0,0,0,0.0,0,0.0,0.0,1.0,0.0,0.0,0.0,0.0,0,0
39,5,marshall munetsi|wolverhampton wanderers,Marshall Munetsi,Wolverhampton Wanderers,MID,0.0,0.0,0.0,0.0,1,0.0,0.0,0,0,0,0,0.0,0,0.0,0.0,1.0,0.0,0.0,0.0,0.0,0,0
39,5,martin dubravka|burnley,Martin Dubravka,Burnley,GK,0.0,0.0,0.0,0.0,1,0.0,0.0,0,0,0,0,0.0,0,0.0,0.0,1.0,0.0,0.0,0.0,0.0,0,0
39,5,martin odegaard|arsenal,Martin Odegaard,Arsenal,MID,0.0,0.0,0.0,0.0,1,0.0,0.0,0,0,0,0,0.0,0,0.0,0.0,1.0,0.0,0.0,0.0,0.0,0,0
39,5,martín zubimendi|arsenal,Martín Zubimendi,Arsenal,MID,0.0,0.0,0.0,0.0,1,0.0,0.0,0,0,0,0,0.0,0,0.0,0.0,1.0,0.0,0.0,0.0,0.0,0,0
39,5,mason mount|manchester united,Mason Mount,Manchester United,MID,0.0,0.0,0.0,0.0,1,0.0,0.0,0,0,0,0,0.0,0,0.0,0.0,1.0,0.0,0.0,0.0,0.0,0,0
39,5,mateo kovacic|manchester city,Mateo Kovacic,Manchester City,MID,0.0,0.0,0.0,0.0,1,0.0,0.0,0,0,0,0,0.0,0,0.0,0.0,1.0,0.0,0.0,0.0,0.0,0,0
39,5,mateus fernandes|west ham,Mateus Fernandes,West Ham,MID,0.0,0.0,0.0,0.0,1,0.0,0.0,0,0,0,0,0.0,0,0.0,0.0,1.0,0.0,0.0,0.0,0.0,0,0
39,5,mateus mané|wolverhampton wanderers,Mateus Mané,Wolverhampton Wanderers,FWD,0.0,0.0,0.0,0.0,1,0.0,0.0,0,0,0,0,0.0,0,0.0,0.0,1.0,0.0,0.0,0.0,0.0,0,0
39,5,matheus cunha|manchester united,Matheus Cunha,Manchester United,MID,0.0,0.0,0.0,0.0,1,0.0,0.0,0,0,0,0,0.0,0,0.0,0.0,1.0,0.0,0.0,0.0,0.0,0,0
39,5,matheus nunes|manchester city,Matheus Nunes,Manchester City,DEF,0.0,0.0,0.0,0.0,1,0.0,0.0,0,0,0,0,0.0,0,0.0,0.0,1.0,0.0,0.0,0.0,0.0,0,0
39,5,mathias jensen|brentford,Mathias Jensen,Brentford,MID,0.0,0.0,0.0,0.0,1,0.0,0.0,0,0,0,0,0.0,0,0.0,0.0,1.0,0.0,0.0,0.0,0.0,0,0
39,5,mathys tel|tottenham,Mathys Tel,Tottenham,MID,0.0,0.0,0.0,0.0,1,0.0,0.0,0,0,0,0,0.0,0,0.0,0.0,1.0,0.0,0.0,0.0,0.0,0,0
39,5,mats wieffer|brighton,Mats Wieffer,Brighton,MID,0.0,0.0,0.0,0.0,1,0.0,0.0,0,0,0,0,0.0,0,0.0,0.0,1.0,0.0,0.0,0.0,0.0,0,0
39,5,matt doherty|wolverhampton wanderers,Matt Doherty,Wolverhampton Wanderers,DEF,0.0,0.0,0.0,0.0,1,0.0,0.0,0,0,0,0,0.0,0,0.0,0.0,1.0,0.0,0.0,0.0,0.0,0,0
39,5,matt o'riley|brighton,Matt O'Riley,Brighton,DEF,0.0,0.0,0.0,0.0,1,0.0,0.0,0,0,0,0,0.0,0,0.0,0.0,1.0,0.0,0.0,0.0,0.0,0,0
39,5,matthew cash|aston villa,Matthew Cash,Aston Villa,DEF,0.0,0.0,0.0,0.0,1,0.0,0.0,0,0,0,0,0.0,0,0.0,0.0,1.0,0.0,0.0,0.0,0.0,0,0
39,5,matthijs de ligt|manchester united,Matthijs de Ligt,Manchester United,DEF,0.0,0.0,0.0,0.0,1,0.0,0.0,0,0,0,0,0.0,0,0.0,0.0,1.0,0.0,0.0,0.0,0.0,0,0
39,5,matz sels|nottingham forest,Matz Sels,Nottingham Forest,GK,0.0,0.0,0.0,0.0,1,0.0,0.0,0,0,0,0,0.0,0,0.0,0.0,1.0,0.0,0.0,0.0,0.0,0,0
39,5,max alleyne|manchester city,Max Alleyne,Manchester City,DEF,0.0,0.0,0.0,0.0,1,0.0,0.0,0,0,0,0,0.0,0,0.0,0.0,1.0,0.0,0.0,0.0,0.0,0,0
39,5,max dowman|arsenal,Max Dowman,Arsenal,MID,0.0,0.0,0.0,0.0,1,0.0,0.0,0,0,0,0,0.0,0,0.0,0.0,1.0,0.0,0.0,0.0,0.0,0,0
39,5,max kilman|west ham,Max Kilman,West Ham,DEF,0.0,0.0,0.0,0.0,1,0.0,0.0,0,0,0,0,0.0,0,0.0,0.0,1.0,0.0,0.0,0.0,0.0,0,0
39,5,maxence lacroix|crystal palace,Maxence Lacroix,Crystal Palace,DEF,0.0,0.0,0.0,0.0,1,0.0,0.0,0,0,0,0,0.0,0,0.0,0.0,1.0,0.0,0.0,0.0,0.0,0,0
39,5,maxim de cuyper|brighton,Maxim De Cuyper,Brighton,DEF,0.0,0.0,0.0,0.0,1,0.0,0.0,0,0,0,0,0.0,0,0.0,0.0,1.0,0.0,0.0,0.0,0.0,0,0
39,5,maxime estève|burnley,Maxime Estève,Burnley,DEF,0.0,0.0,0.0,0.0,1,0.0,0.0,0,0,0,0,0.0,0,0.0,0.0,1.0,0.0,0.0,0.0,0.0,0,0
39,5,melker ellborg|sunderland,Melker Ellborg,Sunderland,MID,0.0,0.0,0.0,0.0,1,0.0,0.0,0,0,0,0,0.0,0,0.0,0.0,1.0,0.0,0.0,0.0,0.0,0,0
39,5,merlin röhl|everton,Merlin Röhl,Everton,MID,0.0,0.0,0.0,0.0,1,0.0,0.0,0,0,0,0,0.0,0,0.0,0.0,1.0,0.0,0.0,0.0,0.0,0,0
39,5,michael kayode|brentford,Michael Kayode,Brentford,DEF,0.0,0.0,0.0,0.0,1,0.0,0.0,0,0,0,0,0.0,0,0.0,0.0,1.0,0.0,0.0,0.0,0.0,0,0
39,5,michael keane|everton,Michael Keane,Everton,DEF,0.0,0.0,0.0,0.0,1,0.0,0.0,0,0,0,0,0.0,0,0.0,0.0,1.0,0.0,0.0,0.0,0.0,0,0
39,5,micky van de ven|tottenham,Micky van de Ven,Tottenham,DEF,0.0,0.0,0.0,0.0,1,0.0,0.0,0,0,0,0,0.0,0,0.0,0.0,1.0,0.0,0.0,0.0,0.0,0,0
39,5,mike trésor|burnley,Mike Trésor,Burnley,FWD,0.0,0.0,0.0,0.0,1,0.0,0.0,0,0,0,0,0.0,0,0.0,0.0,1.0,0.0,0.0,0.0,0.0,0,0
39,5,mikel merino|arsenal,Mikel Merino,Arsenal,MID,0.0,0.0,0.0,0.0,1,0.0,0.0,0,0,0,0,0.0,0,0.0,0.0,1.0,0.0,0.0,0.0,0.0,0,0
39,5,mikkel damsgaard|brentford,Mikkel Damsgaard,Brentford,MID,0.0,0.0,0.0,0.0,1,0.0,0.0,0,0,0,0,0.0,0,0.0,0.0,1.0,0.0,0.0,0.0,0.0,0,0
39,5,milos kerkez|liverpool,Milos Kerkez,Liverpool,DEF,0.0,0.0,0.0,0.0,1,0.0,0.0,0,0,0,0,0.0,0,0.0,0.0,1.0,0.0,0.0,0.0,0.0,0,0
39,5,mohamadou kanté|west ham,Mohamadou Kanté,West Ham,MID,0.0,0.0,0.0,0.0,1,0.0,0.0,0,0,0,0,0.0,0,0.0,0.0,1.0,0.0,0.0,0.0,0.0,0,0
39,5,mohamed salah|liverpool,Mohamed Salah,Liverpool,MID,0.0,0.0,0.0,0.0,1,0.0,0.0,0,0,0,0,0.0,0,0.0,0.0,1.0,0.0,0.0,0.0,0.0,0,0
39,5,mohammed kudus|tottenham,Mohammed Kudus,Tottenham,MID,0.0,0.0,0.0,0.0,1,0.0,0.0,0,0,0,0,0.0,0,0.0,0.0,1.0,0.0,0.0,0.0,0.0,0,0
39,5,moisés caicedo|chelsea,Moisés Caicedo,Chelsea,MID,0.0,0.0,0.0,0.0,1,0.0,0.0,0,0,0,0,0.0,0,0.0,0.0,1.0,0.0,0.0,0.0,0.0,0,0
39,5,morato|nottingham forest,Morato,Nottingham Forest,DEF,0.0,0.0,0.0,0.0,1,0.0,0.0,0,0,0,0,0.0,0,0.0,0.0,1.0,0.0,0.0,0.0,0.0,0,0
39,5,morgan gibbs-white|nottingham forest,Morgan Gibbs-White,Nottingham Forest,MID,0.0,0.0,0.0,0.0,1,0.0,0.0,0,0,0,0,0.0,0,0.0,0.0,1.0,0.0,0.0,0.0,0.0,0,0
39,5,morgan rogers|aston villa,Morgan Rogers,Aston Villa,MID,0.0,0.0,0.0,0.0,1,0.0,0.0,0,0,0,0,0.0,0,0.0,0.0,1.0,0.0,0.0,0.0,0.0,0,0
39,5,murillo|nottingham forest,Murillo,Nottingham Forest,DEF,0.0,0.0,0.0,0.0,1,0.0,0.0,0,0,0,0,0.0,0,0.0,0.0,1.0,0.0,0.0,0.0,0.0,0,0
39,5,myles lewis-skelly|arsenal,Myles Lewis-Skelly,Arsenal,DEF,0.0,0.0,0.0,0.0,1,0.0,0.0,0,0,0,0,0.0,0,0.0,0.0,1.0,0.0,0.0,0.0,0.0,0,0
39,5,myles peart-harris|brentford,Myles Peart-Harris,Brentford,MID,0.0,0.0,0.0,0.0,1,0.0,0.0,0,0,0,0,0.0,0,0.0,0.0,1.0,0.0,0.0,0.0,0.0,0,0
39,5,naif aguerd|west ham,Naif Aguerd,West Ham,DEF,0.0,0.0,0.0,0.0,1,0.0,0.0,0,0,0,0,0.0,0,0.0,0.0,1.0,0.0,0.0,0.0,0.0,0,0
39,5,nathan aké|manchester city,Nathan Aké,Manchester City,DEF,0.0,0.0,0.0,0.0,1,0.0,0.0,0,0,0,0,0.0,0,0.0,0.0,1.0,0.0,0.0,0.0,0.0,0,0
39,5,nathan collins|brentford,Nathan Collins,Brentford,DEF,0.0,0.0,0.0,0.0,1,0.0,0.0,0,0,0,0,0.0,0,0.0,0.0,1.0,0.0,0.0,0.0,0.0,0,0
39,5,nathan patterson|everton,Nathan Patterson,Everton,DEF,0.0,0.0,0.0,0.0,1,0.0,0.0,0,0,0,0,0.0,0,0.0,0.0,1.0,0.0,0.0,0.0,0.0,0,0
39,5,nathaniel clyne|crystal palace,Nathaniel Clyne,Crystal Palace,DEF,0.0,0.0,0.0,0.0,1,0.0,0.0,0,0,0,0,0.0,0,0.0,0.0,1.0,0.0,0.0,0.0,0.0,0,0
39,5,neco williams|nottingham forest,Neco Williams,Nottingham Forest,DEF,0.0,0.0,0.0,0.0,1,0.0,0.0,0,0,0,0,0.0,0,0.0,0.0,1.0,0.0,0.0,0.0,0.0,0,0
39,5,nehemiah oriola|brighton,Nehemiah Oriola,Brighton,FWD,0.0,0.0,0.0,0.0,1,0.0,0.0,0,0,0,0,0.0,0,0.0,0.0,1.0,0.0,0.0,0.0,0.0,0,0
39,5,nick pope|newcastle united,Nick Pope,Newcastle United,GK,0.0,0.0,0.0,0.0,1,0.0,0.0,0,0,0,0,0.0,0,0.0,0.0,1.0,0.0,0.0,0.0,0.0,0,0
39,5,nick woltemade|newcastle united,Nick Woltemade,Newcastle United,FWD,0.0,0.0,0.0,0.0,1,0.0,0.0,0,0,0,0,0.0,0,0.0,0.0,1.0,0.0,0.0,0.0,0.0,0,0
39,5,niclas füllkrug|west ham,Niclas Füllkrug,West Ham,FWD,0.0,0.0,0.0,0.0,1,0.0,0.0,0,0,0,0,0.0,0,0.0,0.0,1.0,0.0,0.0,0.0,0.0,0,0
39,5,nico gonzález|manchester city,Nico González,Manchester City,MID,0.0,0.0,0.0,0.0,1,0.0,0.0,0,0,0,0,0.0,0,0.0,0.0,1.0,0.0,0.0,0.0,0.0,0,0
39,5,nico o'reilly|manchester city,Nico O'Reilly,Manchester City,DEF,0.0,0.0,0.0,0.0,1,0.0,0.0,0,0,0,0,0.0,0,0.0,0.0,1.0,0.0,0.0,0.0,0.0,0,0
39,5,nicolás domínguez|nottingham forest,Nicolás Domínguez,Nottingham Forest,DEF,0.0,0.0,0.0,0.0,1,0.0,0.0,0,0,0,0,0.0,0,0.0,0.0,1.0,0.0,0.0,0.0,0.0,0,0
39,5,nicolò savona|nottingham forest,Nicolò Savona,Nottingham Forest,DEF,0.0,0.0,0.0,0.0,1,0.0,0.0,0,0,0,0,0.0,0,0.0,0.0,1.0,0.0,0.0,0.0,0.0,0,0
39,5,nikola milenkovic|nottingham forest,Nikola Milenkovic,Nottingham Forest,DEF,0.0,0.0,0.0,0.0,1,0.0,0.0,0,0,0,0,0.0,0,0.0,0.0,1.0,0.0,0.0,0.0,0.0,0,0
39,5,nilson angulo|sunderland,Nilson Angulo,Sunderland,FWD,0.0,0.0,0.0,0.0,1,0.0,0.0,0,0,0,0,0.0,0,0.0,0.0,1.0,0.0,0.0,0.0,0.0,0,0
39,5,noah okafor|leeds,Noah Okafor,Leeds,MID,0.0,0.0,0.0,0.0,1,0.0,0.0,0,0,0,0,0.0,0,0.0,0.0,1.0,0.0,0.0,0.0,0.0,0,0
39,5,noah sadiki|sunderland,Noah Sadiki,Sunderland,MID,0.0,0.0,0.0,0.0,1,0.0,0.0,0,0,0,0,0.0,0,0.0,0.0,1.0,0.0,0.0,0.0,0.0,0,0
39,5,noni madueke|arsenal,Noni Madueke,Arsenal,MID,0.0,0.0,0.0,0.0,1,0.0,0.0,0,0,0,0,0.0,0,0.0,0.0,1.0,0.0,0.0,0.0,0.0,0,0
39,5,nordi mukiele|sunderland,Nordi Mukiele,Sunderland,DEF,0.0,0.0,0.0,0.0,1,0.0,0.0,0,0,0,0,0.0,0,0.0,0.0,1.0,0.0,0.0,0.0,0.0,0,0
39,5,noussair mazraoui|manchester united,Noussair Mazraoui,Manchester United,DEF,0.0,0.0,0.0,0.0,1,0.0,0.0,0,0,0,0,0.0,0,0.0,0.0,1.0,0.0,0.0,0.0,0.0,0,0
39,5,odsonne edouard|crystal palace,Odsonne Edouard,Crystal Palace,DEF,0.0,0.0,0.0,0.0,1,0.0,0.0,0,0,0,0,0.0,0,0.0,0.0,1.0,0.0,0.0,0.0,0.0,0,0
39,5,ola aina|nottingham forest,Ola Aina,Nottingham Forest,DEF,0.0,0.0,0.0,0.0,1,0.0,0.0,0,0,0,0,0.0,0,0.0,0.0,1.0,0.0,0.0,0.0,0.0,0,0
39,5,oleksandr zinchenko|nottingham forest,Oleksandr Zinchenko,Nottingham Forest,DEF,0.0,0.0,0.0,0.0,1,0.0,0.0,0,0,0,0,0.0,0,0.0,0.0,1.0,0.0,0.0,0.0,0.0,0,0
39,5,oliver scarles|west ham,Oliver Scarles,West Ham,DEF,0.0,0.0,0.0,0.0,1,0.0,0.0,0,0,0,0,0.0,0,0.0,0.0,1.0,0.0,0.0,0.0,0.0,0,0
39,5,oliver sonne|burnley,Oliver Sonne,Burnley,DEF,0.0,0.0,0.0,0.0,1,0.0,0.0,0,0,0,0,0.0,0,0.0,0.0,1.0,0.0,0.0,0.0,0.0,0,0
39,5,olivier boscagli|brighton,Olivier Boscagli,Brighton,DEF,0.0,0.0,0.0,0.0,1,0.0,0.0,0,0,0,0,0.0,0,0.0,0.0,1.0,0.0,0.0,0.0,0.0,0,0
39,5,ollie watkins|aston villa,Ollie Watkins,Aston Villa,FWD,0.0,0.0,0.0,0.0,1,0.0,0.0,0,0,0,0,0.0,0,0.0,0.0,1.0,0.0,0.0,0.0,0.0,0,0
39,5,omar alderete|sunderland,Omar Alderete,Sunderland,DEF,0.0,0.0,0.0,0.0,1,0.0,0.0,0,0,0,0,0.0,0,0.0,0.0,1.0,0.0,0.0,0.0,0.0,0,0
39,5,omar marmoush|manchester city,Omar Marmoush,Manchester City,FWD,0.0,0.0,0.0,0.0,1,0.0,0.0,0,0,0,0,0.0,0,0.0,0.0,1.0,0.0,0.0,0.0,0.0,0,0
39,5,omari hutchinson|nottingham forest,Omari Hutchinson,Nottingham Forest,MID,0.0,0.0,0.0,0.0,1,0.0,0.0,0,0,0,0,0.0,0,0.0,0.0,1.0,0.0,0.0,0.0,0.0,0,0
39,5,oscar bobb|fulham,Oscar Bobb,Fulham,MID,0.0,0.0,0.0,0.0,1,0.0,0.0,0,0,0,0,0.0,0,0.0,0.0,1.0,0.0,0.0,0.0,0.0,0,0
39,5,pablo|west ham,Pablo,West Ham,FWD,0.0,0.0,0.0,0.0,1,0.0,0.0,0,0,0,0,0.0,0,0.0,0.0,1.0,0.0,0.0,0.0,0.0,0,0
39,5,pape sarr|tottenham,Pape Sarr,Tottenham,MID,0.0,0.0,0.0,0.0,1,0.0,0.0,0,0,0,0,0.0,0,0.0,0.0,1.0,0.0,0.0,0.0,0.0,0,0
39,5,pascal groß|brighton,Pascal Groß,Brighton,MID,0.0,0.0,0.0,0.0,1,0.0,0.0,0,0,0,0,0.0,0,0.0,0.0,1.0,0.0,0.0,0.0,0.0,0,0
39,5,pascal struijk|leeds,Pascal Struijk,Leeds,DEF,0.0,0.0,0.0,0.0,1,0.0,0.0,0,0,0,0,0.0,0,0.0,0.0,1.0,0.0,0.0,0.0,0.0,0,0
39,5,patrick dorgu|manchester united,Patrick Dorgu,Manchester United,DEF,0.0,0.0,0.0,0.0,1,0.0,0.0,0,0,0,0,0.0,0,0.0,0.0,1.0,0.0,0.0,0.0,0.0,0,0
39,5,patrick roberts|sunderland,Patrick Roberts,Sunderland,MID,0.0,0.0,0.0,0.0,1,0.0,0.0,0,0,0,0,0.0,0,0.0,0.0,1.0,0.0,0.0,0.0,0.0,0,0
39,5,pau torres|aston villa,Pau Torres,Aston Villa,DEF,0.0,0.0,0.0,0.0,1,0.0,0.0,0,0,0,0,0.0,0,0.0,0.0,1.0,0.0,0.0,0.0,0.0,0,0
39,5,pedro lima|wolverhampton wanderers,Pedro Lima,Wolverhampton Wanderers,DEF,0.0,0.0,0.0,0.0,1,0.0,0.0,0,0,0,0,0.0,0,0.0,0.0,1.0,0.0,0.0,0.0,0.0,0,0
39,5,pedro neto|chelsea,Pedro Neto,Chelsea,MID,0.0,0.0,0.0,0.0,1,0.0,0.0,0,0,0,0,0.0,0,0.0,0.0,1.0,0.0,0.0,0.0,0.0,0,0
39,5,pedro porro|tottenham,Pedro Porro,Tottenham,DEF,0.0,0.0,0.0,0.0,1,0.0,0.0,0,0,0,0,0.0,0,0.0,0.0,1.0,0.0,0.0,0.0,0.0,0,0
39,5,phil foden|manchester city,Phil Foden,Manchester City,MID,0.0,0.0,0.0,0.0,1,0.0,0.0,0,0,0,0,0.0,0,0.0,0.0,1.0,0.0,0.0,0.0,0.0,0,0
39,5,piero hincapié|arsenal,Piero Hincapié,Arsenal,DEF,0.0,0.0,0.0,0.0,1,0.0,0.0,0,0,0,0,0.0,0,0.0,0.0,1.0,0.0,0.0,0.0,0.0,0,0
39,5,quilindschy hartman|burnley,Quilindschy Hartman,Burnley,DEF,0.0,0.0,0.0,0.0,1,0.0,0.0,0,0,0,0,0.0,0,0.0,0.0,1.0,0.0,0.0,0.0,0.0,0,0
39,5,radu dragusin|tottenham,Radu Dragusin,Tottenham,DEF,0.0,0.0,0.0,0.0,1,0.0,0.0,0,0,0,0,0.0,0,0.0,0.0,1.0,0.0,0.0,0.0,0.0,0,0
39,5,randal kolo muani|tottenham,Randal Kolo Muani,Tottenham,FWD,0.0,0.0,0.0,0.0,1,0.0,0.0,0,0,0,0,0.0,0,0.0,0.0,1.0,0.0,0.0,0.0,0.0,0,0
39,5,rayan ait nouri|manchester city,Rayan Ait Nouri,Manchester City,DEF,0.0,0.0,0.0,0.0,1,0.0,0.0,0,0,0,0,0.0,0,0.0,0.0,1.0,0.0,0.0,0.0,0.0,0,0
39,5,rayan cherki|manchester city,Rayan Cherki,Manchester City,MID,0.0,0.0,0.0,0.0,1,0.0,0.0,0,0,0,0,0.0,0,0.0,0.0,1.0,0.0,0.0,0.0,0.0,0,0
39,5,rayan|bournemouth,Rayan,Bournemouth,MID,0.0,0.0,0.0,0.0,1,0.0,0.0,0,0,0,0,0.0,0,0.0,0.0,1.0,0.0,0.0,0.0,0.0,0,0
39,5,raúl jiménez|fulham,Raúl Jiménez,Fulham,FWD,0.0,0.0,0.0,0.0,1,0.0,0.0,0,0,0,0,0.0,0,0.0,0.0,1.0,0.0,0.0,0.0,0.0,0,0
39,5,reece james|chelsea,Reece James,Chelsea,DEF,0.0,0.0,0.0,0.0,1,0.0,0.0,0,0,0,0,0.0,0,0.0,0.0,1.0,0.0,0.0,0.0,0.0,0,0
39,5,reinildo|sunderland,Reinildo,Sunderland,DEF,0.0,0.0,0.0,0.0,1,0.0,0.0,0,0,0,0,0.0,0,0.0,0.0,1.0,0.0,0.0,0.0,0.0,0,0
39,5,reiss nelson|brentford,Reiss Nelson,Brentford,MID,0.0,0.0,0.0,0.0,1,0.0,0.0,0,0,0,0,0.0,0,0.0,0.0,1.0,0.0,0.0,0.0,0.0,0,0
39,5,riccardo calafiori|arsenal,Riccardo Calafiori,Arsenal,DEF,0.0,0.0,0.0,0.0,1,0.0,0.0,0,0,0,0,0.0,0,0.0,0.0,1.0,0.0,0.0,0.0,0.0,0,0
39,5,richarlison|tottenham,Richarlison,Tottenham,FWD,0.0,0.0,0.0,0.0,1,0.0,0.0,0,0,0,0,0.0,0,0.0,0.0,1.0,0.0,0.0,0.0,0.0,0,0
39,5,rico henry|brentford,Rico Henry,Brentford,DEF,0.0,0.0,0.0,0.0,1,0.0,0.0,0,0,0,0,0.0,0,0.0,0.0,1.0,0.0,0.0,0.0,0.0,0,0
39,5,rico lewis|manchester city,Rico Lewis,Manchester City,DEF,0.0,0.0,0.0,0.0,1,0.0,0.0,0,0,0,0,0.0,0,0.0,0.0,1.0,0.0,0.0,0.0,0.0,0,0
39,5,rio ngumoha|liverpool,Rio Ngumoha,Liverpool,MID,0.0,0.0,0.0,0.0,1,0.0,0.0,0,0,0,0,0.0,0,0.0,0.0,1.0,0.0,0.0,0.0,0.0,0,0
39,5,robert sánchez|chelsea,Robert Sánchez,Chelsea,GK,0.0,0.0,0.0,0.0,1,0.0,0.0,0,0,0,0,0.0,0,0.0,0.0,1.0,0.0,0.0,0.0,0.0,0,0
39,5,robin roefs|sunderland,Robin Roefs,Sunderland,GK,0.0,0.0,0.0,0.0,1,0.0,0.0,0,0,0,0,0.0,0,0.0,0.0,1.0,0.0,0.0,0.0,0.0,0,0
39,5,rodrigo bentancur|tottenham,Rodrigo Bentancur,Tottenham,MID,0.0,0.0,0.0,0.0,1,0.0,0.0,0,0,0,0,0.0,0,0.0,0.0,1.0,0.0,0.0,0.0,0.0,0,0
39,5,rodrigo gomes|wolverhampton wanderers,Rodrigo Gomes,Wolverhampton Wanderers,DEF,0.0,0.0,0.0,0.0,1,0.0,0.0,0,0,0,0,0.0,0,0.0,0.0,1.0,0.0,0.0,0.0,0.0,0,0
39,5,rodrigo muniz|fulham,Rodrigo Muniz,Fulham,FWD,0.0,0.0,0.0,0.0,1,0.0,0.0,0,0,0,0,0.0,0,0.0,0.0,1.0,0.0,0.0,0.0,0.0,0,0
39,5,rodri|manchester city,Rodri,Manchester City,MID,0.0,0.0,0.0,0.0,1,0.0,0.0,0,0,0,0,0.0,0,0.0,0.0,1.0,0.0,0.0,0.0,0.0,0,0
39,5,romain esse|crystal palace,Romain Esse,Crystal Palace,MID,0.0,0.0,0.0,0.0,1,0.0,0.0,0,0,0,0,0.0,0,0.0,0.0,1.0,0.0,0.0,0.0,0.0,0,0
39,5,romaine mundle|sunderland,Romaine Mundle,Sunderland,MID,0.0,0.0,0.0,0.0,1,0.0,0.0,0,0,0,0,0.0,0,0.0,0.0,1.0,0.0,0.0,0.0,0.0,0,0
39,5,romelle donovan|brentford,Romelle Donovan,Brentford,MID,0.0,0.0,0.0,0.0,1,0.0,0.0,0,0,0,0,0.0,0,0.0,0.0,1.0,0.0,0.0,0.0,0.0,0,0
39,5,romeo lavia|chelsea,Romeo Lavia,Chelsea,MID,0.0,0.0,0.0,0.0,1,0.0,0.0,0,0,0,0,0.0,0,0.0,0.0,1.0,0.0,0.0,0.0,0.0,0,0
39,5,ross barkley|aston villa,Ross Barkley,Aston Villa,MID,0.0,0.0,0.0,0.0,1,0.0,0.0,0,0,0,0,0.0,0,0.0,0.0,1.0,0.0,0.0,0.0,0.0,0,0
39,5,ryan christie|bournemouth,Ryan Christie,Bournemouth,MID,0.0,0.0,0.0,0.0,1,0.0,0.0,0,0,0,0,0.0,0,0.0,0.0,1.0,0.0,0.0,0.0,0.0,0,0
39,5,ryan gravenberch|liverpool,Ryan Gravenberch,Liverpool,MID,0.0,0.0,0.0,0.0,1,0.0,0.0,0,0,0,0,0.0,0,0.0,0.0,1.0,0.0,0.0,0.0,0.0,0,0
39,5,ryan sessegnon|fulham,Ryan Sessegnon,Fulham,MID,0.0,0.0,0.0,0.0,1,0.0,0.0,0,0,0,0,0.0,0,0.0,0.0,1.0,0.0,0.0,0.0,0.0,0,0
39,5,ryan yates|nottingham forest,Ryan Yates,Nottingham Forest,MID,0.0,0.0,0.0,0.0,1,0.0,0.0,0,0,0,0,0.0,0,0.0,0.0,1.0,0.0,0.0,0.0,0.0,0,0
39,5,rúben dias|manchester city,Rúben Dias,Manchester City,DEF,0.0,0.0,0.0,0.0,1,0.0,0.0,0,0,0,0,0.0,0,0.0,0.0,1.0,0.0,0.0,0.0,0.0,0,0
39,5,sam byram|leeds,Sam Byram,Leeds,DEF,0.0,0.0,0.0,0.0,1,0.0,0.0,0,0,0,0,0.0,0,0.0,0.0,1.0,0.0,0.0,0.0,0.0,0,0
39,5,sam johnstone|wolverhampton wanderers,Sam Johnstone,Wolverhampton Wanderers,GK,0.0,0.0,0.0,0.0,1,0.0,0.0,0,0,0,0,0.0,0,0.0,0.0,1.0,0.0,0.0,0.0,0.0,0,0
39,5,samuel chukwueze|fulham,Samuel Chukwueze,Fulham,MID,0.0,0.0,0.0,0.0,1,0.0,0.0,0,0,0,0,0.0,0,0.0,0.0,1.0,0.0,0.0,0.0,0.0,0,0
39,5,sander berge|fulham,Sander Berge,Fulham,MID,0.0,0.0,0.0,0.0,1,0.0,0.0,0,0,0,0,0.0,0,0.0,0.0,1.0,0.0,0.0,0.0,0.0,0,0
39,5,sandro tonali|newcastle united,Sandro Tonali,Newcastle United,MID,0.0,0.0,0.0,0.0,1,0.0,0.0,0,0,0,0,0.0,0,0.0,0.0,1.0,0.0,0.0,0.0,0.0,0,0
39,5,santiago bueno|wolverhampton wanderers,Santiago Bueno,Wolverhampton Wanderers,DEF,0.0,0.0,0.0,0.0,1,0.0,0.0,0,0,0,0,0.0,0,0.0,0.0,1.0,0.0,0.0,0.0,0.0,0,0
39,5,sasa kalajdzic|wolverhampton wanderers,Sasa Kalajdzic,Wolverhampton Wanderers,FWD,0.0,0.0,0.0,0.0,1,0.0,0.0,0,0,0,0,0.0,0,0.0,0.0,1.0,0.0,0.0,0.0,0.0,0,0
39,5,sasa lukic|fulham,Sasa Lukic,Fulham,MID,0.0,0.0,0.0,0.0,1,0.0,0.0,0,0,0,0,0.0,0,0.0,0.0,1.0,0.0,0.0,0.0,0.0,0,0
39,5,seamus coleman|everton,Seamus Coleman,Everton,DEF,0.0,0.0,0.0,0.0,1,0.0,0.0,0,0,0,0,0.0,0,0.0,0.0,1.0,0.0,0.0,0.0,0.0,0,0
39,5,sean longstaff|leeds,Sean Longstaff,Leeds,MID,0.0,0.0,0.0,0.0,1,0.0,0.0,0,0,0,0,0.0,0,0.0,0.0,1.0,0.0,0.0,0.0,0.0,0,0
39,5,sebastiaan bornauw|leeds,Sebastiaan Bornauw,Leeds,DEF,0.0,0.0,0.0,0.0,1,0.0,0.0,0,0,0,0,0.0,0,0.0,0.0,1.0,0.0,0.0,0.0,0.0,0,0
39,5,senne lammens|manchester united,Senne Lammens,Manchester United,GK,0.0,0.0,0.0,0.0,1,0.0,0.0,0,0,0,0,0.0,0,0.0,0.0,1.0,0.0,0.0,0.0,0.0,0,0
39,5,sepp van den berg|brentford,Sepp van den Berg,Brentford,DEF,0.0,0.0,0.0,0.0,1,0.0,0.0,0,0,0,0,0.0,0,0.0,0.0,1.0,0.0,0.0,0.0,0.0,0,0
39,5,shea lacey|manchester united,Shea Lacey,Manchester United,MID,0.0,0.0,0.0,0.0,1,0.0,0.0,0,0,0,0,0.0,0,0.0,0.0,1.0,0.0,0.0,0.0,0.0,0,0
39,5,simon adingra|sunderland,Simon Adingra,Sunderland,MID,0.0,0.0,0.0,0.0,1,0.0,0.0,0,0,0,0,0.0,0,0.0,0.0,1.0,0.0,0.0,0.0,0.0,0,0
39,5,solly march|brighton,Solly March,Brighton,MID,0.0,0.0,0.0,0.0,1,0.0,0.0,0,0,0,0,0.0,0,0.0,0.0,1.0,0.0,0.0,0.0,0.0,0,0
39,5,soungoutou magassa|west ham,Soungoutou Magassa,West Ham,MID,0.0,0.0,0.0,0.0,1,0.0,0.0,0,0,0,0,0.0,0,0.0,0.0,1.0,0.0,0.0,0.0,0.0,0,0
39,5,souza|tottenham,Souza,Tottenham,DEF,0.0,0.0,0.0,0.0,1,0.0,0.0,0,0,0,0,0.0,0,0.0,0.0,1.0,0.0,0.0,0.0,0.0,0,0
39,5,stefan ortega moreno|nottingham forest,Stefan Ortega Moreno,Nottingham Forest,GK,0.0,0.0,0.0,0.0,1,0.0,0.0,0,0,0,0,0.0,0,0.0,0.0,1.0,0.0,0.0,0.0,0.0,0,0
39,5,stefanos tzimas|brighton,Stefanos Tzimas,Brighton,FWD,0.0,0.0,0.0,0.0,1,0.0,0.0,0,0,0,0,0.0,0,0.0,0.0,1.0,0.0,0.0,0.0,0.0,0,0
39,5,sven botman|newcastle united,Sven Botman,Newcastle United,DEF,0.0,0.0,0.0,0.0,1,0.0,0.0,0,0,0,0,0.0,0,0.0,0.0,1.0,0.0,0.0,0.0,0.0,0,0
39,5,sávio|manchester city,Sávio,Manchester City,MID,0.0,0.0,0.0,0.0,1,0.0,0.0,0,0,0,0,0.0,0,0.0,0.0,1.0,0.0,0.0,0.0,0.0,0,0
39,5,taiwo awoniyi|nottingham forest,Taiwo Awoniyi,Nottingham Forest,FWD,0.0,0.0,0.0,0.0,1,0.0,0.0,0,0,0,0,0.0,0,0.0,0.0,1.0,0.0,0.0,0.0,0.0,0,0
39,5,tammy abraham|aston villa,Tammy Abraham,Aston Villa,FWD,0.0,0.0,0.0,0.0,1,0.0,0.0,0,0,0,0,0.0,0,0.0,0.0,1.0,0.0,0.0,0.0,0.0,0,0
39,5,tawanda chirewa|wolverhampton wanderers,Tawanda Chirewa,Wolverhampton Wanderers,MID,0.0,0.0,0.0,0.0,1,0.0,0.0,0,0,0,0,0.0,0,0.0,0.0,1.0,0.0,0.0,0.0,0.0,0,0
39,5,thiago|brentford,Thiago,Brentford,FWD,0.0,0.0,0.0,0.0,1,0.0,0.0,0,0,0,0,0.0,0,0.0,0.0,1.0,0.0,0.0,0.0,0.0,0,0
39,5,thierno barry|everton,Thierno Barry,Everton,FWD,0.0,0.0,0.0,0.0,1,0.0,0.0,0,0,0,0,0.0,0,0.0,0.0,1.0,0.0,0.0,0.0,0.0,0,0
39,5,tijjani reijnders|manchester city,Tijjani Reijnders,Manchester City,MID,0.0,0.0,0.0,0.0,1,0.0,0.0,0,0,0,0,0.0,0,0.0,0.0,1.0,0.0,0.0,0.0,0.0,0,0
39,5,tim iroegbunam|everton,Tim Iroegbunam,Everton,MID,0.0,0.0,0.0,0.0,1,0.0,0.0,0,0,0,0,0.0,0,0.0,0.0,1.0,0.0,0.0,0.0,0.0,0,0
39,5,timothy castagne|fulham,Timothy Castagne,Fulham,DEF,0.0,0.0,0.0,0.0,1,0.0,0.0,0,0,0,0,0.0,0,0.0,0.0,1.0,0.0,0.0,0.0,0.0,0,0
39,5,tolu arokodare|wolverhampton wanderers,Tolu Arokodare,Wolverhampton Wanderers,FWD,0.0,0.0,0.0,0.0,1,0.0,0.0,0,0,0,0,0.0,0,0.0,0.0,1.0,0.0,0.0,0.0,0.0,0,0
39,5,tom cairney|fulham,Tom Cairney,Fulham,MID,0.0,0.0,0.0,0.0,1,0.0,0.0,0,0,0,0,0.0,0,0.0,0.0,1.0,0.0,0.0,0.0,0.0,0,0
39,5,tom edozie|wolverhampton wanderers,Tom Edozie,Wolverhampton Wanderers,MID,0.0,0.0,0.0,0.0,1,0.0,0.0,0,0,0,0,0.0,0,0.0,0.0,1.0,0.0,0.0,0.0,0.0,0,0
39,5,tom watson|brighton,Tom Watson,Brighton,FWD,0.0,0.0,0.0,0.0,1,0.0,0.0,0,0,0,0,0.0,0,0.0,0.0,1.0,0.0,0.0,0.0,0.0,0,0
39,5,tomas soucek|west ham,Tomas Soucek,West Ham,MID,0.0,0.0,0.0,0.0,1,0.0,0.0,0,0,0,0,0.0,0,0.0,0.0,1.0,0.0,0.0,0.0,0.0,0,0
39,5,tosin adarabioyo|chelsea,Tosin Adarabioyo,Chelsea,DEF,0.0,0.0,0.0,0.0,1,0.0,0.0,0,0,0,0,0.0,0,0.0,0.0,1.0,0.0,0.0,0.0,0.0,0,0
39,5,toti|wolverhampton wanderers,Toti,Wolverhampton Wanderers,DEF,0.0,0.0,0.0,0.0,1,0.0,0.0,0,0,0,0,0.0,0,0.0,0.0,1.0,0.0,0.0,0.0,0.0,0,0
39,5,trai hume|sunderland,Trai Hume,Sunderland,DEF,0.0,0.0,0.0,0.0,1,0.0,0.0,0,0,0,0,0.0,0,0.0,0.0,1.0,0.0,0.0,0.0,0.0,0,0
39,5,trevoh chalobah|chelsea,Trevoh Chalobah,Chelsea,DEF,0.0,0.0,0.0,0.0,1,0.0,0.0,0,0,0,0,0.0,0,0.0,0.0,1.0,0.0,0.0,0.0,0.0,0,0
39,5,treymaurice nyoni|liverpool,Treymaurice Nyoni,Liverpool,MID,0.0,0.0,0.0,0.0,1,0.0,0.0,0,0,0,0,0.0,0,0.0,0.0,1.0,0.0,0.0,0.0,0.0,0,0
39,5,tyler adams|bournemouth,Tyler Adams,Bournemouth,MID,0.0,0.0,0.0,0.0,1,0.0,0.0,0,0,0,0,0.0,0,0.0,0.0,1.0,0.0,0.0,0.0,0.0,0,0
39,5,tyler dibling|everton,Tyler Dibling,Everton,MID,0.0,0.0,0.0,0.0,1,0.0,0.0,0,0,0,0,0.0,0,0.0,0.0,1.0,0.0,0.0,0.0,0.0,0,0
39,5,tyler fletcher|manchester united,Tyler Fletcher,Manchester United,MID,0.0,0.0,0.0,0.0,1,0.0,0.0,0,0,0,0,0.0,0,0.0,0.0,1.0,0.0,0.0,0.0,0.0,0,0
39,5,tyler fredricson|manchester united,Tyler Fredricson,Manchester United,DEF,0.0,0.0,0.0,0.0,1,0.0,0.0,0,0,0,0,0.0,0,0.0,0.0,1.0,0.0,0.0,0.0,0.0,0,0
39,5,tyrell malacia|manchester united,Tyrell Malacia,Manchester United,DEF,0.0,0.0,0.0,0.0,1,0.0,0.0,0,0,0,0,0.0,0,0.0,0.0,1.0,0.0,0.0,0.0,0.0,0,0
39,5,tyrick mitchell|crystal palace,Tyrick Mitchell,Crystal Palace,DEF,0.0,0.0,0.0,0.0,1,0.0,0.0,0,0,0,0,0.0,0,0.0,0.0,1.0,0.0,0.0,0.0,0.0,0,0
39,5,tyrique george|everton,Tyrique George,Everton,FWD,0.0,0.0,0.0,0.0,1,0.0,0.0,0,0,0,0,0.0,0,0.0,0.0,1.0,0.0,0.0,0.0,0.0,0,0
39,5,tyrone mings|aston villa,Tyrone Mings,Aston Villa,DEF,0.0,0.0,0.0,0.0,1,0.0,0.0,0,0,0,0,0.0,0,0.0,0.0,1.0,0.0,0.0,0.0,0.0,0,0
39,5,valentino livramento|newcastle united,Valentino Livramento,Newcastle United,DEF,0.0,0.0,0.0,0.0,1,0.0,0.0,0,0,0,0,0.0,0,0.0,0.0,1.0,0.0,0.0,0.0,0.0,0,0
39,5,valentín castellanos|west ham,Valentín Castellanos,West Ham,FWD,0.0,0.0,0.0,0.0,1,0.0,0.0,0,0,0,0,0.0,0,0.0,0.0,1.0,0.0,0.0,0.0,0.0,0,0
39,5,veljko milosavljevic|bournemouth,Veljko Milosavljevic,Bournemouth,DEF,0.0,0.0,0.0,0.0,1,0.0,0.0,0,0,0,0,0.0,0,0.0,0.0,1.0,0.0,0.0,0.0,0.0,0,0
39,5,victor lindelöf|aston villa,Victor Lindelöf,Aston Villa,DEF,0.0,0.0,0.0,0.0,1,0.0,0.0,0,0,0,0,0.0,0,0.0,0.0,1.0,0.0,0.0,0.0,0.0,0,0
39,5,viktor gyokeres|arsenal,Viktor Gyokeres,Arsenal,FWD,0.0,0.0,0.0,0.0,1,0.0,0.0,0,0,0,0,0.0,0,0.0,0.0,1.0,0.0,0.0,0.0,0.0,0,0
39,5,virgil van dijk|liverpool,Virgil van Dijk,Liverpool,DEF,0.0,0.0,0.0,0.0,1,0.0,0.0,0,0,0,0,0.0,0,0.0,0.0,1.0,0.0,0.0,0.0,0.0,0,0
39,5,vitalii mykolenko|everton,Vitalii Mykolenko,Everton,DEF,0.0,0.0,0.0,0.0,1,0.0,0.0,0,0,0,0,0.0,0,0.0,0.0,1.0,0.0,0.0,0.0,0.0,0,0
39,5,vitaly janelt|brentford,Vitaly Janelt,Brentford,MID,0.0,0.0,0.0,0.0,1,0.0,0.0,0,0,0,0,0.0,0,0.0,0.0,1.0,0.0,0.0,0.0,0.0,0,0
39,5,walter benítez|crystal palace,Walter Benítez,Crystal Palace,MID,0.0,0.0,0.0,0.0,1,0.0,0.0,0,0,0,0,0.0,0,0.0,0.0,1.0,0.0,0.0,0.0,0.0,0,0
39,5,wataru endo|liverpool,Wataru Endo,Liverpool,MID,0.0,0.0,0.0,0.0,1,0.0,0.0,0,0,0,0,0.0,0,0.0,0.0,1.0,0.0,0.0,0.0,0.0,0,0
39,5,wesley fofana|chelsea,Wesley Fofana,Chelsea,DEF,0.0,0.0,0.0,0.0,1,0.0,0.0,0,0,0,0,0.0,0,0.0,0.0,1.0,0.0,0.0,0.0,0.0,0,0
39,5,wilfried gnonto|leeds,Wilfried Gnonto,Leeds,MID,0.0,0.0,0.0,0.0,1,0.0,0.0,0,0,0,0,0.0,0,0.0,0.0,1.0,0.0,0.0,0.0,0.0,0,0
39,5,will hughes|crystal palace,Will Hughes,Crystal Palace,MID,0.0,0.0,0.0,0.0,1,0.0,0.0,0,0,0,0,0.0,0,0.0,0.0,1.0,0.0,0.0,0.0,0.0,0,0
39,5,william osula|newcastle united,William Osula,Newcastle United,FWD,0.0,0.0,0.0,0.0,1,0.0,0.0,0,0,0,0,0.0,0,0.0,0.0,1.0,0.0,0.0,0.0,0.0,0,0
39,5,william saliba|arsenal,William Saliba,Arsenal,DEF,0.0,0.0,0.0,0.0,1,0.0,0.0,0,0,0,0,0.0,0,0.0,0.0,1.0,0.0,0.0,0.0,0.0,0,0
39,5,wilson isidor|sunderland,Wilson Isidor,Sunderland,FWD,0.0,0.0,0.0,0.0,1,0.0,0.0,0,0,0,0,0.0,0,0.0,0.0,1.0,0.0,0.0,0.0,0.0,0,0
39,5,wilson odobert|tottenham,Wilson Odobert,Tottenham,MID,0.0,0.0,0.0,0.0,1,0.0,0.0,0,0,0,0,0.0,0,0.0,0.0,1.0,0.0,0.0,0.0,0.0,0,0
39,5,xavi simons|tottenham,Xavi Simons,Tottenham,MID,0.0,0.0,0.0,0.0,1,0.0,0.0,0,0,0,0,0.0,0,0.0,0.0,1.0,0.0,0.0,0.0,0.0,0,0
39,5,yankuba minteh|brighton,Yankuba Minteh,Brighton,MID,0.0,0.0,0.0,0.0,1,0.0,0.0,0,0,0,0,0.0,0,0.0,0.0,1.0,0.0,0.0,0.0,0.0,0,0
39,5,yasin ayari|brighton,Yasin Ayari,Brighton,MID,0.0,0.0,0.0,0.0,1,0.0,0.0,0,0,0,0,0.0,0,0.0,0.0,1.0,0.0,0.0,0.0,0.0,0,0
39,5,yehor yarmolyuk|brentford,Yehor Yarmolyuk,Brentford,MID,0.0,0.0,0.0,0.0,1,0.0,0.0,0,0,0,0,0.0,0,0.0,0.0,1.0,0.0,0.0,0.0,0.0,0,0
39,5,yeremi pino|crystal palace,Yeremi Pino,Crystal Palace,MID,0.0,0.0,0.0,0.0,1,0.0,0.0,0,0,0,0,0.0,0,0.0,0.0,1.0,0.0,0.0,0.0,0.0,0,0
39,5,yerson mosquera|wolverhampton wanderers,Yerson Mosquera,Wolverhampton Wanderers,DEF,0.0,0.0,0.0,0.0,1,0.0,0.0,0,0,0,0,0.0,0,0.0,0.0,1.0,0.0,0.0,0.0,0.0,0,0
39,5,yoane wissa|newcastle united,Yoane Wissa,Newcastle United,FWD,0.0,0.0,0.0,0.0,1,0.0,0.0,0,0,0,0,0.0,0,0.0,0.0,1.0,0.0,0.0,0.0,0.0,0,0
39,5,youri tielemans|aston villa,Youri Tielemans,Aston Villa,MID,0.0,0.0,0.0,0.0,1,0.0,0.0,0,0,0,0,0.0,0,0.0,0.0,1.0,0.0,0.0,0.0,0.0,0,0
39,5,yves bissouma|tottenham,Yves Bissouma,Tottenham,MID,0.0,0.0,0.0,0.0,1,0.0,0.0,0,0,0,0,0.0,0,0.0,0.0,1.0,0.0,0.0,0.0,0.0,0,0
39,5,zach abbott|nottingham forest,Zach Abbott,Nottingham Forest,DEF,0.0,0.0,0.0,0.0,1,0.0,0.0,0,0,0,0,0.0,0,0.0,0.0,1.0,0.0,0.0,0.0,0.0,0,0
39,5,zian flemming|burnley,Zian Flemming,Burnley,FWD,0.0,0.0,0.0,0.0,1,0.0,0.0,0,0,0,0,0.0,0,0.0,0.0,1.0,0.0,0.0,0.0,0.0,0,0
40,6,aaron hickey|brentford,Aaron Hickey,Brentford,DEF,0.0,0.0,0.0,0.0,1,0.0,0.0,0,0,0,0,0.0,0,0.0,0.0,1.0,0.0,0.0,0.0,0.0,0,0
40,6,aaron ramsdale|newcastle united,Aaron Ramsdale,Newcastle United,GK,0.0,0.0,0.0,0.0,1,0.0,0.0,0,0,0,0,0.0,0,0.0,0.0,1.0,0.0,0.0,0.0,0.0,0,0
40,6,aaron wan-bissaka|west ham,Aaron Wan-Bissaka,West Ham,DEF,0.0,0.0,0.0,0.0,1,0.0,0.0,0,0,0,0,0.0,0,0.0,0.0,1.0,0.0,0.0,0.0,0.0,0,0
40,6,abduqodir khusanov|manchester city,Abduqodir Khusanov,Manchester City,DEF,0.0,0.0,0.0,0.0,1,0.0,0.0,0,0,0,0,0.0,0,0.0,0.0,1.0,0.0,0.0,0.0,0.0,0,0
40,6,adam armstrong|wolverhampton wanderers,Adam Armstrong,Wolverhampton Wanderers,FWD,0.0,0.0,0.0,0.0,1,0.0,0.0,0,0,0,0,0.0,0,0.0,0.0,1.0,0.0,0.0,0.0,0.0,0,0
40,6,adam smith|bournemouth,Adam Smith,Bournemouth,DEF,0.0,0.0,0.0,0.0,1,0.0,0.0,0,0,0,0,0.0,0,0.0,0.0,1.0,0.0,0.0,0.0,0.0,0,0
40,6,adam wharton|crystal palace,Adam Wharton,Crystal Palace,MID,0.0,0.0,0.0,0.0,1,0.0,0.0,0,0,0,0,0.0,0,0.0,0.0,1.0,0.0,0.0,0.0,0.0,0,0
40,6,adama traoré|west ham,Adama Traoré,West Ham,MID,0.0,0.0,0.0,0.0,1,0.0,0.0,0,0,0,0,0.0,0,0.0,0.0,1.0,0.0,0.0,0.0,0.0,0,0
40,6,adrien truffert|bournemouth,Adrien Truffert,Bournemouth,DEF,0.0,0.0,0.0,0.0,1,0.0,0.0,0,0,0,0,0.0,0,0.0,0.0,1.0,0.0,0.0,0.0,0.0,0,0
40,6,alejandro garnacho|chelsea,Alejandro Garnacho,Chelsea,MID,0.0,0.0,0.0,0.0,1,0.0,0.0,0,0,0,0,0.0,0,0.0,0.0,1.0,0.0,0.0,0.0,0.0,0,0
40,6,alejandro jiménez|bournemouth,Alejandro Jiménez,Bournemouth,DEF,0.0,0.0,0.0,0.0,1,0.0,0.0,0,0,0,0,0.0,0,0.0,0.0,1.0,0.0,0.0,0.0,0.0,0,0
40,6,alex iwobi|fulham,Alex Iwobi,Fulham,MID,0.0,0.0,0.0,0.0,1,0.0,0.0,0,0,0,0,0.0,0,0.0,0.0,1.0,0.0,0.0,0.0,0.0,0,0
40,6,alex murphy|newcastle united,Alex Murphy,Newcastle United,DEF,0.0,0.0,0.0,0.0,1,0.0,0.0,0,0,0,0,0.0,0,0.0,0.0,1.0,0.0,0.0,0.0,0.0,0,0
40,6,alex scott|bournemouth,Alex Scott,Bournemouth,MID,0.0,0.0,0.0,0.0,1,0.0,0.0,0,0,0,0,0.0,0,0.0,0.0,1.0,0.0,0.0,0.0,0.0,0,0
40,6,alex tóth|bournemouth,Alex Tóth,Bournemouth,MID,0.0,0.0,0.0,0.0,1,0.0,0.0,0,0,0,0,0.0,0,0.0,0.0,1.0,0.0,0.0,0.0,0.0,0,0
40,6,alexander isak|liverpool,Alexander Isak,Liverpool,FWD,0.0,0.0,0.0,0.0,1,0.0,0.0,0,0,0,0,0.0,0,0.0,0.0,1.0,0.0,0.0,0.0,0.0,0,0
40,6,alexis mac allister|liverpool,Alexis Mac Allister,Liverpool,MID,0.0,0.0,0.0,0.0,1,0.0,0.0,0,0,0,0,0.0,0,0.0,0.0,1.0,0.0,0.0,0.0,0.0,0,0
40,6,alisson|liverpool,Alisson,Liverpool,GK,0.0,0.0,0.0,0.0,1,0.0,0.0,0,0,0,0,0.0,0,0.0,0.0,1.0,0.0,0.0,0.0,0.0,0,0
40,6,alphonse areola|west ham,Alphonse Areola,West Ham,GK,0.0,0.0,0.0,0.0,1,0.0,0.0,0,0,0,0,0.0,0,0.0,0.0,1.0,0.0,0.0,0.0,0.0,0,0
40,6,altay bayindir|manchester united,Altay Bayindir,Manchester United,GK,0.0,0.0,0.0,0.0,1,0.0,0.0,0,0,0,0,0.0,0,0.0,0.0,1.0,0.0,0.0,0.0,0.0,0,0
40,6,alysson edward|aston villa,Alysson Edward,Aston Villa,FWD,0.0,0.0,0.0,0.0,1,0.0,0.0,0,0,0,0,0.0,0,0.0,0.0,1.0,0.0,0.0,0.0,0.0,0,0
40,6,amad diallo traore|manchester united,Amad Diallo Traore,Manchester United,MID,0.0,0.0,0.0,0.0,1,0.0,0.0,0,0,0,0,0.0,0,0.0,0.0,1.0,0.0,0.0,0.0,0.0,0,0
40,6,amadou onana|aston villa,Amadou Onana,Aston Villa,MID,0.0,0.0,0.0,0.0,1,0.0,0.0,0,0,0,0,0.0,0,0.0,0.0,1.0,0.0,0.0,0.0,0.0,0,0
40,6,amine adli|bournemouth,Amine Adli,Bournemouth,MID,0.0,0.0,0.0,0.0,1,0.0,0.0,0,0,0,0,0.0,0,0.0,0.0,1.0,0.0,0.0,0.0,0.0,0,0
40,6,andrew robertson|liverpool,Andrew Robertson,Liverpool,DEF,0.0,0.0,0.0,0.0,1,0.0,0.0,0,0,0,0,0.0,0,0.0,0.0,1.0,0.0,0.0,0.0,0.0,0,0
40,6,andrey santos|chelsea,Andrey Santos,Chelsea,MID,0.0,0.0,0.0,0.0,1,0.0,0.0,0,0,0,0,0.0,0,0.0,0.0,1.0,0.0,0.0,0.0,0.0,0,0
40,6,andrés garcía|aston villa,Andrés García,Aston Villa,DEF,0.0,0.0,0.0,0.0,1,0.0,0.0,0,0,0,0,0.0,0,0.0,0.0,1.0,0.0,0.0,0.0,0.0,0,0
40,6,andré|wolverhampton wanderers,André,Wolverhampton Wanderers,MID,0.0,0.0,0.0,0.0,1,0.0,0.0,0,0,0,0,0.0,0,0.0,0.0,1.0,0.0,0.0,0.0,0.0,0,0
40,6,andy irving|west ham,Andy Irving,West Ham,MID,0.0,0.0,0.0,0.0,1,0.0,0.0,0,0,0,0,0.0,0,0.0,0.0,1.0,0.0,0.0,0.0,0.0,0,0
40,6,angel gomes|wolverhampton wanderers,Angel Gomes,Wolverhampton Wanderers,MID,0.0,0.0,0.0,0.0,1,0.0,0.0,0,0,0,0,0.0,0,0.0,0.0,1.0,0.0,0.0,0.0,0.0,0,0
40,6,angus gunn|nottingham forest,Angus Gunn,Nottingham Forest,GK,0.0,0.0,0.0,0.0,1,0.0,0.0,0,0,0,0,0.0,0,0.0,0.0,1.0,0.0,0.0,0.0,0.0,0,0
40,6,anthony elanga|newcastle united,Anthony Elanga,Newcastle United,MID,0.0,0.0,0.0,0.0,1,0.0,0.0,0,0,0,0,0.0,0,0.0,0.0,1.0,0.0,0.0,0.0,0.0,0,0
40,6,anthony gordon|newcastle united,Anthony Gordon,Newcastle United,MID,0.0,0.0,0.0,0.0,1,0.0,0.0,0,0,0,0,0.0,0,0.0,0.0,1.0,0.0,0.0,0.0,0.0,0,0
40,6,antoine semenyo|manchester city,Antoine Semenyo,Manchester City,MID,0.0,0.0,0.0,0.0,1,0.0,0.0,0,0,0,0,0.0,0,0.0,0.0,1.0,0.0,0.0,0.0,0.0,0,0
40,6,anton stach|leeds,Anton Stach,Leeds,MID,0.0,0.0,0.0,0.0,1,0.0,0.0,0,0,0,0,0.0,0,0.0,0.0,1.0,0.0,0.0,0.0,0.0,0,0
40,6,antonee robinson|fulham,Antonee Robinson,Fulham,DEF,0.0,0.0,0.0,0.0,1,0.0,0.0,0,0,0,0,0.0,0,0.0,0.0,1.0,0.0,0.0,0.0,0.0,0,0
40,6,antoni milambo|brentford,Antoni Milambo,Brentford,MID,0.0,0.0,0.0,0.0,1,0.0,0.0,0,0,0,0,0.0,0,0.0,0.0,1.0,0.0,0.0,0.0,0.0,0,0
40,6,ao tanaka|leeds,Ao Tanaka,Leeds,MID,0.0,0.0,0.0,0.0,1,0.0,0.0,0,0,0,0,0.0,0,0.0,0.0,1.0,0.0,0.0,0.0,0.0,0,0
40,6,archie gray|tottenham,Archie Gray,Tottenham,MID,0.0,0.0,0.0,0.0,1,0.0,0.0,0,0,0,0,0.0,0,0.0,0.0,1.0,0.0,0.0,0.0,0.0,0,0
40,6,armando broja|burnley,Armando Broja,Burnley,FWD,0.0,0.0,0.0,0.0,1,0.0,0.0,0,0,0,0,0.0,0,0.0,0.0,1.0,0.0,0.0,0.0,0.0,0,0
40,6,arnaud kalimuendo muinga|nottingham forest,Arnaud Kalimuendo Muinga,Nottingham Forest,FWD,0.0,0.0,0.0,0.0,1,0.0,0.0,0,0,0,0,0.0,0,0.0,0.0,1.0,0.0,0.0,0.0,0.0,0,0
40,6,arthur masuaku|sunderland,Arthur Masuaku,Sunderland,FWD,0.0,0.0,0.0,0.0,1,0.0,0.0,0,0,0,0,0.0,0,0.0,0.0,1.0,0.0,0.0,0.0,0.0,0,0
40,6,ashley barnes|burnley,Ashley Barnes,Burnley,FWD,0.0,0.0,0.0,0.0,1,0.0,0.0,0,0,0,0,0.0,0,0.0,0.0,1.0,0.0,0.0,0.0,0.0,0,0
40,6,axel disasi|west ham,Axel Disasi,West Ham,DEF,0.0,0.0,0.0,0.0,1,0.0,0.0,0,0,0,0,0.0,0,0.0,0.0,1.0,0.0,0.0,0.0,0.0,0,0
40,6,axel tuanzebe|burnley,Axel Tuanzebe,Burnley,DEF,0.0,0.0,0.0,0.0,1,0.0,0.0,0,0,0,0,0.0,0,0.0,0.0,1.0,0.0,0.0,0.0,0.0,0,0
40,6,ayden heaven|manchester united,Ayden Heaven,Manchester United,DEF,0.0,0.0,0.0,0.0,1,0.0,0.0,0,0,0,0,0.0,0,0.0,0.0,1.0,0.0,0.0,0.0,0.0,0,0
40,6,bafode diakite|bournemouth,Bafode Diakite,Bournemouth,DEF,0.0,0.0,0.0,0.0,1,0.0,0.0,0,0,0,0,0.0,0,0.0,0.0,1.0,0.0,0.0,0.0,0.0,0,0
40,6,bart verbruggen|brighton,Bart Verbruggen,Brighton,GK,0.0,0.0,0.0,0.0,1,0.0,0.0,0,0,0,0,0.0,0,0.0,0.0,1.0,0.0,0.0,0.0,0.0,0,0
40,6,bashir humphreys|burnley,Bashir Humphreys,Burnley,DEF,0.0,0.0,0.0,0.0,1,0.0,0.0,0,0,0,0,0.0,0,0.0,0.0,1.0,0.0,0.0,0.0,0.0,0,0
40,6,ben davies|tottenham,Ben Davies,Tottenham,DEF,0.0,0.0,0.0,0.0,1,0.0,0.0,0,0,0,0,0.0,0,0.0,0.0,1.0,0.0,0.0,0.0,0.0,0,0
40,6,ben doak|bournemouth,Ben Doak,Bournemouth,FWD,0.0,0.0,0.0,0.0,1,0.0,0.0,0,0,0,0,0.0,0,0.0,0.0,1.0,0.0,0.0,0.0,0.0,0,0
40,6,ben white|arsenal,Ben White,Arsenal,DEF,0.0,0.0,0.0,0.0,1,0.0,0.0,0,0,0,0,0.0,0,0.0,0.0,1.0,0.0,0.0,0.0,0.0,0,0
40,6,ben winterburn|bournemouth,Ben Winterburn,Bournemouth,MID,0.0,0.0,0.0,0.0,1,0.0,0.0,0,0,0,0,0.0,0,0.0,0.0,1.0,0.0,0.0,0.0,0.0,0,0
40,6,bendito mantato|manchester united,Bendito Mantato,Manchester United,MID,0.0,0.0,0.0,0.0,1,0.0,0.0,0,0,0,0,0.0,0,0.0,0.0,1.0,0.0,0.0,0.0,0.0,0,0
40,6,benjamin sesko|manchester united,Benjamin Sesko,Manchester United,FWD,0.0,0.0,0.0,0.0,1,0.0,0.0,0,0,0,0,0.0,0,0.0,0.0,1.0,0.0,0.0,0.0,0.0,0,0
40,6,benoit badiashile mukinayi|chelsea,Benoit Badiashile Mukinayi,Chelsea,DEF,0.0,0.0,0.0,0.0,1,0.0,0.0,0,0,0,0,0.0,0,0.0,0.0,1.0,0.0,0.0,0.0,0.0,0,0
40,6,bernardo silva|manchester city,Bernardo Silva,Manchester City,MID,0.0,0.0,0.0,0.0,1,0.0,0.0,0,0,0,0,0.0,0,0.0,0.0,1.0,0.0,0.0,0.0,0.0,0,0
40,6,bernd leno|fulham,Bernd Leno,Fulham,GK,0.0,0.0,0.0,0.0,1,0.0,0.0,0,0,0,0,0.0,0,0.0,0.0,1.0,0.0,0.0,0.0,0.0,0,0
40,6,bertrand traoré|sunderland,Bertrand Traoré,Sunderland,MID,0.0,0.0,0.0,0.0,1,0.0,0.0,0,0,0,0,0.0,0,0.0,0.0,1.0,0.0,0.0,0.0,0.0,0,0
40,6,beto|everton,Beto,Everton,FWD,0.0,0.0,0.0,0.0,1,0.0,0.0,0,0,0,0,0.0,0,0.0,0.0,1.0,0.0,0.0,0.0,0.0,0,0
40,6,borna sosa|crystal palace,Borna Sosa,Crystal Palace,DEF,0.0,0.0,0.0,0.0,1,0.0,0.0,0,0,0,0,0.0,0,0.0,0.0,1.0,0.0,0.0,0.0,0.0,0,0
40,6,boubacar kamara|aston villa,Boubacar Kamara,Aston Villa,MID,0.0,0.0,0.0,0.0,1,0.0,0.0,0,0,0,0,0.0,0,0.0,0.0,1.0,0.0,0.0,0.0,0.0,0,0
40,6,bradley burrowes|aston villa,Bradley Burrowes,Aston Villa,MID,0.0,0.0,0.0,0.0,1,0.0,0.0,0,0,0,0,0.0,0,0.0,0.0,1.0,0.0,0.0,0.0,0.0,0,0
40,6,brajan gruda|brighton,Brajan Gruda,Brighton,MID,0.0,0.0,0.0,0.0,1,0.0,0.0,0,0,0,0,0.0,0,0.0,0.0,1.0,0.0,0.0,0.0,0.0,0,0
40,6,brenden aaronson|leeds,Brenden Aaronson,Leeds,MID,0.0,0.0,0.0,0.0,1,0.0,0.0,0,0,0,0,0.0,0,0.0,0.0,1.0,0.0,0.0,0.0,0.0,0,0
40,6,brennan johnson|crystal palace,Brennan Johnson,Crystal Palace,MID,0.0,0.0,0.0,0.0,1,0.0,0.0,0,0,0,0,0.0,0,0.0,0.0,1.0,0.0,0.0,0.0,0.0,0,0
40,6,brian brobbey|sunderland,Brian Brobbey,Sunderland,FWD,0.0,0.0,0.0,0.0,1,0.0,0.0,0,0,0,0,0.0,0,0.0,0.0,1.0,0.0,0.0,0.0,0.0,0,0
40,6,bruno fernandes|manchester united,Bruno Fernandes,Manchester United,MID,0.0,0.0,0.0,0.0,1,0.0,0.0,0,0,0,0,0.0,0,0.0,0.0,1.0,0.0,0.0,0.0,0.0,0,0
40,6,bruno guimarães|newcastle united,Bruno Guimarães,Newcastle United,MID,0.0,0.0,0.0,0.0,1,0.0,0.0,0,0,0,0,0.0,0,0.0,0.0,1.0,0.0,0.0,0.0,0.0,0,0
40,6,bryan mbeumo|manchester united,Bryan Mbeumo,Manchester United,MID,0.0,0.0,0.0,0.0,1,0.0,0.0,0,0,0,0,0.0,0,0.0,0.0,1.0,0.0,0.0,0.0,0.0,0,0
40,6,bukayo saka|arsenal,Bukayo Saka,Arsenal,MID,0.0,0.0,0.0,0.0,1,0.0,0.0,0,0,0,0,0.0,0,0.0,0.0,1.0,0.0,0.0,0.0,0.0,0,0
40,6,callum hudson-odoi|nottingham forest,Callum Hudson-Odoi,Nottingham Forest,MID,0.0,0.0,0.0,0.0,1,0.0,0.0,0,0,0,0,0.0,0,0.0,0.0,1.0,0.0,0.0,0.0,0.0,0,0
40,6,callum marshall|west ham,Callum Marshall,West Ham,FWD,0.0,0.0,0.0,0.0,1,0.0,0.0,0,0,0,0,0.0,0,0.0,0.0,1.0,0.0,0.0,0.0,0.0,0,0
40,6,callum olusesi|tottenham,Callum Olusesi,Tottenham,DEF,0.0,0.0,0.0,0.0,1,0.0,0.0,0,0,0,0,0.0,0,0.0,0.0,1.0,0.0,0.0,0.0,0.0,0,0
40,6,callum wilson|west ham,Callum Wilson,West Ham,FWD,0.0,0.0,0.0,0.0,1,0.0,0.0,0,0,0,0,0.0,0,0.0,0.0,1.0,0.0,0.0,0.0,0.0,0,0
40,6,calvin bassey|fulham,Calvin Bassey,Fulham,DEF,0.0,0.0,0.0,0.0,1,0.0,0.0,0,0,0,0,0.0,0,0.0,0.0,1.0,0.0,0.0,0.0,0.0,0,0
40,6,caoimhin kelleher|brentford,Caoimhin Kelleher,Brentford,GK,0.0,0.0,0.0,0.0,1,0.0,0.0,0,0,0,0,0.0,0,0.0,0.0,1.0,0.0,0.0,0.0,0.0,0,0
40,6,carlos alcaraz|everton,Carlos Alcaraz,Everton,MID,0.0,0.0,0.0,0.0,1,0.0,0.0,0,0,0,0,0.0,0,0.0,0.0,1.0,0.0,0.0,0.0,0.0,0,0
40,6,carlos baleba|brighton,Carlos Baleba,Brighton,MID,0.0,0.0,0.0,0.0,1,0.0,0.0,0,0,0,0,0.0,0,0.0,0.0,1.0,0.0,0.0,0.0,0.0,0,0
40,6,casemiro|manchester united,Casemiro,Manchester United,MID,0.0,0.0,0.0,0.0,1,0.0,0.0,0,0,0,0,0.0,0,0.0,0.0,1.0,0.0,0.0,0.0,0.0,0,0
40,6,chadi riad|crystal palace,Chadi Riad,Crystal Palace,DEF,0.0,0.0,0.0,0.0,1,0.0,0.0,0,0,0,0,0.0,0,0.0,0.0,1.0,0.0,0.0,0.0,0.0,0,0
40,6,charalampos kostoulas|brighton,Charalampos Kostoulas,Brighton,FWD,0.0,0.0,0.0,0.0,1,0.0,0.0,0,0,0,0,0.0,0,0.0,0.0,1.0,0.0,0.0,0.0,0.0,0,0
40,6,chemsdine talbi|sunderland,Chemsdine Talbi,Sunderland,MID,0.0,0.0,0.0,0.0,1,0.0,0.0,0,0,0,0,0.0,0,0.0,0.0,1.0,0.0,0.0,0.0,0.0,0,0
40,6,chimuanya ugochukwu|burnley,Chimuanya Ugochukwu,Burnley,MID,0.0,0.0,0.0,0.0,1,0.0,0.0,0,0,0,0,0.0,0,0.0,0.0,1.0,0.0,0.0,0.0,0.0,0,0
40,6,chris richards|crystal palace,Chris Richards,Crystal Palace,DEF,0.0,0.0,0.0,0.0,1,0.0,0.0,0,0,0,0,0.0,0,0.0,0.0,1.0,0.0,0.0,0.0,0.0,0,0
40,6,chris rigg|sunderland,Chris Rigg,Sunderland,MID,0.0,0.0,0.0,0.0,1,0.0,0.0,0,0,0,0,0.0,0,0.0,0.0,1.0,0.0,0.0,0.0,0.0,0,0
40,6,chris wood|nottingham forest,Chris Wood,Nottingham Forest,FWD,0.0,0.0,0.0,0.0,1,0.0,0.0,0,0,0,0,0.0,0,0.0,0.0,1.0,0.0,0.0,0.0,0.0,0,0
40,6,christantus uche|crystal palace,Christantus Uche,Crystal Palace,MID,0.0,0.0,0.0,0.0,1,0.0,0.0,0,0,0,0,0.0,0,0.0,0.0,1.0,0.0,0.0,0.0,0.0,0,0
40,6,christian nørgaard|arsenal,Christian Nørgaard,Arsenal,MID,0.0,0.0,0.0,0.0,1,0.0,0.0,0,0,0,0,0.0,0,0.0,0.0,1.0,0.0,0.0,0.0,0.0,0,0
40,6,cody gakpo|liverpool,Cody Gakpo,Liverpool,MID,0.0,0.0,0.0,0.0,1,0.0,0.0,0,0,0,0,0.0,0,0.0,0.0,1.0,0.0,0.0,0.0,0.0,0,0
40,6,cole palmer|chelsea,Cole Palmer,Chelsea,MID,0.0,0.0,0.0,0.0,1,0.0,0.0,0,0,0,0,0.0,0,0.0,0.0,1.0,0.0,0.0,0.0,0.0,0,0
40,6,conor bradley|liverpool,Conor Bradley,Liverpool,DEF,0.0,0.0,0.0,0.0,1,0.0,0.0,0,0,0,0,0.0,0,0.0,0.0,1.0,0.0,0.0,0.0,0.0,0,0
40,6,conor gallagher|tottenham,Conor Gallagher,Tottenham,MID,0.0,0.0,0.0,0.0,1,0.0,0.0,0,0,0,0,0.0,0,0.0,0.0,1.0,0.0,0.0,0.0,0.0,0,0
40,6,cristhian mosquera|arsenal,Cristhian Mosquera,Arsenal,DEF,0.0,0.0,0.0,0.0,1,0.0,0.0,0,0,0,0,0.0,0,0.0,0.0,1.0,0.0,0.0,0.0,0.0,0,0
40,6,cristian romero|tottenham,Cristian Romero,Tottenham,DEF,0.0,0.0,0.0,0.0,1,0.0,0.0,0,0,0,0,0.0,0,0.0,0.0,1.0,0.0,0.0,0.0,0.0,0,0
40,6,crysencio summerville|west ham,Crysencio Summerville,West Ham,MID,0.0,0.0,0.0,0.0,1,0.0,0.0,0,0,0,0,0.0,0,0.0,0.0,1.0,0.0,0.0,0.0,0.0,0,0
40,6,curtis jones|liverpool,Curtis Jones,Liverpool,MID,0.0,0.0,0.0,0.0,1,0.0,0.0,0,0,0,0,0.0,0,0.0,0.0,1.0,0.0,0.0,0.0,0.0,0,0
40,6,daichi kamada|crystal palace,Daichi Kamada,Crystal Palace,MID,0.0,0.0,0.0,0.0,1,0.0,0.0,0,0,0,0,0.0,0,0.0,0.0,1.0,0.0,0.0,0.0,0.0,0,0
40,6,dan ballard|sunderland,Dan Ballard,Sunderland,DEF,0.0,0.0,0.0,0.0,1,0.0,0.0,0,0,0,0,0.0,0,0.0,0.0,1.0,0.0,0.0,0.0,0.0,0,0
40,6,dan burn|newcastle united,Dan Burn,Newcastle United,DEF,0.0,0.0,0.0,0.0,1,0.0,0.0,0,0,0,0,0.0,0,0.0,0.0,1.0,0.0,0.0,0.0,0.0,0,0
40,6,dan ndoye|nottingham forest,Dan Ndoye,Nottingham Forest,MID,0.0,0.0,0.0,0.0,1,0.0,0.0,0,0,0,0,0.0,0,0.0,0.0,1.0,0.0,0.0,0.0,0.0,0,0
40,6,dan neil|sunderland,Dan Neil,Sunderland,MID,0.0,0.0,0.0,0.0,1,0.0,0.0,0,0,0,0,0.0,0,0.0,0.0,1.0,0.0,0.0,0.0,0.0,0,0
40,6,dane scarlett|tottenham,Dane Scarlett,Tottenham,FWD,0.0,0.0,0.0,0.0,1,0.0,0.0,0,0,0,0,0.0,0,0.0,0.0,1.0,0.0,0.0,0.0,0.0,0,0
40,6,dango ouattara|brentford,Dango Ouattara,Brentford,MID,0.0,0.0,0.0,0.0,1,0.0,0.0,0,0,0,0,0.0,0,0.0,0.0,1.0,0.0,0.0,0.0,0.0,0,0
40,6,daniel james|leeds,Daniel James,Leeds,MID,0.0,0.0,0.0,0.0,1,0.0,0.0,0,0,0,0,0.0,0,0.0,0.0,1.0,0.0,0.0,0.0,0.0,0,0
40,6,daniel muñoz|crystal palace,Daniel Muñoz,Crystal Palace,DEF,0.0,0.0,0.0,0.0,1,0.0,0.0,0,0,0,0,0.0,0,0.0,0.0,1.0,0.0,0.0,0.0,0.0,0,0
40,6,danny welbeck|brighton,Danny Welbeck,Brighton,FWD,0.0,0.0,0.0,0.0,1,0.0,0.0,0,0,0,0,0.0,0,0.0,0.0,1.0,0.0,0.0,0.0,0.0,0,0
40,6,david brooks|bournemouth,David Brooks,Bournemouth,MID,0.0,0.0,0.0,0.0,1,0.0,0.0,0,0,0,0,0.0,0,0.0,0.0,1.0,0.0,0.0,0.0,0.0,0,0
40,6,david møller wolfe|wolverhampton wanderers,David Møller Wolfe,Wolverhampton Wanderers,DEF,0.0,0.0,0.0,0.0,1,0.0,0.0,0,0,0,0,0.0,0,0.0,0.0,1.0,0.0,0.0,0.0,0.0,0,0
40,6,david raya|arsenal,David Raya,Arsenal,GK,0.0,0.0,0.0,0.0,1,0.0,0.0,0,0,0,0,0.0,0,0.0,0.0,1.0,0.0,0.0,0.0,0.0,0,0
40,6,dean henderson|crystal palace,Dean Henderson,Crystal Palace,GK,0.0,0.0,0.0,0.0,1,0.0,0.0,0,0,0,0,0.0,0,0.0,0.0,1.0,0.0,0.0,0.0,0.0,0,0
40,6,declan rice|arsenal,Declan Rice,Arsenal,MID,0.0,0.0,0.0,0.0,1,0.0,0.0,0,0,0,0,0.0,0,0.0,0.0,1.0,0.0,0.0,0.0,0.0,0,0
40,6,dennis cirkin|sunderland,Dennis Cirkin,Sunderland,DEF,0.0,0.0,0.0,0.0,1,0.0,0.0,0,0,0,0,0.0,0,0.0,0.0,1.0,0.0,0.0,0.0,0.0,0,0
40,6,diego coppola|brighton,Diego Coppola,Brighton,DEF,0.0,0.0,0.0,0.0,1,0.0,0.0,0,0,0,0,0.0,0,0.0,0.0,1.0,0.0,0.0,0.0,0.0,0,0
40,6,diego gómez|brighton,Diego Gómez,Brighton,MID,0.0,0.0,0.0,0.0,1,0.0,0.0,0,0,0,0,0.0,0,0.0,0.0,1.0,0.0,0.0,0.0,0.0,0,0
40,6,dilane bakwa|nottingham forest,Dilane Bakwa,Nottingham Forest,MID,0.0,0.0,0.0,0.0,1,0.0,0.0,0,0,0,0,0.0,0,0.0,0.0,1.0,0.0,0.0,0.0,0.0,0,0
40,6,diogo dalot|manchester united,Diogo Dalot,Manchester United,DEF,0.0,0.0,0.0,0.0,1,0.0,0.0,0,0,0,0,0.0,0,0.0,0.0,1.0,0.0,0.0,0.0,0.0,0,0
40,6,divine mukasa|manchester city,Divine Mukasa,Manchester City,MID,0.0,0.0,0.0,0.0,1,0.0,0.0,0,0,0,0,0.0,0,0.0,0.0,1.0,0.0,0.0,0.0,0.0,0,0
40,6,djed spence|tottenham,Djed Spence,Tottenham,DEF,0.0,0.0,0.0,0.0,1,0.0,0.0,0,0,0,0,0.0,0,0.0,0.0,1.0,0.0,0.0,0.0,0.0,0,0
40,6,djiamgone jocelin ta bi|sunderland,Djiamgone Jocelin Ta Bi,Sunderland,FWD,0.0,0.0,0.0,0.0,1,0.0,0.0,0,0,0,0,0.0,0,0.0,0.0,1.0,0.0,0.0,0.0,0.0,0,0
40,6,djordje petrovic|bournemouth,Djordje Petrovic,Bournemouth,GK,0.0,0.0,0.0,0.0,1,0.0,0.0,0,0,0,0,0.0,0,0.0,0.0,1.0,0.0,0.0,0.0,0.0,0,0
40,6,dominic calvert-lewin|leeds,Dominic Calvert-Lewin,Leeds,FWD,0.0,0.0,0.0,0.0,1,0.0,0.0,0,0,0,0,0.0,0,0.0,0.0,1.0,0.0,0.0,0.0,0.0,0,0
40,6,dominic solanke|tottenham,Dominic Solanke,Tottenham,FWD,0.0,0.0,0.0,0.0,1,0.0,0.0,0,0,0,0,0.0,0,0.0,0.0,1.0,0.0,0.0,0.0,0.0,0,0
40,6,dominik szoboszlai|liverpool,Dominik Szoboszlai,Liverpool,MID,0.0,0.0,0.0,0.0,1,0.0,0.0,0,0,0,0,0.0,0,0.0,0.0,1.0,0.0,0.0,0.0,0.0,0,0
40,6,donyell malen|aston villa,Donyell Malen,Aston Villa,MID,0.0,0.0,0.0,0.0,1,0.0,0.0,0,0,0,0,0.0,0,0.0,0.0,1.0,0.0,0.0,0.0,0.0,0,0
40,6,douglas luiz|aston villa,Douglas Luiz,Aston Villa,MID,0.0,0.0,0.0,0.0,1,0.0,0.0,0,0,0,0,0.0,0,0.0,0.0,1.0,0.0,0.0,0.0,0.0,0,0
40,6,dwight mcneil|everton,Dwight McNeil,Everton,MID,0.0,0.0,0.0,0.0,1,0.0,0.0,0,0,0,0,0.0,0,0.0,0.0,1.0,0.0,0.0,0.0,0.0,0,0
40,6,eberechi eze|arsenal,Eberechi Eze,Arsenal,MID,0.0,0.0,0.0,0.0,1,0.0,0.0,0,0,0,0,0.0,0,0.0,0.0,1.0,0.0,0.0,0.0,0.0,0,0
40,6,eddie nketiah|crystal palace,Eddie Nketiah,Crystal Palace,FWD,0.0,0.0,0.0,0.0,1,0.0,0.0,0,0,0,0,0.0,0,0.0,0.0,1.0,0.0,0.0,0.0,0.0,0,0
40,6,el hadji malick diouf|west ham,El Hadji Malick Diouf,West Ham,DEF,0.0,0.0,0.0,0.0,1,0.0,0.0,0,0,0,0,0.0,0,0.0,0.0,1.0,0.0,0.0,0.0,0.0,0,0
40,6,eli junior kroupi|bournemouth,Eli Junior Kroupi,Bournemouth,FWD,0.0,0.0,0.0,0.0,1,0.0,0.0,0,0,0,0,0.0,0,0.0,0.0,1.0,0.0,0.0,0.0,0.0,0,0
40,6,eliezer mayenda|sunderland,Eliezer Mayenda,Sunderland,FWD,0.0,0.0,0.0,0.0,1,0.0,0.0,0,0,0,0,0.0,0,0.0,0.0,1.0,0.0,0.0,0.0,0.0,0,0
40,6,elliot anderson|nottingham forest,Elliot Anderson,Nottingham Forest,MID,0.0,0.0,0.0,0.0,1,0.0,0.0,0,0,0,0,0.0,0,0.0,0.0,1.0,0.0,0.0,0.0,0.0,0,0
40,6,emil krafth|newcastle united,Emil Krafth,Newcastle United,DEF,0.0,0.0,0.0,0.0,1,0.0,0.0,0,0,0,0,0.0,0,0.0,0.0,1.0,0.0,0.0,0.0,0.0,0,0
40,6,emile smith-rowe|fulham,Emile Smith-Rowe,Fulham,MID,0.0,0.0,0.0,0.0,1,0.0,0.0,0,0,0,0,0.0,0,0.0,0.0,1.0,0.0,0.0,0.0,0.0,0,0
40,6,emiliano buendía|aston villa,Emiliano Buendía,Aston Villa,MID,0.0,0.0,0.0,0.0,1,0.0,0.0,0,0,0,0,0.0,0,0.0,0.0,1.0,0.0,0.0,0.0,0.0,0,0
40,6,emiliano martinez|aston villa,Emiliano Martinez,Aston Villa,GK,0.0,0.0,0.0,0.0,1,0.0,0.0,0,0,0,0,0.0,0,0.0,0.0,1.0,0.0,0.0,0.0,0.0,0,0
40,6,emmanuel agbadou|wolverhampton wanderers,Emmanuel Agbadou,Wolverhampton Wanderers,DEF,0.0,0.0,0.0,0.0,1,0.0,0.0,0,0,0,0,0.0,0,0.0,0.0,1.0,0.0,0.0,0.0,0.0,0,0
40,6,enes ünal|bournemouth,Enes Ünal,Bournemouth,FWD,0.0,0.0,0.0,0.0,1,0.0,0.0,0,0,0,0,0.0,0,0.0,0.0,1.0,0.0,0.0,0.0,0.0,0,0
40,6,enzo fernández|chelsea,Enzo Fernández,Chelsea,MID,0.0,0.0,0.0,0.0,1,0.0,0.0,0,0,0,0,0.0,0,0.0,0.0,1.0,0.0,0.0,0.0,0.0,0,0
40,6,enzo le fée|sunderland,Enzo Le Fée,Sunderland,MID,0.0,0.0,0.0,0.0,1,0.0,0.0,0,0,0,0,0.0,0,0.0,0.0,1.0,0.0,0.0,0.0,0.0,0,0
40,6,erling haaland|manchester city,Erling Haaland,Manchester City,FWD,0.0,0.0,0.0,0.0,1,0.0,0.0,0,0,0,0,0.0,0,0.0,0.0,1.0,0.0,0.0,0.0,0.0,0,0
40,6,estêvão|chelsea,Estêvão,Chelsea,MID,0.0,0.0,0.0,0.0,1,0.0,0.0,0,0,0,0,0.0,0,0.0,0.0,1.0,0.0,0.0,0.0,0.0,0,0
40,6,ethan ampadu|leeds,Ethan Ampadu,Leeds,MID,0.0,0.0,0.0,0.0,1,0.0,0.0,0,0,0,0,0.0,0,0.0,0.0,1.0,0.0,0.0,0.0,0.0,0,0
40,6,ethan nwaneri|arsenal,Ethan Nwaneri,Arsenal,MID,0.0,0.0,0.0,0.0,1,0.0,0.0,0,0,0,0,0.0,0,0.0,0.0,1.0,0.0,0.0,0.0,0.0,0,0
40,6,ethan pinnock|brentford,Ethan Pinnock,Brentford,DEF,0.0,0.0,0.0,0.0,1,0.0,0.0,0,0,0,0,0.0,0,0.0,0.0,1.0,0.0,0.0,0.0,0.0,0,0
40,6,evanilson|bournemouth,Evanilson,Bournemouth,FWD,0.0,0.0,0.0,0.0,1,0.0,0.0,0,0,0,0,0.0,0,0.0,0.0,1.0,0.0,0.0,0.0,0.0,0,0
40,6,evann guessand|crystal palace,Evann Guessand,Crystal Palace,MID,0.0,0.0,0.0,0.0,1,0.0,0.0,0,0,0,0,0.0,0,0.0,0.0,1.0,0.0,0.0,0.0,0.0,0,0
40,6,ezra mayers|west ham,Ezra Mayers,West Ham,DEF,0.0,0.0,0.0,0.0,1,0.0,0.0,0,0,0,0,0.0,0,0.0,0.0,1.0,0.0,0.0,0.0,0.0,0,0
40,6,ezri konsa ngoyo|aston villa,Ezri Konsa Ngoyo,Aston Villa,DEF,0.0,0.0,0.0,0.0,1,0.0,0.0,0,0,0,0,0.0,0,0.0,0.0,1.0,0.0,0.0,0.0,0.0,0,0
40,6,fabian schär|newcastle united,Fabian Schär,Newcastle United,DEF,0.0,0.0,0.0,0.0,1,0.0,0.0,0,0,0,0,0.0,0,0.0,0.0,1.0,0.0,0.0,0.0,0.0,0,0
40,6,fabio carvalho|brentford,Fabio Carvalho,Brentford,MID,0.0,0.0,0.0,0.0,1,0.0,0.0,0,0,0,0,0.0,0,0.0,0.0,1.0,0.0,0.0,0.0,0.0,0,0
40,6,facundo buonanotte|leeds,Facundo Buonanotte,Leeds,MID,0.0,0.0,0.0,0.0,1,0.0,0.0,0,0,0,0,0.0,0,0.0,0.0,1.0,0.0,0.0,0.0,0.0,0,0
40,6,federico chiesa|liverpool,Federico Chiesa,Liverpool,MID,0.0,0.0,0.0,0.0,1,0.0,0.0,0,0,0,0,0.0,0,0.0,0.0,1.0,0.0,0.0,0.0,0.0,0,0
40,6,ferdi kadioglu|brighton,Ferdi Kadioglu,Brighton,DEF,0.0,0.0,0.0,0.0,1,0.0,0.0,0,0,0,0,0.0,0,0.0,0.0,1.0,0.0,0.0,0.0,0.0,0,0
40,6,fernando lópez|wolverhampton wanderers,Fernando López,Wolverhampton Wanderers,FWD,0.0,0.0,0.0,0.0,1,0.0,0.0,0,0,0,0,0.0,0,0.0,0.0,1.0,0.0,0.0,0.0,0.0,0,0
40,6,filip jorgensen|chelsea,Filip Jorgensen,Chelsea,GK,0.0,0.0,0.0,0.0,1,0.0,0.0,0,0,0,0,0.0,0,0.0,0.0,1.0,0.0,0.0,0.0,0.0,0,0
40,6,florentino luís|burnley,Florentino Luís,Burnley,MID,0.0,0.0,0.0,0.0,1,0.0,0.0,0,0,0,0,0.0,0,0.0,0.0,1.0,0.0,0.0,0.0,0.0,0,0
40,6,florian wirtz|liverpool,Florian Wirtz,Liverpool,MID,0.0,0.0,0.0,0.0,1,0.0,0.0,0,0,0,0,0.0,0,0.0,0.0,1.0,0.0,0.0,0.0,0.0,0,0
40,6,frank onyeka|brentford,Frank Onyeka,Brentford,MID,0.0,0.0,0.0,0.0,1,0.0,0.0,0,0,0,0,0.0,0,0.0,0.0,1.0,0.0,0.0,0.0,0.0,0,0
40,6,freddie potts|west ham,Freddie Potts,West Ham,MID,0.0,0.0,0.0,0.0,1,0.0,0.0,0,0,0,0,0.0,0,0.0,0.0,1.0,0.0,0.0,0.0,0.0,0,0
40,6,gabriel gudmundsson|leeds,Gabriel Gudmundsson,Leeds,DEF,0.0,0.0,0.0,0.0,1,0.0,0.0,0,0,0,0,0.0,0,0.0,0.0,1.0,0.0,0.0,0.0,0.0,0,0
40,6,gabriel jesus|arsenal,Gabriel Jesus,Arsenal,FWD,0.0,0.0,0.0,0.0,1,0.0,0.0,0,0,0,0,0.0,0,0.0,0.0,1.0,0.0,0.0,0.0,0.0,0,0
40,6,gabriel martinelli|arsenal,Gabriel Martinelli,Arsenal,MID,0.0,0.0,0.0,0.0,1,0.0,0.0,0,0,0,0,0.0,0,0.0,0.0,1.0,0.0,0.0,0.0,0.0,0,0
40,6,gabriel|arsenal,Gabriel,Arsenal,DEF,0.0,0.0,0.0,0.0,1,0.0,0.0,0,0,0,0,0.0,0,0.0,0.0,1.0,0.0,0.0,0.0,0.0,0,0
40,6,george earthy|west ham,George Earthy,West Ham,MID,0.0,0.0,0.0,0.0,1,0.0,0.0,0,0,0,0,0.0,0,0.0,0.0,1.0,0.0,0.0,0.0,0.0,0,0
40,6,george hemmings|aston villa,George Hemmings,Aston Villa,MID,0.0,0.0,0.0,0.0,1,0.0,0.0,0,0,0,0,0.0,0,0.0,0.0,1.0,0.0,0.0,0.0,0.0,0,0
40,6,georginio rutter|brighton,Georginio Rutter,Brighton,MID,0.0,0.0,0.0,0.0,1,0.0,0.0,0,0,0,0,0.0,0,0.0,0.0,1.0,0.0,0.0,0.0,0.0,0,0
40,6,gianluigi donnarumma|manchester city,Gianluigi Donnarumma,Manchester City,GK,0.0,0.0,0.0,0.0,1,0.0,0.0,0,0,0,0,0.0,0,0.0,0.0,1.0,0.0,0.0,0.0,0.0,0,0
40,6,giorgi mamardashvili|liverpool,Giorgi Mamardashvili,Liverpool,GK,0.0,0.0,0.0,0.0,1,0.0,0.0,0,0,0,0,0.0,0,0.0,0.0,1.0,0.0,0.0,0.0,0.0,0,0
40,6,granit xhaka|sunderland,Granit Xhaka,Sunderland,MID,0.0,0.0,0.0,0.0,1,0.0,0.0,0,0,0,0,0.0,0,0.0,0.0,1.0,0.0,0.0,0.0,0.0,0,0
40,6,guglielmo vicario|tottenham,Guglielmo Vicario,Tottenham,GK,0.0,0.0,0.0,0.0,1,0.0,0.0,0,0,0,0,0.0,0,0.0,0.0,1.0,0.0,0.0,0.0,0.0,0,0
40,6,guido rodríguez|west ham,Guido Rodríguez,West Ham,MID,0.0,0.0,0.0,0.0,1,0.0,0.0,0,0,0,0,0.0,0,0.0,0.0,1.0,0.0,0.0,0.0,0.0,0,0
40,6,habib diarra|sunderland,Habib Diarra,Sunderland,MID,0.0,0.0,0.0,0.0,1,0.0,0.0,0,0,0,0,0.0,0,0.0,0.0,1.0,0.0,0.0,0.0,0.0,0,0
40,6,hamed junior traore|bournemouth,Hamed Junior Traore,Bournemouth,MID,0.0,0.0,0.0,0.0,1,0.0,0.0,0,0,0,0,0.0,0,0.0,0.0,1.0,0.0,0.0,0.0,0.0,0,0
40,6,hannibal mejbri|burnley,Hannibal Mejbri,Burnley,MID,0.0,0.0,0.0,0.0,1,0.0,0.0,0,0,0,0,0.0,0,0.0,0.0,1.0,0.0,0.0,0.0,0.0,0,0
40,6,harrison armstrong|everton,Harrison Armstrong,Everton,MID,0.0,0.0,0.0,0.0,1,0.0,0.0,0,0,0,0,0.0,0,0.0,0.0,1.0,0.0,0.0,0.0,0.0,0,0
40,6,harrison reed|fulham,Harrison Reed,Fulham,MID,0.0,0.0,0.0,0.0,1,0.0,0.0,0,0,0,0,0.0,0,0.0,0.0,1.0,0.0,0.0,0.0,0.0,0,0
40,6,harry howell|brighton,Harry Howell,Brighton,MID,0.0,0.0,0.0,0.0,1,0.0,0.0,0,0,0,0,0.0,0,0.0,0.0,1.0,0.0,0.0,0.0,0.0,0,0
40,6,harry maguire|manchester united,Harry Maguire,Manchester United,DEF,0.0,0.0,0.0,0.0,1,0.0,0.0,0,0,0,0,0.0,0,0.0,0.0,1.0,0.0,0.0,0.0,0.0,0,0
40,6,harry wilson|fulham,Harry Wilson,Fulham,MID,0.0,0.0,0.0,0.0,1,0.0,0.0,0,0,0,0,0.0,0,0.0,0.0,1.0,0.0,0.0,0.0,0.0,0,0
40,6,harvey barnes|newcastle united,Harvey Barnes,Newcastle United,MID,0.0,0.0,0.0,0.0,1,0.0,0.0,0,0,0,0,0.0,0,0.0,0.0,1.0,0.0,0.0,0.0,0.0,0,0
40,6,harvey elliott|aston villa,Harvey Elliott,Aston Villa,MID,0.0,0.0,0.0,0.0,1,0.0,0.0,0,0,0,0,0.0,0,0.0,0.0,1.0,0.0,0.0,0.0,0.0,0,0
40,6,hee-chan hwang|wolverhampton wanderers,Hee-Chan Hwang,Wolverhampton Wanderers,MID,0.0,0.0,0.0,0.0,1,0.0,0.0,0,0,0,0,0.0,0,0.0,0.0,1.0,0.0,0.0,0.0,0.0,0,0
40,6,hjalmar ekdal|burnley,Hjalmar Ekdal,Burnley,DEF,0.0,0.0,0.0,0.0,1,0.0,0.0,0,0,0,0,0.0,0,0.0,0.0,1.0,0.0,0.0,0.0,0.0,0,0
40,6,hugo bueno|wolverhampton wanderers,Hugo Bueno,Wolverhampton Wanderers,DEF,0.0,0.0,0.0,0.0,1,0.0,0.0,0,0,0,0,0.0,0,0.0,0.0,1.0,0.0,0.0,0.0,0.0,0,0
40,6,hugo ekitike|liverpool,Hugo Ekitike,Liverpool,FWD,0.0,0.0,0.0,0.0,1,0.0,0.0,0,0,0,0,0.0,0,0.0,0.0,1.0,0.0,0.0,0.0,0.0,0,0
40,6,hákon valdimarsson|brentford,Hákon Valdimarsson,Brentford,GK,0.0,0.0,0.0,0.0,1,0.0,0.0,0,0,0,0,0.0,0,0.0,0.0,1.0,0.0,0.0,0.0,0.0,0,0
40,6,ian maatsen|aston villa,Ian Maatsen,Aston Villa,DEF,0.0,0.0,0.0,0.0,1,0.0,0.0,0,0,0,0,0.0,0,0.0,0.0,1.0,0.0,0.0,0.0,0.0,0,0
40,6,ibrahim sangare|nottingham forest,Ibrahim Sangare,Nottingham Forest,MID,0.0,0.0,0.0,0.0,1,0.0,0.0,0,0,0,0,0.0,0,0.0,0.0,1.0,0.0,0.0,0.0,0.0,0,0
40,6,ibrahima konaté|liverpool,Ibrahima Konaté,Liverpool,DEF,0.0,0.0,0.0,0.0,1,0.0,0.0,0,0,0,0,0.0,0,0.0,0.0,1.0,0.0,0.0,0.0,0.0,0,0
40,6,idrissa gueye|everton,Idrissa Gueye,Everton,MID,0.0,0.0,0.0,0.0,1,0.0,0.0,0,0,0,0,0.0,0,0.0,0.0,1.0,0.0,0.0,0.0,0.0,0,0
40,6,igor jesus|nottingham forest,Igor Jesus,Nottingham Forest,FWD,0.0,0.0,0.0,0.0,1,0.0,0.0,0,0,0,0,0.0,0,0.0,0.0,1.0,0.0,0.0,0.0,0.0,0,0
40,6,igor julio|west ham,Igor Julio,West Ham,DEF,0.0,0.0,0.0,0.0,1,0.0,0.0,0,0,0,0,0.0,0,0.0,0.0,1.0,0.0,0.0,0.0,0.0,0,0
40,6,ilia gruev|leeds,Ilia Gruev,Leeds,MID,0.0,0.0,0.0,0.0,1,0.0,0.0,0,0,0,0,0.0,0,0.0,0.0,1.0,0.0,0.0,0.0,0.0,0,0
40,6,iliman ndiaye|everton,Iliman Ndiaye,Everton,MID,0.0,0.0,0.0,0.0,1,0.0,0.0,0,0,0,0,0.0,0,0.0,0.0,1.0,0.0,0.0,0.0,0.0,0,0
40,6,ismaila sarr|crystal palace,Ismaila Sarr,Crystal Palace,MID,0.0,0.0,0.0,0.0,1,0.0,0.0,0,0,0,0,0.0,0,0.0,0.0,1.0,0.0,0.0,0.0,0.0,0,0
40,6,issa diop|fulham,Issa Diop,Fulham,DEF,0.0,0.0,0.0,0.0,1,0.0,0.0,0,0,0,0,0.0,0,0.0,0.0,1.0,0.0,0.0,0.0,0.0,0,0
40,6,iyenoma destiny udogie|tottenham,Iyenoma Destiny Udogie,Tottenham,DEF,0.0,0.0,0.0,0.0,1,0.0,0.0,0,0,0,0,0.0,0,0.0,0.0,1.0,0.0,0.0,0.0,0.0,0,0
40,6,jack fletcher|manchester united,Jack Fletcher,Manchester United,MID,0.0,0.0,0.0,0.0,1,0.0,0.0,0,0,0,0,0.0,0,0.0,0.0,1.0,0.0,0.0,0.0,0.0,0,0
40,6,jack grealish|everton,Jack Grealish,Everton,MID,0.0,0.0,0.0,0.0,1,0.0,0.0,0,0,0,0,0.0,0,0.0,0.0,1.0,0.0,0.0,0.0,0.0,0,0
40,6,jack harrison|leeds,Jack Harrison,Leeds,MID,0.0,0.0,0.0,0.0,1,0.0,0.0,0,0,0,0,0.0,0,0.0,0.0,1.0,0.0,0.0,0.0,0.0,0,0
40,6,jack hinshelwood|brighton,Jack Hinshelwood,Brighton,MID,0.0,0.0,0.0,0.0,1,0.0,0.0,0,0,0,0,0.0,0,0.0,0.0,1.0,0.0,0.0,0.0,0.0,0,0
40,6,jackson tchatchoua|wolverhampton wanderers,Jackson Tchatchoua,Wolverhampton Wanderers,DEF,0.0,0.0,0.0,0.0,1,0.0,0.0,0,0,0,0,0.0,0,0.0,0.0,1.0,0.0,0.0,0.0,0.0,0,0
40,6,jacob bruun larsen|burnley,Jacob Bruun Larsen,Burnley,FWD,0.0,0.0,0.0,0.0,1,0.0,0.0,0,0,0,0,0.0,0,0.0,0.0,1.0,0.0,0.0,0.0,0.0,0,0
40,6,jacob murphy|newcastle united,Jacob Murphy,Newcastle United,MID,0.0,0.0,0.0,0.0,1,0.0,0.0,0,0,0,0,0.0,0,0.0,0.0,1.0,0.0,0.0,0.0,0.0,0,0
40,6,jacob ramsey|newcastle united,Jacob Ramsey,Newcastle United,MID,0.0,0.0,0.0,0.0,1,0.0,0.0,0,0,0,0,0.0,0,0.0,0.0,1.0,0.0,0.0,0.0,0.0,0,0
40,6,jadon sancho|aston villa,Jadon Sancho,Aston Villa,MID,0.0,0.0,0.0,0.0,1,0.0,0.0,0,0,0,0,0.0,0,0.0,0.0,1.0,0.0,0.0,0.0,0.0,0,0
40,6,jaidon anthony|burnley,Jaidon Anthony,Burnley,MID,0.0,0.0,0.0,0.0,1,0.0,0.0,0,0,0,0,0.0,0,0.0,0.0,1.0,0.0,0.0,0.0,0.0,0,0
40,6,jair|nottingham forest,Jair,Nottingham Forest,DEF,0.0,0.0,0.0,0.0,1,0.0,0.0,0,0,0,0,0.0,0,0.0,0.0,1.0,0.0,0.0,0.0,0.0,0,0
40,6,jaka bijol|leeds,Jaka Bijol,Leeds,DEF,0.0,0.0,0.0,0.0,1,0.0,0.0,0,0,0,0,0.0,0,0.0,0.0,1.0,0.0,0.0,0.0,0.0,0,0
40,6,jake o'brien|everton,Jake O'Brien,Everton,DEF,0.0,0.0,0.0,0.0,1,0.0,0.0,0,0,0,0,0.0,0,0.0,0.0,1.0,0.0,0.0,0.0,0.0,0,0
40,6,jamaal lascelles|newcastle united,Jamaal Lascelles,Newcastle United,DEF,0.0,0.0,0.0,0.0,1,0.0,0.0,0,0,0,0,0.0,0,0.0,0.0,1.0,0.0,0.0,0.0,0.0,0,0
40,6,jamaldeen jimoh|aston villa,Jamaldeen Jimoh,Aston Villa,MID,0.0,0.0,0.0,0.0,1,0.0,0.0,0,0,0,0,0.0,0,0.0,0.0,1.0,0.0,0.0,0.0,0.0,0,0
40,6,james garner|everton,James Garner,Everton,MID,0.0,0.0,0.0,0.0,1,0.0,0.0,0,0,0,0,0.0,0,0.0,0.0,1.0,0.0,0.0,0.0,0.0,0,0
40,6,james hill|bournemouth,James Hill,Bournemouth,DEF,0.0,0.0,0.0,0.0,1,0.0,0.0,0,0,0,0,0.0,0,0.0,0.0,1.0,0.0,0.0,0.0,0.0,0,0
40,6,james justin|leeds,James Justin,Leeds,DEF,0.0,0.0,0.0,0.0,1,0.0,0.0,0,0,0,0,0.0,0,0.0,0.0,1.0,0.0,0.0,0.0,0.0,0,0
40,6,james mcatee|nottingham forest,James McAtee,Nottingham Forest,MID,0.0,0.0,0.0,0.0,1,0.0,0.0,0,0,0,0,0.0,0,0.0,0.0,1.0,0.0,0.0,0.0,0.0,0,0
40,6,james milner|brighton,James Milner,Brighton,MID,0.0,0.0,0.0,0.0,1,0.0,0.0,0,0,0,0,0.0,0,0.0,0.0,1.0,0.0,0.0,0.0,0.0,0,0
40,6,james rowswell|tottenham,James Rowswell,Tottenham,MID,0.0,0.0,0.0,0.0,1,0.0,0.0,0,0,0,0,0.0,0,0.0,0.0,1.0,0.0,0.0,0.0,0.0,0,0
40,6,james tarkowski|everton,James Tarkowski,Everton,DEF,0.0,0.0,0.0,0.0,1,0.0,0.0,0,0,0,0,0.0,0,0.0,0.0,1.0,0.0,0.0,0.0,0.0,0,0
40,6,james trafford|manchester city,James Trafford,Manchester City,GK,0.0,0.0,0.0,0.0,1,0.0,0.0,0,0,0,0,0.0,0,0.0,0.0,1.0,0.0,0.0,0.0,0.0,0,0
40,6,james ward-prowse|burnley,James Ward-Prowse,Burnley,MID,0.0,0.0,0.0,0.0,1,0.0,0.0,0,0,0,0,0.0,0,0.0,0.0,1.0,0.0,0.0,0.0,0.0,0,0
40,6,jamie bynoe-gittens|chelsea,Jamie Bynoe-Gittens,Chelsea,MID,0.0,0.0,0.0,0.0,1,0.0,0.0,0,0,0,0,0.0,0,0.0,0.0,1.0,0.0,0.0,0.0,0.0,0,0
40,6,jan paul van hecke|brighton,Jan Paul van Hecke,Brighton,DEF,0.0,0.0,0.0,0.0,1,0.0,0.0,0,0,0,0,0.0,0,0.0,0.0,1.0,0.0,0.0,0.0,0.0,0,0
40,6,jarrad branthwaite|everton,Jarrad Branthwaite,Everton,DEF,0.0,0.0,0.0,0.0,1,0.0,0.0,0,0,0,0,0.0,0,0.0,0.0,1.0,0.0,0.0,0.0,0.0,0,0
40,6,jarrod bowen|west ham,Jarrod Bowen,West Ham,FWD,0.0,0.0,0.0,0.0,1,0.0,0.0,0,0,0,0,0.0,0,0.0,0.0,1.0,0.0,0.0,0.0,0.0,0,0
40,6,jaydee canvot|crystal palace,Jaydee Canvot,Crystal Palace,DEF,0.0,0.0,0.0,0.0,1,0.0,0.0,0,0,0,0,0.0,0,0.0,0.0,1.0,0.0,0.0,0.0,0.0,0,0
40,6,jayden bogle|leeds,Jayden Bogle,Leeds,DEF,0.0,0.0,0.0,0.0,1,0.0,0.0,0,0,0,0,0.0,0,0.0,0.0,1.0,0.0,0.0,0.0,0.0,0,0
40,6,jaydon banel|burnley,Jaydon Banel,Burnley,FWD,0.0,0.0,0.0,0.0,1,0.0,0.0,0,0,0,0,0.0,0,0.0,0.0,1.0,0.0,0.0,0.0,0.0,0,0
40,6,jean-clair todibo|west ham,Jean-Clair Todibo,West Ham,DEF,0.0,0.0,0.0,0.0,1,0.0,0.0,0,0,0,0,0.0,0,0.0,0.0,1.0,0.0,0.0,0.0,0.0,0,0
40,6,jean-philippe mateta|crystal palace,Jean-Philippe Mateta,Crystal Palace,FWD,0.0,0.0,0.0,0.0,1,0.0,0.0,0,0,0,0,0.0,0,0.0,0.0,1.0,0.0,0.0,0.0,0.0,0,0
40,6,jean-ricner bellegarde|wolverhampton wanderers,Jean-Ricner Bellegarde,Wolverhampton Wanderers,MID,0.0,0.0,0.0,0.0,1,0.0,0.0,0,0,0,0,0.0,0,0.0,0.0,1.0,0.0,0.0,0.0,0.0,0,0
40,6,jefferson lerma|crystal palace,Jefferson Lerma,Crystal Palace,MID,0.0,0.0,0.0,0.0,1,0.0,0.0,0,0,0,0,0.0,0,0.0,0.0,1.0,0.0,0.0,0.0,0.0,0,0
40,6,jenson seelt|sunderland,Jenson Seelt,Sunderland,DEF,0.0,0.0,0.0,0.0,1,0.0,0.0,0,0,0,0,0.0,0,0.0,0.0,1.0,0.0,0.0,0.0,0.0,0,0
40,6,jeremie frimpong|liverpool,Jeremie Frimpong,Liverpool,DEF,0.0,0.0,0.0,0.0,1,0.0,0.0,0,0,0,0,0.0,0,0.0,0.0,1.0,0.0,0.0,0.0,0.0,0,0
40,6,jhon arias|wolverhampton wanderers,Jhon Arias,Wolverhampton Wanderers,MID,0.0,0.0,0.0,0.0,1,0.0,0.0,0,0,0,0,0.0,0,0.0,0.0,1.0,0.0,0.0,0.0,0.0,0,0
40,6,joachim andersen|fulham,Joachim Andersen,Fulham,DEF,0.0,0.0,0.0,0.0,1,0.0,0.0,0,0,0,0,0.0,0,0.0,0.0,1.0,0.0,0.0,0.0,0.0,0,0
40,6,joe knight|brighton,Joe Knight,Brighton,MID,0.0,0.0,0.0,0.0,1,0.0,0.0,0,0,0,0,0.0,0,0.0,0.0,1.0,0.0,0.0,0.0,0.0,0,0
40,6,joe rodon|leeds,Joe Rodon,Leeds,DEF,0.0,0.0,0.0,0.0,1,0.0,0.0,0,0,0,0,0.0,0,0.0,0.0,1.0,0.0,0.0,0.0,0.0,0,0
40,6,joe willock|newcastle united,Joe Willock,Newcastle United,MID,0.0,0.0,0.0,0.0,1,0.0,0.0,0,0,0,0,0.0,0,0.0,0.0,1.0,0.0,0.0,0.0,0.0,0,0
40,6,joe worrall|burnley,Joe Worrall,Burnley,DEF,0.0,0.0,0.0,0.0,1,0.0,0.0,0,0,0,0,0.0,0,0.0,0.0,1.0,0.0,0.0,0.0,0.0,0,0
40,6,joelinton|newcastle united,Joelinton,Newcastle United,MID,0.0,0.0,0.0,0.0,1,0.0,0.0,0,0,0,0,0.0,0,0.0,0.0,1.0,0.0,0.0,0.0,0.0,0,0
40,6,john mcginn|aston villa,John McGinn,Aston Villa,MID,0.0,0.0,0.0,0.0,1,0.0,0.0,0,0,0,0,0.0,0,0.0,0.0,1.0,0.0,0.0,0.0,0.0,0,0
40,6,john stones|manchester city,John Stones,Manchester City,DEF,0.0,0.0,0.0,0.0,1,0.0,0.0,0,0,0,0,0.0,0,0.0,0.0,1.0,0.0,0.0,0.0,0.0,0,0
40,6,john victor|nottingham forest,John Victor,Nottingham Forest,GK,0.0,0.0,0.0,0.0,1,0.0,0.0,0,0,0,0,0.0,0,0.0,0.0,1.0,0.0,0.0,0.0,0.0,0,0
40,6,jonah kusi-asare|fulham,Jonah Kusi-Asare,Fulham,FWD,0.0,0.0,0.0,0.0,1,0.0,0.0,0,0,0,0,0.0,0,0.0,0.0,1.0,0.0,0.0,0.0,0.0,0,0
40,6,jordan henderson|brentford,Jordan Henderson,Brentford,MID,0.0,0.0,0.0,0.0,1,0.0,0.0,0,0,0,0,0.0,0,0.0,0.0,1.0,0.0,0.0,0.0,0.0,0,0
40,6,jordan pickford|everton,Jordan Pickford,Everton,GK,0.0,0.0,0.0,0.0,1,0.0,0.0,0,0,0,0,0.0,0,0.0,0.0,1.0,0.0,0.0,0.0,0.0,0,0
40,6,jorge cuenca|fulham,Jorge Cuenca,Fulham,DEF,0.0,0.0,0.0,0.0,1,0.0,0.0,0,0,0,0,0.0,0,0.0,0.0,1.0,0.0,0.0,0.0,0.0,0,0
40,6,jorrel hato|chelsea,Jorrel Hato,Chelsea,DEF,0.0,0.0,0.0,0.0,1,0.0,0.0,0,0,0,0,0.0,0,0.0,0.0,1.0,0.0,0.0,0.0,0.0,0,0
40,6,joseph gomez|liverpool,Joseph Gomez,Liverpool,DEF,0.0,0.0,0.0,0.0,1,0.0,0.0,0,0,0,0,0.0,0,0.0,0.0,1.0,0.0,0.0,0.0,0.0,0,0
40,6,josh acheampong|chelsea,Josh Acheampong,Chelsea,DEF,0.0,0.0,0.0,0.0,1,0.0,0.0,0,0,0,0,0.0,0,0.0,0.0,1.0,0.0,0.0,0.0,0.0,0,0
40,6,josh cullen|burnley,Josh Cullen,Burnley,MID,0.0,0.0,0.0,0.0,1,0.0,0.0,0,0,0,0,0.0,0,0.0,0.0,1.0,0.0,0.0,0.0,0.0,0,0
40,6,josh laurent|burnley,Josh Laurent,Burnley,MID,0.0,0.0,0.0,0.0,1,0.0,0.0,0,0,0,0,0.0,0,0.0,0.0,1.0,0.0,0.0,0.0,0.0,0,0
40,6,joshua king|fulham,Joshua King,Fulham,MID,0.0,0.0,0.0,0.0,1,0.0,0.0,0,0,0,0,0.0,0,0.0,0.0,1.0,0.0,0.0,0.0,0.0,0,0
40,6,joshua zirkzee|manchester united,Joshua Zirkzee,Manchester United,FWD,0.0,0.0,0.0,0.0,1,0.0,0.0,0,0,0,0,0.0,0,0.0,0.0,1.0,0.0,0.0,0.0,0.0,0,0
40,6,josko gvardiol|manchester city,Josko Gvardiol,Manchester City,DEF,0.0,0.0,0.0,0.0,1,0.0,0.0,0,0,0,0,0.0,0,0.0,0.0,1.0,0.0,0.0,0.0,0.0,0,0
40,6,josé sá|wolverhampton wanderers,José Sá,Wolverhampton Wanderers,GK,0.0,0.0,0.0,0.0,1,0.0,0.0,0,0,0,0,0.0,0,0.0,0.0,1.0,0.0,0.0,0.0,0.0,0,0
40,6,jota silva|nottingham forest,Jota Silva,Nottingham Forest,MID,0.0,0.0,0.0,0.0,1,0.0,0.0,0,0,0,0,0.0,0,0.0,0.0,1.0,0.0,0.0,0.0,0.0,0,0
40,6,joão gomes|wolverhampton wanderers,João Gomes,Wolverhampton Wanderers,MID,0.0,0.0,0.0,0.0,1,0.0,0.0,0,0,0,0,0.0,0,0.0,0.0,1.0,0.0,0.0,0.0,0.0,0,0
40,6,joão palhinha|tottenham,João Palhinha,Tottenham,MID,0.0,0.0,0.0,0.0,1,0.0,0.0,0,0,0,0,0.0,0,0.0,0.0,1.0,0.0,0.0,0.0,0.0,0,0
40,6,joão pedro|chelsea,João Pedro,Chelsea,FWD,0.0,0.0,0.0,0.0,1,0.0,0.0,0,0,0,0,0.0,0,0.0,0.0,1.0,0.0,0.0,0.0,0.0,0,0
40,6,joél drakes-thomas|crystal palace,Joél Drakes-Thomas,Crystal Palace,FWD,0.0,0.0,0.0,0.0,1,0.0,0.0,0,0,0,0,0.0,0,0.0,0.0,1.0,0.0,0.0,0.0,0.0,0,0
40,6,joël piroe|leeds,Joël Piroe,Leeds,FWD,0.0,0.0,0.0,0.0,1,0.0,0.0,0,0,0,0,0.0,0,0.0,0.0,1.0,0.0,0.0,0.0,0.0,0,0
40,6,joël veltman|brighton,Joël Veltman,Brighton,DEF,0.0,0.0,0.0,0.0,1,0.0,0.0,0,0,0,0,0.0,0,0.0,0.0,1.0,0.0,0.0,0.0,0.0,0,0
40,6,julio soler|bournemouth,Julio Soler,Bournemouth,DEF,0.0,0.0,0.0,0.0,1,0.0,0.0,0,0,0,0,0.0,0,0.0,0.0,1.0,0.0,0.0,0.0,0.0,0,0
40,6,jun'ai byfield|tottenham,Jun'ai Byfield,Tottenham,DEF,0.0,0.0,0.0,0.0,1,0.0,0.0,0,0,0,0,0.0,0,0.0,0.0,1.0,0.0,0.0,0.0,0.0,0,0
40,6,jurriën timber|arsenal,Jurriën Timber,Arsenal,DEF,0.0,0.0,0.0,0.0,1,0.0,0.0,0,0,0,0,0.0,0,0.0,0.0,1.0,0.0,0.0,0.0,0.0,0,0
40,6,justin devenny|crystal palace,Justin Devenny,Crystal Palace,MID,0.0,0.0,0.0,0.0,1,0.0,0.0,0,0,0,0,0.0,0,0.0,0.0,1.0,0.0,0.0,0.0,0.0,0,0
40,6,justin kluivert|bournemouth,Justin Kluivert,Bournemouth,MID,0.0,0.0,0.0,0.0,1,0.0,0.0,0,0,0,0,0.0,0,0.0,0.0,1.0,0.0,0.0,0.0,0.0,0,0
40,6,jéremy doku|manchester city,Jéremy Doku,Manchester City,MID,0.0,0.0,0.0,0.0,1,0.0,0.0,0,0,0,0,0.0,0,0.0,0.0,1.0,0.0,0.0,0.0,0.0,0,0
40,6,jørgen strand larsen|crystal palace,Jørgen Strand Larsen,Crystal Palace,FWD,0.0,0.0,0.0,0.0,1,0.0,0.0,0,0,0,0,0.0,0,0.0,0.0,1.0,0.0,0.0,0.0,0.0,0,0
40,6,kaden rodney|crystal palace,Kaden Rodney,Crystal Palace,MID,0.0,0.0,0.0,0.0,1,0.0,0.0,0,0,0,0,0.0,0,0.0,0.0,1.0,0.0,0.0,0.0,0.0,0,0
40,6,kai havertz|arsenal,Kai Havertz,Arsenal,FWD,0.0,0.0,0.0,0.0,1,0.0,0.0,0,0,0,0,0.0,0,0.0,0.0,1.0,0.0,0.0,0.0,0.0,0,0
40,6,kaoru mitoma|brighton,Kaoru Mitoma,Brighton,MID,0.0,0.0,0.0,0.0,1,0.0,0.0,0,0,0,0,0.0,0,0.0,0.0,1.0,0.0,0.0,0.0,0.0,0,0
40,6,karl darlow|leeds,Karl Darlow,Leeds,GK,0.0,0.0,0.0,0.0,1,0.0,0.0,0,0,0,0,0.0,0,0.0,0.0,1.0,0.0,0.0,0.0,0.0,0,0
40,6,keane lewis-potter|brentford,Keane Lewis-Potter,Brentford,DEF,0.0,0.0,0.0,0.0,1,0.0,0.0,0,0,0,0,0.0,0,0.0,0.0,1.0,0.0,0.0,0.0,0.0,0,0
40,6,kenny tete|fulham,Kenny Tete,Fulham,DEF,0.0,0.0,0.0,0.0,1,0.0,0.0,0,0,0,0,0.0,0,0.0,0.0,1.0,0.0,0.0,0.0,0.0,0,0
40,6,kevin danso|tottenham,Kevin Danso,Tottenham,DEF,0.0,0.0,0.0,0.0,1,0.0,0.0,0,0,0,0,0.0,0,0.0,0.0,1.0,0.0,0.0,0.0,0.0,0,0
40,6,kevin schade|brentford,Kevin Schade,Brentford,MID,0.0,0.0,0.0,0.0,1,0.0,0.0,0,0,0,0,0.0,0,0.0,0.0,1.0,0.0,0.0,0.0,0.0,0,0
40,6,kevin|fulham,Kevin,Fulham,MID,0.0,0.0,0.0,0.0,1,0.0,0.0,0,0,0,0,0.0,0,0.0,0.0,1.0,0.0,0.0,0.0,0.0,0,0
40,6,ki-jana hoever|wolverhampton wanderers,Ki-Jana Hoever,Wolverhampton Wanderers,DEF,0.0,0.0,0.0,0.0,1,0.0,0.0,0,0,0,0,0.0,0,0.0,0.0,1.0,0.0,0.0,0.0,0.0,0,0
40,6,kieran trippier|newcastle united,Kieran Trippier,Newcastle United,DEF,0.0,0.0,0.0,0.0,1,0.0,0.0,0,0,0,0,0.0,0,0.0,0.0,1.0,0.0,0.0,0.0,0.0,0,0
40,6,kiernan dewsbury-hall|everton,Kiernan Dewsbury-Hall,Everton,MID,0.0,0.0,0.0,0.0,1,0.0,0.0,0,0,0,0,0.0,0,0.0,0.0,1.0,0.0,0.0,0.0,0.0,0,0
40,6,kobbie mainoo|manchester united,Kobbie Mainoo,Manchester United,MID,0.0,0.0,0.0,0.0,1,0.0,0.0,0,0,0,0,0.0,0,0.0,0.0,1.0,0.0,0.0,0.0,0.0,0,0
40,6,konstantinos mavropanos|west ham,Konstantinos Mavropanos,West Ham,DEF,0.0,0.0,0.0,0.0,1,0.0,0.0,0,0,0,0,0.0,0,0.0,0.0,1.0,0.0,0.0,0.0,0.0,0,0
40,6,kristoffer ajer|brentford,Kristoffer Ajer,Brentford,DEF,0.0,0.0,0.0,0.0,1,0.0,0.0,0,0,0,0,0.0,0,0.0,0.0,1.0,0.0,0.0,0.0,0.0,0,0
40,6,kyle walker-peters|west ham,Kyle Walker-Peters,West Ham,DEF,0.0,0.0,0.0,0.0,1,0.0,0.0,0,0,0,0,0.0,0,0.0,0.0,1.0,0.0,0.0,0.0,0.0,0,0
40,6,kyle walker|burnley,Kyle Walker,Burnley,DEF,0.0,0.0,0.0,0.0,1,0.0,0.0,0,0,0,0,0.0,0,0.0,0.0,1.0,0.0,0.0,0.0,0.0,0,0
40,6,ladislav krejcí|wolverhampton wanderers,Ladislav Krejcí,Wolverhampton Wanderers,DEF,0.0,0.0,0.0,0.0,1,0.0,0.0,0,0,0,0,0.0,0,0.0,0.0,1.0,0.0,0.0,0.0,0.0,0,0
40,6,lamare bogarde|aston villa,Lamare Bogarde,Aston Villa,MID,0.0,0.0,0.0,0.0,1,0.0,0.0,0,0,0,0,0.0,0,0.0,0.0,1.0,0.0,0.0,0.0,0.0,0,0
40,6,leandro trossard|arsenal,Leandro Trossard,Arsenal,MID,0.0,0.0,0.0,0.0,1,0.0,0.0,0,0,0,0,0.0,0,0.0,0.0,1.0,0.0,0.0,0.0,0.0,0,0
40,6,leny yoro|manchester united,Leny Yoro,Manchester United,DEF,0.0,0.0,0.0,0.0,1,0.0,0.0,0,0,0,0,0.0,0,0.0,0.0,1.0,0.0,0.0,0.0,0.0,0,0
40,6,leon bailey|aston villa,Leon Bailey,Aston Villa,MID,0.0,0.0,0.0,0.0,1,0.0,0.0,0,0,0,0,0.0,0,0.0,0.0,1.0,0.0,0.0,0.0,0.0,0,0
40,6,lewis cook|bournemouth,Lewis Cook,Bournemouth,DEF,0.0,0.0,0.0,0.0,1,0.0,0.0,0,0,0,0,0.0,0,0.0,0.0,1.0,0.0,0.0,0.0,0.0,0,0
40,6,lewis dunk|brighton,Lewis Dunk,Brighton,DEF,0.0,0.0,0.0,0.0,1,0.0,0.0,0,0,0,0,0.0,0,0.0,0.0,1.0,0.0,0.0,0.0,0.0,0,0
40,6,lewis hall|newcastle united,Lewis Hall,Newcastle United,DEF,0.0,0.0,0.0,0.0,1,0.0,0.0,0,0,0,0,0.0,0,0.0,0.0,1.0,0.0,0.0,0.0,0.0,0,0
40,6,lewis miley|newcastle united,Lewis Miley,Newcastle United,MID,0.0,0.0,0.0,0.0,1,0.0,0.0,0,0,0,0,0.0,0,0.0,0.0,1.0,0.0,0.0,0.0,0.0,0,0
40,6,liam delap|chelsea,Liam Delap,Chelsea,FWD,0.0,0.0,0.0,0.0,1,0.0,0.0,0,0,0,0,0.0,0,0.0,0.0,1.0,0.0,0.0,0.0,0.0,0,0
40,6,lisandro martínez|manchester united,Lisandro Martínez,Manchester United,DEF,0.0,0.0,0.0,0.0,1,0.0,0.0,0,0,0,0,0.0,0,0.0,0.0,1.0,0.0,0.0,0.0,0.0,0,0
40,6,lorenzo lucca|nottingham forest,Lorenzo Lucca,Nottingham Forest,FWD,0.0,0.0,0.0,0.0,1,0.0,0.0,0,0,0,0,0.0,0,0.0,0.0,1.0,0.0,0.0,0.0,0.0,0,0
40,6,loum tchaouna|burnley,Loum Tchaouna,Burnley,MID,0.0,0.0,0.0,0.0,1,0.0,0.0,0,0,0,0,0.0,0,0.0,0.0,1.0,0.0,0.0,0.0,0.0,0,0
40,6,luca netz|nottingham forest,Luca Netz,Nottingham Forest,DEF,0.0,0.0,0.0,0.0,1,0.0,0.0,0,0,0,0,0.0,0,0.0,0.0,1.0,0.0,0.0,0.0,0.0,0,0
40,6,lucas bergvall|tottenham,Lucas Bergvall,Tottenham,MID,0.0,0.0,0.0,0.0,1,0.0,0.0,0,0,0,0,0.0,0,0.0,0.0,1.0,0.0,0.0,0.0,0.0,0,0
40,6,lucas digne|aston villa,Lucas Digne,Aston Villa,DEF,0.0,0.0,0.0,0.0,1,0.0,0.0,0,0,0,0,0.0,0,0.0,0.0,1.0,0.0,0.0,0.0,0.0,0,0
40,6,lucas paquetá|west ham,Lucas Paquetá,West Ham,MID,0.0,0.0,0.0,0.0,1,0.0,0.0,0,0,0,0,0.0,0,0.0,0.0,1.0,0.0,0.0,0.0,0.0,0,0
40,6,lucas perri|leeds,Lucas Perri,Leeds,GK,0.0,0.0,0.0,0.0,1,0.0,0.0,0,0,0,0,0.0,0,0.0,0.0,1.0,0.0,0.0,0.0,0.0,0,0
40,6,lucas pires|burnley,Lucas Pires,Burnley,DEF,0.0,0.0,0.0,0.0,1,0.0,0.0,0,0,0,0,0.0,0,0.0,0.0,1.0,0.0,0.0,0.0,0.0,0,0
40,6,luis guilherme|west ham,Luis Guilherme,West Ham,MID,0.0,0.0,0.0,0.0,1,0.0,0.0,0,0,0,0,0.0,0,0.0,0.0,1.0,0.0,0.0,0.0,0.0,0,0
40,6,lukas nmecha|leeds,Lukas Nmecha,Leeds,FWD,0.0,0.0,0.0,0.0,1,0.0,0.0,0,0,0,0,0.0,0,0.0,0.0,1.0,0.0,0.0,0.0,0.0,0,0
40,6,luke o'nien|sunderland,Luke O'Nien,Sunderland,MID,0.0,0.0,0.0,0.0,1,0.0,0.0,0,0,0,0,0.0,0,0.0,0.0,1.0,0.0,0.0,0.0,0.0,0,0
40,6,luke shaw|manchester united,Luke Shaw,Manchester United,DEF,0.0,0.0,0.0,0.0,1,0.0,0.0,0,0,0,0,0.0,0,0.0,0.0,1.0,0.0,0.0,0.0,0.0,0,0
40,6,lutsharel geertruida|sunderland,Lutsharel Geertruida,Sunderland,DEF,0.0,0.0,0.0,0.0,1,0.0,0.0,0,0,0,0,0.0,0,0.0,0.0,1.0,0.0,0.0,0.0,0.0,0,0
40,6,lyle foster|burnley,Lyle Foster,Burnley,FWD,0.0,0.0,0.0,0.0,1,0.0,0.0,0,0,0,0,0.0,0,0.0,0.0,1.0,0.0,0.0,0.0,0.0,0,0
40,6,mads hermansen|west ham,Mads Hermansen,West Ham,GK,0.0,0.0,0.0,0.0,1,0.0,0.0,0,0,0,0,0.0,0,0.0,0.0,1.0,0.0,0.0,0.0,0.0,0,0
40,6,malick thiaw|newcastle united,Malick Thiaw,Newcastle United,DEF,0.0,0.0,0.0,0.0,1,0.0,0.0,0,0,0,0,0.0,0,0.0,0.0,1.0,0.0,0.0,0.0,0.0,0,0
40,6,malo gusto|chelsea,Malo Gusto,Chelsea,DEF,0.0,0.0,0.0,0.0,1,0.0,0.0,0,0,0,0,0.0,0,0.0,0.0,1.0,0.0,0.0,0.0,0.0,0,0
40,6,mamadou sarr|chelsea,Mamadou Sarr,Chelsea,DEF,0.0,0.0,0.0,0.0,1,0.0,0.0,0,0,0,0,0.0,0,0.0,0.0,1.0,0.0,0.0,0.0,0.0,0,0
40,6,manuel ugarte|manchester united,Manuel Ugarte,Manchester United,MID,0.0,0.0,0.0,0.0,1,0.0,0.0,0,0,0,0,0.0,0,0.0,0.0,1.0,0.0,0.0,0.0,0.0,0,0
40,6,marc cucurella|chelsea,Marc Cucurella,Chelsea,DEF,0.0,0.0,0.0,0.0,1,0.0,0.0,0,0,0,0,0.0,0,0.0,0.0,1.0,0.0,0.0,0.0,0.0,0,0
40,6,marc guehi|manchester city,Marc Guehi,Manchester City,DEF,0.0,0.0,0.0,0.0,1,0.0,0.0,0,0,0,0,0.0,0,0.0,0.0,1.0,0.0,0.0,0.0,0.0,0,0
40,6,marc guiu|chelsea,Marc Guiu,Chelsea,FWD,0.0,0.0,0.0,0.0,1,0.0,0.0,0,0,0,0,0.0,0,0.0,0.0,1.0,0.0,0.0,0.0,0.0,0,0
40,6,marco bizot|aston villa,Marco Bizot,Aston Villa,GK,0.0,0.0,0.0,0.0,1,0.0,0.0,0,0,0,0,0.0,0,0.0,0.0,1.0,0.0,0.0,0.0,0.0,0,0
40,6,marcos senesi|bournemouth,Marcos Senesi,Bournemouth,DEF,0.0,0.0,0.0,0.0,1,0.0,0.0,0,0,0,0,0.0,0,0.0,0.0,1.0,0.0,0.0,0.0,0.0,0,0
40,6,marcus edwards|burnley,Marcus Edwards,Burnley,MID,0.0,0.0,0.0,0.0,1,0.0,0.0,0,0,0,0,0.0,0,0.0,0.0,1.0,0.0,0.0,0.0,0.0,0,0
40,6,marcus tavernier|bournemouth,Marcus Tavernier,Bournemouth,MID,0.0,0.0,0.0,0.0,1,0.0,0.0,0,0,0,0,0.0,0,0.0,0.0,1.0,0.0,0.0,0.0,0.0,0,0
40,6,marshall munetsi|wolverhampton wanderers,Marshall Munetsi,Wolverhampton Wanderers,MID,0.0,0.0,0.0,0.0,1,0.0,0.0,0,0,0,0,0.0,0,0.0,0.0,1.0,0.0,0.0,0.0,0.0,0,0
40,6,martin dubravka|burnley,Martin Dubravka,Burnley,GK,0.0,0.0,0.0,0.0,1,0.0,0.0,0,0,0,0,0.0,0,0.0,0.0,1.0,0.0,0.0,0.0,0.0,0,0
40,6,martin odegaard|arsenal,Martin Odegaard,Arsenal,MID,0.0,0.0,0.0,0.0,1,0.0,0.0,0,0,0,0,0.0,0,0.0,0.0,1.0,0.0,0.0,0.0,0.0,0,0
40,6,martín zubimendi|arsenal,Martín Zubimendi,Arsenal,MID,0.0,0.0,0.0,0.0,1,0.0,0.0,0,0,0,0,0.0,0,0.0,0.0,1.0,0.0,0.0,0.0,0.0,0,0
40,6,mason mount|manchester united,Mason Mount,Manchester United,MID,0.0,0.0,0.0,0.0,1,0.0,0.0,0,0,0,0,0.0,0,0.0,0.0,1.0,0.0,0.0,0.0,0.0,0,0
40,6,mateo kovacic|manchester city,Mateo Kovacic,Manchester City,MID,0.0,0.0,0.0,0.0,1,0.0,0.0,0,0,0,0,0.0,0,0.0,0.0,1.0,0.0,0.0,0.0,0.0,0,0
40,6,mateus fernandes|west ham,Mateus Fernandes,West Ham,MID,0.0,0.0,0.0,0.0,1,0.0,0.0,0,0,0,0,0.0,0,0.0,0.0,1.0,0.0,0.0,0.0,0.0,0,0
40,6,mateus mané|wolverhampton wanderers,Mateus Mané,Wolverhampton Wanderers,FWD,0.0,0.0,0.0,0.0,1,0.0,0.0,0,0,0,0,0.0,0,0.0,0.0,1.0,0.0,0.0,0.0,0.0,0,0
40,6,matheus cunha|manchester united,Matheus Cunha,Manchester United,MID,0.0,0.0,0.0,0.0,1,0.0,0.0,0,0,0,0,0.0,0,0.0,0.0,1.0,0.0,0.0,0.0,0.0,0,0
40,6,matheus nunes|manchester city,Matheus Nunes,Manchester City,DEF,0.0,0.0,0.0,0.0,1,0.0,0.0,0,0,0,0,0.0,0,0.0,0.0,1.0,0.0,0.0,0.0,0.0,0,0
40,6,mathias jensen|brentford,Mathias Jensen,Brentford,MID,0.0,0.0,0.0,0.0,1,0.0,0.0,0,0,0,0,0.0,0,0.0,0.0,1.0,0.0,0.0,0.0,0.0,0,0
40,6,mathys tel|tottenham,Mathys Tel,Tottenham,MID,0.0,0.0,0.0,0.0,1,0.0,0.0,0,0,0,0,0.0,0,0.0,0.0,1.0,0.0,0.0,0.0,0.0,0,0
40,6,mats wieffer|brighton,Mats Wieffer,Brighton,MID,0.0,0.0,0.0,0.0,1,0.0,0.0,0,0,0,0,0.0,0,0.0,0.0,1.0,0.0,0.0,0.0,0.0,0,0
40,6,matt doherty|wolverhampton wanderers,Matt Doherty,Wolverhampton Wanderers,DEF,0.0,0.0,0.0,0.0,1,0.0,0.0,0,0,0,0,0.0,0,0.0,0.0,1.0,0.0,0.0,0.0,0.0,0,0
40,6,matt o'riley|brighton,Matt O'Riley,Brighton,DEF,0.0,0.0,0.0,0.0,1,0.0,0.0,0,0,0,0,0.0,0,0.0,0.0,1.0,0.0,0.0,0.0,0.0,0,0
40,6,matthew cash|aston villa,Matthew Cash,Aston Villa,DEF,0.0,0.0,0.0,0.0,1,0.0,0.0,0,0,0,0,0.0,0,0.0,0.0,1.0,0.0,0.0,0.0,0.0,0,0
40,6,matthijs de ligt|manchester united,Matthijs de Ligt,Manchester United,DEF,0.0,0.0,0.0,0.0,1,0.0,0.0,0,0,0,0,0.0,0,0.0,0.0,1.0,0.0,0.0,0.0,0.0,0,0
40,6,matz sels|nottingham forest,Matz Sels,Nottingham Forest,GK,0.0,0.0,0.0,0.0,1,0.0,0.0,0,0,0,0,0.0,0,0.0,0.0,1.0,0.0,0.0,0.0,0.0,0,0
40,6,max alleyne|manchester city,Max Alleyne,Manchester City,DEF,0.0,0.0,0.0,0.0,1,0.0,0.0,0,0,0,0,0.0,0,0.0,0.0,1.0,0.0,0.0,0.0,0.0,0,0
40,6,max dowman|arsenal,Max Dowman,Arsenal,MID,0.0,0.0,0.0,0.0,1,0.0,0.0,0,0,0,0,0.0,0,0.0,0.0,1.0,0.0,0.0,0.0,0.0,0,0
40,6,max kilman|west ham,Max Kilman,West Ham,DEF,0.0,0.0,0.0,0.0,1,0.0,0.0,0,0,0,0,0.0,0,0.0,0.0,1.0,0.0,0.0,0.0,0.0,0,0
40,6,maxence lacroix|crystal palace,Maxence Lacroix,Crystal Palace,DEF,0.0,0.0,0.0,0.0,1,0.0,0.0,0,0,0,0,0.0,0,0.0,0.0,1.0,0.0,0.0,0.0,0.0,0,0
40,6,maxim de cuyper|brighton,Maxim De Cuyper,Brighton,DEF,0.0,0.0,0.0,0.0,1,0.0,0.0,0,0,0,0,0.0,0,0.0,0.0,1.0,0.0,0.0,0.0,0.0,0,0
40,6,maxime estève|burnley,Maxime Estève,Burnley,DEF,0.0,0.0,0.0,0.0,1,0.0,0.0,0,0,0,0,0.0,0,0.0,0.0,1.0,0.0,0.0,0.0,0.0,0,0
40,6,melker ellborg|sunderland,Melker Ellborg,Sunderland,MID,0.0,0.0,0.0,0.0,1,0.0,0.0,0,0,0,0,0.0,0,0.0,0.0,1.0,0.0,0.0,0.0,0.0,0,0
40,6,merlin röhl|everton,Merlin Röhl,Everton,MID,0.0,0.0,0.0,0.0,1,0.0,0.0,0,0,0,0,0.0,0,0.0,0.0,1.0,0.0,0.0,0.0,0.0,0,0
40,6,michael kayode|brentford,Michael Kayode,Brentford,DEF,0.0,0.0,0.0,0.0,1,0.0,0.0,0,0,0,0,0.0,0,0.0,0.0,1.0,0.0,0.0,0.0,0.0,0,0
40,6,michael keane|everton,Michael Keane,Everton,DEF,0.0,0.0,0.0,0.0,1,0.0,0.0,0,0,0,0,0.0,0,0.0,0.0,1.0,0.0,0.0,0.0,0.0,0,0
40,6,micky van de ven|tottenham,Micky van de Ven,Tottenham,DEF,0.0,0.0,0.0,0.0,1,0.0,0.0,0,0,0,0,0.0,0,0.0,0.0,1.0,0.0,0.0,0.0,0.0,0,0
40,6,mike trésor|burnley,Mike Trésor,Burnley,FWD,0.0,0.0,0.0,0.0,1,0.0,0.0,0,0,0,0,0.0,0,0.0,0.0,1.0,0.0,0.0,0.0,0.0,0,0
40,6,mikel merino|arsenal,Mikel Merino,Arsenal,MID,0.0,0.0,0.0,0.0,1,0.0,0.0,0,0,0,0,0.0,0,0.0,0.0,1.0,0.0,0.0,0.0,0.0,0,0
40,6,mikkel damsgaard|brentford,Mikkel Damsgaard,Brentford,MID,0.0,0.0,0.0,0.0,1,0.0,0.0,0,0,0,0,0.0,0,0.0,0.0,1.0,0.0,0.0,0.0,0.0,0,0
40,6,milos kerkez|liverpool,Milos Kerkez,Liverpool,DEF,0.0,0.0,0.0,0.0,1,0.0,0.0,0,0,0,0,0.0,0,0.0,0.0,1.0,0.0,0.0,0.0,0.0,0,0
40,6,mohamadou kanté|west ham,Mohamadou Kanté,West Ham,MID,0.0,0.0,0.0,0.0,1,0.0,0.0,0,0,0,0,0.0,0,0.0,0.0,1.0,0.0,0.0,0.0,0.0,0,0
40,6,mohamed salah|liverpool,Mohamed Salah,Liverpool,MID,0.0,0.0,0.0,0.0,1,0.0,0.0,0,0,0,0,0.0,0,0.0,0.0,1.0,0.0,0.0,0.0,0.0,0,0
40,6,mohammed kudus|tottenham,Mohammed Kudus,Tottenham,MID,0.0,0.0,0.0,0.0,1,0.0,0.0,0,0,0,0,0.0,0,0.0,0.0,1.0,0.0,0.0,0.0,0.0,0,0
40,6,moisés caicedo|chelsea,Moisés Caicedo,Chelsea,MID,0.0,0.0,0.0,0.0,1,0.0,0.0,0,0,0,0,0.0,0,0.0,0.0,1.0,0.0,0.0,0.0,0.0,0,0
40,6,morato|nottingham forest,Morato,Nottingham Forest,DEF,0.0,0.0,0.0,0.0,1,0.0,0.0,0,0,0,0,0.0,0,0.0,0.0,1.0,0.0,0.0,0.0,0.0,0,0
40,6,morgan gibbs-white|nottingham forest,Morgan Gibbs-White,Nottingham Forest,MID,0.0,0.0,0.0,0.0,1,0.0,0.0,0,0,0,0,0.0,0,0.0,0.0,1.0,0.0,0.0,0.0,0.0,0,0
40,6,morgan rogers|aston villa,Morgan Rogers,Aston Villa,MID,0.0,0.0,0.0,0.0,1,0.0,0.0,0,0,0,0,0.0,0,0.0,0.0,1.0,0.0,0.0,0.0,0.0,0,0
40,6,murillo|nottingham forest,Murillo,Nottingham Forest,DEF,0.0,0.0,0.0,0.0,1,0.0,0.0,0,0,0,0,0.0,0,0.0,0.0,1.0,0.0,0.0,0.0,0.0,0,0
40,6,myles lewis-skelly|arsenal,Myles Lewis-Skelly,Arsenal,DEF,0.0,0.0,0.0,0.0,1,0.0,0.0,0,0,0,0,0.0,0,0.0,0.0,1.0,0.0,0.0,0.0,0.0,0,0
40,6,myles peart-harris|brentford,Myles Peart-Harris,Brentford,MID,0.0,0.0,0.0,0.0,1,0.0,0.0,0,0,0,0,0.0,0,0.0,0.0,1.0,0.0,0.0,0.0,0.0,0,0
40,6,naif aguerd|west ham,Naif Aguerd,West Ham,DEF,0.0,0.0,0.0,0.0,1,0.0,0.0,0,0,0,0,0.0,0,0.0,0.0,1.0,0.0,0.0,0.0,0.0,0,0
40,6,nathan aké|manchester city,Nathan Aké,Manchester City,DEF,0.0,0.0,0.0,0.0,1,0.0,0.0,0,0,0,0,0.0,0,0.0,0.0,1.0,0.0,0.0,0.0,0.0,0,0
40,6,nathan collins|brentford,Nathan Collins,Brentford,DEF,0.0,0.0,0.0,0.0,1,0.0,0.0,0,0,0,0,0.0,0,0.0,0.0,1.0,0.0,0.0,0.0,0.0,0,0
40,6,nathan patterson|everton,Nathan Patterson,Everton,DEF,0.0,0.0,0.0,0.0,1,0.0,0.0,0,0,0,0,0.0,0,0.0,0.0,1.0,0.0,0.0,0.0,0.0,0,0
40,6,nathaniel clyne|crystal palace,Nathaniel Clyne,Crystal Palace,DEF,0.0,0.0,0.0,0.0,1,0.0,0.0,0,0,0,0,0.0,0,0.0,0.0,1.0,0.0,0.0,0.0,0.0,0,0
40,6,neco williams|nottingham forest,Neco Williams,Nottingham Forest,DEF,0.0,0.0,0.0,0.0,1,0.0,0.0,0,0,0,0,0.0,0,0.0,0.0,1.0,0.0,0.0,0.0,0.0,0,0
40,6,nehemiah oriola|brighton,Nehemiah Oriola,Brighton,FWD,0.0,0.0,0.0,0.0,1,0.0,0.0,0,0,0,0,0.0,0,0.0,0.0,1.0,0.0,0.0,0.0,0.0,0,0
40,6,nick pope|newcastle united,Nick Pope,Newcastle United,GK,0.0,0.0,0.0,0.0,1,0.0,0.0,0,0,0,0,0.0,0,0.0,0.0,1.0,0.0,0.0,0.0,0.0,0,0
40,6,nick woltemade|newcastle united,Nick Woltemade,Newcastle United,FWD,0.0,0.0,0.0,0.0,1,0.0,0.0,0,0,0,0,0.0,0,0.0,0.0,1.0,0.0,0.0,0.0,0.0,0,0
40,6,niclas füllkrug|west ham,Niclas Füllkrug,West Ham,FWD,0.0,0.0,0.0,0.0,1,0.0,0.0,0,0,0,0,0.0,0,0.0,0.0,1.0,0.0,0.0,0.0,0.0,0,0
40,6,nico gonzález|manchester city,Nico González,Manchester City,MID,0.0,0.0,0.0,0.0,1,0.0,0.0,0,0,0,0,0.0,0,0.0,0.0,1.0,0.0,0.0,0.0,0.0,0,0
40,6,nico o'reilly|manchester city,Nico O'Reilly,Manchester City,DEF,0.0,0.0,0.0,0.0,1,0.0,0.0,0,0,0,0,0.0,0,0.0,0.0,1.0,0.0,0.0,0.0,0.0,0,0
40,6,nicolás domínguez|nottingham forest,Nicolás Domínguez,Nottingham Forest,DEF,0.0,0.0,0.0,0.0,1,0.0,0.0,0,0,0,0,0.0,0,0.0,0.0,1.0,0.0,0.0,0.0,0.0,0,0
40,6,nicolò savona|nottingham forest,Nicolò Savona,Nottingham Forest,DEF,0.0,0.0,0.0,0.0,1,0.0,0.0,0,0,0,0,0.0,0,0.0,0.0,1.0,0.0,0.0,0.0,0.0,0,0
40,6,nikola milenkovic|nottingham forest,Nikola Milenkovic,Nottingham Forest,DEF,0.0,0.0,0.0,0.0,1,0.0,0.0,0,0,0,0,0.0,0,0.0,0.0,1.0,0.0,0.0,0.0,0.0,0,0
40,6,nilson angulo|sunderland,Nilson Angulo,Sunderland,FWD,0.0,0.0,0.0,0.0,1,0.0,0.0,0,0,0,0,0.0,0,0.0,0.0,1.0,0.0,0.0,0.0,0.0,0,0
40,6,noah okafor|leeds,Noah Okafor,Leeds,MID,0.0,0.0,0.0,0.0,1,0.0,0.0,0,0,0,0,0.0,0,0.0,0.0,1.0,0.0,0.0,0.0,0.0,0,0
40,6,noah sadiki|sunderland,Noah Sadiki,Sunderland,MID,0.0,0.0,0.0,0.0,1,0.0,0.0,0,0,0,0,0.0,0,0.0,0.0,1.0,0.0,0.0,0.0,0.0,0,0
40,6,noni madueke|arsenal,Noni Madueke,Arsenal,MID,0.0,0.0,0.0,0.0,1,0.0,0.0,0,0,0,0,0.0,0,0.0,0.0,1.0,0.0,0.0,0.0,0.0,0,0
40,6,nordi mukiele|sunderland,Nordi Mukiele,Sunderland,DEF,0.0,0.0,0.0,0.0,1,0.0,0.0,0,0,0,0,0.0,0,0.0,0.0,1.0,0.0,0.0,0.0,0.0,0,0
40,6,noussair mazraoui|manchester united,Noussair Mazraoui,Manchester United,DEF,0.0,0.0,0.0,0.0,1,0.0,0.0,0,0,0,0,0.0,0,0.0,0.0,1.0,0.0,0.0,0.0,0.0,0,0
40,6,odsonne edouard|crystal palace,Odsonne Edouard,Crystal Palace,DEF,0.0,0.0,0.0,0.0,1,0.0,0.0,0,0,0,0,0.0,0,0.0,0.0,1.0,0.0,0.0,0.0,0.0,0,0
40,6,ola aina|nottingham forest,Ola Aina,Nottingham Forest,DEF,0.0,0.0,0.0,0.0,1,0.0,0.0,0,0,0,0,0.0,0,0.0,0.0,1.0,0.0,0.0,0.0,0.0,0,0
40,6,oleksandr zinchenko|nottingham forest,Oleksandr Zinchenko,Nottingham Forest,DEF,0.0,0.0,0.0,0.0,1,0.0,0.0,0,0,0,0,0.0,0,0.0,0.0,1.0,0.0,0.0,0.0,0.0,0,0
40,6,oliver scarles|west ham,Oliver Scarles,West Ham,DEF,0.0,0.0,0.0,0.0,1,0.0,0.0,0,0,0,0,0.0,0,0.0,0.0,1.0,0.0,0.0,0.0,0.0,0,0
40,6,oliver sonne|burnley,Oliver Sonne,Burnley,DEF,0.0,0.0,0.0,0.0,1,0.0,0.0,0,0,0,0,0.0,0,0.0,0.0,1.0,0.0,0.0,0.0,0.0,0,0
40,6,olivier boscagli|brighton,Olivier Boscagli,Brighton,DEF,0.0,0.0,0.0,0.0,1,0.0,0.0,0,0,0,0,0.0,0,0.0,0.0,1.0,0.0,0.0,0.0,0.0,0,0
40,6,ollie watkins|aston villa,Ollie Watkins,Aston Villa,FWD,0.0,0.0,0.0,0.0,1,0.0,0.0,0,0,0,0,0.0,0,0.0,0.0,1.0,0.0,0.0,0.0,0.0,0,0
40,6,omar alderete|sunderland,Omar Alderete,Sunderland,DEF,0.0,0.0,0.0,0.0,1,0.0,0.0,0,0,0,0,0.0,0,0.0,0.0,1.0,0.0,0.0,0.0,0.0,0,0
40,6,omar marmoush|manchester city,Omar Marmoush,Manchester City,FWD,0.0,0.0,0.0,0.0,1,0.0,0.0,0,0,0,0,0.0,0,0.0,0.0,1.0,0.0,0.0,0.0,0.0,0,0
40,6,omari hutchinson|nottingham forest,Omari Hutchinson,Nottingham Forest,MID,0.0,0.0,0.0,0.0,1,0.0,0.0,0,0,0,0,0.0,0,0.0,0.0,1.0,0.0,0.0,0.0,0.0,0,0
40,6,oscar bobb|fulham,Oscar Bobb,Fulham,MID,0.0,0.0,0.0,0.0,1,0.0,0.0,0,0,0,0,0.0,0,0.0,0.0,1.0,0.0,0.0,0.0,0.0,0,0
40,6,pablo|west ham,Pablo,West Ham,FWD,0.0,0.0,0.0,0.0,1,0.0,0.0,0,0,0,0,0.0,0,0.0,0.0,1.0,0.0,0.0,0.0,0.0,0,0
40,6,pape sarr|tottenham,Pape Sarr,Tottenham,MID,0.0,0.0,0.0,0.0,1,0.0,0.0,0,0,0,0,0.0,0,0.0,0.0,1.0,0.0,0.0,0.0,0.0,0,0
40,6,pascal groß|brighton,Pascal Groß,Brighton,MID,0.0,0.0,0.0,0.0,1,0.0,0.0,0,0,0,0,0.0,0,0.0,0.0,1.0,0.0,0.0,0.0,0.0,0,0
40,6,pascal struijk|leeds,Pascal Struijk,Leeds,DEF,0.0,0.0,0.0,0.0,1,0.0,0.0,0,0,0,0,0.0,0,0.0,0.0,1.0,0.0,0.0,0.0,0.0,0,0
40,6,patrick dorgu|manchester united,Patrick Dorgu,Manchester United,DEF,0.0,0.0,0.0,0.0,1,0.0,0.0,0,0,0,0,0.0,0,0.0,0.0,1.0,0.0,0.0,0.0,0.0,0,0
40,6,patrick roberts|sunderland,Patrick Roberts,Sunderland,MID,0.0,0.0,0.0,0.0,1,0.0,0.0,0,0,0,0,0.0,0,0.0,0.0,1.0,0.0,0.0,0.0,0.0,0,0
40,6,pau torres|aston villa,Pau Torres,Aston Villa,DEF,0.0,0.0,0.0,0.0,1,0.0,0.0,0,0,0,0,0.0,0,0.0,0.0,1.0,0.0,0.0,0.0,0.0,0,0
40,6,pedro lima|wolverhampton wanderers,Pedro Lima,Wolverhampton Wanderers,DEF,0.0,0.0,0.0,0.0,1,0.0,0.0,0,0,0,0,0.0,0,0.0,0.0,1.0,0.0,0.0,0.0,0.0,0,0
40,6,pedro neto|chelsea,Pedro Neto,Chelsea,MID,0.0,0.0,0.0,0.0,1,0.0,0.0,0,0,0,0,0.0,0,0.0,0.0,1.0,0.0,0.0,0.0,0.0,0,0
40,6,pedro porro|tottenham,Pedro Porro,Tottenham,DEF,0.0,0.0,0.0,0.0,1,0.0,0.0,0,0,0,0,0.0,0,0.0,0.0,1.0,0.0,0.0,0.0,0.0,0,0
40,6,phil foden|manchester city,Phil Foden,Manchester City,MID,0.0,0.0,0.0,0.0,1,0.0,0.0,0,0,0,0,0.0,0,0.0,0.0,1.0,0.0,0.0,0.0,0.0,0,0
40,6,piero hincapié|arsenal,Piero Hincapié,Arsenal,DEF,0.0,0.0,0.0,0.0,1,0.0,0.0,0,0,0,0,0.0,0,0.0,0.0,1.0,0.0,0.0,0.0,0.0,0,0
40,6,quilindschy hartman|burnley,Quilindschy Hartman,Burnley,DEF,0.0,0.0,0.0,0.0,1,0.0,0.0,0,0,0,0,0.0,0,0.0,0.0,1.0,0.0,0.0,0.0,0.0,0,0
40,6,radu dragusin|tottenham,Radu Dragusin,Tottenham,DEF,0.0,0.0,0.0,0.0,1,0.0,0.0,0,0,0,0,0.0,0,0.0,0.0,1.0,0.0,0.0,0.0,0.0,0,0
40,6,randal kolo muani|tottenham,Randal Kolo Muani,Tottenham,FWD,0.0,0.0,0.0,0.0,1,0.0,0.0,0,0,0,0,0.0,0,0.0,0.0,1.0,0.0,0.0,0.0,0.0,0,0
40,6,rayan ait nouri|manchester city,Rayan Ait Nouri,Manchester City,DEF,0.0,0.0,0.0,0.0,1,0.0,0.0,0,0,0,0,0.0,0,0.0,0.0,1.0,0.0,0.0,0.0,0.0,0,0
40,6,rayan cherki|manchester city,Rayan Cherki,Manchester City,MID,0.0,0.0,0.0,0.0,1,0.0,0.0,0,0,0,0,0.0,0,0.0,0.0,1.0,0.0,0.0,0.0,0.0,0,0
40,6,rayan|bournemouth,Rayan,Bournemouth,MID,0.0,0.0,0.0,0.0,1,0.0,0.0,0,0,0,0,0.0,0,0.0,0.0,1.0,0.0,0.0,0.0,0.0,0,0
40,6,raúl jiménez|fulham,Raúl Jiménez,Fulham,FWD,0.0,0.0,0.0,0.0,1,0.0,0.0,0,0,0,0,0.0,0,0.0,0.0,1.0,0.0,0.0,0.0,0.0,0,0
40,6,reece james|chelsea,Reece James,Chelsea,DEF,0.0,0.0,0.0,0.0,1,0.0,0.0,0,0,0,0,0.0,0,0.0,0.0,1.0,0.0,0.0,0.0,0.0,0,0
40,6,reinildo|sunderland,Reinildo,Sunderland,DEF,0.0,0.0,0.0,0.0,1,0.0,0.0,0,0,0,0,0.0,0,0.0,0.0,1.0,0.0,0.0,0.0,0.0,0,0
40,6,reiss nelson|brentford,Reiss Nelson,Brentford,MID,0.0,0.0,0.0,0.0,1,0.0,0.0,0,0,0,0,0.0,0,0.0,0.0,1.0,0.0,0.0,0.0,0.0,0,0
40,6,riccardo calafiori|arsenal,Riccardo Calafiori,Arsenal,DEF,0.0,0.0,0.0,0.0,1,0.0,0.0,0,0,0,0,0.0,0,0.0,0.0,1.0,0.0,0.0,0.0,0.0,0,0
40,6,richarlison|tottenham,Richarlison,Tottenham,FWD,0.0,0.0,0.0,0.0,1,0.0,0.0,0,0,0,0,0.0,0,0.0,0.0,1.0,0.0,0.0,0.0,0.0,0,0
40,6,rico henry|brentford,Rico Henry,Brentford,DEF,0.0,0.0,0.0,0.0,1,0.0,0.0,0,0,0,0,0.0,0,0.0,0.0,1.0,0.0,0.0,0.0,0.0,0,0
40,6,rico lewis|manchester city,Rico Lewis,Manchester City,DEF,0.0,0.0,0.0,0.0,1,0.0,0.0,0,0,0,0,0.0,0,0.0,0.0,1.0,0.0,0.0,0.0,0.0,0,0
40,6,rio ngumoha|liverpool,Rio Ngumoha,Liverpool,MID,0.0,0.0,0.0,0.0,1,0.0,0.0,0,0,0,0,0.0,0,0.0,0.0,1.0,0.0,0.0,0.0,0.0,0,0
40,6,robert sánchez|chelsea,Robert Sánchez,Chelsea,GK,0.0,0.0,0.0,0.0,1,0.0,0.0,0,0,0,0,0.0,0,0.0,0.0,1.0,0.0,0.0,0.0,0.0,0,0
40,6,robin roefs|sunderland,Robin Roefs,Sunderland,GK,0.0,0.0,0.0,0.0,1,0.0,0.0,0,0,0,0,0.0,0,0.0,0.0,1.0,0.0,0.0,0.0,0.0,0,0
40,6,rodrigo bentancur|tottenham,Rodrigo Bentancur,Tottenham,MID,0.0,0.0,0.0,0.0,1,0.0,0.0,0,0,0,0,0.0,0,0.0,0.0,1.0,0.0,0.0,0.0,0.0,0,0
40,6,rodrigo gomes|wolverhampton wanderers,Rodrigo Gomes,Wolverhampton Wanderers,DEF,0.0,0.0,0.0,0.0,1,0.0,0.0,0,0,0,0,0.0,0,0.0,0.0,1.0,0.0,0.0,0.0,0.0,0,0
40,6,rodrigo muniz|fulham,Rodrigo Muniz,Fulham,FWD,0.0,0.0,0.0,0.0,1,0.0,0.0,0,0,0,0,0.0,0,0.0,0.0,1.0,0.0,0.0,0.0,0.0,0,0
40,6,rodri|manchester city,Rodri,Manchester City,MID,0.0,0.0,0.0,0.0,1,0.0,0.0,0,0,0,0,0.0,0,0.0,0.0,1.0,0.0,0.0,0.0,0.0,0,0
40,6,romain esse|crystal palace,Romain Esse,Crystal Palace,MID,0.0,0.0,0.0,0.0,1,0.0,0.0,0,0,0,0,0.0,0,0.0,0.0,1.0,0.0,0.0,0.0,0.0,0,0
40,6,romaine mundle|sunderland,Romaine Mundle,Sunderland,MID,0.0,0.0,0.0,0.0,1,0.0,0.0,0,0,0,0,0.0,0,0.0,0.0,1.0,0.0,0.0,0.0,0.0,0,0
40,6,romelle donovan|brentford,Romelle Donovan,Brentford,MID,0.0,0.0,0.0,0.0,1,0.0,0.0,0,0,0,0,0.0,0,0.0,0.0,1.0,0.0,0.0,0.0,0.0,0,0
40,6,romeo lavia|chelsea,Romeo Lavia,Chelsea,MID,0.0,0.0,0.0,0.0,1,0.0,0.0,0,0,0,0,0.0,0,0.0,0.0,1.0,0.0,0.0,0.0,0.0,0,0
40,6,ross barkley|aston villa,Ross Barkley,Aston Villa,MID,0.0,0.0,0.0,0.0,1,0.0,0.0,0,0,0,0,0.0,0,0.0,0.0,1.0,0.0,0.0,0.0,0.0,0,0
40,6,ryan christie|bournemouth,Ryan Christie,Bournemouth,MID,0.0,0.0,0.0,0.0,1,0.0,0.0,0,0,0,0,0.0,0,0.0,0.0,1.0,0.0,0.0,0.0,0.0,0,0
40,6,ryan gravenberch|liverpool,Ryan Gravenberch,Liverpool,MID,0.0,0.0,0.0,0.0,1,0.0,0.0,0,0,0,0,0.0,0,0.0,0.0,1.0,0.0,0.0,0.0,0.0,0,0
40,6,ryan sessegnon|fulham,Ryan Sessegnon,Fulham,MID,0.0,0.0,0.0,0.0,1,0.0,0.0,0,0,0,0,0.0,0,0.0,0.0,1.0,0.0,0.0,0.0,0.0,0,0
40,6,ryan yates|nottingham forest,Ryan Yates,Nottingham Forest,MID,0.0,0.0,0.0,0.0,1,0.0,0.0,0,0,0,0,0.0,0,0.0,0.0,1.0,0.0,0.0,0.0,0.0,0,0
40,6,rúben dias|manchester city,Rúben Dias,Manchester City,DEF,0.0,0.0,0.0,0.0,1,0.0,0.0,0,0,0,0,0.0,0,0.0,0.0,1.0,0.0,0.0,0.0,0.0,0,0
40,6,sam byram|leeds,Sam Byram,Leeds,DEF,0.0,0.0,0.0,0.0,1,0.0,0.0,0,0,0,0,0.0,0,0.0,0.0,1.0,0.0,0.0,0.0,0.0,0,0
40,6,sam johnstone|wolverhampton wanderers,Sam Johnstone,Wolverhampton Wanderers,GK,0.0,0.0,0.0,0.0,1,0.0,0.0,0,0,0,0,0.0,0,0.0,0.0,1.0,0.0,0.0,0.0,0.0,0,0
40,6,samuel chukwueze|fulham,Samuel Chukwueze,Fulham,MID,0.0,0.0,0.0,0.0,1,0.0,0.0,0,0,0,0,0.0,0,0.0,0.0,1.0,0.0,0.0,0.0,0.0,0,0
40,6,sander berge|fulham,Sander Berge,Fulham,MID,0.0,0.0,0.0,0.0,1,0.0,0.0,0,0,0,0,0.0,0,0.0,0.0,1.0,0.0,0.0,0.0,0.0,0,0
40,6,sandro tonali|newcastle united,Sandro Tonali,Newcastle United,MID,0.0,0.0,0.0,0.0,1,0.0,0.0,0,0,0,0,0.0,0,0.0,0.0,1.0,0.0,0.0,0.0,0.0,0,0
40,6,santiago bueno|wolverhampton wanderers,Santiago Bueno,Wolverhampton Wanderers,DEF,0.0,0.0,0.0,0.0,1,0.0,0.0,0,0,0,0,0.0,0,0.0,0.0,1.0,0.0,0.0,0.0,0.0,0,0
40,6,sasa kalajdzic|wolverhampton wanderers,Sasa Kalajdzic,Wolverhampton Wanderers,FWD,0.0,0.0,0.0,0.0,1,0.0,0.0,0,0,0,0,0.0,0,0.0,0.0,1.0,0.0,0.0,0.0,0.0,0,0
40,6,sasa lukic|fulham,Sasa Lukic,Fulham,MID,0.0,0.0,0.0,0.0,1,0.0,0.0,0,0,0,0,0.0,0,0.0,0.0,1.0,0.0,0.0,0.0,0.0,0,0
40,6,seamus coleman|everton,Seamus Coleman,Everton,DEF,0.0,0.0,0.0,0.0,1,0.0,0.0,0,0,0,0,0.0,0,0.0,0.0,1.0,0.0,0.0,0.0,0.0,0,0
40,6,sean longstaff|leeds,Sean Longstaff,Leeds,MID,0.0,0.0,0.0,0.0,1,0.0,0.0,0,0,0,0,0.0,0,0.0,0.0,1.0,0.0,0.0,0.0,0.0,0,0
40,6,sebastiaan bornauw|leeds,Sebastiaan Bornauw,Leeds,DEF,0.0,0.0,0.0,0.0,1,0.0,0.0,0,0,0,0,0.0,0,0.0,0.0,1.0,0.0,0.0,0.0,0.0,0,0
40,6,senne lammens|manchester united,Senne Lammens,Manchester United,GK,0.0,0.0,0.0,0.0,1,0.0,0.0,0,0,0,0,0.0,0,0.0,0.0,1.0,0.0,0.0,0.0,0.0,0,0
40,6,sepp van den berg|brentford,Sepp van den Berg,Brentford,DEF,0.0,0.0,0.0,0.0,1,0.0,0.0,0,0,0,0,0.0,0,0.0,0.0,1.0,0.0,0.0,0.0,0.0,0,0
40,6,shea lacey|manchester united,Shea Lacey,Manchester United,MID,0.0,0.0,0.0,0.0,1,0.0,0.0,0,0,0,0,0.0,0,0.0,0.0,1.0,0.0,0.0,0.0,0.0,0,0
40,6,simon adingra|sunderland,Simon Adingra,Sunderland,MID,0.0,0.0,0.0,0.0,1,0.0,0.0,0,0,0,0,0.0,0,0.0,0.0,1.0,0.0,0.0,0.0,0.0,0,0
40,6,solly march|brighton,Solly March,Brighton,MID,0.0,0.0,0.0,0.0,1,0.0,0.0,0,0,0,0,0.0,0,0.0,0.0,1.0,0.0,0.0,0.0,0.0,0,0
40,6,soungoutou magassa|west ham,Soungoutou Magassa,West Ham,MID,0.0,0.0,0.0,0.0,1,0.0,0.0,0,0,0,0,0.0,0,0.0,0.0,1.0,0.0,0.0,0.0,0.0,0,0
40,6,souza|tottenham,Souza,Tottenham,DEF,0.0,0.0,0.0,0.0,1,0.0,0.0,0,0,0,0,0.0,0,0.0,0.0,1.0,0.0,0.0,0.0,0.0,0,0
40,6,stefan ortega moreno|nottingham forest,Stefan Ortega Moreno,Nottingham Forest,GK,0.0,0.0,0.0,0.0,1,0.0,0.0,0,0,0,0,0.0,0,0.0,0.0,1.0,0.0,0.0,0.0,0.0,0,0
40,6,stefanos tzimas|brighton,Stefanos Tzimas,Brighton,FWD,0.0,0.0,0.0,0.0,1,0.0,0.0,0,0,0,0,0.0,0,0.0,0.0,1.0,0.0,0.0,0.0,0.0,0,0
40,6,sven botman|newcastle united,Sven Botman,Newcastle United,DEF,0.0,0.0,0.0,0.0,1,0.0,0.0,0,0,0,0,0.0,0,0.0,0.0,1.0,0.0,0.0,0.0,0.0,0,0
40,6,sávio|manchester city,Sávio,Manchester City,MID,0.0,0.0,0.0,0.0,1,0.0,0.0,0,0,0,0,0.0,0,0.0,0.0,1.0,0.0,0.0,0.0,0.0,0,0
40,6,taiwo awoniyi|nottingham forest,Taiwo Awoniyi,Nottingham Forest,FWD,0.0,0.0,0.0,0.0,1,0.0,0.0,0,0,0,0,0.0,0,0.0,0.0,1.0,0.0,0.0,0.0,0.0,0,0
40,6,tammy abraham|aston villa,Tammy Abraham,Aston Villa,FWD,0.0,0.0,0.0,0.0,1,0.0,0.0,0,0,0,0,0.0,0,0.0,0.0,1.0,0.0,0.0,0.0,0.0,0,0
40,6,tawanda chirewa|wolverhampton wanderers,Tawanda Chirewa,Wolverhampton Wanderers,MID,0.0,0.0,0.0,0.0,1,0.0,0.0,0,0,0,0,0.0,0,0.0,0.0,1.0,0.0,0.0,0.0,0.0,0,0
40,6,thiago|brentford,Thiago,Brentford,FWD,0.0,0.0,0.0,0.0,1,0.0,0.0,0,0,0,0,0.0,0,0.0,0.0,1.0,0.0,0.0,0.0,0.0,0,0
40,6,thierno barry|everton,Thierno Barry,Everton,FWD,0.0,0.0,0.0,0.0,1,0.0,0.0,0,0,0,0,0.0,0,0.0,0.0,1.0,0.0,0.0,0.0,0.0,0,0
40,6,tijjani reijnders|manchester city,Tijjani Reijnders,Manchester City,MID,0.0,0.0,0.0,0.0,1,0.0,0.0,0,0,0,0,0.0,0,0.0,0.0,1.0,0.0,0.0,0.0,0.0,0,0
40,6,tim iroegbunam|everton,Tim Iroegbunam,Everton,MID,0.0,0.0,0.0,0.0,1,0.0,0.0,0,0,0,0,0.0,0,0.0,0.0,1.0,0.0,0.0,0.0,0.0,0,0
40,6,timothy castagne|fulham,Timothy Castagne,Fulham,DEF,0.0,0.0,0.0,0.0,1,0.0,0.0,0,0,0,0,0.0,0,0.0,0.0,1.0,0.0,0.0,0.0,0.0,0,0
40,6,tolu arokodare|wolverhampton wanderers,Tolu Arokodare,Wolverhampton Wanderers,FWD,0.0,0.0,0.0,0.0,1,0.0,0.0,0,0,0,0,0.0,0,0.0,0.0,1.0,0.0,0.0,0.0,0.0,0,0
40,6,tom cairney|fulham,Tom Cairney,Fulham,MID,0.0,0.0,0.0,0.0,1,0.0,0.0,0,0,0,0,0.0,0,0.0,0.0,1.0,0.0,0.0,0.0,0.0,0,0
40,6,tom edozie|wolverhampton wanderers,Tom Edozie,Wolverhampton Wanderers,MID,0.0,0.0,0.0,0.0,1,0.0,0.0,0,0,0,0,0.0,0,0.0,0.0,1.0,0.0,0.0,0.0,0.0,0,0
40,6,tom watson|brighton,Tom Watson,Brighton,FWD,0.0,0.0,0.0,0.0,1,0.0,0.0,0,0,0,0,0.0,0,0.0,0.0,1.0,0.0,0.0,0.0,0.0,0,0
40,6,tomas soucek|west ham,Tomas Soucek,West Ham,MID,0.0,0.0,0.0,0.0,1,0.0,0.0,0,0,0,0,0.0,0,0.0,0.0,1.0,0.0,0.0,0.0,0.0,0,0
40,6,tosin adarabioyo|chelsea,Tosin Adarabioyo,Chelsea,DEF,0.0,0.0,0.0,0.0,1,0.0,0.0,0,0,0,0,0.0,0,0.0,0.0,1.0,0.0,0.0,0.0,0.0,0,0
40,6,toti|wolverhampton wanderers,Toti,Wolverhampton Wanderers,DEF,0.0,0.0,0.0,0.0,1,0.0,0.0,0,0,0,0,0.0,0,0.0,0.0,1.0,0.0,0.0,0.0,0.0,0,0
40,6,trai hume|sunderland,Trai Hume,Sunderland,DEF,0.0,0.0,0.0,0.0,1,0.0,0.0,0,0,0,0,0.0,0,0.0,0.0,1.0,0.0,0.0,0.0,0.0,0,0
40,6,trevoh chalobah|chelsea,Trevoh Chalobah,Chelsea,DEF,0.0,0.0,0.0,0.0,1,0.0,0.0,0,0,0,0,0.0,0,0.0,0.0,1.0,0.0,0.0,0.0,0.0,0,0
40,6,treymaurice nyoni|liverpool,Treymaurice Nyoni,Liverpool,MID,0.0,0.0,0.0,0.0,1,0.0,0.0,0,0,0,0,0.0,0,0.0,0.0,1.0,0.0,0.0,0.0,0.0,0,0
40,6,tyler adams|bournemouth,Tyler Adams,Bournemouth,MID,0.0,0.0,0.0,0.0,1,0.0,0.0,0,0,0,0,0.0,0,0.0,0.0,1.0,0.0,0.0,0.0,0.0,0,0
40,6,tyler dibling|everton,Tyler Dibling,Everton,MID,0.0,0.0,0.0,0.0,1,0.0,0.0,0,0,0,0,0.0,0,0.0,0.0,1.0,0.0,0.0,0.0,0.0,0,0
40,6,tyler fletcher|manchester united,Tyler Fletcher,Manchester United,MID,0.0,0.0,0.0,0.0,1,0.0,0.0,0,0,0,0,0.0,0,0.0,0.0,1.0,0.0,0.0,0.0,0.0,0,0
40,6,tyler fredricson|manchester united,Tyler Fredricson,Manchester United,DEF,0.0,0.0,0.0,0.0,1,0.0,0.0,0,0,0,0,0.0,0,0.0,0.0,1.0,0.0,0.0,0.0,0.0,0,0
40,6,tyrell malacia|manchester united,Tyrell Malacia,Manchester United,DEF,0.0,0.0,0.0,0.0,1,0.0,0.0,0,0,0,0,0.0,0,0.0,0.0,1.0,0.0,0.0,0.0,0.0,0,0
40,6,tyrick mitchell|crystal palace,Tyrick Mitchell,Crystal Palace,DEF,0.0,0.0,0.0,0.0,1,0.0,0.0,0,0,0,0,0.0,0,0.0,0.0,1.0,0.0,0.0,0.0,0.0,0,0
40,6,tyrique george|everton,Tyrique George,Everton,FWD,0.0,0.0,0.0,0.0,1,0.0,0.0,0,0,0,0,0.0,0,0.0,0.0,1.0,0.0,0.0,0.0,0.0,0,0
40,6,tyrone mings|aston villa,Tyrone Mings,Aston Villa,DEF,0.0,0.0,0.0,0.0,1,0.0,0.0,0,0,0,0,0.0,0,0.0,0.0,1.0,0.0,0.0,0.0,0.0,0,0
40,6,valentino livramento|newcastle united,Valentino Livramento,Newcastle United,DEF,0.0,0.0,0.0,0.0,1,0.0,0.0,0,0,0,0,0.0,0,0.0,0.0,1.0,0.0,0.0,0.0,0.0,0,0
40,6,valentín castellanos|west ham,Valentín Castellanos,West Ham,FWD,0.0,0.0,0.0,0.0,1,0.0,0.0,0,0,0,0,0.0,0,0.0,0.0,1.0,0.0,0.0,0.0,0.0,0,0
40,6,veljko milosavljevic|bournemouth,Veljko Milosavljevic,Bournemouth,DEF,0.0,0.0,0.0,0.0,1,0.0,0.0,0,0,0,0,0.0,0,0.0,0.0,1.0,0.0,0.0,0.0,0.0,0,0
40,6,victor lindelöf|aston villa,Victor Lindelöf,Aston Villa,DEF,0.0,0.0,0.0,0.0,1,0.0,0.0,0,0,0,0,0.0,0,0.0,0.0,1.0,0.0,0.0,0.0,0.0,0,0
40,6,viktor gyokeres|arsenal,Viktor Gyokeres,Arsenal,FWD,0.0,0.0,0.0,0.0,1,0.0,0.0,0,0,0,0,0.0,0,0.0,0.0,1.0,0.0,0.0,0.0,0.0,0,0
40,6,virgil van dijk|liverpool,Virgil van Dijk,Liverpool,DEF,0.0,0.0,0.0,0.0,1,0.0,0.0,0,0,0,0,0.0,0,0.0,0.0,1.0,0.0,0.0,0.0,0.0,0,0
40,6,vitalii mykolenko|everton,Vitalii Mykolenko,Everton,DEF,0.0,0.0,0.0,0.0,1,0.0,0.0,0,0,0,0,0.0,0,0.0,0.0,1.0,0.0,0.0,0.0,0.0,0,0
40,6,vitaly janelt|brentford,Vitaly Janelt,Brentford,MID,0.0,0.0,0.0,0.0,1,0.0,0.0,0,0,0,0,0.0,0,0.0,0.0,1.0,0.0,0.0,0.0,0.0,0,0
40,6,walter benítez|crystal palace,Walter Benítez,Crystal Palace,MID,0.0,0.0,0.0,0.0,1,0.0,0.0,0,0,0,0,0.0,0,0.0,0.0,1.0,0.0,0.0,0.0,0.0,0,0
40,6,wataru endo|liverpool,Wataru Endo,Liverpool,MID,0.0,0.0,0.0,0.0,1,0.0,0.0,0,0,0,0,0.0,0,0.0,0.0,1.0,0.0,0.0,0.0,0.0,0,0
40,6,wesley fofana|chelsea,Wesley Fofana,Chelsea,DEF,0.0,0.0,0.0,0.0,1,0.0,0.0,0,0,0,0,0.0,0,0.0,0.0,1.0,0.0,0.0,0.0,0.0,0,0
40,6,wilfried gnonto|leeds,Wilfried Gnonto,Leeds,MID,0.0,0.0,0.0,0.0,1,0.0,0.0,0,0,0,0,0.0,0,0.0,0.0,1.0,0.0,0.0,0.0,0.0,0,0
40,6,will hughes|crystal palace,Will Hughes,Crystal Palace,MID,0.0,0.0,0.0,0.0,1,0.0,0.0,0,0,0,0,0.0,0,0.0,0.0,1.0,0.0,0.0,0.0,0.0,0,0
40,6,william osula|newcastle united,William Osula,Newcastle United,FWD,0.0,0.0,0.0,0.0,1,0.0,0.0,0,0,0,0,0.0,0,0.0,0.0,1.0,0.0,0.0,0.0,0.0,0,0
40,6,william saliba|arsenal,William Saliba,Arsenal,DEF,0.0,0.0,0.0,0.0,1,0.0,0.0,0,0,0,0,0.0,0,0.0,0.0,1.0,0.0,0.0,0.0,0.0,0,0
40,6,wilson isidor|sunderland,Wilson Isidor,Sunderland,FWD,0.0,0.0,0.0,0.0,1,0.0,0.0,0,0,0,0,0.0,0,0.0,0.0,1.0,0.0,0.0,0.0,0.0,0,0
40,6,wilson odobert|tottenham,Wilson Odobert,Tottenham,MID,0.0,0.0,0.0,0.0,1,0.0,0.0,0,0,0,0,0.0,0,0.0,0.0,1.0,0.0,0.0,0.0,0.0,0,0
40,6,xavi simons|tottenham,Xavi Simons,Tottenham,MID,0.0,0.0,0.0,0.0,1,0.0,0.0,0,0,0,0,0.0,0,0.0,0.0,1.0,0.0,0.0,0.0,0.0,0,0
40,6,yankuba minteh|brighton,Yankuba Minteh,Brighton,MID,0.0,0.0,0.0,0.0,1,0.0,0.0,0,0,0,0,0.0,0,0.0,0.0,1.0,0.0,0.0,0.0,0.0,0,0
40,6,yasin ayari|brighton,Yasin Ayari,Brighton,MID,0.0,0.0,0.0,0.0,1,0.0,0.0,0,0,0,0,0.0,0,0.0,0.0,1.0,0.0,0.0,0.0,0.0,0,0
40,6,yehor yarmolyuk|brentford,Yehor Yarmolyuk,Brentford,MID,0.0,0.0,0.0,0.0,1,0.0,0.0,0,0,0,0,0.0,0,0.0,0.0,1.0,0.0,0.0,0.0,0.0,0,0
40,6,yeremi pino|crystal palace,Yeremi Pino,Crystal Palace,MID,0.0,0.0,0.0,0.0,1,0.0,0.0,0,0,0,0,0.0,0,0.0,0.0,1.0,0.0,0.0,0.0,0.0,0,0
40,6,yerson mosquera|wolverhampton wanderers,Yerson Mosquera,Wolverhampton Wanderers,DEF,0.0,0.0,0.0,0.0,1,0.0,0.0,0,0,0,0,0.0,0,0.0,0.0,1.0,0.0,0.0,0.0,0.0,0,0
40,6,yoane wissa|newcastle united,Yoane Wissa,Newcastle United,FWD,0.0,0.0,0.0,0.0,1,0.0,0.0,0,0,0,0,0.0,0,0.0,0.0,1.0,0.0,0.0,0.0,0.0,0,0
40,6,youri tielemans|aston villa,Youri Tielemans,Aston Villa,MID,0.0,0.0,0.0,0.0,1,0.0,0.0,0,0,0,0,0.0,0,0.0,0.0,1.0,0.0,0.0,0.0,0.0,0,0
40,6,yves bissouma|tottenham,Yves Bissouma,Tottenham,MID,0.0,0.0,0.0,0.0,1,0.0,0.0,0,0,0,0,0.0,0,0.0,0.0,1.0,0.0,0.0,0.0,0.0,0,0
40,6,zach abbott|nottingham forest,Zach Abbott,Nottingham Forest,DEF,0.0,0.0,0.0,0.0,1,0.0,0.0,0,0,0,0,0.0,0,0.0,0.0,1.0,0.0,0.0,0.0,0.0,0,0
40,6,zian flemming|burnley,Zian Flemming,Burnley,FWD,0.0,0.0,0.0,0.0,1,0.0,0.0,0,0,0,0,0.0,0,0.0,0.0,1.0,0.0,0.0,0.0,0.0,0,0
