GW,week,player_key,player,team,Pos,mins,xG_scaled,xA_scaled,xGA_exp,cs_prob,xPts,P1_GA,AppPts,GoalPts,AssistPts,CSPts,SavePts,DefconPts,CardPts,PenMissPts,ConcedePts,fixtures_in_week,fixture_in_week,defcon90,saves90,rc_rate,yc_rate,yc_prob_90,rc_prob_90,gc_lambda,skip_sim,MC_MeanPts,MC_StdPts,MC_Floor,MC_P25,MC_P75,MC_Upside,MC_P1_Return,MC_P2_Return,Bracket_LE_2,Bracket_3_to_6,Bracket_7_to_9,Bracket_10_to_14,Bracket_15_plus,MC_MinPts,MC_MaxPts
35,1,aaron hickey|brentford,Aaron Hickey,Brentford,DEF,75.0,0.047338,0.050916,0.098254,0.27,2.96862,0.093581,2.0,0.284031,0.152747,1.08,0.0,0.0664,-0.191667,0.0,-0.422892,1,1,6.4,0.0,0.01,0.2,0.2,0.01,1.3093333199837622,False,2.7845,2.851957178851043,0,1,5,7,0.0898,0.0038,0.6848,0.21,0.0813,0.0214,0.0025,-3,21
35,1,aaron ramsdale|newcastle united,Aaron Ramsdale,Newcastle United,GK,0.0,0.0,0.0,0.0,0.23,0.0,0.0,0.0,0.0,0.0,0.0,0.0,0.0,0.0,0.0,0.0,1,1,0.0,0.0,0.01,0.03,0.03,0.01,1.4696759700589417,True,0.0,0.0,0,0,0,0,0.0,0.0,1.0,0.0,0.0,0.0,0.0,0,0
35,1,aaron wan-bissaka|west ham,Aaron Wan-Bissaka,West Ham,DEF,90.0,0.0,0.05258,0.05258,0.17,2.418198,0.051222,2.0,0.0,0.15774,0.68,0.0,0.423661,-0.2,0.0,-0.643203,1,1,7.8,0.0,0.02,0.14,0.14,0.02,1.7719568419318752,False,2.4606,2.367286978800838,0,1,4,6,0.0454,0.0012,0.6741,0.2581,0.0619,0.0057,0.0002,-3,17
35,1,abduqodir khusanov|manchester city,Abduqodir Khusanov,Manchester City,DEF,75.0,0.022574,0.023965,0.04654,0.37,3.457349,0.045473,2.0,0.135446,0.071896,1.48,0.0,0.268025,-0.216667,0.0,-0.281351,1,1,8.4,0.0,0.02,0.2,0.2,0.02,0.9942522733438669,False,3.2617,2.823900336414159,1,1,6,7,0.044,0.0008,0.5769,0.2938,0.1136,0.0136,0.0021,-3,18
35,1,adam armstrong|wolverhampton wanderers,Adam Armstrong,Wolverhampton Wanderers,FWD,60.0,0.083119,0.09593,0.179049,0.26,2.560296,0.163935,2.0,0.332476,0.287791,0.0,0.0,2.8e-05,-0.06,0.0,0.0,1,1,4.0,0.0,0.01,0.06,0.06,0.01,1.3470736479666092,False,1.8324,2.0139290553542346,0,0,2,5,0.118,0.0109,0.8817,0.0754,0.0357,0.0068,0.0004,-1,17
35,1,adam smith|bournemouth,Adam Smith,Bournemouth,DEF,15.0,0.0,0.014778,0.014778,0.35,0.987332,0.014669,1.0,0.0,0.044333,0.0,0.0,0.0,-0.043333,0.0,-0.013668,1,1,5.1,0.0,0.02,0.2,0.2,0.02,1.0498221244986778,False,0.3867,0.6546473172632727,0,0,1,1,0.0107,0.0001,0.9896,0.0102,0.0002,0.0,0.0,-3,8
35,1,adam wharton|crystal palace,Adam Wharton,Crystal Palace,MID,75.0,0.030013,0.155783,0.185796,0.15,2.697645,0.169557,2.0,0.150065,0.467349,0.15,0.0,0.280231,-0.35,0.0,0.0,1,1,10.5,0.0,0.03,0.33,0.33,0.03,1.8971199848858813,False,2.6466,2.047561583933436,1,1,3,5,0.1562,0.0142,0.6594,0.2806,0.0475,0.0122,0.0003,-2,15
35,1,adama traoré|west ham,Adama Traoré,West Ham,MID,15.0,0.020729,0.027223,0.047952,0.17,1.120315,0.046821,1.0,0.103646,0.081669,0.0,0.0,0.0,-0.065,0.0,0.0,1,1,4.4,0.0,0.02,0.33,0.33,0.02,1.7719568419318752,False,0.6582,1.0895745775301477,0,0,1,1,0.0346,0.0011,0.9656,0.0248,0.0092,0.0004,0.0,-2,11
35,1,adrien truffert|bournemouth,Adrien Truffert,Bournemouth,DEF,90.0,0.04744,0.136378,0.183818,0.35,4.188018,0.167913,2.0,0.284642,0.409133,1.4,0.0,0.559779,-0.16,0.0,-0.305536,1,1,8.4,0.0,0.02,0.1,0.1,0.02,1.0498221244986778,False,4.1561,3.121559352310957,1,2,6,8,0.1454,0.0124,0.4505,0.352,0.1465,0.0449,0.0061,-3,24
35,1,alejandro garnacho|chelsea,Alejandro Garnacho,Chelsea,MID,15.0,0.050445,0.058925,0.10937,0.33,1.402334,0.103601,1.0,0.252224,0.176776,0.0,0.0,0.0,-0.026667,0.0,0.0,1,1,4.9,0.0,0.02,0.1,0.1,0.02,1.1086626245216111,False,0.8776,1.5907917022665161,0,0,1,1,0.07,0.0072,0.9301,0.0445,0.0212,0.0041,0.0001,-2,15
35,1,alejandro jiménez|bournemouth,Alejandro Jiménez,Bournemouth,DEF,90.0,0.056926,0.099676,0.156602,0.35,3.2324,0.144956,2.0,0.341555,0.299028,1.4,0.0,0.087352,-0.59,0.0,-0.305536,1,1,5.6,0.0,0.03,0.5,0.5,0.03,1.0498221244986778,False,3.3882,3.072832693135114,0,1,6,7,0.1319,0.0092,0.5555,0.3201,0.088,0.0325,0.0039,-4,21
35,1,alex iwobi|fulham,Alex Iwobi,Fulham,MID,90.0,0.033542,0.082592,0.116135,0.14,2.480668,0.109645,2.0,0.167711,0.247777,0.14,0.0,0.05518,-0.13,0.0,0.0,1,1,6.6,0.0,0.01,0.1,0.1,0.01,1.9661128563728327,False,2.4867,1.5075885081811948,2,2,2,4,0.0958,0.0056,0.7748,0.1886,0.0311,0.0053,0.0002,-1,16
35,1,alex murphy|newcastle united,Alex Murphy,Newcastle United,DEF,0.0,0.0,0.0,0.0,0.23,0.0,0.0,0.0,0.0,0.0,0.0,0.0,0.0,0.0,0.0,0.0,1,1,4.0,0.0,0.01,0.06,0.06,0.01,1.4696759700589417,True,0.0,0.0,0,0,0,0,0.0,0.0,1.0,0.0,0.0,0.0,0.0,0,0
35,1,alex scott|bournemouth,Alex Scott,Bournemouth,MID,90.0,0.140136,0.142934,0.283071,0.35,4.259004,0.246534,2.0,0.700682,0.428803,0.35,0.0,0.939519,-0.16,0.0,0.0,1,1,11.9,0.0,0.02,0.1,0.1,0.02,1.0498221244986778,False,4.1741,2.7111970031703714,2,2,5,8,0.2253,0.0269,0.343,0.4893,0.1092,0.0537,0.0048,-1,25
35,1,alex tóth|bournemouth,Alex Tóth,Bournemouth,MID,0.0,0.0,0.0,0.0,0.35,0.0,0.0,0.0,0.0,0.0,0.0,0.0,0.0,0.0,0.0,0.0,1,1,0.0,0.0,0.01,0.06,0.06,0.01,1.0498221244986778,True,0.0,0.0,0,0,0,0,0.0,0.0,1.0,0.0,0.0,0.0,0.0,0,0
35,1,alexander isak|liverpool,Alexander Isak,Liverpool,FWD,75.0,0.328037,0.066354,0.394391,0.18,3.436444,0.32591,2.0,1.312147,0.199063,0.0,0.0,0.000234,-0.075,0.0,0.0,1,1,4.0,0.0,0.01,0.06,0.06,0.01,1.7147984280919266,False,3.4534,2.8934457727768113,1,2,6,7,0.3041,0.0554,0.6959,0.14,0.1166,0.0431,0.0044,-2,25
35,1,alexis mac allister|liverpool,Alexis Mac Allister,Liverpool,MID,75.0,0.105556,0.043058,0.148614,0.18,2.66609,0.138098,2.0,0.527781,0.129173,0.18,0.0,0.045802,-0.216667,0.0,0.0,1,1,7.7,0.0,0.02,0.2,0.2,0.02,1.7147984280919266,False,2.5545,2.109935958743772,1,2,3,6,0.1282,0.0075,0.7383,0.1763,0.0722,0.0122,0.001,-2,21
35,1,alisson|liverpool,Alisson,Liverpool,GK,0.0,0.0,0.0,0.0,0.18,0.0,0.0,0.0,0.0,0.0,0.0,0.0,0.0,0.0,0.0,0.0,1,1,0.0,2.1,0.01,0.03,0.03,0.01,1.7147984280919266,True,0.0,0.0,0,0,0,0,0.0,0.0,1.0,0.0,0.0,0.0,0.0,0,0
35,1,alphonse areola|west ham,Alphonse Areola,West Ham,GK,0.0,0.0,0.0,0.0,0.17,0.0,0.0,0.0,0.0,0.0,0.0,0.0,0.0,0.0,0.0,0.0,1,1,0.0,3.8,0.01,0.03,0.03,0.01,1.7719568419318752,True,0.0,0.0,0,0,0,0,0.0,0.0,1.0,0.0,0.0,0.0,0.0,0,0
35,1,altay bayindir|manchester united,Altay Bayindir,Manchester United,GK,0.0,0.0,0.0,0.0,0.21,0.0,0.0,0.0,0.0,0.0,0.0,0.0,0.0,0.0,0.0,0.0,1,1,0.0,0.0,0.01,0.03,0.03,0.01,1.5606477482646683,True,0.0,0.0,0,0,0,0,0.0,0.0,1.0,0.0,0.0,0.0,0.0,0,0
35,1,alysson edward|aston villa,Alysson Edward,Aston Villa,FWD,0.0,0.0,0.0,0.0,0.27,0.0,0.0,0.0,0.0,0.0,0.0,0.0,0.0,0.0,0.0,0.0,1,1,0.0,0.0,0.01,0.06,0.06,0.01,1.3093333199837622,True,0.0,0.0,0,0,0,0,0.0,0.0,1.0,0.0,0.0,0.0,0.0,0,0
35,1,amad diallo traore|manchester united,Amad Diallo Traore,Manchester United,MID,30.0,0.071291,0.067049,0.138341,0.21,1.514296,0.129198,1.0,0.356456,0.201148,0.0,0.0,2.5e-05,-0.043333,0.0,0.0,1,1,7.9,0.0,0.01,0.1,0.1,0.01,1.5606477482646683,False,0.9625,1.7522253707785422,0,0,1,1,0.0835,0.0074,0.9163,0.0527,0.0253,0.0054,0.0003,-2,18
35,1,amadou onana|aston villa,Amadou Onana,Aston Villa,MID,75.0,0.110948,0.027909,0.138858,0.27,3.235671,0.129648,2.0,0.554741,0.083728,0.27,0.0,0.460535,-0.133333,0.0,0.0,1,1,11.7,0.0,0.02,0.1,0.1,0.02,1.3093333199837622,False,3.1449,2.3589624816855395,1,2,4,6,0.1184,0.0079,0.5461,0.3571,0.0684,0.026,0.0024,-2,18
35,1,amine adli|bournemouth,Amine Adli,Bournemouth,MID,15.0,0.049361,0.023022,0.072383,0.35,1.277539,0.069826,1.0,0.246805,0.069066,0.0,0.0,0.0,-0.038333,0.0,0.0,1,1,10.4,0.0,0.01,0.2,0.2,0.01,1.0498221244986778,False,0.8219,1.4940483225116916,0,0,1,1,0.0538,0.0032,0.9459,0.031,0.0204,0.0026,0.0001,-2,19
35,1,andrew robertson|liverpool,Andrew Robertson,Liverpool,DEF,15.0,0.014419,0.015212,0.029631,0.18,1.071429,0.029196,1.0,0.086516,0.045635,0.0,0.0,0.0,-0.026667,0.0,-0.034055,1,1,4.7,0.0,0.02,0.1,0.1,0.02,1.7147984280919266,False,0.298,1.035275808661634,0,0,1,1,0.0229,0.0005,0.9779,0.0137,0.0073,0.0011,0.0,-4,12
35,1,andrey santos|chelsea,Andrey Santos,Chelsea,MID,60.0,0.078579,0.037037,0.115616,0.33,2.622238,0.109182,2.0,0.392894,0.11111,0.33,0.0,0.048233,-0.26,0.0,0.0,1,1,9.7,0.0,0.02,0.33,0.33,0.02,1.1086626245216111,False,1.9283,2.2055745532627093,0,0,3,4,0.08,0.0047,0.7352,0.2075,0.0457,0.0108,0.0008,-1,20
35,1,andrés garcía|aston villa,Andrés García,Aston Villa,DEF,0.0,0.0,0.0,0.0,0.27,0.0,0.0,0.0,0.0,0.0,0.0,0.0,0.0,0.0,0.0,0.0,1,1,0.0,0.0,0.01,0.06,0.06,0.01,1.3093333199837622,True,0.0,0.0,0,0,0,0,0.0,0.0,1.0,0.0,0.0,0.0,0.0,0,0
35,1,andré|wolverhampton wanderers,André,Wolverhampton Wanderers,MID,75.0,0.016068,0.034549,0.050617,0.26,2.578269,0.049358,2.0,0.08034,0.103648,0.26,0.0,0.600948,-0.466667,0.0,0.0,1,1,12.5,0.0,0.02,0.5,0.5,0.02,1.3470736479666092,False,2.4892,1.6895216364403267,1,1,3,5,0.0464,0.0016,0.5952,0.3805,0.0192,0.0049,0.0002,-2,17
35,1,andy irving|west ham,Andy Irving,West Ham,MID,0.0,0.0,0.0,0.0,0.17,0.0,0.0,0.0,0.0,0.0,0.0,0.0,0.0,0.0,0.0,0.0,1,1,12.7,0.0,0.01,0.14,0.14,0.01,1.7719568419318752,True,0.0,0.0,0,0,0,0,0.0,0.0,1.0,0.0,0.0,0.0,0.0,0,0
35,1,angel gomes|wolverhampton wanderers,Angel Gomes,Wolverhampton Wanderers,MID,60.0,0.025183,0.038657,0.06384,0.26,2.34858,0.061845,2.0,0.125913,0.115972,0.26,0.0,2.8e-05,-0.153333,0.0,0.0,1,1,4.0,0.0,0.01,0.2,0.2,0.01,1.3470736479666092,False,1.6052,1.5856648321760813,0,0,2,3,0.0453,0.0017,0.8135,0.1652,0.0185,0.0027,0.0001,-1,15
35,1,angus gunn|nottingham forest,Angus Gunn,Nottingham Forest,GK,0.0,0.0,0.0,0.0,0.15,0.0,0.0,0.0,0.0,0.0,0.0,0.0,0.0,0.0,0.0,0.0,1,1,0.0,0.0,0.01,0.06,0.06,0.01,1.8971199848858813,True,0.0,0.0,0,0,0,0,0.0,0.0,1.0,0.0,0.0,0.0,0.0,0,0
35,1,anthony elanga|newcastle united,Anthony Elanga,Newcastle United,MID,60.0,0.066703,0.108332,0.175035,0.23,2.82852,0.160572,2.0,0.333514,0.324996,0.23,0.0,1e-05,-0.06,0.0,0.0,1,1,3.6,0.0,0.01,0.06,0.06,0.01,1.4696759700589417,False,2.0405,2.279837658694145,0,0,2,5,0.1253,0.0117,0.7594,0.1788,0.0481,0.0123,0.0014,-1,21
35,1,anthony gordon|newcastle united,Anthony Gordon,Newcastle United,MID,0.0,0.0,0.0,0.0,0.23,0.0,0.0,0.0,0.0,0.0,0.0,0.0,0.0,0.0,0.0,0.0,1,1,4.2,0.0,0.01,0.2,0.2,0.01,1.4696759700589417,True,0.0,0.0,0,0,0,0,0.0,0.0,1.0,0.0,0.0,0.0,0.0,0,0
35,1,antoine semenyo|manchester city,Antoine Semenyo,Manchester City,MID,90.0,0.301158,0.090236,0.391394,0.37,4.084204,0.323887,2.0,1.505792,0.270708,0.37,0.0,0.103863,-0.16,-0.00616,0.0,1,1,7.3,0.0,0.02,0.1,0.1,0.02,0.9942522733438669,False,4.1921,3.316745029392522,2,2,6,9,0.2974,0.0525,0.4482,0.3078,0.169,0.0604,0.0146,-1,24
35,1,anton stach|leeds,Anton Stach,Leeds,MID,75.0,0.109761,0.341284,0.451045,0.43,4.078246,0.363038,2.0,0.548805,1.023853,0.43,0.0,0.242255,-0.166667,0.0,0.0,1,1,10.2,0.0,0.02,0.14,0.14,0.02,0.843970070294529,False,4.0281,3.021342481414512,1,2,6,8,0.3385,0.0655,0.4014,0.4166,0.1204,0.0546,0.007,-2,24
35,1,antonee robinson|fulham,Antonee Robinson,Fulham,DEF,90.0,0.003411,0.036552,0.039962,0.14,2.173798,0.039174,2.0,0.020464,0.109655,0.56,0.0,0.381636,-0.16,0.0,-0.737956,1,1,7.6,0.0,0.02,0.1,0.1,0.02,1.9661128563728327,False,2.1731,2.231173769566145,0,1,3,6,0.0359,0.0004,0.7287,0.2161,0.0499,0.0053,0.0,-4,13
35,1,antoni milambo|brentford,Antoni Milambo,Brentford,MID,0.0,0.0,0.0,0.0,0.27,0.0,0.0,0.0,0.0,0.0,0.0,0.0,0.0,0.0,0.0,0.0,1,1,0.0,0.0,0.02,0.03,0.03,0.02,1.3093333199837622,True,0.0,0.0,0,0,0,0,0.0,0.0,1.0,0.0,0.0,0.0,0.0,0,0
35,1,ao tanaka|leeds,Ao Tanaka,Leeds,MID,60.0,0.113907,0.130498,0.244405,0.43,3.347187,0.21683,2.0,0.569534,0.391494,0.43,0.0,0.062826,-0.106667,0.0,0.0,1,1,10.1,0.0,0.02,0.1,0.1,0.02,0.843970070294529,False,2.5244,2.830159825875563,0,0,3,7,0.1565,0.0202,0.6087,0.2863,0.0773,0.0235,0.0042,-1,22
35,1,archie gray|tottenham,Archie Gray,Tottenham,MID,75.0,0.087473,0.128612,0.216085,0.2,2.76724,0.194333,2.0,0.437364,0.385836,0.2,0.0,0.06904,-0.325,0.0,0.0,1,1,8.2,0.0,0.02,0.33,0.33,0.02,1.6094379124341003,False,2.7481,2.2888963257430426,1,1,3,6,0.1872,0.0165,0.6801,0.2262,0.0758,0.0168,0.0011,-2,22
35,1,armando broja|burnley,Armando Broja,Burnley,FWD,60.0,0.095863,0.030742,0.126605,0.12,2.435786,0.118918,2.0,0.383451,0.092227,0.0,0.0,0.000108,-0.04,0.0,0.0,1,1,4.6,0.0,0.01,0.03,0.03,0.01,2.120263536200091,False,1.7081,1.8989192689527379,0,0,2,2,0.0885,0.0062,0.9112,0.046,0.0375,0.0049,0.0004,-1,16
35,1,arnaud kalimuendo muinga|nottingham forest,Arnaud Kalimuendo Muinga,Nottingham Forest,FWD,0.0,0.0,0.0,0.0,0.15,0.0,0.0,0.0,0.0,0.0,0.0,0.0,0.0,0.0,0.0,0.0,1,1,3.0,0.0,0.01,0.1,0.1,0.01,1.8971199848858813,True,0.0,0.0,0,0,0,0,0.0,0.0,1.0,0.0,0.0,0.0,0.0,0,0
35,1,arthur masuaku|sunderland,Arthur Masuaku,Sunderland,FWD,0.0,0.0,0.0,0.0,0.32,0.0,0.0,0.0,0.0,0.0,0.0,0.0,0.0,0.0,0.0,0.0,1,1,1.0,0.0,0.02,0.2,0.2,0.02,1.1394342831883648,True,0.0,0.0,0,0,0,0,0.0,0.0,1.0,0.0,0.0,0.0,0.0,0,0
35,1,ashley barnes|burnley,Ashley Barnes,Burnley,FWD,15.0,0.066858,0.0,0.066858,0.12,1.228073,0.064672,1.0,0.267433,0.0,0.0,0.0,0.0,-0.038333,-0.001027,0.0,1,1,5.0,0.0,0.01,0.2,0.2,0.01,2.120263536200091,False,0.7739,1.359183133356208,0,0,1,1,0.0478,0.0036,0.9522,0.0352,0.01,0.0024,0.0002,-2,16
35,1,axel disasi|west ham,Axel Disasi,West Ham,DEF,90.0,0.090851,0.00022,0.091071,0.17,2.514964,0.087047,2.0,0.545106,0.000661,0.68,0.0,0.1624,-0.23,0.0,-0.643203,1,1,6.3,0.0,0.03,0.14,0.14,0.03,1.7719568419318752,False,2.5843,2.902187711020774,0,1,4,7,0.0763,0.0026,0.7216,0.1712,0.0828,0.0208,0.0036,-4,22
35,1,axel tuanzebe|burnley,Axel Tuanzebe,Burnley,DEF,75.0,0.030568,0.0,0.030568,0.12,2.147192,0.030106,2.0,0.183411,0.0,0.48,0.0,0.430846,-0.133333,0.0,-0.813732,1,1,9.4,0.0,0.02,0.1,0.1,0.02,2.120263536200091,False,2.03,2.4112444919584575,0,1,3,6,0.0267,0.0004,0.7237,0.2096,0.0564,0.0091,0.0012,-4,19
35,1,ayden heaven|manchester united,Ayden Heaven,Manchester United,DEF,15.0,0.003255,0.006137,0.009391,0.21,0.965965,0.009347,1.0,0.019528,0.01841,0.0,0.0,1.3e-05,-0.043333,0.0,-0.028652,1,1,10.1,0.0,0.02,0.2,0.2,0.02,1.5606477482646683,False,0.2617,0.7126100686911462,0,0,1,1,0.0075,0.0,0.9924,0.0057,0.0018,0.0001,0.0,-3,10
35,1,bafode diakite|bournemouth,Bafode Diakite,Bournemouth,DEF,0.0,0.0,0.0,0.0,0.35,0.0,0.0,0.0,0.0,0.0,0.0,0.0,0.0,0.0,0.0,0.0,1,1,8.3,0.0,0.02,0.1,0.1,0.02,1.0498221244986778,True,0.0,0.0,0,0,0,0,0.0,0.0,1.0,0.0,0.0,0.0,0.0,0,0
35,1,bart verbruggen|brighton,Bart Verbruggen,Brighton,GK,90.0,0.0,0.000946,0.000946,0.22,3.207007,0.000946,2.0,0.0,0.002838,0.88,0.933333,0.0,-0.09,0.0,-0.519164,1,1,0.0,2.8,0.01,0.06,0.06,0.01,1.5141277326297755,False,2.9398,2.2928096214033995,1,1,4,7,0.0011,0.0,0.5937,0.2837,0.1198,0.0028,0.0,-3,11
35,1,bashir humphreys|burnley,Bashir Humphreys,Burnley,DEF,15.0,0.00341,0.006023,0.009433,0.12,0.895198,0.009388,1.0,0.020459,0.018069,0.0,0.0,3e-06,-0.093333,0.0,-0.049999,1,1,8.5,0.0,0.02,0.5,0.5,0.02,2.120263536200091,False,0.073,0.7814544132577408,-1,0,0,1,0.0082,0.0,0.9922,0.0056,0.0021,0.0001,0.0,-5,10
35,1,ben davies|tottenham,Ben Davies,Tottenham,DEF,0.0,0.0,0.0,0.0,0.2,0.0,0.0,0.0,0.0,0.0,0.0,0.0,0.0,0.0,0.0,0.0,1,1,9.3,0.0,0.02,0.2,0.2,0.02,1.6094379124341003,True,0.0,0.0,0,0,0,0,0.0,0.0,1.0,0.0,0.0,0.0,0.0,0,0
35,1,ben doak|bournemouth,Ben Doak,Bournemouth,FWD,0.0,0.0,0.0,0.0,0.35,0.0,0.0,0.0,0.0,0.0,0.0,0.0,0.0,0.0,0.0,0.0,1,1,0.0,0.0,0.01,0.06,0.06,0.01,1.0498221244986778,True,0.0,0.0,0,0,0,0,0.0,0.0,1.0,0.0,0.0,0.0,0.0,0,0
35,1,ben white|arsenal,Ben White,Arsenal,DEF,15.0,0.011386,0.044401,0.055787,0.44,1.17296,0.05426,1.0,0.068318,0.133203,0.0,0.0,1e-06,-0.02,0.0,-0.008563,1,1,7.9,0.0,0.02,0.06,0.06,0.02,0.8209805520698302,False,0.583,1.0815317840914338,0,0,1,1,0.0385,0.0014,0.9619,0.0303,0.007,0.0007,0.0001,-3,16
35,1,ben winterburn|bournemouth,Ben Winterburn,Bournemouth,MID,0.0,0.0,0.0,0.0,0.35,0.0,0.0,0.0,0.0,0.0,0.0,0.0,0.0,0.0,0.0,0.0,1,1,0.0,0.0,0.01,0.06,0.06,0.01,1.0498221244986778,True,0.0,0.0,0,0,0,0,0.0,0.0,1.0,0.0,0.0,0.0,0.0,0,0
35,1,bendito mantato|manchester united,Bendito Mantato,Manchester United,MID,0.0,0.0,0.0,0.0,0.21,0.0,0.0,0.0,0.0,0.0,0.0,0.0,0.0,0.0,0.0,0.0,1,1,2.0,0.0,0.01,0.1,0.1,0.01,1.5606477482646683,True,0.0,0.0,0,0,0,0,0.0,0.0,1.0,0.0,0.0,0.0,0.0,0,0
35,1,benjamin sesko|manchester united,Benjamin Sesko,Manchester United,FWD,60.0,0.362128,0.022034,0.384162,0.21,3.454638,0.318979,2.0,1.448513,0.066103,0.0,0.0,2.2e-05,-0.06,0.0,0.0,1,1,3.9,0.0,0.01,0.06,0.06,0.01,1.5606477482646683,False,2.6757,3.231923500022858,0,0,2,7,0.2365,0.0491,0.7635,0.0901,0.0992,0.0415,0.0057,-1,21
35,1,benoit badiashile mukinayi|chelsea,Benoit Badiashile Mukinayi,Chelsea,DEF,0.0,0.0,0.0,0.0,0.33,0.0,0.0,0.0,0.0,0.0,0.0,0.0,0.0,0.0,0.0,0.0,1,1,9.2,0.0,0.02,0.33,0.33,0.02,1.1086626245216111,True,0.0,0.0,0,0,0,0,0.0,0.0,1.0,0.0,0.0,0.0,0.0,0,0
35,1,bernardo silva|manchester city,Bernardo Silva,Manchester City,MID,75.0,0.058813,0.124351,0.183164,0.37,2.775949,0.167368,2.0,0.294065,0.373052,0.37,0.0,0.063832,-0.325,0.0,0.0,1,1,8.1,0.0,0.02,0.33,0.33,0.02,0.9942522733438669,False,2.6885,2.098444126013366,1,1,3,6,0.1588,0.0126,0.6217,0.3101,0.0531,0.0138,0.0013,-2,18
35,1,bernd leno|fulham,Bernd Leno,Fulham,GK,90.0,0.0,0.0,0.0,0.14,2.492044,0.0,2.0,0.0,0.0,0.56,0.8,0.0,-0.13,0.0,-0.737956,1,1,0.0,2.4,0.01,0.1,0.1,0.01,1.9661128563728327,False,2.1845,2.0530123599238266,0,1,3,6,0.0,0.0,0.7318,0.2064,0.0608,0.001,0.0,-5,12
35,1,bertrand traoré|sunderland,Bertrand Traoré,Sunderland,MID,0.0,0.0,0.0,0.0,0.32,0.0,0.0,0.0,0.0,0.0,0.0,0.0,0.0,0.0,0.0,0.0,1,1,5.7,0.0,0.02,0.14,0.14,0.02,1.1394342831883648,True,0.0,0.0,0,0,0,0,0.0,0.0,1.0,0.0,0.0,0.0,0.0,0,0
35,1,beto|everton,Beto,Everton,FWD,60.0,0.250175,0.018919,0.269094,0.12,2.904773,0.235928,2.0,1.000698,0.056758,0.0,0.0,0.00065,-0.153333,0.0,0.0,1,1,5.6,0.0,0.01,0.2,0.2,0.01,2.120263536200091,False,2.1599,2.650986984124969,0,0,2,6,0.1732,0.0247,0.8257,0.0796,0.0722,0.0205,0.002,-1,18
35,1,borna sosa|crystal palace,Borna Sosa,Crystal Palace,DEF,0.0,0.0,0.0,0.0,0.15,0.0,0.0,0.0,0.0,0.0,0.0,0.0,0.0,0.0,0.0,0.0,1,1,5.0,0.0,0.01,0.06,0.06,0.01,1.8971199848858813,True,0.0,0.0,0,0,0,0,0.0,0.0,1.0,0.0,0.0,0.0,0.0,0,0
35,1,boubacar kamara|aston villa,Boubacar Kamara,Aston Villa,MID,0.0,0.0,0.0,0.0,0.27,0.0,0.0,0.0,0.0,0.0,0.0,0.0,0.0,0.0,0.0,0.0,1,1,9.5,0.0,0.02,0.33,0.33,0.02,1.3093333199837622,True,0.0,0.0,0,0,0,0,0.0,0.0,1.0,0.0,0.0,0.0,0.0,0,0
35,1,bradley burrowes|aston villa,Bradley Burrowes,Aston Villa,MID,0.0,0.0,0.0,0.0,0.27,0.0,0.0,0.0,0.0,0.0,0.0,0.0,0.0,0.0,0.0,0.0,1,1,0.0,0.0,0.01,0.06,0.06,0.01,1.3093333199837622,True,0.0,0.0,0,0,0,0,0.0,0.0,1.0,0.0,0.0,0.0,0.0,0,0
35,1,brajan gruda|brighton,Brajan Gruda,Brighton,MID,0.0,0.0,0.0,0.0,0.22,0.0,0.0,0.0,0.0,0.0,0.0,0.0,0.0,0.0,0.0,0.0,1,1,7.4,0.0,0.01,0.1,0.1,0.01,1.5141277326297755,True,0.0,0.0,0,0,0,0,0.0,0.0,1.0,0.0,0.0,0.0,0.0,0,0
35,1,brenden aaronson|leeds,Brenden Aaronson,Leeds,MID,75.0,0.221361,0.240658,0.462019,0.43,4.252819,0.36999,2.0,1.106805,0.721974,0.43,0.0,0.06904,-0.075,0.0,0.0,1,1,8.2,0.0,0.01,0.06,0.06,0.01,0.843970070294529,False,4.2195,3.371931160329344,1,2,6,9,0.346,0.0743,0.4231,0.3534,0.1432,0.0664,0.0139,-2,26
35,1,brennan johnson|crystal palace,Brennan Johnson,Crystal Palace,MID,75.0,0.111754,0.045741,0.157495,0.15,2.660875,0.145719,2.0,0.55877,0.137223,0.15,0.0,0.006549,-0.191667,0.0,0.0,1,1,5.9,0.0,0.01,0.2,0.2,0.01,1.8971199848858813,False,2.5734,2.187192821860935,1,2,2,6,0.1339,0.0098,0.7691,0.1357,0.0798,0.0135,0.0019,-2,18
35,1,brian brobbey|sunderland,Brian Brobbey,Sunderland,FWD,60.0,0.149313,0.042853,0.192166,0.32,2.572496,0.174831,2.0,0.597253,0.12856,0.0,0.0,1.7e-05,-0.153333,0.0,0.0,1,1,3.8,0.0,0.01,0.2,0.2,0.01,1.1394342831883648,False,1.8092,2.176188263914683,0,0,2,5,0.1212,0.0132,0.879,0.0634,0.0467,0.0104,0.0005,-1,17
35,1,bruno fernandes|manchester united,Bruno Fernandes,Manchester United,MID,90.0,0.300269,0.475103,0.775372,0.21,5.221843,0.539467,2.0,1.501343,1.425309,0.21,0.0,0.304471,-0.17,-0.04928,0.0,1,1,8.9,0.0,0.01,0.14,0.14,0.01,1.5606477482646683,False,5.3132,3.8877893152793144,2,2,8,11,0.4986,0.1545,0.3673,0.3102,0.1809,0.1105,0.0311,-1,27
35,1,bruno guimarães|newcastle united,Bruno Guimarães,Newcastle United,MID,90.0,0.299303,0.162498,0.461801,0.23,4.246158,0.369852,2.0,1.496514,0.487494,0.23,0.0,0.304471,-0.26,-0.01232,0.0,1,1,8.9,0.0,0.02,0.2,0.2,0.02,1.4696759700589417,False,4.2857,3.4712642524014217,2,2,6,9,0.3357,0.0644,0.483,0.2738,0.1596,0.0682,0.0154,-1,28
35,1,bryan mbeumo|manchester united,Bryan Mbeumo,Manchester United,MID,80.0,0.27377,0.139536,0.413306,0.21,3.83712,0.33854,2.0,1.368848,0.418609,0.21,0.0,0.001725,-0.151111,-0.010951,0.0,1,1,4.7,0.0,0.01,0.14,0.14,0.01,1.5606477482646683,False,3.7809,3.318688775706454,1,2,6,8,0.3108,0.0563,0.5832,0.1952,0.1601,0.0494,0.0121,-2,26
35,1,bukayo saka|arsenal,Bukayo Saka,Arsenal,MID,60.0,0.296502,0.16984,0.466342,0.44,4.352809,0.372707,2.0,1.482511,0.50952,0.44,0.0,0.007472,-0.06,-0.026693,0.0,1,1,7.5,0.0,0.01,0.06,0.06,0.01,0.8209805520698302,False,3.3407,3.909453096022512,0,0,5,9,0.2691,0.0654,0.5565,0.2349,0.1303,0.059,0.0193,-1,29
35,1,callum hudson-odoi|nottingham forest,Callum Hudson-Odoi,Nottingham Forest,MID,60.0,0.061128,0.129564,0.190692,0.15,2.784728,0.173613,2.0,0.305639,0.388692,0.15,0.0,0.000398,-0.06,0.0,0.0,1,1,5.3,0.0,0.01,0.06,0.06,0.01,1.8971199848858813,False,1.9787,2.1813863275449403,0,0,2,5,0.128,0.0119,0.7934,0.1501,0.0462,0.0091,0.0012,-1,19
35,1,callum marshall|west ham,Callum Marshall,West Ham,FWD,0.0,0.0,0.0,0.0,0.17,0.0,0.0,0.0,0.0,0.0,0.0,0.0,0.0,0.0,0.0,0.0,1,1,1.0,0.0,0.01,0.14,0.14,0.01,1.7719568419318752,True,0.0,0.0,0,0,0,0,0.0,0.0,1.0,0.0,0.0,0.0,0.0,0,0
35,1,callum olusesi|tottenham,Callum Olusesi,Tottenham,DEF,0.0,0.0,0.0,0.0,0.2,0.0,0.0,0.0,0.0,0.0,0.0,0.0,0.0,0.0,0.0,0.0,1,1,0.0,0.0,0.0,0.0,0.0,0.0,1.6094379124341003,True,0.0,0.0,0,0,0,0,0.0,0.0,1.0,0.0,0.0,0.0,0.0,0,0
35,1,callum wilson|west ham,Callum Wilson,West Ham,FWD,15.0,0.101888,0.011762,0.11365,0.17,1.427838,0.10743,1.0,0.407552,0.035286,0.0,0.0,0.0,-0.015,0.0,0.0,1,1,3.1,0.0,0.01,0.06,0.06,0.01,1.7719568419318752,False,0.9354,1.6373841455199205,0,0,1,1,0.0758,0.0067,0.9244,0.0554,0.015,0.0049,0.0003,-2,20
35,1,calvin bassey|fulham,Calvin Bassey,Fulham,DEF,90.0,0.030649,0.005044,0.035693,0.14,2.274,0.035063,2.0,0.183895,0.015131,0.56,0.0,0.512931,-0.26,0.0,-0.737956,1,1,8.2,0.0,0.02,0.2,0.2,0.02,1.9661128563728327,False,2.2595,2.462023507198906,0,1,3,6,0.0318,0.0009,0.7051,0.223,0.0614,0.0089,0.0016,-4,19
35,1,caoimhin kelleher|brentford,Caoimhin Kelleher,Brentford,GK,90.0,0.0,0.005502,0.005502,0.27,3.513613,0.005487,2.0,0.0,0.016505,1.08,0.9,0.0,-0.06,0.0,-0.422892,1,1,0.0,2.7,0.01,0.03,0.03,0.01,1.3093333199837622,False,3.2397,2.388900146510942,1,2,6,7,0.0047,0.0,0.5491,0.3028,0.1447,0.0034,0.0,-4,13
35,1,carlos alcaraz|everton,Carlos Alcaraz,Everton,MID,15.0,0.00891,0.021652,0.030562,0.12,1.044505,0.030099,1.0,0.044549,0.064956,0.0,0.0,0.0,-0.065,0.0,0.0,1,1,8.6,0.0,0.02,0.33,0.33,0.02,2.120263536200091,False,0.5905,0.8530004396247401,0,0,1,1,0.0209,0.0002,0.9791,0.017,0.0039,0.0,0.0,-2,9
35,1,carlos baleba|brighton,Carlos Baleba,Brighton,MID,60.0,0.023345,0.053892,0.077236,0.22,2.200626,0.074329,2.0,0.116723,0.161675,0.22,0.0,0.095561,-0.393333,0.0,0.0,1,1,10.8,0.0,0.03,0.5,0.5,0.03,1.5141277326297755,False,1.6319,1.8010559097373962,0,0,2,4,0.0538,0.0035,0.7887,0.1877,0.0185,0.0049,0.0002,-1,17
35,1,casemiro|manchester united,Casemiro,Manchester United,MID,75.0,0.153701,0.087441,0.241142,0.21,3.385224,0.21427,2.0,0.768503,0.262323,0.21,0.0,0.494398,-0.35,0.0,0.0,1,1,11.9,0.0,0.03,0.33,0.33,0.03,1.5606477482646683,False,3.3475,2.826790361876876,1,2,4,7,0.1993,0.0224,0.5402,0.3185,0.0985,0.0364,0.0064,-2,25
35,1,chadi riad|crystal palace,Chadi Riad,Crystal Palace,DEF,60.0,0.016425,0.044046,0.060471,0.15,1.867898,0.058679,2.0,0.098548,0.132139,0.6,0.0,0.001395,-0.26,0.0,-0.704185,1,1,4.5,0.0,0.02,0.33,0.33,0.02,1.8971199848858813,False,1.2991,2.126978888000537,0,0,2,5,0.0451,0.0021,0.8629,0.1049,0.0269,0.0048,0.0005,-4,20
35,1,charalampos kostoulas|brighton,Charalampos Kostoulas,Brighton,FWD,15.0,0.133737,0.059612,0.193349,0.22,1.653783,0.175805,1.0,0.534947,0.178836,0.0,0.0,1e-06,-0.06,0.0,0.0,1,1,11.7,0.0,0.01,0.33,0.33,0.01,1.5141277326297755,False,1.1493,2.059953764044232,0,0,1,5,0.1251,0.0195,0.875,0.091,0.0228,0.0104,0.0008,-2,20
35,1,chemsdine talbi|sunderland,Chemsdine Talbi,Sunderland,MID,75.0,0.112453,0.063692,0.176145,0.32,2.910993,0.161504,2.0,0.562267,0.191075,0.32,0.0,0.004317,-0.166667,0.0,0.0,1,1,5.6,0.0,0.02,0.14,0.14,0.02,1.1394342831883648,False,2.7737,2.2282029328586748,1,2,3,6,0.1488,0.0117,0.6455,0.256,0.0827,0.0139,0.0019,-2,18
35,1,chimuanya ugochukwu|burnley,Chimuanya Ugochukwu,Burnley,MID,90.0,0.080701,0.01723,0.097931,0.12,2.663386,0.093288,2.0,0.403504,0.05169,0.12,0.0,0.288192,-0.2,0.0,0.0,1,1,8.8,0.0,0.02,0.14,0.14,0.02,2.120263536200091,False,2.6376,1.8415390954307758,1,2,3,5,0.0813,0.0037,0.7371,0.1971,0.0541,0.0107,0.001,-1,19
35,1,chris richards|crystal palace,Chris Richards,Crystal Palace,DEF,90.0,0.065179,0.01615,0.081329,0.15,3.09437,0.07811,2.0,0.391076,0.048449,0.6,0.0,0.959031,-0.2,0.0,-0.704185,1,1,10.0,0.0,0.02,0.14,0.14,0.02,1.8971199848858813,False,3.0335,2.803315492412511,0,1,4,7,0.0661,0.0024,0.5448,0.3296,0.0978,0.0236,0.0042,-4,20
35,1,chris rigg|sunderland,Chris Rigg,Sunderland,MID,15.0,0.013937,0.018998,0.032935,0.32,1.105011,0.032398,1.0,0.069684,0.056994,0.0,0.0,0.0,-0.021667,0.0,0.0,1,1,6.5,0.0,0.01,0.1,0.1,0.01,1.1394342831883648,False,0.6361,0.9231883827258659,0,0,1,1,0.0218,0.0005,0.9782,0.0156,0.0059,0.0003,0.0,-2,12
35,1,chris wood|nottingham forest,Chris Wood,Nottingham Forest,FWD,0.0,0.0,0.0,0.0,0.15,0.0,0.0,0.0,0.0,0.0,0.0,0.0,0.0,0.0,0.0,0.0,1,1,2.3,0.0,0.01,0.1,0.1,0.01,1.8971199848858813,True,0.0,0.0,0,0,0,0,0.0,0.0,1.0,0.0,0.0,0.0,0.0,0,0
35,1,christantus uche|crystal palace,Christantus Uche,Crystal Palace,MID,0.0,0.0,0.0,0.0,0.15,0.0,0.0,0.0,0.0,0.0,0.0,0.0,0.0,0.0,0.0,0.0,1,1,7.2,0.0,0.01,0.06,0.06,0.01,1.8971199848858813,True,0.0,0.0,0,0,0,0,0.0,0.0,1.0,0.0,0.0,0.0,0.0,0,0
35,1,christian nørgaard|arsenal,Christian Nørgaard,Arsenal,MID,0.0,0.0,0.0,0.0,0.44,0.0,0.0,0.0,0.0,0.0,0.0,0.0,0.0,0.0,0.0,0.0,1,1,7.5,0.0,0.02,0.06,0.06,0.02,0.8209805520698302,True,0.0,0.0,0,0,0,0,0.0,0.0,1.0,0.0,0.0,0.0,0.0,0,0
35,1,cody gakpo|liverpool,Cody Gakpo,Liverpool,MID,75.0,0.228234,0.121913,0.350146,0.18,3.581324,0.295415,2.0,1.141168,0.365738,0.18,0.0,0.00275,-0.108333,0.0,0.0,1,1,5.3,0.0,0.01,0.1,0.1,0.01,1.7147984280919266,False,3.5069,3.0547917097569846,1,2,5,8,0.2711,0.043,0.629,0.18,0.1424,0.0406,0.008,-2,24
35,1,cole palmer|chelsea,Cole Palmer,Chelsea,MID,75.0,0.313006,0.107703,0.420709,0.33,3.892512,0.343419,2.0,1.56503,0.323109,0.33,0.0,0.015439,-0.3,-0.041067,0.0,1,1,6.6,0.0,0.01,0.33,0.33,0.01,1.1086626245216111,False,3.9378,3.512823815678777,1,2,6,9,0.3237,0.0632,0.5339,0.229,0.1607,0.0619,0.0145,-2,23
35,1,conor bradley|liverpool,Conor Bradley,Liverpool,DEF,0.0,0.0,0.0,0.0,0.18,0.0,0.0,0.0,0.0,0.0,0.0,0.0,0.0,0.0,0.0,0.0,1,1,6.3,0.0,0.02,0.5,0.5,0.02,1.7147984280919266,True,0.0,0.0,0,0,0,0,0.0,0.0,1.0,0.0,0.0,0.0,0.0,0,0
35,1,conor gallagher|tottenham,Conor Gallagher,Tottenham,MID,60.0,0.082288,0.046553,0.128841,0.2,2.65972,0.120887,2.0,0.41144,0.13966,0.2,0.0,0.041953,-0.133333,0.0,0.0,1,1,9.5,0.0,0.02,0.14,0.14,0.02,1.6094379124341003,False,1.9885,2.2213886985397218,0,0,2,5,0.0922,0.0054,0.7677,0.1705,0.0486,0.0127,0.0005,-1,23
35,1,cristhian mosquera|arsenal,Cristhian Mosquera,Arsenal,DEF,75.0,0.015957,0.018966,0.034924,0.44,3.740107,0.034321,2.0,0.095743,0.056899,1.76,0.0,0.361354,-0.325,0.0,-0.20889,1,1,9.0,0.0,0.02,0.33,0.33,0.02,0.8209805520698302,False,3.5347,2.8451706293296364,1,1,6,7,0.0316,0.0004,0.5077,0.3411,0.1359,0.0138,0.0015,-3,17
35,1,cristian romero|tottenham,Cristian Romero,Tottenham,DEF,0.0,0.0,0.0,0.0,0.2,0.0,0.0,0.0,0.0,0.0,0.0,0.0,0.0,0.0,0.0,0.0,1,1,9.6,0.0,0.05,0.5,0.5,0.05,1.6094379124341003,True,0.0,0.0,0,0,0,0,0.0,0.0,1.0,0.0,0.0,0.0,0.0,0,0
35,1,crysencio summerville|west ham,Crysencio Summerville,West Ham,MID,75.0,0.162901,0.161594,0.324495,0.17,3.327526,0.277107,2.0,0.814505,0.484781,0.17,0.0,0.049906,-0.191667,0.0,0.0,1,1,7.8,0.0,0.01,0.2,0.2,0.01,1.7719568419318752,False,3.3214,2.8398066906041333,1,2,5,8,0.2628,0.0374,0.6261,0.2163,0.1168,0.0363,0.0045,-2,22
35,1,curtis jones|liverpool,Curtis Jones,Liverpool,MID,15.0,0.014454,0.01789,0.032344,0.18,1.105939,0.031826,1.0,0.072269,0.05367,0.0,0.0,0.0,-0.02,0.0,0.0,1,1,9.8,0.0,0.02,0.06,0.06,0.02,1.7147984280919266,False,0.638,0.9592476218370313,0,0,1,1,0.0233,0.0008,0.9765,0.0166,0.0064,0.0005,0.0,-2,14
35,1,daichi kamada|crystal palace,Daichi Kamada,Crystal Palace,MID,15.0,0.009589,0.013703,0.023293,0.15,1.055723,0.023023,1.0,0.047946,0.04111,0.0,0.0,0.0,-0.033333,0.0,0.0,1,1,10.0,0.0,0.02,0.14,0.14,0.02,1.8971199848858813,False,0.5887,0.8012067835459209,0,0,1,1,0.0164,0.0003,0.9837,0.0128,0.0035,0.0,0.0,-2,9
35,1,dan ballard|sunderland,Dan Ballard,Sunderland,DEF,90.0,0.114839,0.068117,0.182956,0.32,4.827669,0.167195,2.0,0.689035,0.204351,1.28,0.0,1.199601,-0.2,0.0,-0.345317,1,1,11.0,0.0,0.02,0.14,0.14,0.02,1.1394342831883648,False,4.8289,3.483823300628205,1,2,7,9,0.1451,0.0129,0.3086,0.4092,0.1997,0.0644,0.0181,-3,23
35,1,dan burn|newcastle united,Dan Burn,Newcastle United,DEF,75.0,0.008338,0.019345,0.027683,0.23,2.424687,0.027303,2.0,0.050027,0.058035,0.92,0.0,0.361354,-0.466667,0.0,-0.498063,1,1,9.0,0.0,0.02,0.5,0.5,0.02,1.4696759700589417,False,2.2691,2.4968951099315326,0,1,3,6,0.0252,0.0006,0.6839,0.2438,0.0653,0.0065,0.0005,-4,16
35,1,dan ndoye|nottingham forest,Dan Ndoye,Nottingham Forest,MID,60.0,0.0332,0.055109,0.088309,0.15,2.429612,0.084522,2.0,0.166001,0.165327,0.15,0.0,0.008284,-0.06,0.0,0.0,1,1,7.6,0.0,0.01,0.06,0.06,0.01,1.8971199848858813,False,1.7289,1.779439459492792,0,0,2,3,0.0667,0.0041,0.8353,0.1312,0.0298,0.0037,0.0,-1,14
35,1,dan neil|sunderland,Dan Neil,Sunderland,MID,0.0,0.0,0.0,0.0,0.32,0.0,0.0,0.0,0.0,0.0,0.0,0.0,0.0,0.0,0.0,0.0,1,1,3.0,0.0,0.01,0.14,0.14,0.01,1.1394342831883648,True,0.0,0.0,0,0,0,0,0.0,0.0,1.0,0.0,0.0,0.0,0.0,0,0
35,1,dane scarlett|tottenham,Dane Scarlett,Tottenham,FWD,0.0,0.0,0.0,0.0,0.2,0.0,0.0,0.0,0.0,0.0,0.0,0.0,0.0,0.0,0.0,0.0,1,1,1.0,0.0,0.01,0.06,0.06,0.01,1.6094379124341003,True,0.0,0.0,0,0,0,0,0.0,0.0,1.0,0.0,0.0,0.0,0.0,0,0
35,1,dango ouattara|brentford,Dango Ouattara,Brentford,MID,75.0,0.261725,0.206592,0.468316,0.27,4.052534,0.373945,2.0,1.308624,0.619775,0.27,0.0,0.045802,-0.191667,0.0,0.0,1,1,7.7,0.0,0.01,0.2,0.2,0.01,1.3093333199837622,False,3.9864,3.391373621410652,1,2,6,9,0.3427,0.0733,0.5157,0.2671,0.1395,0.0645,0.0132,-2,24
35,1,daniel james|leeds,Daniel James,Leeds,MID,15.0,0.021467,0.024961,0.046428,0.43,1.16055,0.045366,1.0,0.107335,0.074882,0.0,0.0,0.0,-0.021667,0.0,0.0,1,1,4.7,0.0,0.01,0.1,0.1,0.01,0.843970070294529,False,0.7023,1.112148690598519,0,0,1,1,0.036,0.0013,0.9641,0.0266,0.0086,0.0007,0.0,-2,14
35,1,daniel muñoz|crystal palace,Daniel Muñoz,Crystal Palace,DEF,90.0,0.090707,0.143164,0.23387,0.15,2.765105,0.208536,2.0,0.54424,0.429492,0.6,0.0,0.285559,-0.39,0.0,-0.704185,1,1,7.1,0.0,0.02,0.33,0.33,0.02,1.8971199848858813,False,2.816,3.152228418119474,0,1,5,7,0.1859,0.0189,0.6389,0.2334,0.0902,0.0321,0.0054,-4,23
35,1,danny welbeck|brighton,Danny Welbeck,Brighton,FWD,60.0,0.356343,0.052579,0.408922,0.22,3.409299,0.335634,2.0,1.425371,0.157737,0.0,0.0,5.7e-05,-0.153333,-0.020533,0.0,1,1,4.3,0.0,0.01,0.2,0.2,0.01,1.5141277326297755,False,2.6636,3.254448500130245,0,0,2,7,0.2472,0.0555,0.7527,0.1073,0.0912,0.0423,0.0065,-1,20
35,1,david brooks|bournemouth,David Brooks,Bournemouth,MID,15.0,0.07978,0.054773,0.134553,0.35,1.464885,0.125893,1.0,0.398898,0.16432,0.0,0.0,0.0,-0.098333,0.0,0.0,1,1,7.0,0.0,0.03,0.5,0.5,0.03,1.0498221244986778,False,0.9746,1.8634792298279044,0,0,1,1,0.0918,0.009,0.9085,0.0551,0.0295,0.0066,0.0003,-2,17
35,1,david møller wolfe|wolverhampton wanderers,David Møller Wolfe,Wolverhampton Wanderers,DEF,15.0,0.001042,0.019668,0.02071,0.26,1.016772,0.020497,1.0,0.006254,0.059003,0.0,0.0,0.0,-0.026667,0.0,-0.021819,1,1,2.0,0.0,0.02,0.1,0.1,0.02,1.3470736479666092,False,0.3378,0.7240795260190693,0,0,1,1,0.0137,0.0003,0.9865,0.0124,0.0011,0.0,0.0,-3,8
35,1,david raya|arsenal,David Raya,Arsenal,GK,90.0,0.0,0.0,0.0,0.44,4.024443,0.0,2.0,0.0,0.0,1.76,0.533333,0.0,-0.06,0.0,-0.20889,1,1,0.0,1.6,0.01,0.03,0.03,0.01,0.8209805520698302,False,3.8667,2.4281950312938214,1,2,6,7,0.0,0.0,0.4836,0.3633,0.1521,0.001,0.0,-2,10
35,1,dean henderson|crystal palace,Dean Henderson,Crystal Palace,GK,90.0,0.0,0.00013,0.00013,0.15,2.766205,0.00013,2.0,0.0,0.00039,0.6,1.0,0.0,-0.13,0.0,-0.704185,1,1,0.0,3.0,0.01,0.1,0.1,0.01,1.8971199848858813,False,2.493,2.131232272653546,1,1,3,6,0.0001,0.0,0.6554,0.2603,0.0829,0.0014,0.0,-4,12
35,1,declan rice|arsenal,Declan Rice,Arsenal,MID,90.0,0.113108,0.233062,0.34617,0.44,4.222697,0.292608,2.0,0.56554,0.699187,0.44,0.0,0.777969,-0.26,0.0,0.0,1,1,11.2,0.0,0.02,0.2,0.2,0.02,0.8209805520698302,False,4.185,2.7657503502666323,2,2,5,8,0.2673,0.041,0.3294,0.497,0.1184,0.0496,0.0056,-1,26
35,1,dennis cirkin|sunderland,Dennis Cirkin,Sunderland,DEF,15.0,0.068501,0.0,0.068501,0.32,1.351723,0.066207,1.0,0.411005,0.0,0.0,0.0,1e-06,-0.043333,0.0,-0.01595,1,1,7.9,0.0,0.02,0.2,0.2,0.02,1.1394342831883648,False,0.642,1.6628397397223824,0,0,1,1,0.0444,0.0019,0.9555,0.0066,0.0349,0.0023,0.0007,-3,16
35,1,diego coppola|brighton,Diego Coppola,Brighton,DEF,0.0,0.0,0.0,0.0,0.22,0.0,0.0,0.0,0.0,0.0,0.0,0.0,0.0,0.0,0.0,0.0,1,1,8.4,0.0,0.01,0.5,0.5,0.01,1.5141277326297755,True,0.0,0.0,0,0,0,0,0.0,0.0,1.0,0.0,0.0,0.0,0.0,0,0
35,1,diego gómez|brighton,Diego Gómez,Brighton,MID,0.0,0.0,0.0,0.0,0.22,0.0,0.0,0.0,0.0,0.0,0.0,0.0,0.0,0.0,0.0,0.0,1,1,9.5,0.0,0.02,0.5,0.5,0.02,1.5141277326297755,True,0.0,0.0,0,0,0,0,0.0,0.0,1.0,0.0,0.0,0.0,0.0,0,0
35,1,dilane bakwa|nottingham forest,Dilane Bakwa,Nottingham Forest,MID,0.0,0.0,0.0,0.0,0.15,0.0,0.0,0.0,0.0,0.0,0.0,0.0,0.0,0.0,0.0,0.0,1,1,6.8,0.0,0.01,0.14,0.14,0.01,1.8971199848858813,True,0.0,0.0,0,0,0,0,0.0,0.0,1.0,0.0,0.0,0.0,0.0,0,0
35,1,diogo dalot|manchester united,Diogo Dalot,Manchester United,DEF,90.0,0.074391,0.120689,0.19508,0.21,2.973607,0.177231,2.0,0.446345,0.362067,0.84,0.0,0.126545,-0.26,0.0,-0.541349,1,1,6.0,0.0,0.02,0.2,0.2,0.02,1.5606477482646683,False,3.0434,3.0646560067975,0,1,6,7,0.1603,0.0122,0.642,0.2316,0.0893,0.033,0.0041,-3,22
35,1,divine mukasa|manchester city,Divine Mukasa,Manchester City,MID,0.0,0.0,0.0,0.0,0.37,0.0,0.0,0.0,0.0,0.0,0.0,0.0,0.0,0.0,0.0,0.0,1,1,2.0,0.0,0.01,0.06,0.06,0.01,0.9942522733438669,True,0.0,0.0,0,0,0,0,0.0,0.0,1.0,0.0,0.0,0.0,0.0,0,0
35,1,djed spence|tottenham,Djed Spence,Tottenham,DEF,75.0,0.041214,0.089374,0.130587,0.2,2.544989,0.12242,2.0,0.247282,0.268121,0.8,0.0,0.010972,-0.216667,0.0,-0.564719,1,1,4.8,0.0,0.02,0.2,0.2,0.02,1.6094379124341003,False,2.3808,2.7048828736194843,0,1,4,6,0.1163,0.007,0.7311,0.1879,0.0632,0.0161,0.0017,-4,18
35,1,djiamgone jocelin ta bi|sunderland,Djiamgone Jocelin Ta Bi,Sunderland,FWD,0.0,0.0,0.0,0.0,0.32,0.0,0.0,0.0,0.0,0.0,0.0,0.0,0.0,0.0,0.0,0.0,1,1,1.0,0.0,0.01,0.1,0.1,0.01,1.1394342831883648,True,0.0,0.0,0,0,0,0,0.0,0.0,1.0,0.0,0.0,0.0,0.0,0,0
35,1,djordje petrovic|bournemouth,Djordje Petrovic,Bournemouth,GK,90.0,0.0,0.0,0.0,0.35,4.037797,0.0,2.0,0.0,0.0,1.4,1.033333,0.0,-0.09,0.0,-0.305536,1,1,0.0,3.1,0.01,0.06,0.06,0.01,1.0498221244986778,False,3.7711,2.460061948406991,1,2,6,7,0.0,0.0,0.4368,0.3617,0.1962,0.0053,0.0,-2,12
35,1,dominic calvert-lewin|leeds,Dominic Calvert-Lewin,Leeds,FWD,90.0,0.767964,0.09187,0.859834,0.43,5.208273,0.576768,2.0,3.071854,0.275611,0.0,0.0,8.8e-05,-0.09,-0.04928,0.0,1,1,3.0,0.0,0.01,0.06,0.06,0.01,0.843970070294529,False,5.3771,4.079619539859078,2,2,7,11,0.5235,0.1717,0.4766,0.1798,0.1812,0.1292,0.0332,-1,33
35,1,dominic solanke|tottenham,Dominic Solanke,Tottenham,FWD,0.0,0.0,0.0,0.0,0.2,0.0,0.0,0.0,0.0,0.0,0.0,0.0,0.0,0.0,0.0,0.0,1,1,6.3,0.0,0.01,0.1,0.1,0.01,1.6094379124341003,True,0.0,0.0,0,0,0,0,0.0,0.0,1.0,0.0,0.0,0.0,0.0,0,0
35,1,dominik szoboszlai|liverpool,Dominik Szoboszlai,Liverpool,MID,90.0,0.191888,0.151381,0.343269,0.18,3.67734,0.290553,2.0,0.959441,0.454143,0.18,0.0,0.356076,-0.26,-0.01232,0.0,1,1,9.2,0.0,0.02,0.2,0.2,0.02,1.7147984280919266,False,3.7318,2.9091010226528744,2,2,5,8,0.2722,0.037,0.5389,0.2841,0.1259,0.0448,0.0063,-1,23
35,1,donyell malen|aston villa,Donyell Malen,Aston Villa,MID,0.0,0.0,0.0,0.0,0.27,0.0,0.0,0.0,0.0,0.0,0.0,0.0,0.0,0.0,0.0,0.0,1,1,2.3,0.0,0.01,0.06,0.06,0.01,1.3093333199837622,True,0.0,0.0,0,0,0,0,0.0,0.0,1.0,0.0,0.0,0.0,0.0,0,0
35,1,douglas luiz|aston villa,Douglas Luiz,Aston Villa,MID,90.0,0.105546,0.13917,0.244716,0.27,3.603776,0.217073,2.0,0.52773,0.417511,0.27,0.0,0.663936,-0.26,-0.0154,0.0,1,1,10.7,0.0,0.02,0.2,0.2,0.02,1.3093333199837622,False,3.5791,2.4857480141800377,2,2,5,7,0.1958,0.0223,0.4674,0.4059,0.0916,0.0314,0.0037,-1,20
35,1,dwight mcneil|everton,Dwight McNeil,Everton,MID,60.0,0.05244,0.085784,0.138225,0.12,2.482365,0.129097,2.0,0.262201,0.257353,0.12,0.0,0.016145,-0.173333,0.0,0.0,1,1,8.3,0.0,0.02,0.2,0.2,0.02,2.120263536200091,False,1.7878,2.0151851428590875,0,0,2,4,0.0937,0.0072,0.8265,0.1276,0.0379,0.0076,0.0004,-1,19
35,1,eberechi eze|arsenal,Eberechi Eze,Arsenal,MID,60.0,0.16856,0.101982,0.270542,0.44,3.529633,0.237034,2.0,0.842802,0.305946,0.44,0.0,0.000886,-0.06,0.0,0.0,1,1,5.8,0.0,0.01,0.06,0.06,0.01,0.8209805520698302,False,2.5207,2.8792310622803443,0,0,3,7,0.1663,0.0223,0.6193,0.2635,0.0864,0.0263,0.0045,-1,26
35,1,eddie nketiah|crystal palace,Eddie Nketiah,Crystal Palace,FWD,0.0,0.0,0.0,0.0,0.15,0.0,0.0,0.0,0.0,0.0,0.0,0.0,0.0,0.0,0.0,0.0,1,1,8.3,0.0,0.01,0.2,0.2,0.01,1.8971199848858813,True,0.0,0.0,0,0,0,0,0.0,0.0,1.0,0.0,0.0,0.0,0.0,0,0
35,1,el hadji malick diouf|west ham,El Hadji Malick Diouf,West Ham,DEF,90.0,0.015357,0.141899,0.157256,0.17,2.676272,0.145515,2.0,0.092142,0.425697,0.68,0.0,0.381636,-0.26,0.0,-0.643203,1,1,7.6,0.0,0.02,0.2,0.2,0.02,1.7719568419318752,False,2.7227,2.673388245279761,0,1,4,6,0.1294,0.0091,0.6299,0.2744,0.0775,0.0168,0.0014,-4,18
35,1,eli junior kroupi|bournemouth,Eli Junior Kroupi,Bournemouth,FWD,60.0,0.335498,0.110533,0.446031,0.35,3.406953,0.359836,2.0,1.341993,0.331598,0.0,0.0,0.001575,-0.26,-0.008213,0.0,1,1,6.2,0.0,0.02,0.33,0.33,0.02,1.0498221244986778,False,2.6281,3.285786114463326,0,0,4,7,0.2567,0.0625,0.7409,0.1231,0.0861,0.0423,0.0076,-1,25
35,1,eliezer mayenda|sunderland,Eliezer Mayenda,Sunderland,FWD,15.0,0.038397,0.017798,0.056195,0.32,1.175316,0.054645,1.0,0.153589,0.053393,0.0,0.0,0.0,-0.031667,0.0,0.0,1,1,3.3,0.0,0.03,0.1,0.1,0.03,1.1394342831883648,False,0.7002,1.1443425885634075,0,0,1,1,0.0387,0.0021,0.9616,0.0315,0.0058,0.0011,0.0,-2,13
35,1,elliot anderson|nottingham forest,Elliot Anderson,Nottingham Forest,MID,90.0,0.06929,0.098424,0.167714,0.15,3.900905,0.154405,2.0,0.34645,0.295273,0.15,0.0,1.381502,-0.26,-0.01232,0.0,1,1,14.0,0.0,0.02,0.2,0.2,0.02,1.8971199848858813,False,3.7997,2.1588376293737332,2,2,4,6,0.1336,0.0102,0.3263,0.5755,0.069,0.027,0.0022,-1,19
35,1,emil krafth|newcastle united,Emil Krafth,Newcastle United,DEF,0.0,0.0,0.0,0.0,0.23,0.0,0.0,0.0,0.0,0.0,0.0,0.0,0.0,0.0,0.0,0.0,1,1,3.0,0.0,0.02,0.33,0.33,0.02,1.4696759700589417,True,0.0,0.0,0,0,0,0,0.0,0.0,1.0,0.0,0.0,0.0,0.0,0,0
35,1,emile smith-rowe|fulham,Emile Smith-Rowe,Fulham,MID,75.0,0.082197,0.026179,0.108376,0.14,2.580729,0.10271,2.0,0.410986,0.078537,0.14,0.0,0.026206,-0.075,0.0,0.0,1,1,7.1,0.0,0.01,0.06,0.06,0.01,1.9661128563728327,False,2.4623,1.8508318967426511,1,2,2,4,0.0946,0.0044,0.7906,0.1377,0.0628,0.0079,0.001,-2,20
35,1,emiliano buendía|aston villa,Emiliano Buendía,Aston Villa,MID,75.0,0.161248,0.104376,0.265625,0.27,3.250295,0.233273,2.0,0.806241,0.313129,0.27,0.0,0.185925,-0.325,0.0,0.0,1,1,9.7,0.0,0.02,0.33,0.33,0.02,1.3093333199837622,False,3.2565,2.7913630630930113,1,2,4,8,0.2261,0.0259,0.5793,0.2754,0.1066,0.0336,0.0051,-2,22
35,1,emiliano martinez|aston villa,Emiliano Martinez,Aston Villa,GK,90.0,0.0,0.0,0.0,0.27,3.423775,0.0,2.0,0.0,0.0,1.08,0.966667,0.0,-0.2,0.0,-0.422892,1,1,0.0,2.9,0.02,0.14,0.14,0.02,1.3093333199837622,False,3.2057,2.3993306379071644,1,1,6,7,0.0,0.0,0.5395,0.3163,0.1421,0.0021,0.0,-3,11
35,1,emmanuel agbadou|wolverhampton wanderers,Emmanuel Agbadou,Wolverhampton Wanderers,DEF,0.0,0.0,0.0,0.0,0.26,0.0,0.0,0.0,0.0,0.0,0.0,0.0,0.0,0.0,0.0,0.0,1,1,10.2,0.0,0.02,0.06,0.06,0.02,1.3470736479666092,True,0.0,0.0,0,0,0,0,0.0,0.0,1.0,0.0,0.0,0.0,0.0,0,0
35,1,enes ünal|bournemouth,Enes Ünal,Bournemouth,FWD,0.0,0.0,0.0,0.0,0.35,0.0,0.0,0.0,0.0,0.0,0.0,0.0,0.0,0.0,0.0,0.0,1,1,0.0,0.0,0.01,0.2,0.2,0.01,1.0498221244986778,True,0.0,0.0,0,0,0,0,0.0,0.0,1.0,0.0,0.0,0.0,0.0,0,0
35,1,enzo fernández|chelsea,Enzo Fernández,Chelsea,MID,90.0,0.284763,0.25259,0.537353,0.33,4.221907,0.415707,2.0,1.423815,0.757769,0.33,0.0,0.112643,-0.39,-0.01232,0.0,1,1,7.4,0.0,0.02,0.33,0.33,0.02,1.1086626245216111,False,4.3325,3.4740673208790875,1,2,6,9,0.3825,0.0839,0.4534,0.3023,0.1588,0.0695,0.016,-1,32
35,1,enzo le fée|sunderland,Enzo Le Fée,Sunderland,MID,90.0,0.151298,0.21853,0.369828,0.32,3.834379,0.309147,2.0,0.756488,0.655591,0.32,0.0,0.411581,-0.26,-0.04928,0.0,1,1,9.5,0.0,0.02,0.2,0.2,0.02,1.1394342831883648,False,3.9098,2.8756675677136254,2,2,5,8,0.2855,0.0449,0.4497,0.3792,0.1155,0.0487,0.0069,-1,24
35,1,erling haaland|manchester city,Erling Haaland,Manchester City,FWD,90.0,0.720233,0.117632,0.837865,0.37,5.094709,0.567367,2.0,2.880933,0.352896,0.0,0.0,0.00016,-0.09,-0.04928,0.0,1,1,3.2,0.0,0.01,0.06,0.06,0.01,0.9942522733438669,False,5.3567,4.0081248870263515,2,2,7,11,0.5264,0.1735,0.4738,0.1852,0.1803,0.1289,0.0318,-1,28
35,1,estêvão|chelsea,Estêvão,Chelsea,MID,15.0,0.056164,0.040871,0.097035,0.33,1.381767,0.092476,1.0,0.280822,0.122612,0.0,0.0,0.0,-0.021667,0.0,0.0,1,1,6.2,0.0,0.01,0.1,0.1,0.01,1.1086626245216111,False,0.8949,1.608307803251604,0,0,1,1,0.0709,0.0049,0.9292,0.0441,0.0234,0.0029,0.0004,-2,17
35,1,ethan ampadu|leeds,Ethan Ampadu,Leeds,MID,90.0,0.104418,0.096276,0.200695,0.43,3.881473,0.181838,2.0,0.522091,0.288829,0.43,0.0,1.030552,-0.39,0.0,0.0,1,1,12.3,0.0,0.02,0.33,0.33,0.02,0.843970070294529,False,3.805,2.4356877878742997,2,2,5,7,0.1615,0.0137,0.3486,0.5309,0.0806,0.037,0.0029,-1,20
35,1,ethan nwaneri|arsenal,Ethan Nwaneri,Arsenal,MID,0.0,0.0,0.0,0.0,0.44,0.0,0.0,0.0,0.0,0.0,0.0,0.0,0.0,0.0,0.0,0.0,1,1,7.1,0.0,0.01,0.03,0.03,0.01,0.8209805520698302,True,0.0,0.0,0,0,0,0,0.0,0.0,1.0,0.0,0.0,0.0,0.0,0,0
35,1,ethan pinnock|brentford,Ethan Pinnock,Brentford,DEF,0.0,0.0,0.0,0.0,0.27,0.0,0.0,0.0,0.0,0.0,0.0,0.0,0.0,0.0,0.0,0.0,1,1,11.4,0.0,0.02,0.14,0.14,0.02,1.3093333199837622,True,0.0,0.0,0,0,0,0,0.0,0.0,1.0,0.0,0.0,0.0,0.0,0,0
35,1,evanilson|bournemouth,Evanilson,Bournemouth,FWD,75.0,0.373869,0.086748,0.460618,0.35,3.680836,0.369106,2.0,1.495478,0.260245,0.0,0.0,0.000113,-0.075,0.0,0.0,1,1,3.7,0.0,0.01,0.06,0.06,0.01,1.0498221244986778,False,3.7273,3.1231610124999962,1,2,6,8,0.3446,0.0717,0.6554,0.1565,0.127,0.0531,0.008,-2,21
35,1,evann guessand|crystal palace,Evann Guessand,Crystal Palace,MID,15.0,0.022083,0.013297,0.03538,0.15,1.135306,0.034762,1.0,0.110414,0.039892,0.0,0.0,0.0,-0.015,0.0,0.0,1,1,9.1,0.0,0.01,0.06,0.06,0.01,1.8971199848858813,False,0.6622,1.0269815772446942,0,0,1,1,0.0244,0.0008,0.9757,0.015,0.0089,0.0004,0.0,-2,13
35,1,ezra mayers|west ham,Ezra Mayers,West Ham,DEF,0.0,0.0,0.0,0.0,0.17,0.0,0.0,0.0,0.0,0.0,0.0,0.0,0.0,0.0,0.0,0.0,1,1,2.0,0.0,0.02,0.14,0.14,0.02,1.7719568419318752,True,0.0,0.0,0,0,0,0,0.0,0.0,1.0,0.0,0.0,0.0,0.0,0,0
35,1,ezri konsa ngoyo|aston villa,Ezri Konsa Ngoyo,Aston Villa,DEF,90.0,0.036393,0.016032,0.052425,0.27,2.971435,0.051075,2.0,0.218361,0.048096,1.08,0.0,0.13787,-0.09,0.0,-0.422892,1,1,6.1,0.0,0.02,0.03,0.03,0.02,1.3093333199837622,False,3.0619,2.6860134753943434,1,1,6,7,0.0467,0.0012,0.6568,0.2412,0.0851,0.0153,0.0016,-3,21
35,1,fabian schär|newcastle united,Fabian Schär,Newcastle United,DEF,0.0,0.0,0.0,0.0,0.23,0.0,0.0,0.0,0.0,0.0,0.0,0.0,0.0,0.0,0.0,0.0,1,1,9.5,0.0,0.02,0.1,0.1,0.02,1.4696759700589417,True,0.0,0.0,0,0,0,0,0.0,0.0,1.0,0.0,0.0,0.0,0.0,0,0
35,1,fabio carvalho|brentford,Fabio Carvalho,Brentford,MID,0.0,0.0,0.0,0.0,0.27,0.0,0.0,0.0,0.0,0.0,0.0,0.0,0.0,0.0,0.0,0.0,1,1,0.0,0.0,0.01,0.06,0.06,0.01,1.3093333199837622,True,0.0,0.0,0,0,0,0,0.0,0.0,1.0,0.0,0.0,0.0,0.0,0,0
35,1,facundo buonanotte|leeds,Facundo Buonanotte,Leeds,MID,0.0,0.0,0.0,0.0,0.43,0.0,0.0,0.0,0.0,0.0,0.0,0.0,0.0,0.0,0.0,0.0,1,1,3.0,0.0,0.01,0.33,0.33,0.01,0.843970070294529,True,0.0,0.0,0,0,0,0,0.0,0.0,1.0,0.0,0.0,0.0,0.0,0,0
35,1,federico chiesa|liverpool,Federico Chiesa,Liverpool,MID,15.0,0.091145,0.068776,0.159921,0.18,1.623718,0.147788,1.0,0.455723,0.206327,0.0,0.0,0.0,-0.038333,0.0,0.0,1,1,9.6,0.0,0.01,0.2,0.2,0.01,1.7147984280919266,False,1.1142,2.0689993620105347,0,0,1,4,0.1085,0.0143,0.8916,0.0628,0.0356,0.0087,0.0013,-2,19
35,1,ferdi kadioglu|brighton,Ferdi Kadioglu,Brighton,DEF,90.0,0.069658,0.044269,0.113927,0.22,2.687147,0.107677,2.0,0.417947,0.132806,0.88,0.0,0.035558,-0.26,0.0,-0.519164,1,1,4.8,0.0,0.02,0.2,0.2,0.02,1.5141277326297755,False,2.7644,2.8482086721306077,0,1,5,7,0.0957,0.0047,0.7009,0.1935,0.0832,0.0198,0.0026,-4,20
35,1,fernando lópez|wolverhampton wanderers,Fernando López,Wolverhampton Wanderers,FWD,0.0,0.0,0.0,0.0,0.26,0.0,0.0,0.0,0.0,0.0,0.0,0.0,0.0,0.0,0.0,0.0,1,1,4.7,0.0,0.01,0.2,0.2,0.01,1.3470736479666092,True,0.0,0.0,0,0,0,0,0.0,0.0,1.0,0.0,0.0,0.0,0.0,0,0
35,1,filip jorgensen|chelsea,Filip Jorgensen,Chelsea,GK,0.0,0.0,0.0,0.0,0.33,0.0,0.0,0.0,0.0,0.0,0.0,0.0,0.0,0.0,0.0,0.0,1,1,0.0,0.0,0.01,0.03,0.03,0.01,1.1086626245216111,True,0.0,0.0,0,0,0,0,0.0,0.0,1.0,0.0,0.0,0.0,0.0,0,0
35,1,florentino luís|burnley,Florentino Luís,Burnley,MID,60.0,0.024455,0.011487,0.035942,0.12,2.444619,0.035303,2.0,0.122274,0.03446,0.12,0.0,0.321218,-0.153333,0.0,0.0,1,1,13.5,0.0,0.01,0.2,0.2,0.01,2.120263536200091,False,1.8678,1.8521131606897026,0,0,3,4,0.0269,0.0003,0.7347,0.2436,0.0167,0.0049,0.0001,-1,16
35,1,florian wirtz|liverpool,Florian Wirtz,Liverpool,MID,85.0,0.18736,0.14092,0.32828,0.18,3.488471,0.279839,2.0,0.936801,0.422759,0.18,0.0,0.03391,-0.085,0.0,0.0,1,1,6.5,0.0,0.01,0.06,0.06,0.01,1.7147984280919266,False,3.384,2.829230284017192,1,2,5,8,0.2582,0.0365,0.6282,0.2077,0.123,0.0355,0.0056,-2,26
35,1,frank onyeka|brentford,Frank Onyeka,Brentford,MID,0.0,0.0,0.0,0.0,0.27,0.0,0.0,0.0,0.0,0.0,0.0,0.0,0.0,0.0,0.0,0.0,1,1,0.0,0.0,0.02,0.06,0.06,0.02,1.3093333199837622,True,0.0,0.0,0,0,0,0,0.0,0.0,1.0,0.0,0.0,0.0,0.0,0,0
35,1,freddie potts|west ham,Freddie Potts,West Ham,MID,75.0,0.010365,0.071279,0.081644,0.17,2.449105,0.0784,2.0,0.051823,0.213837,0.17,0.0,0.138445,-0.125,0.0,0.0,1,1,9.2,0.0,0.03,0.06,0.06,0.03,1.7719568419318752,False,2.3638,1.4925312593041393,1,2,3,4,0.0749,0.0024,0.7368,0.2388,0.0212,0.0031,0.0001,-2,15
35,1,gabriel gudmundsson|leeds,Gabriel Gudmundsson,Leeds,DEF,0.0,0.0,0.0,0.0,0.43,0.0,0.0,0.0,0.0,0.0,0.0,0.0,0.0,0.0,0.0,0.0,1,1,6.3,0.0,0.02,0.14,0.14,0.02,0.843970070294529,True,0.0,0.0,0,0,0,0,0.0,0.0,1.0,0.0,0.0,0.0,0.0,0,0
35,1,gabriel jesus|arsenal,Gabriel Jesus,Arsenal,FWD,15.0,0.157511,0.005328,0.162839,0.44,1.552693,0.150272,1.0,0.630042,0.015984,0.0,0.0,0.0,-0.093333,0.0,0.0,1,1,7.7,0.0,0.02,0.5,0.5,0.02,0.8209805520698302,False,1.0488,1.944844096579466,0,0,1,4,0.1047,0.0133,0.8953,0.0755,0.0187,0.0101,0.0004,-2,16
35,1,gabriel martinelli|arsenal,Gabriel Martinelli,Arsenal,MID,30.0,0.154919,0.057497,0.212417,0.44,1.860431,0.191372,1.0,0.774597,0.172492,0.0,0.0,9e-06,-0.086667,0.0,0.0,1,1,7.1,0.0,0.02,0.2,0.2,0.02,0.8209805520698302,False,1.23,2.333902311580328,0,0,1,5,0.1241,0.0167,0.876,0.0645,0.0456,0.0126,0.0013,-2,19
35,1,gabriel|arsenal,Gabriel,Arsenal,DEF,90.0,0.1112,0.103094,0.214294,0.44,5.009232,0.192889,2.0,0.667199,0.309283,1.76,0.0,0.68164,-0.2,0.0,-0.20889,1,1,8.9,0.0,0.02,0.14,0.14,0.02,0.8209805520698302,False,5.1267,3.546526062219196,1,2,7,9,0.1693,0.0172,0.3343,0.3753,0.1991,0.0725,0.0188,-2,25
35,1,george earthy|west ham,George Earthy,West Ham,MID,0.0,0.0,0.0,0.0,0.17,0.0,0.0,0.0,0.0,0.0,0.0,0.0,0.0,0.0,0.0,0.0,1,1,1.0,0.0,0.01,0.06,0.06,0.01,1.7719568419318752,True,0.0,0.0,0,0,0,0,0.0,0.0,1.0,0.0,0.0,0.0,0.0,0,0
35,1,george hemmings|aston villa,George Hemmings,Aston Villa,MID,0.0,0.0,0.0,0.0,0.27,0.0,0.0,0.0,0.0,0.0,0.0,0.0,0.0,0.0,0.0,0.0,1,1,0.0,0.0,0.01,0.06,0.06,0.01,1.3093333199837622,True,0.0,0.0,0,0,0,0,0.0,0.0,1.0,0.0,0.0,0.0,0.0,0,0
35,1,georginio rutter|brighton,Georginio Rutter,Brighton,MID,30.0,0.051238,0.059792,0.11103,0.22,1.382231,0.105088,1.0,0.256188,0.179376,0.0,0.0,0.0,-0.053333,0.0,0.0,1,1,5.0,0.0,0.02,0.1,0.1,0.02,1.5141277326297755,False,0.8294,1.4655700733844153,0,0,1,1,0.0632,0.0046,0.9373,0.043,0.0169,0.0027,0.0001,-2,15
35,1,gianluigi donnarumma|manchester city,Gianluigi Donnarumma,Manchester City,GK,90.0,0.0,0.0,0.0,0.37,3.771982,0.0,2.0,0.0,0.0,1.48,0.833333,0.0,-0.26,0.0,-0.281351,1,1,0.0,2.5,0.02,0.2,0.2,0.02,0.9942522733438669,False,3.5642,2.4683756521242874,1,2,6,7,0.0,0.0,0.4874,0.3511,0.1598,0.0017,0.0,-3,11
35,1,giorgi mamardashvili|liverpool,Giorgi Mamardashvili,Liverpool,GK,0.0,0.0,0.0,0.0,0.18,0.0,0.0,0.0,0.0,0.0,0.0,0.0,0.0,0.0,0.0,0.0,1,1,0.0,0.0,0.01,0.06,0.06,0.01,1.7147984280919266,True,0.0,0.0,0,0,0,0,0.0,0.0,1.0,0.0,0.0,0.0,0.0,0,0
35,1,granit xhaka|sunderland,Granit Xhaka,Sunderland,MID,90.0,0.027816,0.160366,0.188182,0.32,3.495141,0.171536,2.0,0.13908,0.481097,0.32,0.0,0.754964,-0.2,0.0,0.0,1,1,11.1,0.0,0.02,0.14,0.14,0.02,1.1394342831883648,False,3.4053,2.0146542904429037,2,2,4,6,0.1528,0.0114,0.4394,0.4823,0.062,0.0153,0.001,-1,19
35,1,guglielmo vicario|tottenham,Guglielmo Vicario,Tottenham,GK,90.0,0.0,0.001999,0.001999,0.2,3.081279,0.001997,2.0,0.0,0.005998,0.8,0.9,0.0,-0.06,0.0,-0.564719,1,1,0.0,2.7,0.01,0.03,0.03,0.01,1.6094379124341003,False,2.8124,2.2496680288433666,1,1,3,7,0.0013,0.0,0.6165,0.2749,0.1067,0.0019,0.0,-4,12
35,1,guido rodríguez|west ham,Guido Rodríguez,West Ham,MID,0.0,0.0,0.0,0.0,0.17,0.0,0.0,0.0,0.0,0.0,0.0,0.0,0.0,0.0,0.0,0.0,1,1,7.7,0.0,0.01,0.33,0.33,0.01,1.7719568419318752,True,0.0,0.0,0,0,0,0,0.0,0.0,1.0,0.0,0.0,0.0,0.0,0,0
35,1,habib diarra|sunderland,Habib Diarra,Sunderland,MID,75.0,0.145335,0.019042,0.164377,0.32,2.771284,0.151578,2.0,0.726674,0.057126,0.32,0.0,0.00275,-0.325,-0.010267,0.0,1,1,5.3,0.0,0.02,0.33,0.33,0.02,1.1394342831883648,False,2.6526,2.3506835686667826,1,1,3,7,0.1366,0.0099,0.6964,0.1936,0.0915,0.0168,0.0017,-2,21
35,1,hamed junior traore|bournemouth,Hamed Junior Traore,Bournemouth,MID,0.0,0.0,0.0,0.0,0.35,0.0,0.0,0.0,0.0,0.0,0.0,0.0,0.0,0.0,0.0,0.0,1,1,0.0,0.0,0.02,0.03,0.03,0.02,1.0498221244986778,True,0.0,0.0,0,0,0,0,0.0,0.0,1.0,0.0,0.0,0.0,0.0,0,0
35,1,hannibal mejbri|burnley,Hannibal Mejbri,Burnley,MID,60.0,0.019442,0.084979,0.104421,0.12,2.118038,0.099154,2.0,0.097212,0.254936,0.12,0.0,0.019223,-0.373333,0.0,0.0,1,1,8.5,0.0,0.02,0.5,0.5,0.02,2.120263536200091,False,1.5324,1.6930298993225137,0,0,2,3,0.0746,0.0046,0.8549,0.1236,0.0183,0.003,0.0002,-1,17
35,1,harrison armstrong|everton,Harrison Armstrong,Everton,MID,15.0,0.00877,0.003119,0.01189,0.12,1.03821,0.011819,1.0,0.043851,0.009358,0.0,0.0,0.0,-0.015,0.0,0.0,1,1,9.2,0.0,0.01,0.06,0.06,0.01,2.120263536200091,False,0.5845,0.7219832061758777,0,0,1,1,0.0077,0.0,0.9922,0.0042,0.0036,0.0,0.0,-2,9
35,1,harrison reed|fulham,Harrison Reed,Fulham,MID,15.0,0.076008,0.091374,0.167381,0.14,1.627492,0.154123,1.0,0.380038,0.274121,0.0,0.0,0.0,-0.026667,0.0,0.0,1,1,5.0,0.0,0.02,0.1,0.1,0.02,1.9661128563728327,False,1.0846,1.9531110669903031,0,0,1,4,0.108,0.014,0.8921,0.0706,0.0286,0.0078,0.0009,-2,19
35,1,harry howell|brighton,Harry Howell,Brighton,MID,0.0,0.0,0.0,0.0,0.22,0.0,0.0,0.0,0.0,0.0,0.0,0.0,0.0,0.0,0.0,0.0,1,1,0.0,0.0,0.01,0.03,0.03,0.01,1.5141277326297755,True,0.0,0.0,0,0,0,0,0.0,0.0,1.0,0.0,0.0,0.0,0.0,0,0
35,1,harry maguire|manchester united,Harry Maguire,Manchester United,DEF,90.0,0.060253,0.043344,0.103597,0.21,2.891557,0.098412,2.0,0.36152,0.130031,0.84,0.0,0.361354,-0.26,0.0,-0.541349,1,1,7.5,0.0,0.02,0.2,0.2,0.02,1.5606477482646683,False,2.9757,2.897500562553871,0,1,5,7,0.0915,0.0046,0.6293,0.2489,0.0956,0.0231,0.0031,-4,20
35,1,harry wilson|fulham,Harry Wilson,Fulham,MID,90.0,0.12752,0.081924,0.209445,0.14,2.809974,0.188965,2.0,0.637602,0.245773,0.14,0.0,0.028919,-0.23,-0.01232,0.0,1,1,6.0,0.0,0.01,0.2,0.2,0.01,1.9661128563728327,False,2.8167,2.2325548391920855,1,2,3,7,0.1601,0.0153,0.7384,0.1585,0.0845,0.0161,0.0025,-1,20
35,1,harvey barnes|newcastle united,Harvey Barnes,Newcastle United,MID,60.0,0.25347,0.108332,0.361802,0.23,3.762542,0.30358,2.0,1.267351,0.324996,0.23,0.0,0.000194,-0.06,0.0,0.0,1,1,4.9,0.0,0.01,0.06,0.06,0.01,1.4696759700589417,False,2.8425,3.426265277237009,0,0,3,8,0.223,0.0428,0.6809,0.1467,0.1201,0.0414,0.0109,-1,23
35,1,harvey elliott|aston villa,Harvey Elliott,Aston Villa,MID,0.0,0.0,0.0,0.0,0.27,0.0,0.0,0.0,0.0,0.0,0.0,0.0,0.0,0.0,0.0,0.0,1,1,5.5,0.0,0.02,0.06,0.06,0.02,1.3093333199837622,True,0.0,0.0,0,0,0,0,0.0,0.0,1.0,0.0,0.0,0.0,0.0,0,0
35,1,hee-chan hwang|wolverhampton wanderers,Hee-Chan Hwang,Wolverhampton Wanderers,MID,30.0,0.147918,0.031518,0.179437,0.26,1.736946,0.164259,1.0,0.739591,0.094555,0.0,0.0,0.0,-0.076667,-0.020533,0.0,1,1,5.3,0.0,0.01,0.2,0.2,0.01,1.3470736479666092,False,1.0894,2.1211807183736138,0,0,1,1,0.0994,0.0102,0.9006,0.0489,0.0415,0.0084,0.0006,-2,19
35,1,hjalmar ekdal|burnley,Hjalmar Ekdal,Burnley,DEF,15.0,0.004025,0.002177,0.006202,0.12,0.970695,0.006183,1.0,0.02415,0.006532,0.0,0.0,1.3e-05,-0.01,0.0,-0.049999,1,1,10.1,0.0,0.01,0.03,0.03,0.01,2.120263536200091,False,0.1268,0.7249287965034911,0,0,0,1,0.0047,0.0,0.9952,0.0025,0.0022,0.0001,0.0,-3,10
35,1,hugo bueno|wolverhampton wanderers,Hugo Bueno,Wolverhampton Wanderers,DEF,90.0,0.031483,0.156586,0.188068,0.26,3.342966,0.171442,2.0,0.188896,0.469758,1.04,0.0,0.23475,-0.15,0.0,-0.440437,1,1,6.8,0.0,0.03,0.06,0.06,0.03,1.3470736479666092,False,3.4195,2.9364467899146414,1,1,6,7,0.1524,0.0125,0.5714,0.2915,0.1031,0.0307,0.0033,-3,19
35,1,hugo ekitike|liverpool,Hugo Ekitike,Liverpool,FWD,0.0,0.0,0.0,0.0,0.18,0.0,0.0,0.0,0.0,0.0,0.0,0.0,0.0,0.0,0.0,0.0,1,1,4.1,0.0,0.01,0.06,0.06,0.01,1.7147984280919266,True,0.0,0.0,0,0,0,0,0.0,0.0,1.0,0.0,0.0,0.0,0.0,0,0
35,1,hákon valdimarsson|brentford,Hákon Valdimarsson,Brentford,GK,0.0,0.0,0.0,0.0,0.27,0.0,0.0,0.0,0.0,0.0,0.0,0.0,0.0,0.0,0.0,0.0,1,1,0.0,0.0,0.0,0.0,0.0,0.0,1.3093333199837622,True,0.0,0.0,0,0,0,0,0.0,0.0,1.0,0.0,0.0,0.0,0.0,0,0
35,1,ian maatsen|aston villa,Ian Maatsen,Aston Villa,DEF,60.0,0.057716,0.110486,0.168203,0.27,3.197091,0.154818,2.0,0.346299,0.331459,1.08,0.0,0.035558,-0.173333,0.0,-0.422892,1,1,7.2,0.0,0.02,0.2,0.2,0.02,1.3093333199837622,False,2.3665,3.088814942660049,0,0,4,7,0.1134,0.0106,0.7158,0.1817,0.0723,0.0267,0.0035,-3,26
35,1,ibrahim sangare|nottingham forest,Ibrahim Sangare,Nottingham Forest,MID,75.0,0.033746,0.051636,0.085382,0.15,2.480866,0.081838,2.0,0.168728,0.154909,0.15,0.0,0.30723,-0.3,0.0,0.0,1,1,10.7,0.0,0.01,0.33,0.33,0.01,1.8971199848858813,False,2.415,1.712826611189819,1,1,3,4,0.0758,0.0031,0.7028,0.2584,0.0332,0.0053,0.0003,-2,16
35,1,ibrahima konaté|liverpool,Ibrahima Konaté,Liverpool,DEF,90.0,0.04467,0.017987,0.062657,0.18,2.923378,0.060734,2.0,0.268018,0.053962,0.72,0.0,0.756897,-0.26,0.0,-0.615499,1,1,9.2,0.0,0.02,0.2,0.2,0.02,1.7147984280919266,False,2.9576,2.789050419049466,0,1,4,7,0.058,0.0022,0.5724,0.3077,0.0964,0.0206,0.0029,-4,23
35,1,idrissa gueye|everton,Idrissa Gueye,Everton,MID,90.0,0.065296,0.058836,0.124133,0.12,2.837153,0.116737,2.0,0.326482,0.176508,0.12,0.0,0.374162,-0.16,0.0,0.0,1,1,9.3,0.0,0.02,0.1,0.1,0.02,2.120263536200091,False,2.7884,1.8441869319567363,2,2,3,5,0.1023,0.0044,0.686,0.2528,0.0493,0.0115,0.0004,-1,16
35,1,igor jesus|nottingham forest,Igor Jesus,Nottingham Forest,FWD,75.0,0.129409,0.070228,0.199637,0.15,2.628874,0.180972,2.0,0.517637,0.210683,0.0,0.0,0.000554,-0.1,0.0,0.0,1,1,4.4,0.0,0.02,0.06,0.06,0.02,1.8971199848858813,False,2.5395,1.9912909757240402,1,2,2,6,0.1664,0.0146,0.8334,0.1011,0.0547,0.0102,0.0006,-2,20
35,1,igor julio|west ham,Igor Julio,West Ham,DEF,0.0,0.0,0.0,0.0,0.17,0.0,0.0,0.0,0.0,0.0,0.0,0.0,0.0,0.0,0.0,0.0,1,1,6.6,0.0,0.02,0.33,0.33,0.02,1.7719568419318752,True,0.0,0.0,0,0,0,0,0.0,0.0,1.0,0.0,0.0,0.0,0.0,0,0
35,1,ilia gruev|leeds,Ilia Gruev,Leeds,MID,60.0,0.039484,0.0913,0.130784,0.43,2.674788,0.122593,2.0,0.197421,0.273901,0.43,0.0,0.013466,-0.24,0.0,0.0,1,1,8.1,0.0,0.01,0.33,0.33,0.01,0.843970070294529,False,1.8692,1.9971708389619554,0,0,3,4,0.0839,0.0074,0.7136,0.2475,0.03,0.0087,0.0002,-1,15
35,1,iliman ndiaye|everton,Iliman Ndiaye,Everton,MID,90.0,0.170333,0.094379,0.264712,0.12,3.566493,0.232573,2.0,0.851665,0.283138,0.12,0.0,0.49097,-0.13,-0.04928,0.0,1,1,9.9,0.0,0.01,0.1,0.1,0.01,2.120263536200091,False,3.5588,2.6335418280331147,2,2,4,8,0.2064,0.0218,0.5667,0.2835,0.1088,0.036,0.005,-1,23
35,1,ismaila sarr|crystal palace,Ismaila Sarr,Crystal Palace,MID,30.0,0.185957,0.022349,0.208306,0.15,1.937074,0.188041,1.0,0.929786,0.067046,0.0,0.0,2e-06,-0.043333,-0.016427,0.0,1,1,6.2,0.0,0.01,0.1,0.1,0.01,1.8971199848858813,False,1.2703,2.403422124804546,0,0,1,6,0.1189,0.0148,0.881,0.0519,0.0532,0.0122,0.0017,-2,19
35,1,issa diop|fulham,Issa Diop,Fulham,DEF,15.0,0.000568,0.000141,0.000709,0.14,0.89518,0.000709,1.0,0.003411,0.000423,0.0,0.0,1e-06,-0.065,0.0,-0.043655,1,1,7.9,0.0,0.02,0.33,0.33,0.02,1.9661128563728327,False,0.0844,0.5982279164331935,0,0,0,1,0.0001,0.0,0.9999,0.0,0.0,0.0001,0.0,-4,10
35,1,iyenoma destiny udogie|tottenham,Iyenoma Destiny Udogie,Tottenham,DEF,30.0,0.008111,0.037341,0.045452,0.2,0.970287,0.044434,1.0,0.048664,0.112024,0.0,0.0,5e-06,-0.086667,0.0,-0.103738,1,1,4.5,0.0,0.02,0.2,0.2,0.02,1.6094379124341003,False,0.3058,0.9835071733342874,0,0,1,1,0.0294,0.0013,0.9722,0.023,0.0045,0.0003,0.0,-4,10
35,1,jack fletcher|manchester united,Jack Fletcher,Manchester United,MID,0.0,0.0,0.0,0.0,0.21,0.0,0.0,0.0,0.0,0.0,0.0,0.0,0.0,0.0,0.0,0.0,1,1,9.3,0.0,0.02,0.06,0.06,0.02,1.5606477482646683,True,0.0,0.0,0,0,0,0,0.0,0.0,1.0,0.0,0.0,0.0,0.0,0,0
35,1,jack grealish|everton,Jack Grealish,Everton,MID,0.0,0.0,0.0,0.0,0.12,0.0,0.0,0.0,0.0,0.0,0.0,0.0,0.0,0.0,0.0,0.0,1,1,7.5,0.0,0.01,0.33,0.33,0.01,2.120263536200091,True,0.0,0.0,0,0,0,0,0.0,0.0,1.0,0.0,0.0,0.0,0.0,0,0
35,1,jack harrison|leeds,Jack Harrison,Leeds,MID,0.0,0.0,0.0,0.0,0.43,0.0,0.0,0.0,0.0,0.0,0.0,0.0,0.0,0.0,0.0,0.0,1,1,8.2,0.0,0.02,0.14,0.14,0.02,0.843970070294529,True,0.0,0.0,0,0,0,0,0.0,0.0,1.0,0.0,0.0,0.0,0.0,0,0
35,1,jack hinshelwood|brighton,Jack Hinshelwood,Brighton,MID,80.0,0.229575,0.112218,0.341792,0.22,3.713101,0.289504,2.0,1.147874,0.336653,0.22,0.0,0.088574,-0.08,0.0,0.0,1,1,8.0,0.0,0.01,0.06,0.06,0.01,1.5141277326297755,False,3.5879,3.0296985972205226,1,2,5,8,0.2632,0.0382,0.5867,0.2262,0.1369,0.0421,0.0081,-2,25
35,1,jackson tchatchoua|wolverhampton wanderers,Jackson Tchatchoua,Wolverhampton Wanderers,DEF,0.0,0.0,0.0,0.0,0.26,0.0,0.0,0.0,0.0,0.0,0.0,0.0,0.0,0.0,0.0,0.0,1,1,3.0,0.0,0.02,0.2,0.2,0.02,1.3470736479666092,True,0.0,0.0,0,0,0,0,0.0,0.0,1.0,0.0,0.0,0.0,0.0,0,0
35,1,jacob bruun larsen|burnley,Jacob Bruun Larsen,Burnley,FWD,30.0,0.088096,0.025664,0.113759,0.12,1.411161,0.107527,1.0,0.352382,0.076992,0.0,0.0,1e-06,-0.01,-0.008213,0.0,1,1,5.7,0.0,0.01,,0.0,0.01,2.120263536200091,False,0.8885,1.5171248300650808,0,0,1,1,0.0727,0.0053,0.9274,0.0573,0.0119,0.0034,0.0,-2,13
35,1,jacob murphy|newcastle united,Jacob Murphy,Newcastle United,MID,30.0,0.073373,0.11607,0.189443,0.23,1.675075,0.17258,1.0,0.366865,0.34821,0.0,0.0,0.0,-0.04,0.0,0.0,1,1,4.5,0.0,0.02,0.06,0.06,0.02,1.4696759700589417,False,1.0627,1.843629222484825,0,0,1,4,0.1099,0.0107,0.8903,0.0749,0.03,0.0047,0.0001,-2,17
35,1,jacob ramsey|newcastle united,Jacob Ramsey,Newcastle United,MID,60.0,0.066703,0.054166,0.120869,0.23,2.403918,0.11385,2.0,0.333514,0.162498,0.23,0.0,0.03124,-0.353333,0.0,0.0,1,1,9.1,0.0,0.01,0.5,0.5,0.01,1.4696759700589417,False,1.7652,2.0706687229008893,0,0,2,4,0.0884,0.0051,0.798,0.149,0.0453,0.0068,0.0009,-1,18
35,1,jadon sancho|aston villa,Jadon Sancho,Aston Villa,MID,0.0,0.0,0.0,0.0,0.27,0.0,0.0,0.0,0.0,0.0,0.0,0.0,0.0,0.0,0.0,0.0,1,1,4.8,0.0,0.02,0.1,0.1,0.02,1.3093333199837622,True,0.0,0.0,0,0,0,0,0.0,0.0,1.0,0.0,0.0,0.0,0.0,0,0
35,1,jaidon anthony|burnley,Jaidon Anthony,Burnley,MID,90.0,0.124413,0.102194,0.226607,0.12,3.019453,0.202766,2.0,0.622064,0.306581,0.12,0.0,0.200807,-0.23,0.0,0.0,1,1,8.2,0.0,0.01,0.2,0.2,0.01,2.120263536200091,False,2.994,2.316325538433663,1,2,3,7,0.1754,0.0176,0.6899,0.2033,0.0826,0.0222,0.002,-1,23
35,1,jair|nottingham forest,Jair,Nottingham Forest,DEF,0.0,0.0,0.0,0.0,0.15,0.0,0.0,0.0,0.0,0.0,0.0,0.0,0.0,0.0,0.0,0.0,1,1,10.2,0.0,0.02,0.14,0.14,0.02,1.8971199848858813,True,0.0,0.0,0,0,0,0,0.0,0.0,1.0,0.0,0.0,0.0,0.0,0,0
35,1,jaka bijol|leeds,Jaka Bijol,Leeds,DEF,0.0,0.0,0.0,0.0,0.43,0.0,0.0,0.0,0.0,0.0,0.0,0.0,0.0,0.0,0.0,0.0,1,1,9.2,0.0,0.02,0.33,0.33,0.02,0.843970070294529,True,0.0,0.0,0,0,0,0,0.0,0.0,1.0,0.0,0.0,0.0,0.0,0,0
35,1,jake o'brien|everton,Jake O'Brien,Everton,DEF,90.0,0.01258,0.018995,0.031574,0.12,1.929816,0.031081,2.0,0.075478,0.056985,0.48,0.0,0.251085,-0.12,0.0,-0.813732,1,1,6.9,0.0,0.02,0.06,0.06,0.02,2.120263536200091,False,1.9693,2.2262878317953407,0,1,2,6,0.0282,0.0007,0.7809,0.1694,0.0443,0.0049,0.0005,-5,20
35,1,jamaal lascelles|newcastle united,Jamaal Lascelles,Newcastle United,DEF,0.0,0.0,0.0,0.0,0.23,0.0,0.0,0.0,0.0,0.0,0.0,0.0,0.0,0.0,0.0,0.0,1,1,3.0,0.0,0.01,0.14,0.14,0.01,1.4696759700589417,True,0.0,0.0,0,0,0,0,0.0,0.0,1.0,0.0,0.0,0.0,0.0,0,0
35,1,jamaldeen jimoh|aston villa,Jamaldeen Jimoh,Aston Villa,MID,0.0,0.0,0.0,0.0,0.27,0.0,0.0,0.0,0.0,0.0,0.0,0.0,0.0,0.0,0.0,0.0,1,1,2.0,0.0,0.01,0.06,0.06,0.01,1.3093333199837622,True,0.0,0.0,0,0,0,0,0.0,0.0,1.0,0.0,0.0,0.0,0.0,0,0
35,1,james garner|everton,James Garner,Everton,MID,90.0,0.031511,0.107028,0.138538,0.12,3.369189,0.12937,2.0,0.157554,0.321083,0.12,0.0,1.030552,-0.26,0.0,0.0,1,1,12.3,0.0,0.02,0.2,0.2,0.02,2.120263536200091,False,3.3056,1.9279545222852121,2,2,4,5,0.1164,0.0067,0.4686,0.4624,0.0563,0.0121,0.0006,-1,17
35,1,james hill|bournemouth,James Hill,Bournemouth,DEF,90.0,0.063087,0.073248,0.136335,0.35,4.669388,0.127449,2.0,0.378522,0.219743,1.4,0.0,1.17666,-0.2,0.0,-0.305536,1,1,10.9,0.0,0.02,0.14,0.14,0.02,1.0498221244986778,False,4.6636,3.23561973043805,1,2,7,9,0.1166,0.0066,0.3218,0.4048,0.2077,0.0567,0.009,-3,23
35,1,james justin|leeds,James Justin,Leeds,DEF,75.0,0.11114,0.141194,0.252334,0.43,4.507339,0.223015,2.0,0.666839,0.423583,1.72,0.0,0.240127,-0.325,0.0,-0.21821,1,1,8.2,0.0,0.02,0.33,0.33,0.02,0.843970070294529,False,4.319,3.6673749467432426,1,1,6,9,0.2034,0.0246,0.4549,0.3149,0.15,0.0656,0.0146,-3,24
35,1,james mcatee|nottingham forest,James McAtee,Nottingham Forest,MID,0.0,0.0,0.0,0.0,0.15,0.0,0.0,0.0,0.0,0.0,0.0,0.0,0.0,0.0,0.0,0.0,1,1,5.8,0.0,0.01,0.33,0.33,0.01,1.8971199848858813,True,0.0,0.0,0,0,0,0,0.0,0.0,1.0,0.0,0.0,0.0,0.0,0,0
35,1,james milner|brighton,James Milner,Brighton,MID,15.0,0.00405,0.011189,0.015239,0.22,0.993819,0.015124,1.0,0.020251,0.033568,0.0,0.0,0.0,-0.06,0.0,0.0,1,1,9.2,0.0,0.01,0.33,0.33,0.01,1.5141277326297755,False,0.5551,0.6963935597060041,0,0,1,1,0.0107,0.0,0.9893,0.0088,0.0019,0.0,0.0,-2,9
35,1,james rowswell|tottenham,James Rowswell,Tottenham,MID,0.0,0.0,0.0,0.0,0.2,0.0,0.0,0.0,0.0,0.0,0.0,0.0,0.0,0.0,0.0,0.0,1,1,0.0,0.0,0.0,0.0,0.0,0.0,1.6094379124341003,True,0.0,0.0,0,0,0,0,0.0,0.0,1.0,0.0,0.0,0.0,0.0,0,0
35,1,james tarkowski|everton,James Tarkowski,Everton,DEF,90.0,0.041715,0.037796,0.079511,0.12,2.899863,0.076432,2.0,0.25029,0.113387,0.48,0.0,1.129917,-0.26,0.0,-0.813732,1,1,10.7,0.0,0.02,0.2,0.2,0.02,2.120263536200091,False,2.9148,2.676666015774101,0,1,4,7,0.0709,0.0022,0.5286,0.3563,0.0919,0.0214,0.0018,-5,20
35,1,james trafford|manchester city,James Trafford,Manchester City,GK,0.0,0.0,0.0,0.0,0.37,0.0,0.0,0.0,0.0,0.0,0.0,0.0,0.0,0.0,0.0,0.0,1,1,0.0,0.0,0.01,0.1,0.1,0.01,0.9942522733438669,True,0.0,0.0,0,0,0,0,0.0,0.0,1.0,0.0,0.0,0.0,0.0,0,0
35,1,james ward-prowse|burnley,James Ward-Prowse,Burnley,MID,30.0,0.004653,0.078072,0.082725,0.12,1.227481,0.079396,1.0,0.023265,0.234216,0.0,0.0,1e-06,-0.03,0.0,0.0,1,1,5.6,0.0,0.01,0.06,0.06,0.01,2.120263536200091,False,0.7397,1.1017912279556414,0,0,1,1,0.0538,0.0032,0.9462,0.0488,0.0048,0.0002,0.0,-2,10
35,1,jamie bynoe-gittens|chelsea,Jamie Bynoe-Gittens,Chelsea,MID,0.0,0.0,0.0,0.0,0.33,0.0,0.0,0.0,0.0,0.0,0.0,0.0,0.0,0.0,0.0,0.0,1,1,4.0,0.0,0.02,0.03,0.03,0.02,1.1086626245216111,True,0.0,0.0,0,0,0,0,0.0,0.0,1.0,0.0,0.0,0.0,0.0,0,0
35,1,jan paul van hecke|brighton,Jan Paul van Hecke,Brighton,DEF,90.0,0.081765,0.039791,0.121556,0.22,3.264464,0.114458,2.0,0.490591,0.119372,0.88,0.0,0.583664,-0.29,0.0,-0.519164,1,1,8.5,0.0,0.03,0.2,0.2,0.03,1.5141277326297755,False,3.2974,3.115502084736905,0,1,6,8,0.1038,0.0058,0.5677,0.2795,0.1141,0.0334,0.0053,-3,24
35,1,jarrad branthwaite|everton,Jarrad Branthwaite,Everton,DEF,90.0,0.028109,0.01281,0.040919,0.12,2.203131,0.040093,2.0,0.168653,0.038431,0.48,0.0,0.559779,-0.23,0.0,-0.813732,1,1,8.4,0.0,0.03,0.14,0.14,0.03,2.120263536200091,False,2.2371,2.444112024846652,0,1,3,6,0.0368,0.0004,0.6958,0.2343,0.058,0.0112,0.0007,-4,18
35,1,jarrod bowen|west ham,Jarrod Bowen,West Ham,FWD,90.0,0.277917,0.230741,0.508657,0.17,3.676151,0.398697,2.0,1.111666,0.692222,0.0,0.0,0.103863,-0.17,-0.0616,0.0,1,1,7.3,0.0,0.01,0.14,0.14,0.01,1.7719568419318752,False,3.8217,2.9400525692579036,2,2,6,8,0.3679,0.0741,0.6098,0.2168,0.1178,0.0501,0.0055,-1,21
35,1,jaydee canvot|crystal palace,Jaydee Canvot,Crystal Palace,DEF,15.0,0.014554,0.001658,0.016212,0.15,1.008105,0.016081,1.0,0.087323,0.004974,0.0,0.0,6.7e-05,-0.043333,0.0,-0.040926,1,1,12.3,0.0,0.02,0.2,0.2,0.02,1.8971199848858813,False,0.2195,0.9813866465364199,0,0,0,1,0.0131,0.0003,0.9856,0.007,0.0066,0.0008,0.0,-5,14
35,1,jayden bogle|leeds,Jayden Bogle,Leeds,DEF,75.0,0.062354,0.182383,0.244737,0.43,4.239739,0.21709,2.0,0.374125,0.547149,1.72,0.0,0.033341,-0.216667,0.0,-0.21821,1,1,5.7,0.0,0.02,0.2,0.2,0.02,0.843970070294529,False,4.0222,3.332432618973713,1,1,6,8,0.2064,0.0224,0.4988,0.3203,0.1206,0.0531,0.0072,-3,26
35,1,jaydon banel|burnley,Jaydon Banel,Burnley,FWD,0.0,0.0,0.0,0.0,0.12,0.0,0.0,0.0,0.0,0.0,0.0,0.0,0.0,0.0,0.0,0.0,1,1,0.0,0.0,0.01,0.03,0.03,0.01,2.120263536200091,True,0.0,0.0,0,0,0,0,0.0,0.0,1.0,0.0,0.0,0.0,0.0,0,0
35,1,jean-clair todibo|west ham,Jean-Clair Todibo,West Ham,DEF,15.0,0.003109,0.003361,0.00647,0.17,0.949253,0.006449,1.0,0.018656,0.010083,0.0,0.0,2e-06,-0.043333,0.0,-0.036155,1,1,8.2,0.0,0.02,0.2,0.2,0.02,1.7719568419318752,False,0.1769,0.697858431202203,0,0,0,1,0.0043,0.0,0.9961,0.0021,0.0018,0.0,0.0,-4,9
35,1,jean-philippe mateta|crystal palace,Jean-Philippe Mateta,Crystal Palace,FWD,30.0,0.156393,0.009766,0.166159,0.15,1.601538,0.153089,1.0,0.625573,0.029298,0.0,0.0,0.0,-0.053333,0.0,0.0,1,1,5.2,0.0,0.02,0.1,0.1,0.02,1.8971199848858813,False,1.0476,1.8775873455048637,0,0,1,1,0.0997,0.0101,0.9005,0.072,0.0199,0.0072,0.0004,-2,19
35,1,jean-ricner bellegarde|wolverhampton wanderers,Jean-Ricner Bellegarde,Wolverhampton Wanderers,MID,60.0,0.033961,0.06426,0.098221,0.26,2.370057,0.093551,2.0,0.169807,0.192779,0.26,0.0,0.007472,-0.26,0.0,0.0,1,1,7.5,0.0,0.02,0.33,0.33,0.02,1.3470736479666092,False,1.6558,1.785476507826412,0,0,2,3,0.0694,0.003,0.8051,0.1643,0.0259,0.0047,0.0,-1,14
35,1,jefferson lerma|crystal palace,Jefferson Lerma,Crystal Palace,MID,0.0,0.0,0.0,0.0,0.15,0.0,0.0,0.0,0.0,0.0,0.0,0.0,0.0,0.0,0.0,0.0,1,1,11.4,0.0,0.02,0.06,0.06,0.02,1.8971199848858813,True,0.0,0.0,0,0,0,0,0.0,0.0,1.0,0.0,0.0,0.0,0.0,0,0
35,1,jenson seelt|sunderland,Jenson Seelt,Sunderland,DEF,0.0,0.0,0.0,0.0,0.32,0.0,0.0,0.0,0.0,0.0,0.0,0.0,0.0,0.0,0.0,0.0,1,1,8.1,0.0,0.02,0.33,0.33,0.02,1.1394342831883648,True,0.0,0.0,0,0,0,0,0.0,0.0,1.0,0.0,0.0,0.0,0.0,0,0
35,1,jeremie frimpong|liverpool,Jeremie Frimpong,Liverpool,DEF,60.0,0.025597,0.117836,0.143432,0.18,2.504961,0.13362,2.0,0.153579,0.353507,0.72,0.0,4.1e-05,-0.106667,0.0,-0.615499,1,1,2.9,0.0,0.02,0.1,0.1,0.02,1.7147984280919266,False,1.7841,2.546819033618211,0,0,2,6,0.0997,0.0074,0.7992,0.1421,0.0436,0.014,0.0011,-3,18
35,1,jhon arias|wolverhampton wanderers,Jhon Arias,Wolverhampton Wanderers,MID,0.0,0.0,0.0,0.0,0.26,0.0,0.0,0.0,0.0,0.0,0.0,0.0,0.0,0.0,0.0,0.0,1,1,5.0,0.0,0.02,0.06,0.06,0.02,1.3470736479666092,True,0.0,0.0,0,0,0,0,0.0,0.0,1.0,0.0,0.0,0.0,0.0,0,0
35,1,joachim andersen|fulham,Joachim Andersen,Fulham,DEF,90.0,0.024,0.014579,0.038579,0.14,2.867666,0.037844,2.0,0.143999,0.043738,0.56,0.0,1.057886,-0.2,0.0,-0.737956,1,1,10.4,0.0,0.02,0.14,0.14,0.02,1.9661128563728327,False,2.8292,2.448678696766891,0,1,4,6,0.0335,0.0005,0.5307,0.3755,0.0811,0.0112,0.0015,-4,19
35,1,joe knight|brighton,Joe Knight,Brighton,MID,0.0,0.0,0.0,0.0,0.22,0.0,0.0,0.0,0.0,0.0,0.0,0.0,0.0,0.0,0.0,0.0,1,1,0.0,0.0,0.01,0.06,0.06,0.01,1.5141277326297755,True,0.0,0.0,0,0,0,0,0.0,0.0,1.0,0.0,0.0,0.0,0.0,0,0
35,1,joe rodon|leeds,Joe Rodon,Leeds,DEF,90.0,0.067702,0.047805,0.115507,0.43,4.539237,0.109086,2.0,0.40621,0.143416,1.72,0.0,0.607821,-0.12,0.0,-0.21821,1,1,8.6,0.0,0.02,0.06,0.06,0.02,0.843970070294529,False,4.6052,3.129877467250116,1,2,6,8,0.0966,0.0044,0.3906,0.3741,0.1839,0.0422,0.0092,-3,23
35,1,joe willock|newcastle united,Joe Willock,Newcastle United,MID,30.0,0.043357,0.061904,0.105261,0.23,1.282603,0.09991,1.0,0.216784,0.185712,0.0,0.0,0.000108,-0.12,0.0,0.0,1,1,9.2,0.0,0.01,0.33,0.33,0.01,1.4696759700589417,False,0.7552,1.3827049432181835,0,0,1,1,0.0589,0.004,0.9408,0.0432,0.0141,0.0018,0.0001,-2,15
35,1,joe worrall|burnley,Joe Worrall,Burnley,DEF,15.0,0.001884,0.0,0.001884,0.12,0.94139,0.001882,1.0,0.011302,0.0,0.0,0.0,8.8e-05,-0.02,0.0,-0.049999,1,1,12.7,0.0,0.02,0.06,0.06,0.02,2.120263536200091,False,0.1087,0.6645933418264135,0,0,0,1,0.0013,0.0,0.9954,0.0039,0.0007,0.0,0.0,-4,8
35,1,joelinton|newcastle united,Joelinton,Newcastle United,MID,60.0,0.073373,0.07738,0.150753,0.23,2.542408,0.13994,2.0,0.366865,0.23214,0.23,0.0,0.106736,-0.393333,0.0,0.0,1,1,11.0,0.0,0.03,0.5,0.5,0.03,1.4696759700589417,False,1.919,2.268356012622357,0,0,3,5,0.1025,0.0075,0.7435,0.1987,0.0457,0.0113,0.0008,-1,20
35,1,john mcginn|aston villa,John McGinn,Aston Villa,MID,60.0,0.071865,0.138373,0.210238,0.27,2.875951,0.189609,2.0,0.359326,0.415118,0.27,0.0,0.00484,-0.173333,0.0,0.0,1,1,7.1,0.0,0.02,0.2,0.2,0.02,1.3093333199837622,False,2.0661,2.35315337154211,0,0,3,5,0.138,0.0146,0.7367,0.1979,0.0513,0.0132,0.0009,-1,19
35,1,john stones|manchester city,John Stones,Manchester City,DEF,0.0,0.0,0.0,0.0,0.37,0.0,0.0,0.0,0.0,0.0,0.0,0.0,0.0,0.0,0.0,0.0,1,1,4.9,0.0,0.02,0.14,0.14,0.02,0.9942522733438669,True,0.0,0.0,0,0,0,0,0.0,0.0,1.0,0.0,0.0,0.0,0.0,0,0
35,1,john victor|nottingham forest,John Victor,Nottingham Forest,GK,0.0,0.0,0.0,0.0,0.15,0.0,0.0,0.0,0.0,0.0,0.0,0.0,0.0,0.0,0.0,0.0,1,1,0.0,0.0,0.01,0.06,0.06,0.01,1.8971199848858813,True,0.0,0.0,0,0,0,0,0.0,0.0,1.0,0.0,0.0,0.0,0.0,0,0
35,1,jonah kusi-asare|fulham,Jonah Kusi-Asare,Fulham,FWD,0.0,0.0,0.0,0.0,0.14,0.0,0.0,0.0,0.0,0.0,0.0,0.0,0.0,0.0,0.0,0.0,1,1,3.0,0.0,0.01,0.1,0.1,0.01,1.9661128563728327,True,0.0,0.0,0,0,0,0,0.0,0.0,1.0,0.0,0.0,0.0,0.0,0,0
35,1,jordan henderson|brentford,Jordan Henderson,Brentford,MID,60.0,0.014202,0.088183,0.102384,0.27,2.363187,0.097317,2.0,0.071008,0.264548,0.27,0.0,0.017632,-0.26,0.0,0.0,1,1,8.4,0.0,0.02,0.33,0.33,0.02,1.3093333199837622,False,1.6798,1.7422605890049858,0,0,2,3,0.0684,0.0047,0.7878,0.1885,0.0208,0.0027,0.0002,-1,15
35,1,jordan pickford|everton,Jordan Pickford,Everton,GK,90.0,0.0,0.000659,0.000659,0.12,2.448244,0.000658,2.0,0.0,0.001976,0.48,0.9,0.0,-0.12,0.0,-0.813732,1,1,0.0,2.7,0.02,0.06,0.06,0.02,2.120263536200091,False,2.1761,2.0575443591815947,0,1,3,6,0.0006,0.0,0.7268,0.2073,0.0644,0.0015,0.0,-4,11
35,1,jorge cuenca|fulham,Jorge Cuenca,Fulham,DEF,0.0,0.0,0.0,0.0,0.14,0.0,0.0,0.0,0.0,0.0,0.0,0.0,0.0,0.0,0.0,0.0,1,1,6.0,0.0,0.01,0.5,0.5,0.01,1.9661128563728327,True,0.0,0.0,0,0,0,0,0.0,0.0,1.0,0.0,0.0,0.0,0.0,0,0
35,1,jorrel hato|chelsea,Jorrel Hato,Chelsea,DEF,15.0,0.00713,0.013521,0.020651,0.33,0.974864,0.020439,1.0,0.042778,0.040563,0.0,0.0,5e-06,-0.093333,0.0,-0.015149,1,1,9.0,0.0,0.02,0.5,0.5,0.02,1.1086626245216111,False,0.3815,0.867846616632225,0,0,1,1,0.0163,0.0003,0.9841,0.0107,0.0049,0.0003,0.0,-3,13
35,1,joseph gomez|liverpool,Joseph Gomez,Liverpool,DEF,90.0,0.023147,0.133345,0.156492,0.18,2.575773,0.144861,2.0,0.138883,0.400034,0.72,0.0,0.322355,-0.39,0.0,-0.615499,1,1,7.3,0.0,0.02,0.33,0.33,0.02,1.7147984280919266,False,2.6478,2.742217197816395,0,1,4,6,0.1321,0.0101,0.645,0.2588,0.0761,0.0185,0.0016,-4,18
35,1,josh acheampong|chelsea,Josh Acheampong,Chelsea,DEF,15.0,0.011391,0.005465,0.016855,0.33,1.026256,0.016714,1.0,0.068345,0.016394,0.0,0.0,0.0,-0.043333,0.0,-0.015149,1,1,6.3,0.0,0.02,0.2,0.2,0.02,1.1086626245216111,False,0.3975,0.8419582828145347,0,0,1,1,0.0108,0.0,0.9895,0.0046,0.0056,0.0003,0.0,-3,10
35,1,josh cullen|burnley,Josh Cullen,Burnley,MID,0.0,0.0,0.0,0.0,0.12,0.0,0.0,0.0,0.0,0.0,0.0,0.0,0.0,0.0,0.0,0.0,1,1,10.3,0.0,0.01,0.14,0.14,0.01,2.120263536200091,True,0.0,0.0,0,0,0,0,0.0,0.0,1.0,0.0,0.0,0.0,0.0,0,0
35,1,josh laurent|burnley,Josh Laurent,Burnley,MID,15.0,0.004842,0.005395,0.010237,0.12,0.980393,0.010184,1.0,0.024208,0.016185,0.0,0.0,0.0,-0.06,0.0,0.0,1,1,9.5,0.0,0.01,0.33,0.33,0.01,2.120263536200091,False,0.5435,0.650774730609602,0,0,1,1,0.0065,0.0001,0.9935,0.0047,0.0018,0.0,0.0,-2,9
35,1,joshua king|fulham,Joshua King,Fulham,MID,0.0,0.0,0.0,0.0,0.14,0.0,0.0,0.0,0.0,0.0,0.0,0.0,0.0,0.0,0.0,0.0,1,1,7.5,0.0,0.01,0.33,0.33,0.01,1.9661128563728327,True,0.0,0.0,0,0,0,0,0.0,0.0,1.0,0.0,0.0,0.0,0.0,0,0
35,1,joshua zirkzee|manchester united,Joshua Zirkzee,Manchester United,FWD,15.0,0.106153,0.030091,0.136244,0.21,1.454884,0.12737,1.0,0.42461,0.090274,0.0,0.0,0.0,-0.06,0.0,0.0,1,1,6.5,0.0,0.01,0.33,0.33,0.01,1.5606477482646683,False,0.9588,1.7502864222749372,0,0,1,1,0.0886,0.0115,0.9115,0.0657,0.0168,0.0056,0.0004,-2,16
35,1,josko gvardiol|manchester city,Josko Gvardiol,Manchester City,DEF,0.0,0.0,0.0,0.0,0.37,0.0,0.0,0.0,0.0,0.0,0.0,0.0,0.0,0.0,0.0,0.0,1,1,6.8,0.0,0.01,0.14,0.14,0.01,0.9942522733438669,True,0.0,0.0,0,0,0,0,0.0,0.0,1.0,0.0,0.0,0.0,0.0,0,0
35,1,josé sá|wolverhampton wanderers,José Sá,Wolverhampton Wanderers,GK,90.0,0.0,0.0,0.0,0.26,3.40623,0.0,2.0,0.0,0.0,1.04,0.866667,0.0,-0.06,0.0,-0.440437,1,1,0.0,2.6,0.01,0.03,0.03,0.01,1.3470736479666092,False,3.1586,2.345516156414191,1,1,6,7,0.0,0.0,0.563,0.2988,0.137,0.0012,0.0,-3,10
35,1,jota silva|nottingham forest,Jota Silva,Nottingham Forest,MID,0.0,0.0,0.0,0.0,0.15,0.0,0.0,0.0,0.0,0.0,0.0,0.0,0.0,0.0,0.0,0.0,1,1,4.0,0.0,0.01,0.14,0.14,0.01,1.8971199848858813,True,0.0,0.0,0,0,0,0,0.0,0.0,1.0,0.0,0.0,0.0,0.0,0,0
35,1,joão gomes|wolverhampton wanderers,João Gomes,Wolverhampton Wanderers,MID,90.0,0.039898,0.071176,0.111074,0.26,3.380381,0.105127,2.0,0.199489,0.213528,0.26,0.0,1.097364,-0.39,0.0,0.0,1,1,12.6,0.0,0.02,0.33,0.33,0.02,1.3470736479666092,False,3.3275,1.951062210694472,1,2,4,5,0.0963,0.0046,0.4086,0.5275,0.0483,0.0151,0.0005,-1,17
35,1,joão palhinha|tottenham,João Palhinha,Tottenham,MID,75.0,0.196779,0.033838,0.230618,0.2,3.543151,0.205957,2.0,0.983897,0.101515,0.2,0.0,0.582739,-0.325,0.0,0.0,1,1,12.4,0.0,0.02,0.33,0.33,0.02,1.6094379124341003,False,3.4352,2.896411738686335,1,2,4,8,0.1856,0.0186,0.531,0.3152,0.1029,0.0447,0.0062,-2,22
35,1,joão pedro|chelsea,João Pedro,Chelsea,FWD,90.0,0.587513,0.123735,0.711248,0.33,4.468728,0.508969,2.0,2.350051,0.371205,0.0,0.0,0.007472,-0.26,0.0,0.0,1,1,5.0,0.0,0.02,0.2,0.2,0.02,1.1086626245216111,False,4.6161,3.687888391749403,1,2,7,10,0.4656,0.1316,0.5335,0.198,0.1534,0.0969,0.0182,-1,27
35,1,joél drakes-thomas|crystal palace,Joél Drakes-Thomas,Crystal Palace,FWD,0.0,0.0,0.0,0.0,0.15,0.0,0.0,0.0,0.0,0.0,0.0,0.0,0.0,0.0,0.0,0.0,1,1,0.0,0.0,0.01,0.06,0.06,0.01,1.8971199848858813,True,0.0,0.0,0,0,0,0,0.0,0.0,1.0,0.0,0.0,0.0,0.0,0,0
35,1,joël piroe|leeds,Joël Piroe,Leeds,FWD,15.0,0.153168,0.043268,0.196436,0.43,1.72081,0.178346,1.0,0.612673,0.129803,0.0,0.0,0.0,-0.021667,0.0,0.0,1,1,2.0,0.0,0.01,0.1,0.1,0.01,0.843970070294529,False,1.1825,2.0606294548025854,0,0,1,5,0.124,0.0164,0.8761,0.0896,0.0228,0.0105,0.001,-2,19
35,1,joël veltman|brighton,Joël Veltman,Brighton,DEF,90.0,0.078659,0.024023,0.102681,0.22,3.127029,0.097586,2.0,0.471952,0.072068,0.88,0.0,0.782173,-0.56,0.0,-0.519164,1,1,9.3,0.0,0.02,0.5,0.5,0.02,1.5141277326297755,False,3.184,3.059631350342717,0,1,5,8,0.0903,0.0035,0.5495,0.2968,0.1207,0.0279,0.0051,-3,21
35,1,julio soler|bournemouth,Julio Soler,Bournemouth,DEF,0.0,0.0,0.0,0.0,0.35,0.0,0.0,0.0,0.0,0.0,0.0,0.0,0.0,0.0,0.0,0.0,1,1,0.0,0.0,0.01,0.06,0.06,0.01,1.0498221244986778,True,0.0,0.0,0,0,0,0,0.0,0.0,1.0,0.0,0.0,0.0,0.0,0,0
35,1,jun'ai byfield|tottenham,Jun'ai Byfield,Tottenham,DEF,0.0,0.0,0.0,0.0,0.2,0.0,0.0,0.0,0.0,0.0,0.0,0.0,0.0,0.0,0.0,0.0,1,1,1.0,0.0,0.02,0.06,0.06,0.02,1.6094379124341003,True,0.0,0.0,0,0,0,0,0.0,0.0,1.0,0.0,0.0,0.0,0.0,0,0
35,1,jurriën timber|arsenal,Jurriën Timber,Arsenal,DEF,0.0,0.0,0.0,0.0,0.44,0.0,0.0,0.0,0.0,0.0,0.0,0.0,0.0,0.0,0.0,0.0,1,1,5.0,0.0,0.02,0.2,0.2,0.02,0.8209805520698302,True,0.0,0.0,0,0,0,0,0.0,0.0,1.0,0.0,0.0,0.0,0.0,0,0
35,1,justin devenny|crystal palace,Justin Devenny,Crystal Palace,MID,0.0,0.0,0.0,0.0,0.15,0.0,0.0,0.0,0.0,0.0,0.0,0.0,0.0,0.0,0.0,0.0,1,1,7.3,0.0,0.02,0.06,0.06,0.02,1.8971199848858813,True,0.0,0.0,0,0,0,0,0.0,0.0,1.0,0.0,0.0,0.0,0.0,0,0
35,1,justin kluivert|bournemouth,Justin Kluivert,Bournemouth,MID,0.0,0.0,0.0,0.0,0.35,0.0,0.0,0.0,0.0,0.0,0.0,0.0,0.0,0.0,0.0,0.0,1,1,6.1,0.0,0.01,0.5,0.5,0.01,1.0498221244986778,True,0.0,0.0,0,0,0,0,0.0,0.0,1.0,0.0,0.0,0.0,0.0,0,0
35,1,jéremy doku|manchester city,Jéremy Doku,Manchester City,MID,60.0,0.104941,0.193847,0.298788,0.37,3.417435,0.258283,2.0,0.524706,0.58154,0.37,0.0,0.001189,-0.06,0.0,0.0,1,1,6.0,0.0,0.01,0.06,0.06,0.01,0.9942522733438669,False,2.4838,2.7814991569295864,0,0,3,7,0.1873,0.0303,0.642,0.2577,0.0725,0.0249,0.0029,-1,21
35,1,jørgen strand larsen|crystal palace,Jørgen Strand Larsen,Crystal Palace,FWD,30.0,0.0772,0.008058,0.085258,0.15,1.2722,0.081724,1.0,0.3088,0.024173,0.0,0.0,0.0,-0.056667,-0.004107,0.0,1,1,3.7,0.0,0.01,0.14,0.14,0.01,1.8971199848858813,False,0.8141,1.4054683169676931,0,0,1,1,0.0599,0.0036,0.9401,0.0476,0.0101,0.0021,0.0001,-2,15
35,1,kaden rodney|crystal palace,Kaden Rodney,Crystal Palace,MID,0.0,0.0,0.0,0.0,0.15,0.0,0.0,0.0,0.0,0.0,0.0,0.0,0.0,0.0,0.0,0.0,1,1,0.0,0.0,0.01,0.06,0.06,0.01,1.8971199848858813,True,0.0,0.0,0,0,0,0,0.0,0.0,1.0,0.0,0.0,0.0,0.0,0,0
35,1,kai havertz|arsenal,Kai Havertz,Arsenal,FWD,0.0,0.0,0.0,0.0,0.44,0.0,0.0,0.0,0.0,0.0,0.0,0.0,0.0,0.0,0.0,0.0,1,1,6.4,0.0,0.02,0.03,0.03,0.02,0.8209805520698302,True,0.0,0.0,0,0,0,0,0.0,0.0,1.0,0.0,0.0,0.0,0.0,0,0
35,1,kaoru mitoma|brighton,Kaoru Mitoma,Brighton,MID,75.0,0.17877,0.17174,0.35051,0.22,3.439748,0.295671,2.0,0.893848,0.51522,0.22,0.0,0.002347,-0.191667,0.0,0.0,1,1,5.2,0.0,0.01,0.2,0.2,0.01,1.5141277326297755,False,3.3484,2.889501244159621,1,2,5,8,0.2767,0.0415,0.617,0.2256,0.1155,0.0353,0.0066,-2,25
35,1,karl darlow|leeds,Karl Darlow,Leeds,GK,90.0,0.0,0.000657,0.000657,0.43,4.377094,0.000657,2.0,0.0,0.001971,1.72,0.933333,0.0,-0.06,0.0,-0.21821,1,1,0.0,2.8,0.01,0.03,0.03,0.01,0.843970070294529,False,4.1572,2.493128187638975,1,2,6,7,0.0004,0.0,0.3879,0.3711,0.2358,0.0052,0.0,-3,11
35,1,keane lewis-potter|brentford,Keane Lewis-Potter,Brentford,DEF,15.0,0.024522,0.024464,0.048986,0.27,1.179829,0.047805,1.0,0.147132,0.073391,0.0,0.0,0.0,-0.02,0.0,-0.020694,1,1,3.2,0.0,0.02,0.06,0.06,0.02,1.3093333199837622,False,0.4791,1.2297817651925076,0,0,1,1,0.0344,0.0012,0.9662,0.0189,0.013,0.0018,0.0001,-4,16
35,1,kenny tete|fulham,Kenny Tete,Fulham,DEF,75.0,0.018878,0.025812,0.04469,0.14,2.147438,0.043706,2.0,0.113267,0.077437,0.56,0.0,0.268025,-0.133333,0.0,-0.737956,1,1,8.4,0.0,0.02,0.1,0.1,0.02,1.9661128563728327,False,1.9965,2.3564990451939507,0,1,2,6,0.0419,0.0005,0.7505,0.1889,0.0529,0.0074,0.0003,-4,16
35,1,kevin danso|tottenham,Kevin Danso,Tottenham,DEF,90.0,0.028873,0.005891,0.034764,0.2,3.401304,0.034166,2.0,0.173236,0.017673,0.8,0.0,1.535114,-0.56,0.0,-0.564719,1,1,12.7,0.0,0.02,0.5,0.5,0.02,1.6094379124341003,False,3.4351,2.6584183248691318,1,2,4,8,0.0296,0.0005,0.4107,0.4251,0.1451,0.0167,0.0024,-3,22
35,1,kevin schade|brentford,Kevin Schade,Brentford,MID,75.0,0.306643,0.108983,0.415626,0.27,3.846397,0.340073,2.0,1.533214,0.326949,0.27,0.0,0.021367,-0.3,-0.005133,0.0,1,1,6.9,0.0,0.01,0.33,0.33,0.01,1.3093333199837622,False,3.7829,3.442930087875733,1,2,6,9,0.3082,0.0563,0.5712,0.2067,0.1552,0.0534,0.0135,-2,25
35,1,kevin|fulham,Kevin,Fulham,MID,60.0,0.052945,0.032488,0.085434,0.14,2.402998,0.081886,2.0,0.264727,0.097465,0.14,0.0,0.007472,-0.106667,0.0,0.0,1,1,7.5,0.0,0.02,0.1,0.1,0.02,1.9661128563728327,False,1.7222,1.9123878163176005,0,0,2,3,0.0645,0.0035,0.8502,0.1066,0.0359,0.0066,0.0007,-1,23
35,1,ki-jana hoever|wolverhampton wanderers,Ki-Jana Hoever,Wolverhampton Wanderers,DEF,15.0,0.0,0.013789,0.013789,0.26,0.992885,0.013695,1.0,0.0,0.041368,0.0,0.0,3e-06,-0.026667,0.0,-0.021819,1,1,8.5,0.0,0.02,0.1,0.1,0.02,1.3470736479666092,False,0.3158,0.6475108956612237,0,0,1,1,0.0084,0.0001,0.9918,0.008,0.0002,0.0,0.0,-5,7
35,1,kieran trippier|newcastle united,Kieran Trippier,Newcastle United,DEF,0.0,0.0,0.0,0.0,0.23,0.0,0.0,0.0,0.0,0.0,0.0,0.0,0.0,0.0,0.0,0.0,1,1,4.0,0.0,0.02,0.2,0.2,0.02,1.4696759700589417,True,0.0,0.0,0,0,0,0,0.0,0.0,1.0,0.0,0.0,0.0,0.0,0,0
35,1,kiernan dewsbury-hall|everton,Kiernan Dewsbury-Hall,Everton,MID,90.0,0.116299,0.15883,0.275129,0.12,2.928344,0.240526,2.0,0.581496,0.47649,0.12,0.0,0.152679,-0.39,-0.01232,0.0,1,1,7.8,0.0,0.02,0.33,0.33,0.02,2.120263536200091,False,2.9871,2.453636808902247,1,2,3,7,0.2176,0.0245,0.6787,0.2131,0.0837,0.0224,0.0021,-1,21
35,1,kobbie mainoo|manchester united,Kobbie Mainoo,Manchester United,MID,90.0,0.014653,0.07384,0.088493,0.21,2.796367,0.084691,2.0,0.073267,0.221519,0.21,0.0,0.411581,-0.12,0.0,0.0,1,1,9.5,0.0,0.02,0.06,0.06,0.02,1.5606477482646683,False,2.7439,1.4849622183745954,2,2,3,5,0.0741,0.003,0.6278,0.3427,0.0255,0.004,0.0,-1,13
35,1,konstantinos mavropanos|west ham,Konstantinos Mavropanos,West Ham,DEF,90.0,0.096673,0.010774,0.107447,0.17,3.565301,0.101876,2.0,0.580037,0.032322,0.68,0.0,1.106145,-0.19,0.0,-0.643203,1,1,10.6,0.0,0.03,0.1,0.1,0.03,1.7719568419318752,False,3.5649,3.1773869751731536,1,1,5,8,0.0922,0.0055,0.468,0.3584,0.1255,0.0386,0.0095,-3,22
35,1,kristoffer ajer|brentford,Kristoffer Ajer,Brentford,DEF,90.0,0.044238,0.041749,0.085987,0.27,3.669954,0.082394,2.0,0.265425,0.125248,1.08,0.0,0.782173,-0.16,0.0,-0.422892,1,1,9.3,0.0,0.02,0.1,0.1,0.02,1.3093333199837622,False,3.6797,2.9406645354409267,1,1,6,8,0.0755,0.0033,0.4795,0.3539,0.1345,0.0288,0.0033,-3,23
35,1,kyle walker-peters|west ham,Kyle Walker-Peters,West Ham,DEF,30.0,0.022802,0.008753,0.031556,0.17,0.954514,0.031063,1.0,0.136812,0.02626,0.0,0.0,0.000154,-0.086667,0.0,-0.122046,1,1,6.8,0.0,0.02,0.2,0.2,0.02,1.7719568419318752,False,0.2522,1.0382654573855379,0,0,0,1,0.0182,0.0004,0.9822,0.0089,0.0083,0.0006,0.0,-4,14
35,1,kyle walker|burnley,Kyle Walker,Burnley,DEF,90.0,0.0,0.035479,0.035479,0.12,1.509251,0.034857,2.0,0.0,0.106438,0.48,0.0,0.126545,-0.39,0.0,-0.813732,1,1,6.0,0.0,0.02,0.33,0.33,0.02,2.120263536200091,False,1.5633,2.0816323186384285,0,0,2,5,0.0312,0.0006,0.8268,0.1423,0.0285,0.0024,0.0,-5,12
35,1,ladislav krejcí|wolverhampton wanderers,Ladislav Krejcí,Wolverhampton Wanderers,DEF,90.0,0.052647,0.043948,0.096595,0.26,3.055314,0.092076,2.0,0.315883,0.131843,1.04,0.0,0.268025,-0.26,0.0,-0.440437,1,1,7.0,0.0,0.02,0.2,0.2,0.02,1.3470736479666092,False,3.1344,2.88418734481656,0,1,6,7,0.0817,0.0041,0.6126,0.2668,0.0968,0.021,0.0028,-3,21
35,1,lamare bogarde|aston villa,Lamare Bogarde,Aston Villa,MID,30.0,0.0,0.001567,0.001567,0.27,0.818034,0.001566,1.0,0.0,0.004701,0.0,0.0,0.0,-0.186667,0.0,0.0,1,1,5.3,0.0,0.02,0.5,0.5,0.02,1.3093333199837622,False,0.4417,0.5392597796980599,0,0,1,1,0.0016,0.0,0.9984,0.0016,0.0,0.0,0.0,-2,6
35,1,leandro trossard|arsenal,Leandro Trossard,Arsenal,MID,60.0,0.192882,0.124846,0.317728,0.44,3.293652,0.272199,2.0,0.964411,0.374537,0.44,0.0,0.001371,-0.486667,0.0,0.0,1,1,6.1,0.0,0.02,0.67,0.67,0.02,0.8209805520698302,False,2.4333,3.0849231935333497,0,0,3,7,0.1969,0.0328,0.6963,0.1742,0.092,0.0322,0.0053,-1,25
35,1,leny yoro|manchester united,Leny Yoro,Manchester United,DEF,60.0,0.049054,0.018175,0.067229,0.21,2.613023,0.065019,2.0,0.294322,0.054526,0.84,0.0,0.045523,-0.08,0.0,-0.541349,1,1,7.5,0.0,0.02,0.06,0.06,0.02,1.5606477482646683,False,1.9354,2.6799303796927263,0,0,2,6,0.0497,0.0022,0.7845,0.1436,0.0555,0.0141,0.0023,-3,19
35,1,leon bailey|aston villa,Leon Bailey,Aston Villa,MID,60.0,0.054598,0.117622,0.17222,0.27,2.794145,0.158206,2.0,0.27299,0.352867,0.27,0.0,0.051621,-0.153333,0.0,0.0,1,1,9.8,0.0,0.01,0.2,0.2,0.01,1.3093333199837622,False,2.0667,2.2734227741447475,0,0,3,5,0.1133,0.0125,0.7197,0.2195,0.0484,0.0117,0.0007,-1,17
35,1,lewis cook|bournemouth,Lewis Cook,Bournemouth,DEF,15.0,0.001898,0.008306,0.010204,0.35,0.996274,0.010152,1.0,0.011385,0.024919,0.0,0.0,0.000305,-0.026667,0.0,-0.013668,1,1,14.8,0.0,0.02,0.1,0.1,0.02,1.0498221244986778,False,0.4157,0.7024909323258202,0,0,1,1,0.0074,0.0,0.9863,0.0126,0.001,0.0001,0.0,-4,10
35,1,lewis dunk|brighton,Lewis Dunk,Brighton,DEF,0.0,0.0,0.0,0.0,0.22,0.0,0.0,0.0,0.0,0.0,0.0,0.0,0.0,0.0,0.0,0.0,1,1,7.6,0.0,0.03,0.33,0.33,0.03,1.5141277326297755,True,0.0,0.0,0,0,0,0,0.0,0.0,1.0,0.0,0.0,0.0,0.0,0,0
35,1,lewis hall|newcastle united,Lewis Hall,Newcastle United,DEF,90.0,0.050027,0.11607,0.166097,0.23,3.367799,0.153036,2.0,0.300162,0.34821,0.92,0.0,0.46749,-0.17,0.0,-0.498063,1,1,8.0,0.0,0.01,0.14,0.14,0.01,1.4696759700589417,False,3.3655,2.9465759365745186,1,1,6,7,0.1386,0.0087,0.5583,0.3011,0.1071,0.0302,0.0033,-3,21
35,1,lewis miley|newcastle united,Lewis Miley,Newcastle United,MID,60.0,0.073373,0.108332,0.181705,0.23,2.893482,0.166153,2.0,0.366865,0.324996,0.23,0.0,0.051621,-0.08,0.0,0.0,1,1,9.8,0.0,0.02,0.06,0.06,0.02,1.4696759700589417,False,2.1595,2.393169394338813,0,0,3,5,0.1211,0.0119,0.7201,0.2114,0.0524,0.0147,0.0014,-1,19
35,1,liam delap|chelsea,Liam Delap,Chelsea,FWD,15.0,0.072803,0.001692,0.074495,0.33,1.257956,0.071788,1.0,0.291212,0.005077,0.0,0.0,0.0,-0.038333,0.0,0.0,1,1,3.1,0.0,0.01,0.2,0.2,0.01,1.1086626245216111,False,0.8163,1.409806479627612,0,0,1,1,0.0551,0.0034,0.9449,0.0409,0.0118,0.0023,0.0001,-2,16
35,1,lisandro martínez|manchester united,Lisandro Martínez,Manchester United,DEF,0.0,0.0,0.0,0.0,0.21,0.0,0.0,0.0,0.0,0.0,0.0,0.0,0.0,0.0,0.0,0.0,1,1,7.5,0.0,0.02,0.1,0.1,0.02,1.5606477482646683,True,0.0,0.0,0,0,0,0,0.0,0.0,1.0,0.0,0.0,0.0,0.0,0,0
35,1,lorenzo lucca|nottingham forest,Lorenzo Lucca,Nottingham Forest,FWD,15.0,0.070167,0.006671,0.076838,0.15,1.285681,0.07396,1.0,0.280668,0.020014,0.0,0.0,0.0,-0.015,0.0,0.0,1,1,3.0,0.0,0.01,0.06,0.06,0.01,1.8971199848858813,False,0.7979,1.345903261753979,0,0,1,1,0.0514,0.0029,0.9486,0.0396,0.0098,0.0018,0.0002,-2,16
35,1,loum tchaouna|burnley,Loum Tchaouna,Burnley,MID,15.0,0.010756,0.007778,0.018533,0.12,1.045445,0.018363,1.0,0.053778,0.023334,0.0,0.0,0.0,-0.031667,0.0,0.0,1,1,5.3,0.0,0.03,0.1,0.1,0.03,2.120263536200091,False,0.5943,0.8268660774272941,0,0,1,1,0.0137,0.0001,0.9863,0.0084,0.0053,0.0,0.0,-2,9
35,1,luca netz|nottingham forest,Luca Netz,Nottingham Forest,DEF,0.0,0.0,0.0,0.0,0.15,0.0,0.0,0.0,0.0,0.0,0.0,0.0,0.0,0.0,0.0,0.0,1,1,3.0,0.0,0.01,0.14,0.14,0.01,1.8971199848858813,True,0.0,0.0,0,0,0,0,0.0,0.0,1.0,0.0,0.0,0.0,0.0,0,0
35,1,lucas bergvall|tottenham,Lucas Bergvall,Tottenham,MID,0.0,0.0,0.0,0.0,0.2,0.0,0.0,0.0,0.0,0.0,0.0,0.0,0.0,0.0,0.0,0.0,1,1,7.7,0.0,0.01,0.2,0.2,0.01,1.6094379124341003,True,0.0,0.0,0,0,0,0,0.0,0.0,1.0,0.0,0.0,0.0,0.0,0,0
35,1,lucas digne|aston villa,Lucas Digne,Aston Villa,DEF,30.0,0.011887,0.045097,0.056984,0.27,1.037307,0.055391,1.0,0.071324,0.135291,0.0,0.0,1.6e-05,-0.096667,0.0,-0.072658,1,1,5.2,0.0,0.03,0.2,0.2,0.03,1.3093333199837622,False,0.4035,1.0618322607643829,0,0,1,1,0.0349,0.0014,0.9663,0.0267,0.0062,0.0008,0.0,-4,13
35,1,lucas paquetá|west ham,Lucas Paquetá,West Ham,MID,0.0,0.0,0.0,0.0,0.17,0.0,0.0,0.0,0.0,0.0,0.0,0.0,0.0,0.0,0.0,0.0,1,1,8.7,0.0,0.02,0.2,0.2,0.02,1.7719568419318752,True,0.0,0.0,0,0,0,0,0.0,0.0,1.0,0.0,0.0,0.0,0.0,0,0
35,1,lucas perri|leeds,Lucas Perri,Leeds,GK,0.0,0.0,0.0,0.0,0.43,0.0,0.0,0.0,0.0,0.0,0.0,0.0,0.0,0.0,0.0,0.0,1,1,0.0,2.4,0.01,0.1,0.1,0.01,0.843970070294529,True,0.0,0.0,0,0,0,0,0.0,0.0,1.0,0.0,0.0,0.0,0.0,0,0
35,1,lucas pires|burnley,Lucas Pires,Burnley,DEF,0.0,0.0,0.0,0.0,0.12,0.0,0.0,0.0,0.0,0.0,0.0,0.0,0.0,0.0,0.0,0.0,1,1,6.4,0.0,0.01,0.06,0.06,0.01,2.120263536200091,True,0.0,0.0,0,0,0,0,0.0,0.0,1.0,0.0,0.0,0.0,0.0,0,0
35,1,luis guilherme|west ham,Luis Guilherme,West Ham,MID,0.0,0.0,0.0,0.0,0.17,0.0,0.0,0.0,0.0,0.0,0.0,0.0,0.0,0.0,0.0,0.0,1,1,8.2,0.0,0.01,0.1,0.1,0.01,1.7719568419318752,True,0.0,0.0,0,0,0,0,0.0,0.0,1.0,0.0,0.0,0.0,0.0,0,0
35,1,lukas nmecha|leeds,Lukas Nmecha,Leeds,FWD,30.0,0.213805,0.05627,0.270075,0.43,1.976591,0.236678,1.0,0.855221,0.16881,0.0,0.0,0.0,-0.043333,-0.004107,0.0,1,1,4.6,0.0,0.01,0.1,0.1,0.01,0.843970070294529,False,1.374,2.38569151400595,0,0,1,5,0.157,0.0256,0.8437,0.109,0.0295,0.0158,0.002,-2,20
35,1,luke o'nien|sunderland,Luke O'Nien,Sunderland,MID,0.0,0.0,0.0,0.0,0.32,0.0,0.0,0.0,0.0,0.0,0.0,0.0,0.0,0.0,0.0,0.0,1,1,3.0,0.0,0.01,0.5,0.5,0.01,1.1394342831883648,True,0.0,0.0,0,0,0,0,0.0,0.0,1.0,0.0,0.0,0.0,0.0,0,0
35,1,luke shaw|manchester united,Luke Shaw,Manchester United,DEF,90.0,0.013191,0.039193,0.052384,0.21,2.314405,0.051036,2.0,0.079147,0.117579,0.84,0.0,0.079029,-0.26,0.0,-0.541349,1,1,5.5,0.0,0.02,0.2,0.2,0.02,1.5606477482646683,False,2.398,2.397456151840947,0,1,4,6,0.047,0.0013,0.7327,0.2072,0.0529,0.0071,0.0001,-3,15
35,1,lutsharel geertruida|sunderland,Lutsharel Geertruida,Sunderland,DEF,30.0,0.013067,0.017195,0.030262,0.32,1.033241,0.029809,1.0,0.078403,0.051584,0.0,0.0,0.000121,-0.04,0.0,-0.056866,1,1,6.6,0.0,0.02,0.06,0.06,0.02,1.1394342831883648,False,0.4431,0.9855771862213533,0,0,1,1,0.0208,0.0003,0.9788,0.013,0.0077,0.0004,0.0001,-4,16
35,1,lyle foster|burnley,Lyle Foster,Burnley,FWD,15.0,0.030921,0.007549,0.03847,0.12,1.081329,0.037739,1.0,0.123682,0.022647,0.0,0.0,0.0,-0.065,0.0,0.0,1,1,5.3,0.0,0.02,0.33,0.33,0.02,2.120263536200091,False,0.6381,1.035049945654798,0,0,1,1,0.0303,0.0009,0.9698,0.0248,0.005,0.0004,0.0,-2,12
35,1,mads hermansen|west ham,Mads Hermansen,West Ham,GK,90.0,0.0,0.0,0.0,0.17,2.873463,0.0,2.0,0.0,0.0,0.68,0.966667,0.0,-0.13,0.0,-0.643203,1,1,0.0,2.9,0.01,0.1,0.1,0.01,1.7719568419318752,False,2.6189,2.209810577855034,1,1,3,6,0.0,0.0,0.6449,0.2586,0.0944,0.0021,0.0,-4,11
35,1,malick thiaw|newcastle united,Malick Thiaw,Newcastle United,DEF,90.0,0.200108,0.034821,0.234929,0.23,4.233652,0.209373,2.0,1.200649,0.104463,0.92,0.0,0.706603,-0.2,0.0,-0.498063,1,1,9.0,0.0,0.02,0.14,0.14,0.02,1.4696759700589417,False,4.1717,3.7811928157659453,1,1,6,9,0.1798,0.0174,0.4778,0.2841,0.1538,0.0629,0.0214,-3,30
35,1,malo gusto|chelsea,Malo Gusto,Chelsea,DEF,75.0,0.056954,0.136814,0.193768,0.33,3.542586,0.176151,2.0,0.341723,0.410442,1.32,0.0,0.018644,-0.216667,0.0,-0.331556,1,1,5.2,0.0,0.02,0.2,0.2,0.02,1.1086626245216111,False,3.41,3.194698733840172,1,1,6,7,0.1705,0.0166,0.5926,0.2691,0.0932,0.0395,0.0056,-3,23
35,1,mamadou sarr|chelsea,Mamadou Sarr,Chelsea,DEF,0.0,0.0,0.0,0.0,0.33,0.0,0.0,0.0,0.0,0.0,0.0,0.0,0.0,0.0,0.0,0.0,1,1,5.0,0.0,0.02,0.06,0.06,0.02,1.1086626245216111,True,0.0,0.0,0,0,0,0,0.0,0.0,1.0,0.0,0.0,0.0,0.0,0,0
35,1,manuel ugarte|manchester united,Manuel Ugarte,Manchester United,MID,15.0,0.012398,0.001676,0.014075,0.21,1.0187,0.013976,1.0,0.061992,0.005029,0.0,0.0,1.2e-05,-0.048333,0.0,0.0,1,1,14.7,0.0,0.03,0.2,0.2,0.03,1.5606477482646683,False,0.5799,0.8351143574385487,0,0,1,1,0.0098,0.0004,0.9888,0.0057,0.0051,0.0004,0.0,-2,14
35,1,marc cucurella|chelsea,Marc Cucurella,Chelsea,DEF,90.0,0.058581,0.176776,0.235357,0.33,3.829287,0.209711,2.0,0.351487,0.530328,1.32,0.0,0.219028,-0.26,0.0,-0.331556,1,1,6.7,0.0,0.02,0.2,0.2,0.02,1.1086626245216111,False,3.9233,3.174400275642629,1,1,6,8,0.1833,0.0187,0.5006,0.3235,0.1262,0.0449,0.0048,-4,24
35,1,marc guehi|manchester city,Marc Guehi,Manchester City,DEF,90.0,0.130593,0.06459,0.195183,0.37,4.512169,0.177316,2.0,0.783558,0.19377,1.48,0.0,0.536192,-0.2,0.0,-0.281351,1,1,8.3,0.0,0.02,0.14,0.14,0.02,0.9942522733438669,False,4.5769,3.5524760928118853,1,2,6,9,0.1569,0.0138,0.4213,0.3317,0.166,0.0652,0.0158,-3,28
35,1,marc guiu|chelsea,Marc Guiu,Chelsea,FWD,0.0,0.0,0.0,0.0,0.33,0.0,0.0,0.0,0.0,0.0,0.0,0.0,0.0,0.0,0.0,0.0,1,1,2.0,0.0,0.01,0.06,0.06,0.01,1.1086626245216111,True,0.0,0.0,0,0,0,0,0.0,0.0,1.0,0.0,0.0,0.0,0.0,0,0
35,1,marco bizot|aston villa,Marco Bizot,Aston Villa,GK,0.0,0.0,0.0,0.0,0.27,0.0,0.0,0.0,0.0,0.0,0.0,0.0,0.0,0.0,0.0,0.0,1,1,0.0,0.0,0.01,0.03,0.03,0.01,1.3093333199837622,True,0.0,0.0,0,0,0,0,0.0,0.0,1.0,0.0,0.0,0.0,0.0,0,0
35,1,marcos senesi|bournemouth,Marcos Senesi,Bournemouth,DEF,90.0,0.068311,0.149514,0.217825,0.35,5.1409,0.195734,2.0,0.409866,0.448542,1.4,0.0,1.448027,-0.26,0.0,-0.305536,1,1,12.2,0.0,0.02,0.2,0.2,0.02,1.0498221244986778,False,5.0975,3.385320331962693,1,3,8,9,0.1711,0.0165,0.2489,0.4282,0.2363,0.0714,0.0152,-2,23
35,1,marcus edwards|burnley,Marcus Edwards,Burnley,MID,75.0,0.102067,0.115708,0.217775,0.12,2.90521,0.195694,2.0,0.510335,0.347125,0.12,0.0,0.00275,-0.075,0.0,0.0,1,1,5.3,0.0,0.01,0.06,0.06,0.01,2.120263536200091,False,2.8035,2.2703496977338093,1,2,3,6,0.1815,0.0197,0.7408,0.1629,0.0758,0.0186,0.0019,-2,21
35,1,marcus tavernier|bournemouth,Marcus Tavernier,Bournemouth,MID,90.0,0.420458,0.224417,0.644874,0.35,5.030375,0.475272,2.0,2.102289,0.67325,0.35,0.0,0.214117,-0.26,-0.04928,0.0,1,1,8.3,0.0,0.02,0.2,0.2,0.02,1.0498221244986778,False,5.1118,3.9900752824978127,2,2,8,11,0.4321,0.1126,0.3793,0.2887,0.1966,0.1039,0.0315,-1,28
35,1,marshall munetsi|wolverhampton wanderers,Marshall Munetsi,Wolverhampton Wanderers,MID,0.0,0.0,0.0,0.0,0.26,0.0,0.0,0.0,0.0,0.0,0.0,0.0,0.0,0.0,0.0,0.0,1,1,5.0,0.0,0.01,0.14,0.14,0.01,1.3470736479666092,True,0.0,0.0,0,0,0,0,0.0,0.0,1.0,0.0,0.0,0.0,0.0,0,0
35,1,martin dubravka|burnley,Martin Dubravka,Burnley,GK,90.0,0.0,0.000163,0.000163,0.12,2.84009,0.000163,2.0,0.0,0.000488,0.48,1.233333,0.0,-0.06,0.0,-0.813732,1,1,0.0,3.7,0.01,0.03,0.03,0.01,2.120263536200091,False,2.5496,2.0425327023085824,1,1,3,6,0.0,0.0,0.6234,0.2934,0.0805,0.0027,0.0,-4,12
35,1,martin odegaard|arsenal,Martin Odegaard,Arsenal,MID,75.0,0.076976,0.281307,0.358283,0.44,3.632893,0.301125,2.0,0.384882,0.843921,0.44,0.0,0.019223,-0.05,-0.005133,0.0,1,1,6.8,0.0,0.01,0.03,0.03,0.01,0.8209805520698302,False,3.5158,2.5505980396761854,1,2,5,7,0.2801,0.0445,0.4571,0.4187,0.0889,0.0326,0.0027,-2,21
35,1,martín zubimendi|arsenal,Martín Zubimendi,Arsenal,MID,90.0,0.094312,0.036597,0.130909,0.44,3.159776,0.122702,2.0,0.471562,0.10979,0.44,0.0,0.338424,-0.2,0.0,0.0,1,1,9.1,0.0,0.02,0.14,0.14,0.02,0.8209805520698302,False,3.154,2.1020666021798644,2,2,3,6,0.1115,0.0065,0.4831,0.4286,0.0669,0.0195,0.0019,-1,18
35,1,mason mount|manchester united,Mason Mount,Manchester United,MID,0.0,0.0,0.0,0.0,0.21,0.0,0.0,0.0,0.0,0.0,0.0,0.0,0.0,0.0,0.0,0.0,1,1,7.0,0.0,0.02,0.1,0.1,0.02,1.5606477482646683,True,0.0,0.0,0,0,0,0,0.0,0.0,1.0,0.0,0.0,0.0,0.0,0,0
35,1,mateo kovacic|manchester city,Mateo Kovacic,Manchester City,MID,0.0,0.0,0.0,0.0,0.37,0.0,0.0,0.0,0.0,0.0,0.0,0.0,0.0,0.0,0.0,0.0,1,1,3.0,0.0,0.02,0.14,0.14,0.02,0.9942522733438669,True,0.0,0.0,0,0,0,0,0.0,0.0,1.0,0.0,0.0,0.0,0.0,0,0
35,1,mateus fernandes|west ham,Mateus Fernandes,West Ham,MID,90.0,0.035536,0.11667,0.152206,0.17,3.331157,0.141188,2.0,0.177678,0.35001,0.17,0.0,0.893468,-0.26,0.0,0.0,1,1,11.7,0.0,0.02,0.2,0.2,0.02,1.7719568419318752,False,3.2592,1.9788419239545134,2,2,4,5,0.127,0.0085,0.4868,0.4443,0.0536,0.0148,0.0005,-1,17
35,1,mateus mané|wolverhampton wanderers,Mateus Mané,Wolverhampton Wanderers,FWD,90.0,0.077365,0.122263,0.199628,0.26,2.587437,0.180964,2.0,0.309459,0.366789,0.0,0.0,0.001189,-0.09,0.0,0.0,1,1,4.0,0.0,0.01,0.06,0.06,0.01,1.3470736479666092,False,2.6303,1.753859147708276,2,2,2,6,0.1645,0.0146,0.8352,0.1149,0.0425,0.0072,0.0002,-1,16
35,1,matheus cunha|manchester united,Matheus Cunha,Manchester United,MID,80.0,0.198375,0.098339,0.296714,0.21,3.444202,0.256744,2.0,0.991877,0.295017,0.21,0.0,0.053974,-0.106667,0.0,0.0,1,1,7.4,0.0,0.02,0.06,0.06,0.02,1.5606477482646683,False,3.338,2.8292677497896874,1,2,4,8,0.2387,0.0303,0.6216,0.2128,0.1267,0.0332,0.0057,-2,25
35,1,matheus nunes|manchester city,Matheus Nunes,Manchester City,DEF,90.0,0.021509,0.074481,0.09599,0.37,3.570172,0.091527,2.0,0.129052,0.223443,1.48,0.0,0.219028,-0.2,0.0,-0.281351,1,1,6.7,0.0,0.02,0.14,0.14,0.02,0.9942522733438669,False,3.657,2.781321808061771,1,1,6,7,0.0808,0.0039,0.5322,0.3348,0.109,0.0227,0.0013,-3,17
35,1,mathias jensen|brentford,Mathias Jensen,Brentford,MID,75.0,0.057847,0.185835,0.243682,0.27,2.830087,0.216263,2.0,0.289233,0.557505,0.27,0.0,0.038349,-0.325,0.0,0.0,1,1,7.5,0.0,0.02,0.33,0.33,0.02,1.3093333199837622,False,2.7334,2.204614351763138,1,1,3,6,0.1975,0.0211,0.6564,0.2689,0.0589,0.0146,0.0012,-2,18
35,1,mathys tel|tottenham,Mathys Tel,Tottenham,MID,30.0,0.077133,0.063952,0.141085,0.2,1.547562,0.131585,1.0,0.385665,0.191856,0.0,0.0,4e-05,-0.03,0.0,0.0,1,1,8.3,0.0,0.01,0.06,0.06,0.01,1.6094379124341003,False,0.9507,1.7534165249592009,0,0,1,1,0.0812,0.0066,0.9186,0.0522,0.0242,0.0045,0.0005,-2,19
35,1,mats wieffer|brighton,Mats Wieffer,Brighton,MID,0.0,0.0,0.0,0.0,0.22,0.0,0.0,0.0,0.0,0.0,0.0,0.0,0.0,0.0,0.0,0.0,1,1,13.6,0.0,0.01,0.33,0.33,0.01,1.5141277326297755,True,0.0,0.0,0,0,0,0,0.0,0.0,1.0,0.0,0.0,0.0,0.0,0,0
35,1,matt doherty|wolverhampton wanderers,Matt Doherty,Wolverhampton Wanderers,DEF,15.0,0.001042,0.002758,0.0038,0.26,0.899377,0.003793,1.0,0.006254,0.008274,0.0,0.0,1e-06,-0.093333,0.0,-0.021819,1,1,7.3,0.0,0.02,0.5,0.5,0.02,1.3470736479666092,False,0.2498,0.6034898176440097,0,0,1,1,0.0026,0.0,0.9975,0.002,0.0005,0.0,0.0,-3,8
35,1,matt o'riley|brighton,Matt O'Riley,Brighton,DEF,0.0,0.0,0.0,0.0,0.22,0.0,0.0,0.0,0.0,0.0,0.0,0.0,0.0,0.0,0.0,0.0,1,1,0.0,0.0,0.01,0.06,0.06,0.01,1.5141277326297755,True,0.0,0.0,0,0,0,0,0.0,0.0,1.0,0.0,0.0,0.0,0.0,0,0
35,1,matthew cash|aston villa,Matthew Cash,Aston Villa,DEF,90.0,0.041995,0.107609,0.149604,0.27,2.917651,0.138951,2.0,0.25197,0.322827,1.08,0.0,0.105745,-0.42,0.0,-0.422892,1,1,5.8,0.0,0.03,0.33,0.33,0.03,1.3093333199837622,False,3.0252,2.876971490995349,0,1,6,7,0.1201,0.0079,0.6169,0.2739,0.0841,0.0235,0.0016,-4,24
35,1,matthijs de ligt|manchester united,Matthijs de Ligt,Manchester United,DEF,0.0,0.0,0.0,0.0,0.21,0.0,0.0,0.0,0.0,0.0,0.0,0.0,0.0,0.0,0.0,0.0,1,1,8.2,0.0,0.02,0.06,0.06,0.02,1.5606477482646683,True,0.0,0.0,0,0,0,0,0.0,0.0,1.0,0.0,0.0,0.0,0.0,0,0
35,1,matz sels|nottingham forest,Matz Sels,Nottingham Forest,GK,0.0,0.0,0.0,0.0,0.15,0.0,0.0,0.0,0.0,0.0,0.0,0.0,0.0,0.0,0.0,0.0,1,1,0.0,3.1,0.01,0.06,0.06,0.01,1.8971199848858813,True,0.0,0.0,0,0,0,0,0.0,0.0,1.0,0.0,0.0,0.0,0.0,0,0
35,1,max alleyne|manchester city,Max Alleyne,Manchester City,DEF,0.0,0.0,0.0,0.0,0.37,0.0,0.0,0.0,0.0,0.0,0.0,0.0,0.0,0.0,0.0,0.0,1,1,7.3,0.0,0.02,0.1,0.1,0.02,0.9942522733438669,True,0.0,0.0,0,0,0,0,0.0,0.0,1.0,0.0,0.0,0.0,0.0,0,0
35,1,max dowman|arsenal,Max Dowman,Arsenal,MID,0.0,0.0,0.0,0.0,0.44,0.0,0.0,0.0,0.0,0.0,0.0,0.0,0.0,0.0,0.0,0.0,1,1,0.0,0.0,0.02,0.06,0.06,0.02,0.8209805520698302,True,0.0,0.0,0,0,0,0,0.0,0.0,1.0,0.0,0.0,0.0,0.0,0,0
35,1,max kilman|west ham,Max Kilman,West Ham,DEF,15.0,0.010365,0.001944,0.012309,0.17,0.988539,0.012234,1.0,0.062187,0.005833,0.0,0.0,6e-06,-0.043333,0.0,-0.036155,1,1,9.2,0.0,0.02,0.2,0.2,0.02,1.7719568419318752,False,0.2152,0.8206637313784495,0,0,1,1,0.0079,0.0,0.9921,0.0033,0.0046,0.0,0.0,-4,9
35,1,maxence lacroix|crystal palace,Maxence Lacroix,Crystal Palace,DEF,90.0,0.087805,0.023444,0.111249,0.15,3.345109,0.105284,2.0,0.526832,0.070332,0.6,0.0,1.082129,-0.23,0.0,-0.704185,1,1,10.5,0.0,0.03,0.14,0.14,0.03,1.8971199848858813,False,3.2661,2.9731617497203207,0,1,4,8,0.0885,0.0034,0.4962,0.3551,0.1104,0.0343,0.004,-4,21
35,1,maxim de cuyper|brighton,Maxim De Cuyper,Brighton,DEF,15.0,0.014302,0.038428,0.05273,0.22,1.130663,0.051364,1.0,0.085809,0.115284,0.0,0.0,0.0,-0.043333,0.0,-0.027098,1,1,4.0,0.0,0.02,0.2,0.2,0.02,1.5141277326297755,False,0.4042,1.1275736605650204,0,0,1,1,0.0351,0.0016,0.9663,0.0247,0.0081,0.0008,0.0001,-4,15
35,1,maxime estève|burnley,Maxime Estève,Burnley,DEF,90.0,0.015938,0.018921,0.034859,0.12,2.632609,0.034258,2.0,0.095627,0.056763,0.48,0.0,0.93395,-0.12,0.0,-0.813732,1,1,9.9,0.0,0.03,0.03,0.03,0.03,2.120263536200091,False,2.5931,2.3840160213387827,0,1,4,6,0.0337,0.0004,0.5869,0.3344,0.0681,0.01,0.0006,-4,17
35,1,melker ellborg|sunderland,Melker Ellborg,Sunderland,MID,0.0,0.0,0.0,0.0,0.32,0.0,0.0,0.0,0.0,0.0,0.0,0.0,0.0,0.0,0.0,0.0,1,1,0.0,0.0,0.0,0.0,0.0,0.0,1.1394342831883648,True,0.0,0.0,0,0,0,0,0.0,0.0,1.0,0.0,0.0,0.0,0.0,0,0
35,1,merlin röhl|everton,Merlin Röhl,Everton,MID,15.0,0.008167,0.030725,0.038892,0.12,1.113011,0.038145,1.0,0.040836,0.092174,0.0,0.0,1e-06,-0.02,0.0,0.0,1,1,11.0,0.0,0.02,0.06,0.06,0.02,2.120263536200091,False,0.6465,0.9332404566884143,0,0,1,1,0.0282,0.0011,0.9716,0.0237,0.0046,0.0001,0.0,-2,10
35,1,michael kayode|brentford,Michael Kayode,Brentford,DEF,90.0,0.073122,0.067648,0.14077,0.27,3.19824,0.131311,2.0,0.438734,0.202943,1.08,0.0,0.189455,-0.29,0.0,-0.422892,1,1,6.5,0.0,0.03,0.2,0.2,0.03,1.3093333199837622,False,3.2454,3.0384171602990926,0,1,6,7,0.1147,0.0081,0.6049,0.2643,0.097,0.0302,0.0036,-3,21
35,1,michael keane|everton,Michael Keane,Everton,DEF,90.0,0.070068,0.001608,0.071676,0.12,2.974937,0.069168,2.0,0.420409,0.004824,0.48,0.0,1.033435,-0.15,0.0,-0.813732,1,1,10.3,0.0,0.03,0.06,0.06,0.03,2.120263536200091,False,2.9381,2.7948646460964794,0,1,4,7,0.0611,0.0015,0.5367,0.3454,0.0905,0.0237,0.0037,-4,23
35,1,micky van de ven|tottenham,Micky van de Ven,Tottenham,DEF,0.0,0.0,0.0,0.0,0.2,0.0,0.0,0.0,0.0,0.0,0.0,0.0,0.0,0.0,0.0,0.0,1,1,6.7,0.0,0.02,0.33,0.33,0.02,1.6094379124341003,True,0.0,0.0,0,0,0,0,0.0,0.0,1.0,0.0,0.0,0.0,0.0,0,0
35,1,mike trésor|burnley,Mike Trésor,Burnley,FWD,0.0,0.0,0.0,0.0,0.12,0.0,0.0,0.0,0.0,0.0,0.0,0.0,0.0,0.0,0.0,0.0,1,1,0.0,0.0,0.01,0.03,0.03,0.01,2.120263536200091,True,0.0,0.0,0,0,0,0,0.0,0.0,1.0,0.0,0.0,0.0,0.0,0,0
35,1,mikel merino|arsenal,Mikel Merino,Arsenal,MID,0.0,0.0,0.0,0.0,0.44,0.0,0.0,0.0,0.0,0.0,0.0,0.0,0.0,0.0,0.0,0.0,1,1,10.0,0.0,0.02,0.2,0.2,0.02,0.8209805520698302,True,0.0,0.0,0,0,0,0,0.0,0.0,1.0,0.0,0.0,0.0,0.0,0,0
35,1,mikkel damsgaard|brentford,Mikkel Damsgaard,Brentford,MID,75.0,0.1009,0.21218,0.31308,0.27,3.316326,0.268809,2.0,0.504499,0.636541,0.27,0.0,0.230286,-0.325,0.0,0.0,1,1,10.1,0.0,0.02,0.33,0.33,0.02,1.3093333199837622,False,3.2989,2.6962861105602274,1,2,4,7,0.2522,0.0378,0.5516,0.3195,0.0921,0.0337,0.0031,-2,20
35,1,milos kerkez|liverpool,Milos Kerkez,Liverpool,DEF,75.0,0.072615,0.037493,0.110108,0.18,2.4731,0.104263,2.0,0.435692,0.112479,0.72,0.0,0.037095,-0.216667,0.0,-0.615499,1,1,5.8,0.0,0.02,0.2,0.2,0.02,1.7147984280919266,False,2.2746,2.797247725890576,0,1,2,6,0.0919,0.0054,0.7581,0.1496,0.0728,0.0173,0.0022,-4,21
35,1,mohamadou kanté|west ham,Mohamadou Kanté,West Ham,MID,0.0,0.0,0.0,0.0,0.17,0.0,0.0,0.0,0.0,0.0,0.0,0.0,0.0,0.0,0.0,0.0,1,1,3.0,0.0,0.02,0.14,0.14,0.02,1.7719568419318752,True,0.0,0.0,0,0,0,0,0.0,0.0,1.0,0.0,0.0,0.0,0.0,0,0
35,1,mohamed salah|liverpool,Mohamed Salah,Liverpool,MID,0.0,0.0,0.0,0.0,0.18,0.0,0.0,0.0,0.0,0.0,0.0,0.0,0.0,0.0,0.0,0.0,1,1,3.9,0.0,0.01,0.06,0.06,0.01,1.7147984280919266,True,0.0,0.0,0,0,0,0,0.0,0.0,1.0,0.0,0.0,0.0,0.0,0,0
35,1,mohammed kudus|tottenham,Mohammed Kudus,Tottenham,MID,0.0,0.0,0.0,0.0,0.2,0.0,0.0,0.0,0.0,0.0,0.0,0.0,0.0,0.0,0.0,0.0,1,1,7.8,0.0,0.01,0.14,0.14,0.01,1.6094379124341003,True,0.0,0.0,0,0,0,0,0.0,0.0,1.0,0.0,0.0,0.0,0.0,0,0
35,1,moisés caicedo|chelsea,Moisés Caicedo,Chelsea,MID,90.0,0.058581,0.093587,0.152168,0.33,3.718418,0.141156,2.0,0.292906,0.280762,0.33,0.0,1.20475,-0.39,0.0,0.0,1,1,13.1,0.0,0.02,0.33,0.33,0.02,1.1086626245216111,False,3.6491,2.1541516172266055,2,2,5,6,0.1245,0.0081,0.3478,0.5612,0.0651,0.0248,0.0011,-1,19
35,1,morato|nottingham forest,Morato,Nottingham Forest,DEF,30.0,0.020969,0.0,0.020969,0.15,0.860985,0.020751,1.0,0.125816,0.0,0.0,0.0,0.001932,-0.13,0.0,-0.136764,1,1,9.4,0.0,0.02,0.33,0.33,0.02,1.8971199848858813,False,0.1968,1.0565366818052273,0,0,0,1,0.0141,0.0002,0.9835,0.0076,0.0085,0.0003,0.0001,-5,15
35,1,morgan gibbs-white|nottingham forest,Morgan Gibbs-White,Nottingham Forest,MID,90.0,0.297807,0.086147,0.383954,0.15,3.765667,0.318837,2.0,1.489035,0.25844,0.15,0.0,0.007472,-0.09,-0.04928,0.0,1,1,5.0,0.0,0.01,0.06,0.06,0.01,1.8971199848858813,False,3.8519,3.1982129994733,2,2,5,8,0.284,0.0482,0.6117,0.1559,0.1745,0.0474,0.0105,-1,28
35,1,morgan rogers|aston villa,Morgan Rogers,Aston Villa,MID,90.0,0.236644,0.177114,0.413759,0.27,3.835466,0.33884,2.0,1.183222,0.531343,0.27,0.0,0.036301,-0.17,-0.0154,0.0,1,1,6.2,0.0,0.01,0.14,0.14,0.01,1.3093333199837622,False,3.9358,3.1060712097439103,2,2,6,8,0.312,0.051,0.523,0.266,0.1526,0.0483,0.0101,-1,24
35,1,murillo|nottingham forest,Murillo,Nottingham Forest,DEF,90.0,0.018228,0.008258,0.026486,0.15,2.602801,0.026138,2.0,0.109368,0.024773,0.6,0.0,0.832846,-0.26,0.0,-0.704185,1,1,9.5,0.0,0.02,0.2,0.2,0.02,1.8971199848858813,False,2.5998,2.4579340837378045,0,1,4,6,0.0232,0.0002,0.6051,0.308,0.077,0.0092,0.0007,-5,18
35,1,myles lewis-skelly|arsenal,Myles Lewis-Skelly,Arsenal,DEF,0.0,0.0,0.0,0.0,0.44,0.0,0.0,0.0,0.0,0.0,0.0,0.0,0.0,0.0,0.0,0.0,1,1,4.1,0.0,0.02,0.5,0.5,0.02,0.8209805520698302,True,0.0,0.0,0,0,0,0,0.0,0.0,1.0,0.0,0.0,0.0,0.0,0,0
35,1,myles peart-harris|brentford,Myles Peart-Harris,Brentford,MID,0.0,0.0,0.0,0.0,0.27,0.0,0.0,0.0,0.0,0.0,0.0,0.0,0.0,0.0,0.0,0.0,1,1,0.0,0.0,0.02,0.03,0.03,0.02,1.3093333199837622,True,0.0,0.0,0,0,0,0,0.0,0.0,1.0,0.0,0.0,0.0,0.0,0,0
35,1,naif aguerd|west ham,Naif Aguerd,West Ham,DEF,15.0,0.005923,0.0,0.005923,0.17,0.956048,0.005905,1.0,0.035536,0.0,0.0,0.0,0.0,-0.043333,0.0,-0.036155,1,1,2.0,0.0,0.02,0.2,0.2,0.02,1.7719568419318752,False,0.1933,0.7583766280681387,0,0,0,1,0.0045,0.0001,0.9955,0.0011,0.0033,0.0001,0.0,-5,14
35,1,nathan aké|manchester city,Nathan Aké,Manchester City,DEF,15.0,0.004117,0.012573,0.01669,0.37,1.016758,0.016552,1.0,0.024701,0.03772,0.0,0.0,0.0,-0.033333,0.0,-0.012331,1,1,7.0,0.0,0.02,0.14,0.14,0.02,0.9942522733438669,False,0.418,0.7338092395166472,0,0,1,1,0.011,0.0001,0.989,0.0086,0.0023,0.0001,0.0,-3,10
35,1,nathan collins|brentford,Nathan Collins,Brentford,DEF,15.0,0.016225,0.010146,0.026371,0.27,1.063776,0.026026,1.0,0.09735,0.030438,0.0,0.0,1.5e-05,-0.043333,0.0,-0.020694,1,1,10.3,0.0,0.02,0.2,0.2,0.02,1.3093333199837622,False,0.3825,0.9568666312501445,0,0,1,1,0.0178,0.0003,0.982,0.0099,0.0074,0.0007,0.0,-3,11
35,1,nathan patterson|everton,Nathan Patterson,Everton,DEF,0.0,0.0,0.0,0.0,0.12,0.0,0.0,0.0,0.0,0.0,0.0,0.0,0.0,0.0,0.0,0.0,1,1,11.4,0.0,0.01,0.1,0.1,0.01,2.120263536200091,True,0.0,0.0,0,0,0,0,0.0,0.0,1.0,0.0,0.0,0.0,0.0,0,0
35,1,nathaniel clyne|crystal palace,Nathaniel Clyne,Crystal Palace,DEF,0.0,0.0,0.0,0.0,0.15,0.0,0.0,0.0,0.0,0.0,0.0,0.0,0.0,0.0,0.0,0.0,1,1,7.3,0.0,0.02,0.06,0.06,0.02,1.8971199848858813,True,0.0,0.0,0,0,0,0,0.0,0.0,1.0,0.0,0.0,0.0,0.0,0,0
35,1,neco williams|nottingham forest,Neco Williams,Nottingham Forest,DEF,90.0,0.035979,0.116859,0.152838,0.15,2.530292,0.141732,2.0,0.215875,0.350577,0.6,0.0,0.268025,-0.2,0.0,-0.704185,1,1,7.0,0.0,0.02,0.14,0.14,0.02,1.8971199848858813,False,2.582,2.6971607293596724,0,1,4,6,0.1306,0.0087,0.6789,0.2344,0.0645,0.02,0.0022,-5,23
35,1,nehemiah oriola|brighton,Nehemiah Oriola,Brighton,FWD,0.0,0.0,0.0,0.0,0.22,0.0,0.0,0.0,0.0,0.0,0.0,0.0,0.0,0.0,0.0,0.0,1,1,0.0,0.0,0.01,0.03,0.03,0.01,1.5141277326297755,True,0.0,0.0,0,0,0,0,0.0,0.0,1.0,0.0,0.0,0.0,0.0,0,0
35,1,nick pope|newcastle united,Nick Pope,Newcastle United,GK,90.0,0.010005,0.0,0.010005,0.23,3.495324,0.009956,2.0,0.100054,0.0,0.92,1.033333,0.0,-0.06,0.0,-0.498063,1,1,0.0,3.1,0.01,0.03,0.03,0.01,1.4696759700589417,False,3.2198,2.4899172596694856,1,2,4,7,0.0085,0.0,0.533,0.32,0.136,0.009,0.002,-3,21
35,1,nick woltemade|newcastle united,Nick Woltemade,Newcastle United,FWD,30.0,0.126735,0.027083,0.153818,0.23,1.55819,0.142572,1.0,0.506941,0.081249,0.0,0.0,0.0,-0.03,0.0,0.0,1,1,4.6,0.0,0.01,0.06,0.06,0.01,1.4696759700589417,False,0.9782,1.720501310665005,0,0,1,1,0.091,0.0078,0.9092,0.069,0.0167,0.0051,0.0,-2,14
35,1,niclas füllkrug|west ham,Niclas Füllkrug,West Ham,FWD,0.0,0.0,0.0,0.0,0.17,0.0,0.0,0.0,0.0,0.0,0.0,0.0,0.0,0.0,0.0,0.0,1,1,4.2,0.0,0.01,0.1,0.1,0.01,1.7719568419318752,True,0.0,0.0,0,0,0,0,0.0,0.0,1.0,0.0,0.0,0.0,0.0,0,0
35,1,nico gonzález|manchester city,Nico González,Manchester City,MID,15.0,0.004411,0.006908,0.011319,0.37,0.977782,0.011256,1.0,0.022055,0.020725,0.0,0.0,2e-06,-0.065,0.0,0.0,1,1,12.0,0.0,0.02,0.33,0.33,0.02,0.9942522733438669,False,0.5575,0.7334124010405061,0,0,1,1,0.01,0.0003,0.9895,0.0082,0.0021,0.0002,0.0,-2,12
35,1,nico o'reilly|manchester city,Nico O'Reilly,Manchester City,DEF,90.0,0.247381,0.109562,0.356943,0.37,4.889492,0.300188,2.0,1.484287,0.328687,1.48,0.0,0.13787,-0.26,0.0,-0.281351,1,1,6.1,0.0,0.02,0.2,0.2,0.02,0.9942522733438669,False,5.0027,4.201010915244091,1,2,7,11,0.2656,0.0428,0.44,0.2776,0.1576,0.0916,0.0332,-3,29
35,1,nicolás domínguez|nottingham forest,Nicolás Domínguez,Nottingham Forest,DEF,30.0,0.012954,0.040075,0.053029,0.15,0.976451,0.051647,1.0,0.077724,0.120225,0.0,0.0,0.001932,-0.086667,0.0,-0.136764,1,1,9.4,0.0,0.02,0.2,0.2,0.02,1.8971199848858813,False,0.277,1.0752074218493843,0,0,0,1,0.0329,0.0009,0.9666,0.0267,0.0061,0.0006,0.0,-5,11
35,1,nicolò savona|nottingham forest,Nicolò Savona,Nottingham Forest,DEF,0.0,0.0,0.0,0.0,0.15,0.0,0.0,0.0,0.0,0.0,0.0,0.0,0.0,0.0,0.0,0.0,1,1,5.0,0.0,0.02,0.2,0.2,0.02,1.8971199848858813,True,0.0,0.0,0,0,0,0,0.0,0.0,1.0,0.0,0.0,0.0,0.0,0,0
35,1,nikola milenkovic|nottingham forest,Nikola Milenkovic,Nottingham Forest,DEF,90.0,0.010514,0.001251,0.011765,0.15,2.215584,0.011696,2.0,0.063086,0.003752,0.6,0.0,0.512931,-0.26,0.0,-0.704185,1,1,8.2,0.0,0.02,0.2,0.2,0.02,1.8971199848858813,False,2.238,2.28730321557943,0,1,3,6,0.0096,0.0,0.7011,0.2355,0.0599,0.0032,0.0003,-4,15
35,1,nilson angulo|sunderland,Nilson Angulo,Sunderland,FWD,0.0,0.0,0.0,0.0,0.32,0.0,0.0,0.0,0.0,0.0,0.0,0.0,0.0,0.0,0.0,0.0,1,1,7.0,0.0,0.01,0.2,0.2,0.01,1.1394342831883648,True,0.0,0.0,0,0,0,0,0.0,0.0,1.0,0.0,0.0,0.0,0.0,0,0
35,1,noah okafor|leeds,Noah Okafor,Leeds,MID,0.0,0.0,0.0,0.0,0.43,0.0,0.0,0.0,0.0,0.0,0.0,0.0,0.0,0.0,0.0,0.0,1,1,6.2,0.0,0.02,0.2,0.2,0.02,0.843970070294529,True,0.0,0.0,0,0,0,0,0.0,0.0,1.0,0.0,0.0,0.0,0.0,0,0
35,1,noah sadiki|sunderland,Noah Sadiki,Sunderland,MID,60.0,0.026423,0.031852,0.058275,0.32,2.405489,0.05661,2.0,0.132113,0.095557,0.32,0.0,0.011152,-0.153333,0.0,0.0,1,1,7.9,0.0,0.01,0.2,0.2,0.01,1.1394342831883648,False,1.6602,1.6152820063382123,0,0,2,3,0.0388,0.0015,0.7799,0.1994,0.0175,0.0031,0.0001,-1,16
35,1,noni madueke|arsenal,Noni Madueke,Arsenal,MID,30.0,0.050186,0.07549,0.125676,0.44,1.457399,0.118099,1.0,0.25093,0.226469,0.0,0.0,0.0,-0.02,0.0,0.0,1,1,5.0,0.0,0.01,0.03,0.03,0.01,0.8209805520698302,False,0.8892,1.5086826571549101,0,0,1,1,0.0751,0.005,0.9251,0.054,0.018,0.0028,0.0001,-2,18
35,1,nordi mukiele|sunderland,Nordi Mukiele,Sunderland,DEF,90.0,0.06431,0.107127,0.171437,0.32,4.249421,0.157546,2.0,0.385861,0.32138,1.28,0.0,0.807498,-0.2,0.0,-0.345317,1,1,9.4,0.0,0.02,0.14,0.14,0.02,1.1394342831883648,False,4.2886,3.2473543138992396,1,2,6,8,0.1434,0.012,0.4116,0.3654,0.1635,0.0513,0.0082,-3,26
35,1,noussair mazraoui|manchester united,Noussair Mazraoui,Manchester United,DEF,75.0,0.015421,0.01008,0.025501,0.21,2.332972,0.025179,2.0,0.092527,0.030239,0.84,0.0,0.378221,-0.466667,0.0,-0.541349,1,1,9.1,0.0,0.02,0.5,0.5,0.02,1.5606477482646683,False,2.2221,2.5034319623269172,0,1,3,6,0.0246,0.0001,0.6858,0.2382,0.0692,0.0062,0.0006,-4,17
35,1,odsonne edouard|crystal palace,Odsonne Edouard,Crystal Palace,DEF,0.0,0.0,0.0,0.0,0.15,0.0,0.0,0.0,0.0,0.0,0.0,0.0,0.0,0.0,0.0,0.0,1,1,0.0,0.0,0.01,0.03,0.03,0.01,1.8971199848858813,True,0.0,0.0,0,0,0,0,0.0,0.0,1.0,0.0,0.0,0.0,0.0,0,0
35,1,ola aina|nottingham forest,Ola Aina,Nottingham Forest,DEF,90.0,0.018683,0.022043,0.040726,0.15,2.048792,0.039908,2.0,0.112097,0.06613,0.6,0.0,0.23475,-0.26,0.0,-0.704185,1,1,6.8,0.0,0.02,0.2,0.2,0.02,1.8971199848858813,False,2.0869,2.335754351382011,0,1,2,6,0.0339,0.0005,0.7637,0.1784,0.052,0.0055,0.0004,-4,15
35,1,oleksandr zinchenko|nottingham forest,Oleksandr Zinchenko,Nottingham Forest,DEF,0.0,0.0,0.0,0.0,0.15,0.0,0.0,0.0,0.0,0.0,0.0,0.0,0.0,0.0,0.0,0.0,1,1,6.1,0.0,0.02,0.14,0.14,0.02,1.8971199848858813,True,0.0,0.0,0,0,0,0,0.0,0.0,1.0,0.0,0.0,0.0,0.0,0,0
35,1,oliver scarles|west ham,Oliver Scarles,West Ham,DEF,15.0,0.004442,0.025278,0.02972,0.17,1.03301,0.029283,1.0,0.026652,0.075835,0.0,0.0,1.1e-05,-0.033333,0.0,-0.036155,1,1,9.9,0.0,0.02,0.14,0.14,0.02,1.7719568419318752,False,0.2648,0.8843534135174693,0,0,1,1,0.0237,0.0003,0.9782,0.0184,0.003,0.0004,0.0,-5,14
35,1,oliver sonne|burnley,Oliver Sonne,Burnley,DEF,0.0,0.0,0.0,0.0,0.12,0.0,0.0,0.0,0.0,0.0,0.0,0.0,0.0,0.0,0.0,0.0,1,1,0.0,0.0,0.03,0.03,0.03,0.03,2.120263536200091,True,0.0,0.0,0,0,0,0,0.0,0.0,1.0,0.0,0.0,0.0,0.0,0,0
35,1,olivier boscagli|brighton,Olivier Boscagli,Brighton,DEF,90.0,0.0,0.019084,0.019084,0.22,2.441752,0.018903,2.0,0.0,0.057252,0.88,0.0,0.583664,-0.56,0.0,-0.519164,1,1,8.5,0.0,0.02,0.5,0.5,0.02,1.5141277326297755,False,2.4761,2.4163254726960934,0,1,4,6,0.0158,0.0002,0.6365,0.2892,0.0709,0.0034,0.0,-3,12
35,1,ollie watkins|aston villa,Ollie Watkins,Aston Villa,FWD,75.0,0.448731,0.041158,0.489889,0.27,3.797253,0.387306,2.0,1.794924,0.123475,0.0,0.0,2.1e-05,-0.108333,-0.012833,0.0,1,1,3.1,0.0,0.01,0.1,0.1,0.01,1.3093333199837622,False,3.9113,3.309143742722579,1,2,6,8,0.3657,0.0801,0.6343,0.148,0.1438,0.0644,0.0095,-2,25
35,1,omar alderete|sunderland,Omar Alderete,Sunderland,DEF,75.0,0.043799,0.018029,0.061828,0.32,3.559416,0.059955,2.0,0.262795,0.054086,1.28,0.0,0.524519,-0.216667,0.0,-0.345317,1,1,9.9,0.0,0.02,0.2,0.2,0.02,1.1394342831883648,False,3.3363,2.9480845154099637,0,1,6,8,0.0519,0.0017,0.5412,0.3085,0.1242,0.0234,0.0027,-3,20
35,1,omar marmoush|manchester city,Omar Marmoush,Manchester City,FWD,30.0,0.118429,0.047353,0.165781,0.37,1.557053,0.152768,1.0,0.473715,0.142058,0.0,0.0,0.0,-0.056667,-0.002053,0.0,1,1,5.3,0.0,0.01,0.14,0.14,0.01,0.9942522733438669,False,0.9929,1.7272665080988514,0,0,1,1,0.0997,0.0082,0.9003,0.0776,0.0184,0.0036,0.0001,-2,16
35,1,omari hutchinson|nottingham forest,Omari Hutchinson,Nottingham Forest,MID,15.0,0.013789,0.03367,0.047458,0.15,1.154952,0.04635,1.0,0.068943,0.101009,0.0,0.0,0.0,-0.015,0.0,0.0,1,1,7.0,0.0,0.01,0.06,0.06,0.01,1.8971199848858813,False,0.6813,1.011202408027196,0,0,1,1,0.033,0.0013,0.9671,0.0275,0.0049,0.0004,0.0001,-2,15
35,1,oscar bobb|fulham,Oscar Bobb,Fulham,MID,15.0,0.013086,0.013111,0.026197,0.14,1.07643,0.025857,1.0,0.065431,0.039332,0.0,0.0,0.0,-0.028333,0.0,0.0,1,1,7.0,0.0,0.01,0.14,0.14,0.01,1.9661128563728327,False,0.6217,0.8710850188127448,0,0,1,1,0.0186,0.0001,0.9814,0.0128,0.0058,0.0,0.0,-2,9
35,1,pablo|west ham,Pablo,West Ham,FWD,0.0,0.0,0.0,0.0,0.17,0.0,0.0,0.0,0.0,0.0,0.0,0.0,0.0,0.0,0.0,0.0,1,1,9.0,0.0,0.01,0.14,0.14,0.01,1.7719568419318752,True,0.0,0.0,0,0,0,0,0.0,0.0,1.0,0.0,0.0,0.0,0.0,0,0
35,1,pape sarr|tottenham,Pape Sarr,Tottenham,MID,60.0,0.11355,0.093353,0.206902,0.2,3.141947,0.186901,2.0,0.567748,0.280059,0.2,0.0,0.200807,-0.106667,0.0,0.0,1,1,12.3,0.0,0.02,0.1,0.1,0.02,1.6094379124341003,False,2.4478,2.742239077834024,0,0,3,6,0.1377,0.0157,0.6697,0.2312,0.0703,0.0256,0.0032,-1,19
35,1,pascal groß|brighton,Pascal Groß,Brighton,MID,90.0,0.123542,0.186149,0.309691,0.22,3.336164,0.266326,2.0,0.61771,0.558447,0.22,0.0,0.200807,-0.23,-0.0308,0.0,1,1,8.2,0.0,0.01,0.2,0.2,0.01,1.5141277326297755,False,3.3687,2.546165805677234,1,2,4,7,0.2408,0.0315,0.5788,0.2927,0.095,0.0298,0.0037,-1,23
35,1,pascal struijk|leeds,Pascal Struijk,Leeds,DEF,90.0,0.123469,0.051875,0.175344,0.43,5.031076,0.160832,2.0,0.740816,0.155624,1.72,0.0,0.832846,-0.2,0.0,-0.21821,1,1,9.5,0.0,0.02,0.14,0.14,0.02,0.843970070294529,False,5.056,3.5365044888986072,1,2,7,9,0.1359,0.0113,0.336,0.3685,0.2108,0.0671,0.0176,-2,27
35,1,patrick dorgu|manchester united,Patrick Dorgu,Manchester United,DEF,15.0,0.021697,0.030172,0.05187,0.21,1.158715,0.050547,1.0,0.130184,0.090517,0.0,0.0,0.0,-0.033333,0.0,-0.028652,1,1,6.4,0.0,0.02,0.14,0.14,0.02,1.5606477482646683,False,0.4126,1.2075434733375026,0,0,1,1,0.0368,0.0014,0.9644,0.0236,0.0109,0.0008,0.0003,-4,16
35,1,patrick roberts|sunderland,Patrick Roberts,Sunderland,MID,0.0,0.0,0.0,0.0,0.32,0.0,0.0,0.0,0.0,0.0,0.0,0.0,0.0,0.0,0.0,0.0,1,1,3.0,0.0,0.02,0.2,0.2,0.02,1.1394342831883648,True,0.0,0.0,0,0,0,0,0.0,0.0,1.0,0.0,0.0,0.0,0.0,0,0
35,1,pau torres|aston villa,Pau Torres,Aston Villa,DEF,60.0,0.025409,0.003182,0.028591,0.27,2.757753,0.028186,2.0,0.152455,0.009546,1.08,0.0,0.018644,-0.08,0.0,-0.422892,1,1,6.5,0.0,0.02,0.06,0.06,0.02,1.3093333199837622,False,1.9787,2.558524244559742,0,0,2,6,0.0223,0.0003,0.7849,0.1519,0.0533,0.0089,0.001,-3,17
35,1,pedro lima|wolverhampton wanderers,Pedro Lima,Wolverhampton Wanderers,DEF,0.0,0.0,0.0,0.0,0.26,0.0,0.0,0.0,0.0,0.0,0.0,0.0,0.0,0.0,0.0,0.0,1,1,5.0,0.0,0.01,0.1,0.1,0.01,1.3470736479666092,True,0.0,0.0,0,0,0,0,0.0,0.0,1.0,0.0,0.0,0.0,0.0,0,0
35,1,pedro neto|chelsea,Pedro Neto,Chelsea,MID,75.0,0.162725,0.251299,0.414024,0.33,3.706309,0.339015,2.0,0.813627,0.753897,0.33,0.0,0.000451,-0.191667,0.0,0.0,1,1,4.3,0.0,0.01,0.2,0.2,0.01,1.1086626245216111,False,3.6245,2.9589355771966375,1,2,5,8,0.3171,0.0556,0.5288,0.2992,0.1226,0.0426,0.0068,-2,21
35,1,pedro porro|tottenham,Pedro Porro,Tottenham,DEF,90.0,0.050064,0.157567,0.207631,0.2,2.853117,0.187493,2.0,0.300386,0.4727,0.8,0.0,0.23475,-0.39,0.0,-0.564719,1,1,6.8,0.0,0.02,0.33,0.33,0.02,1.6094379124341003,False,2.9704,2.98210057509803,0,1,5,7,0.172,0.0172,0.613,0.2681,0.0865,0.0299,0.0025,-3,23
35,1,phil foden|manchester city,Phil Foden,Manchester City,MID,15.0,0.036685,0.034328,0.071013,0.37,1.248076,0.06855,1.0,0.183426,0.102983,0.0,0.0,0.0,-0.038333,0.0,0.0,1,1,6.7,0.0,0.01,0.2,0.2,0.01,0.9942522733438669,False,0.7568,1.3428528437621152,0,0,1,1,0.0469,0.0035,0.9531,0.0285,0.016,0.0024,0.0,-2,14
35,1,piero hincapié|arsenal,Piero Hincapié,Arsenal,DEF,75.0,0.019735,0.10767,0.127405,0.44,4.027335,0.119623,2.0,0.118409,0.323011,1.76,0.0,0.201472,-0.166667,0.0,-0.20889,1,1,7.9,0.0,0.02,0.14,0.14,0.02,0.8209805520698302,False,3.8649,3.0160981399815228,1,1,6,8,0.1172,0.0074,0.4998,0.3279,0.1378,0.0312,0.0033,-3,21
35,1,quilindschy hartman|burnley,Quilindschy Hartman,Burnley,DEF,30.0,0.004451,0.030286,0.034737,0.12,0.923561,0.034141,1.0,0.026707,0.090858,0.0,0.0,0.000195,-0.03,0.0,-0.164199,1,1,7.0,0.0,0.01,0.06,0.06,0.01,2.120263536200091,False,0.1635,0.8410515739239776,0,0,0,1,0.0205,0.0003,0.9819,0.0165,0.0013,0.0002,0.0001,-4,16
35,1,radu dragusin|tottenham,Radu Dragusin,Tottenham,DEF,15.0,0.008008,0.000322,0.00833,0.2,0.985417,0.008295,1.0,0.048046,0.000967,0.0,0.0,5.9e-05,-0.033333,0.0,-0.030321,1,1,12.1,0.0,0.02,0.14,0.14,0.02,1.6094379124341003,False,0.2596,0.790700853673499,0,0,1,1,0.0057,0.0001,0.992,0.0039,0.0037,0.0004,0.0,-4,11
35,1,randal kolo muani|tottenham,Randal Kolo Muani,Tottenham,FWD,60.0,0.107895,0.073675,0.181571,0.2,2.540645,0.166041,2.0,0.431582,0.221026,0.0,0.0,0.001371,-0.113333,0.0,0.0,1,1,6.1,0.0,0.01,0.14,0.14,0.01,1.6094379124341003,False,1.8108,2.0819710276562446,0,0,2,5,0.118,0.013,0.8783,0.0745,0.0377,0.0092,0.0003,-1,16
35,1,rayan ait nouri|manchester city,Rayan Ait Nouri,Manchester City,DEF,75.0,0.031279,0.120106,0.151384,0.37,3.647552,0.140483,2.0,0.187672,0.360317,1.48,0.0,0.117581,-0.216667,0.0,-0.281351,1,1,7.1,0.0,0.02,0.2,0.2,0.02,0.9942522733438669,False,3.4444,2.9822992204002605,1,1,6,7,0.1304,0.0086,0.5593,0.3077,0.1014,0.028,0.0036,-3,21
35,1,rayan cherki|manchester city,Rayan Cherki,Manchester City,MID,80.0,0.183453,0.365393,0.548846,0.37,4.290564,0.422384,2.0,0.917263,1.09618,0.37,0.0,0.049344,-0.142222,0.0,0.0,1,1,7.3,0.0,0.02,0.1,0.1,0.02,0.9942522733438669,False,4.2286,3.3129657468799762,1,2,6,9,0.3979,0.0972,0.433,0.3504,0.1373,0.0678,0.0115,-2,24
35,1,rayan|bournemouth,Rayan,Bournemouth,MID,75.0,0.177739,0.181691,0.359429,0.35,3.676109,0.301925,2.0,0.888693,0.545072,0.35,0.0,0.000676,-0.108333,0.0,0.0,1,1,4.5,0.0,0.01,0.1,0.1,0.01,1.0498221244986778,False,3.5549,2.884230571573639,1,2,5,8,0.2811,0.0429,0.536,0.2993,0.1194,0.0386,0.0067,-2,26
35,1,raúl jiménez|fulham,Raúl Jiménez,Fulham,FWD,60.0,0.202849,0.027074,0.229923,0.14,2.706902,0.205405,2.0,0.811397,0.081221,0.0,0.0,0.00047,-0.153333,-0.032853,0.0,1,1,5.4,0.0,0.01,0.2,0.2,0.01,1.9661128563728327,False,2.0265,2.4833037973635044,0,0,2,6,0.151,0.0208,0.8477,0.0727,0.0611,0.017,0.0015,-1,17
35,1,reece james|chelsea,Reece James,Chelsea,DEF,0.0,0.0,0.0,0.0,0.33,0.0,0.0,0.0,0.0,0.0,0.0,0.0,0.0,0.0,0.0,0.0,1,1,6.2,0.0,0.01,0.2,0.2,0.01,1.1086626245216111,True,0.0,0.0,0,0,0,0,0.0,0.0,1.0,0.0,0.0,0.0,0.0,0,0
35,1,reinildo|sunderland,Reinildo,Sunderland,DEF,60.0,0.004301,0.02657,0.030871,0.32,2.8334,0.030399,2.0,0.025803,0.07971,1.28,0.0,0.053204,-0.26,0.0,-0.345317,1,1,7.7,0.0,0.02,0.33,0.33,0.02,1.1394342831883648,False,2.0255,2.5153627471996955,0,0,3,6,0.022,0.0004,0.7413,0.1985,0.0561,0.0041,0.0,-4,14
35,1,reiss nelson|brentford,Reiss Nelson,Brentford,MID,0.0,0.0,0.0,0.0,0.27,0.0,0.0,0.0,0.0,0.0,0.0,0.0,0.0,0.0,0.0,0.0,1,1,30.6,0.0,0.01,0.06,0.06,0.01,1.3093333199837622,True,0.0,0.0,0,0,0,0,0.0,0.0,1.0,0.0,0.0,0.0,0.0,0,0
35,1,riccardo calafiori|arsenal,Riccardo Calafiori,Arsenal,DEF,15.0,0.029413,0.008519,0.037932,0.44,1.128471,0.037221,1.0,0.176476,0.025558,0.0,0.0,0.0,-0.065,0.0,-0.008563,1,1,6.1,0.0,0.02,0.33,0.33,0.02,0.8209805520698302,False,0.5684,1.2632978429491597,0,0,1,1,0.0291,0.0007,0.9709,0.01,0.0174,0.0014,0.0003,-3,16
35,1,richarlison|tottenham,Richarlison,Tottenham,FWD,60.0,0.339705,0.094961,0.434666,0.2,3.407114,0.352519,2.0,1.358822,0.284882,0.0,0.0,0.00341,-0.24,0.0,0.0,1,1,6.8,0.0,0.01,0.33,0.33,0.01,1.6094379124341003,False,2.6756,3.3140556181210963,0,0,5,7,0.2589,0.0626,0.7359,0.1235,0.0882,0.0445,0.0079,-1,23
35,1,rico henry|brentford,Rico Henry,Brentford,DEF,15.0,0.001183,0.004503,0.005687,0.27,0.97325,0.005671,1.0,0.007101,0.01351,0.0,0.0,0.0,-0.026667,0.0,-0.020694,1,1,4.6,0.0,0.02,0.1,0.1,0.02,1.3093333199837622,False,0.3198,0.627796113399884,0,0,1,1,0.0046,0.0001,0.9955,0.0037,0.0007,0.0001,0.0,-4,10
35,1,rico lewis|manchester city,Rico Lewis,Manchester City,DEF,0.0,0.0,0.0,0.0,0.37,0.0,0.0,0.0,0.0,0.0,0.0,0.0,0.0,0.0,0.0,0.0,1,1,4.0,0.0,0.02,0.2,0.2,0.02,0.9942522733438669,True,0.0,0.0,0,0,0,0,0.0,0.0,1.0,0.0,0.0,0.0,0.0,0,0
35,1,rio ngumoha|liverpool,Rio Ngumoha,Liverpool,MID,30.0,0.112524,0.162251,0.274774,0.18,2.019371,0.240257,1.0,0.562618,0.486752,0.0,0.0,0.0,-0.03,0.0,0.0,1,1,3.0,0.0,0.01,0.06,0.06,0.01,1.7147984280919266,False,1.3586,2.355887527026704,0,0,1,5,0.1573,0.0252,0.8428,0.1002,0.0424,0.0126,0.002,-2,19
35,1,robert sánchez|chelsea,Robert Sánchez,Chelsea,GK,90.0,0.0,0.021837,0.021837,0.33,3.793955,0.0216,2.0,0.0,0.065511,1.32,0.9,0.0,-0.16,0.0,-0.331556,1,1,0.0,2.7,0.02,0.1,0.1,0.02,1.1086626245216111,False,3.5704,2.5126567294399766,1,2,6,7,0.0173,0.0003,0.483,0.3439,0.1655,0.0076,0.0,-3,14
35,1,robin roefs|sunderland,Robin Roefs,Sunderland,GK,90.0,0.0,0.025686,0.025686,0.32,3.881741,0.025359,2.0,0.0,0.077058,1.28,1.0,0.0,-0.13,0.0,-0.345317,1,1,0.0,3.0,0.01,0.1,0.1,0.01,1.1394342831883648,False,3.6316,2.5124254098380714,1,2,6,7,0.0234,0.0001,0.4672,0.3445,0.1784,0.0099,0.0,-3,14
35,1,rodrigo bentancur|tottenham,Rodrigo Bentancur,Tottenham,MID,0.0,0.0,0.0,0.0,0.2,0.0,0.0,0.0,0.0,0.0,0.0,0.0,0.0,0.0,0.0,0.0,1,1,13.2,0.0,0.02,0.33,0.33,0.02,1.6094379124341003,True,0.0,0.0,0,0,0,0,0.0,0.0,1.0,0.0,0.0,0.0,0.0,0,0
35,1,rodrigo gomes|wolverhampton wanderers,Rodrigo Gomes,Wolverhampton Wanderers,DEF,90.0,0.241244,0.023639,0.264883,0.26,4.022002,0.232704,2.0,1.447467,0.070916,1.04,0.0,0.064056,-0.16,0.0,-0.440437,1,1,5.3,0.0,0.02,0.1,0.1,0.02,1.3470736479666092,False,4.1006,3.9750320300596322,1,1,6,9,0.204,0.0245,0.5751,0.194,0.1431,0.0639,0.0239,-3,27
35,1,rodrigo muniz|fulham,Rodrigo Muniz,Fulham,FWD,30.0,0.06334,0.016921,0.080261,0.14,1.247456,0.077124,1.0,0.253359,0.050763,0.0,0.0,1e-06,-0.056667,0.0,0.0,1,1,5.6,0.0,0.01,0.14,0.14,0.01,1.9661128563728327,False,0.7675,1.307686411185801,0,0,1,1,0.0521,0.0027,0.948,0.042,0.0082,0.0017,0.0001,-2,16
35,1,rodri|manchester city,Rodri,Manchester City,MID,75.0,0.052391,0.116267,0.168657,0.37,3.401902,0.155202,2.0,0.261954,0.3488,0.37,0.0,0.637815,-0.216667,0.0,0.0,1,1,12.7,0.0,0.02,0.2,0.2,0.02,0.9942522733438669,False,3.2932,2.2349572165927474,1,2,4,6,0.1498,0.0109,0.4567,0.4546,0.069,0.0187,0.001,-2,18
35,1,romain esse|crystal palace,Romain Esse,Crystal Palace,MID,0.0,0.0,0.0,0.0,0.15,0.0,0.0,0.0,0.0,0.0,0.0,0.0,0.0,0.0,0.0,0.0,1,1,3.3,0.0,0.01,0.06,0.06,0.01,1.8971199848858813,True,0.0,0.0,0,0,0,0,0.0,0.0,1.0,0.0,0.0,0.0,0.0,0,0
35,1,romaine mundle|sunderland,Romaine Mundle,Sunderland,MID,30.0,0.102706,0.041877,0.144583,0.32,1.562508,0.134617,1.0,0.51353,0.125632,0.0,0.0,1.3e-05,-0.076667,0.0,0.0,1,1,7.4,0.0,0.01,0.2,0.2,0.01,1.1394342831883648,False,0.9751,1.867640219635463,0,0,1,1,0.0868,0.007,0.9134,0.0502,0.0309,0.0049,0.0006,-2,25
35,1,romelle donovan|brentford,Romelle Donovan,Brentford,MID,0.0,0.0,0.0,0.0,0.27,0.0,0.0,0.0,0.0,0.0,0.0,0.0,0.0,0.0,0.0,0.0,1,1,0.0,0.0,0.01,0.03,0.03,0.01,1.3093333199837622,True,0.0,0.0,0,0,0,0,0.0,0.0,1.0,0.0,0.0,0.0,0.0,0,0
35,1,romeo lavia|chelsea,Romeo Lavia,Chelsea,MID,0.0,0.0,0.0,0.0,0.33,0.0,0.0,0.0,0.0,0.0,0.0,0.0,0.0,0.0,0.0,0.0,1,1,5.0,0.0,0.02,0.06,0.06,0.02,1.1086626245216111,True,0.0,0.0,0,0,0,0,0.0,0.0,1.0,0.0,0.0,0.0,0.0,0,0
35,1,ross barkley|aston villa,Ross Barkley,Aston Villa,MID,0.0,0.0,0.0,0.0,0.27,0.0,0.0,0.0,0.0,0.0,0.0,0.0,0.0,0.0,0.0,0.0,1,1,10.8,0.0,0.02,0.1,0.1,0.02,1.3093333199837622,True,0.0,0.0,0,0,0,0,0.0,0.0,1.0,0.0,0.0,0.0,0.0,0,0
35,1,ryan christie|bournemouth,Ryan Christie,Bournemouth,MID,15.0,0.034764,0.026634,0.061398,0.35,1.188722,0.059551,1.0,0.173819,0.079902,0.0,0.0,0.0,-0.065,0.0,0.0,1,1,10.7,0.0,0.02,0.33,0.33,0.02,1.0498221244986778,False,0.7314,1.3201719736458581,0,0,1,1,0.0462,0.0022,0.9539,0.0303,0.0138,0.002,0.0,-2,14
35,1,ryan gravenberch|liverpool,Ryan Gravenberch,Liverpool,MID,75.0,0.0381,0.045129,0.083228,0.18,2.464938,0.079859,2.0,0.190498,0.135386,0.18,0.0,0.175721,-0.216667,0.0,0.0,1,1,9.6,0.0,0.02,0.2,0.2,0.02,1.7147984280919266,False,2.3635,1.651474416998338,1,2,3,4,0.073,0.0027,0.7345,0.2282,0.0314,0.0055,0.0004,-2,17
35,1,ryan sessegnon|fulham,Ryan Sessegnon,Fulham,MID,30.0,0.018467,0.015736,0.034203,0.14,1.099941,0.033625,1.0,0.092335,0.047208,0.0,0.0,0.000398,-0.04,0.0,0.0,1,1,10.6,0.0,0.02,0.06,0.06,0.02,1.9661128563728327,False,0.6309,0.9361971961077431,0,0,1,1,0.0207,0.0004,0.9771,0.0165,0.0063,0.0001,0.0,-2,14
35,1,ryan yates|nottingham forest,Ryan Yates,Nottingham Forest,MID,30.0,0.020937,0.010692,0.031628,0.15,1.050163,0.031134,1.0,0.104683,0.032075,0.0,0.0,7.1e-05,-0.086667,0.0,0.0,1,1,8.8,0.0,0.02,0.2,0.2,0.02,1.8971199848858813,False,0.6031,0.9815143350965385,0,0,1,1,0.0208,0.0005,0.9787,0.0135,0.0075,0.0003,0.0,-2,14
35,1,rúben dias|manchester city,Rúben Dias,Manchester City,DEF,0.0,0.0,0.0,0.0,0.37,0.0,0.0,0.0,0.0,0.0,0.0,0.0,0.0,0.0,0.0,0.0,1,1,7.4,0.0,0.02,0.14,0.14,0.02,0.9942522733438669,True,0.0,0.0,0,0,0,0,0.0,0.0,1.0,0.0,0.0,0.0,0.0,0,0
35,1,sam byram|leeds,Sam Byram,Leeds,DEF,0.0,0.0,0.0,0.0,0.43,0.0,0.0,0.0,0.0,0.0,0.0,0.0,0.0,0.0,0.0,0.0,1,1,3.0,0.0,0.02,0.06,0.06,0.02,0.843970070294529,True,0.0,0.0,0,0,0,0,0.0,0.0,1.0,0.0,0.0,0.0,0.0,0,0
35,1,sam johnstone|wolverhampton wanderers,Sam Johnstone,Wolverhampton Wanderers,GK,0.0,0.0,0.0,0.0,0.26,0.0,0.0,0.0,0.0,0.0,0.0,0.0,0.0,0.0,0.0,0.0,1,1,0.0,3.3,0.02,0.03,0.03,0.02,1.3470736479666092,True,0.0,0.0,0,0,0,0,0.0,0.0,1.0,0.0,0.0,0.0,0.0,0,0
35,1,samuel chukwueze|fulham,Samuel Chukwueze,Fulham,MID,60.0,0.057454,0.094715,0.152169,0.14,2.659697,0.141157,2.0,0.287268,0.284146,0.14,0.0,0.008284,-0.06,0.0,0.0,1,1,7.6,0.0,0.01,0.06,0.06,0.01,1.9661128563728327,False,1.8936,2.0939147642633404,0,0,2,5,0.104,0.0096,0.8123,0.1391,0.0378,0.0103,0.0005,-1,18
35,1,sander berge|fulham,Sander Berge,Fulham,MID,90.0,0.015086,0.034358,0.049444,0.14,2.406694,0.048241,2.0,0.075428,0.103075,0.14,0.0,0.288192,-0.2,0.0,0.0,1,1,8.8,0.0,0.02,0.14,0.14,0.02,1.9661128563728327,False,2.3914,1.279533524375192,1,2,2,4,0.0459,0.0008,0.75,0.2313,0.0168,0.0019,0.0,-1,11
35,1,sandro tonali|newcastle united,Sandro Tonali,Newcastle United,MID,75.0,0.041689,0.11607,0.157759,0.23,2.767225,0.145945,2.0,0.208446,0.34821,0.23,0.0,0.147236,-0.166667,0.0,0.0,1,1,9.3,0.0,0.02,0.14,0.14,0.02,1.4696759700589417,False,2.6688,1.9126177244812932,1,2,3,5,0.1319,0.0098,0.664,0.2807,0.0439,0.0111,0.0003,-2,18
35,1,santiago bueno|wolverhampton wanderers,Santiago Bueno,Wolverhampton Wanderers,DEF,90.0,0.044675,0.011819,0.056494,0.26,3.004425,0.054928,2.0,0.268049,0.035458,1.04,0.0,0.361354,-0.26,0.0,-0.440437,1,1,7.5,0.0,0.02,0.2,0.2,0.02,1.3470736479666092,False,3.0712,2.7890375687681224,1,1,6,7,0.0485,0.0009,0.6143,0.2696,0.0966,0.0174,0.0021,-3,20
35,1,sasa kalajdzic|wolverhampton wanderers,Sasa Kalajdzic,Wolverhampton Wanderers,FWD,0.0,0.0,0.0,0.0,0.26,0.0,0.0,0.0,0.0,0.0,0.0,0.0,0.0,0.0,0.0,0.0,1,1,2.0,0.0,0.01,0.1,0.1,0.01,1.3470736479666092,True,0.0,0.0,0,0,0,0,0.0,0.0,1.0,0.0,0.0,0.0,0.0,0,0
35,1,sasa lukic|fulham,Sasa Lukic,Fulham,MID,0.0,0.0,0.0,0.0,0.14,0.0,0.0,0.0,0.0,0.0,0.0,0.0,0.0,0.0,0.0,0.0,1,1,9.5,0.0,0.02,0.5,0.5,0.02,1.9661128563728327,True,0.0,0.0,0,0,0,0,0.0,0.0,1.0,0.0,0.0,0.0,0.0,0,0
35,1,seamus coleman|everton,Seamus Coleman,Everton,DEF,0.0,0.0,0.0,0.0,0.12,0.0,0.0,0.0,0.0,0.0,0.0,0.0,0.0,0.0,0.0,0.0,1,1,3.0,0.0,0.02,0.14,0.14,0.02,2.120263536200091,True,0.0,0.0,0,0,0,0,0.0,0.0,1.0,0.0,0.0,0.0,0.0,0,0
35,1,sean longstaff|leeds,Sean Longstaff,Leeds,MID,0.0,0.0,0.0,0.0,0.43,0.0,0.0,0.0,0.0,0.0,0.0,0.0,0.0,0.0,0.0,0.0,1,1,9.5,0.0,0.02,0.2,0.2,0.02,0.843970070294529,True,0.0,0.0,0,0,0,0,0.0,0.0,1.0,0.0,0.0,0.0,0.0,0,0
35,1,sebastiaan bornauw|leeds,Sebastiaan Bornauw,Leeds,DEF,0.0,0.0,0.0,0.0,0.43,0.0,0.0,0.0,0.0,0.0,0.0,0.0,0.0,0.0,0.0,0.0,1,1,11.3,0.0,0.02,0.2,0.2,0.02,0.843970070294529,True,0.0,0.0,0,0,0,0,0.0,0.0,1.0,0.0,0.0,0.0,0.0,0,0
35,1,senne lammens|manchester united,Senne Lammens,Manchester United,GK,90.0,0.0,0.0,0.0,0.21,3.005318,0.0,2.0,0.0,0.0,0.84,0.766667,0.0,-0.06,0.0,-0.541349,1,1,0.0,2.3,0.01,0.03,0.03,0.01,1.5606477482646683,False,2.7236,2.242543876939758,1,1,3,6,0.0,0.0,0.6573,0.2436,0.0979,0.0012,0.0,-4,11
35,1,sepp van den berg|brentford,Sepp van den Berg,Brentford,DEF,90.0,0.109804,0.05622,0.166024,0.27,4.09629,0.152974,2.0,0.658824,0.168659,1.08,0.0,0.731698,-0.12,0.0,-0.422892,1,1,9.1,0.0,0.02,0.06,0.06,0.02,1.3093333199837622,False,4.0941,3.4008594781319617,1,1,6,8,0.1333,0.0103,0.4599,0.3283,0.1471,0.0519,0.0128,-4,26
35,1,shea lacey|manchester united,Shea Lacey,Manchester United,MID,0.0,0.0,0.0,0.0,0.21,0.0,0.0,0.0,0.0,0.0,0.0,0.0,0.0,0.0,0.0,0.0,1,1,3.0,0.0,0.01,0.1,0.1,0.01,1.5606477482646683,True,0.0,0.0,0,0,0,0,0.0,0.0,1.0,0.0,0.0,0.0,0.0,0,0
35,1,simon adingra|sunderland,Simon Adingra,Sunderland,MID,0.0,0.0,0.0,0.0,0.32,0.0,0.0,0.0,0.0,0.0,0.0,0.0,0.0,0.0,0.0,0.0,1,1,6.2,0.0,0.02,0.2,0.2,0.02,1.1394342831883648,True,0.0,0.0,0,0,0,0,0.0,0.0,1.0,0.0,0.0,0.0,0.0,0,0
35,1,solly march|brighton,Solly March,Brighton,MID,0.0,0.0,0.0,0.0,0.22,0.0,0.0,0.0,0.0,0.0,0.0,0.0,0.0,0.0,0.0,0.0,1,1,4.0,0.0,0.03,0.2,0.2,0.03,1.5141277326297755,True,0.0,0.0,0,0,0,0,0.0,0.0,1.0,0.0,0.0,0.0,0.0,0,0
35,1,soungoutou magassa|west ham,Soungoutou Magassa,West Ham,MID,0.0,0.0,0.0,0.0,0.17,0.0,0.0,0.0,0.0,0.0,0.0,0.0,0.0,0.0,0.0,0.0,1,1,2.0,0.0,0.02,0.33,0.33,0.02,1.7719568419318752,True,0.0,0.0,0,0,0,0,0.0,0.0,1.0,0.0,0.0,0.0,0.0,0,0
35,1,souza|tottenham,Souza,Tottenham,DEF,60.0,0.010288,0.090045,0.100333,0.2,2.39381,0.095464,2.0,0.061727,0.270136,0.8,0.0,0.0,-0.173333,0.0,-0.564719,1,1,1.0,0.0,0.02,0.2,0.2,0.02,1.6094379124341003,False,1.7021,2.419825528834672,0,0,2,6,0.0738,0.0049,0.8086,0.1436,0.0376,0.0093,0.0009,-3,16
35,1,stefan ortega moreno|nottingham forest,Stefan Ortega Moreno,Nottingham Forest,GK,90.0,0.0,0.0,0.0,0.15,2.839148,0.0,2.0,0.0,0.0,0.6,1.033333,0.0,-0.09,0.0,-0.704185,1,1,0.0,3.1,0.01,0.06,0.06,0.01,1.8971199848858813,False,2.5811,2.1263167191178267,1,1,3,6,0.0,0.0,0.6377,0.2723,0.088,0.002,0.0,-4,11
35,1,stefanos tzimas|brighton,Stefanos Tzimas,Brighton,FWD,0.0,0.0,0.0,0.0,0.22,0.0,0.0,0.0,0.0,0.0,0.0,0.0,0.0,0.0,0.0,0.0,1,1,10.2,0.0,0.01,0.06,0.06,0.01,1.5141277326297755,True,0.0,0.0,0,0,0,0,0.0,0.0,1.0,0.0,0.0,0.0,0.0,0,0
35,1,sven botman|newcastle united,Sven Botman,Newcastle United,DEF,60.0,0.053362,0.03869,0.092052,0.23,2.897519,0.087942,2.0,0.320173,0.11607,0.92,0.0,0.119339,-0.08,0.0,-0.498063,1,1,8.9,0.0,0.02,0.06,0.06,0.02,1.4696759700589417,False,2.1962,2.8439946483775245,0,0,3,6,0.0646,0.0033,0.7308,0.1803,0.068,0.0181,0.0028,-3,21
35,1,sávio|manchester city,Sávio,Manchester City,MID,15.0,0.060283,0.013817,0.0741,0.37,1.304533,0.071421,1.0,0.301416,0.04145,0.0,0.0,0.0,-0.038333,0.0,0.0,1,1,7.5,0.0,0.01,0.2,0.2,0.01,0.9942522733438669,False,0.8123,1.4875041882293978,0,0,1,1,0.0517,0.0029,0.9483,0.0283,0.0209,0.0025,0.0,-2,14
35,1,taiwo awoniyi|nottingham forest,Taiwo Awoniyi,Nottingham Forest,FWD,30.0,0.2532,0.072373,0.325574,0.15,2.186588,0.277887,1.0,1.012801,0.21712,0.0,0.0,1e-06,-0.043333,0.0,0.0,1,1,5.5,0.0,0.01,0.1,0.1,0.01,1.8971199848858813,False,1.4677,2.5326185480644337,0,0,1,5,0.1724,0.0331,0.8282,0.1175,0.0326,0.019,0.0027,-2,20
35,1,tammy abraham|aston villa,Tammy Abraham,Aston Villa,FWD,15.0,0.149014,0.018161,0.167175,0.27,1.635541,0.153949,1.0,0.596057,0.054483,0.0,0.0,0.0,-0.015,0.0,0.0,1,1,3.5,0.0,0.01,0.06,0.06,0.01,1.3093333199837622,False,1.1425,2.0166293040616066,0,0,1,5,0.1147,0.0133,0.8853,0.0821,0.0231,0.0089,0.0006,-2,20
35,1,tawanda chirewa|wolverhampton wanderers,Tawanda Chirewa,Wolverhampton Wanderers,MID,0.0,0.0,0.0,0.0,0.26,0.0,0.0,0.0,0.0,0.0,0.0,0.0,0.0,0.0,0.0,0.0,1,1,4.0,0.0,0.01,0.06,0.06,0.01,1.3470736479666092,True,0.0,0.0,0,0,0,0,0.0,0.0,1.0,0.0,0.0,0.0,0.0,0,0
35,1,thiago|brentford,Thiago,Brentford,FWD,90.0,0.640179,0.08915,0.729329,0.27,4.526193,0.517768,2.0,2.560717,0.26745,0.0,0.0,0.013466,-0.26,-0.05544,0.0,1,1,5.4,0.0,0.02,0.2,0.2,0.02,1.3093333199837622,False,4.8151,3.8302887606549976,2,2,7,11,0.48,0.1427,0.5181,0.1886,0.1647,0.1062,0.0224,-1,28
35,1,thierno barry|everton,Thierno Barry,Everton,FWD,30.0,0.095403,0.009666,0.105069,0.12,1.333943,0.099737,1.0,0.381612,0.028997,0.0,0.0,0.0,-0.076667,0.0,0.0,1,1,3.1,0.0,0.01,0.2,0.2,0.01,2.120263536200091,False,0.8406,1.5423331806065768,0,0,1,1,0.0663,0.0056,0.9338,0.0508,0.0113,0.0037,0.0004,-2,16
35,1,tijjani reijnders|manchester city,Tijjani Reijnders,Manchester City,MID,15.0,0.03175,0.039491,0.071242,0.37,1.250559,0.068763,1.0,0.158751,0.118474,0.0,0.0,0.0,-0.026667,0.0,0.0,1,1,5.6,0.0,0.02,0.1,0.1,0.02,0.9942522733438669,False,0.7822,1.3402847309433918,0,0,1,1,0.0519,0.0036,0.9482,0.0354,0.0146,0.0017,0.0001,-2,16
35,1,tim iroegbunam|everton,Tim Iroegbunam,Everton,MID,0.0,0.0,0.0,0.0,0.12,0.0,0.0,0.0,0.0,0.0,0.0,0.0,0.0,0.0,0.0,0.0,1,1,11.8,0.0,0.03,0.5,0.5,0.03,2.120263536200091,True,0.0,0.0,0,0,0,0,0.0,0.0,1.0,0.0,0.0,0.0,0.0,0,0
35,1,timothy castagne|fulham,Timothy Castagne,Fulham,DEF,0.0,0.0,0.0,0.0,0.14,0.0,0.0,0.0,0.0,0.0,0.0,0.0,0.0,0.0,0.0,0.0,1,1,7.9,0.0,0.02,0.2,0.2,0.02,1.9661128563728327,True,0.0,0.0,0,0,0,0,0.0,0.0,1.0,0.0,0.0,0.0,0.0,0,0
35,1,tolu arokodare|wolverhampton wanderers,Tolu Arokodare,Wolverhampton Wanderers,FWD,60.0,0.266069,0.048782,0.314852,0.26,3.150626,0.270103,2.0,1.064278,0.146347,0.0,0.0,2e-06,-0.06,0.0,0.0,1,1,3.0,0.0,0.01,0.06,0.06,0.01,1.3470736479666092,False,2.3841,2.865513425199749,0,0,2,7,0.1976,0.0349,0.8025,0.0843,0.0818,0.0285,0.0029,-1,21
35,1,tom cairney|fulham,Tom Cairney,Fulham,MID,0.0,0.0,0.0,0.0,0.14,0.0,0.0,0.0,0.0,0.0,0.0,0.0,0.0,0.0,0.0,0.0,1,1,7.2,0.0,0.02,0.5,0.5,0.02,1.9661128563728327,True,0.0,0.0,0,0,0,0,0.0,0.0,1.0,0.0,0.0,0.0,0.0,0,0
35,1,tom edozie|wolverhampton wanderers,Tom Edozie,Wolverhampton Wanderers,MID,0.0,0.0,0.0,0.0,0.26,0.0,0.0,0.0,0.0,0.0,0.0,0.0,0.0,0.0,0.0,0.0,1,1,2.0,0.0,0.01,0.14,0.14,0.01,1.3470736479666092,True,0.0,0.0,0,0,0,0,0.0,0.0,1.0,0.0,0.0,0.0,0.0,0,0
35,1,tom watson|brighton,Tom Watson,Brighton,FWD,0.0,0.0,0.0,0.0,0.22,0.0,0.0,0.0,0.0,0.0,0.0,0.0,0.0,0.0,0.0,0.0,1,1,0.0,0.0,0.01,0.03,0.03,0.01,1.5141277326297755,True,0.0,0.0,0,0,0,0,0.0,0.0,1.0,0.0,0.0,0.0,0.0,0,0
35,1,tomas soucek|west ham,Tomas Soucek,West Ham,MID,75.0,0.185082,0.03889,0.223972,0.17,3.192648,0.200662,2.0,0.925409,0.11667,0.17,0.0,0.147236,-0.166667,0.0,0.0,1,1,9.3,0.0,0.02,0.14,0.14,0.02,1.7719568419318752,False,3.1465,2.7332833277946142,1,2,3,7,0.1826,0.0188,0.6511,0.2019,0.1132,0.0279,0.0059,-2,23
35,1,tosin adarabioyo|chelsea,Tosin Adarabioyo,Chelsea,DEF,15.0,0.001139,0.006066,0.007205,0.33,0.966583,0.007179,1.0,0.006834,0.018198,0.0,0.0,3.3e-05,-0.043333,0.0,-0.015149,1,1,11.3,0.0,0.02,0.2,0.2,0.02,1.1086626245216111,False,0.368,0.6410740986812679,0,0,1,1,0.0054,0.0,0.9935,0.0059,0.0006,0.0,0.0,-3,8
35,1,toti|wolverhampton wanderers,Toti,Wolverhampton Wanderers,DEF,0.0,0.0,0.0,0.0,0.26,0.0,0.0,0.0,0.0,0.0,0.0,0.0,0.0,0.0,0.0,0.0,1,1,8.3,0.0,0.02,0.14,0.14,0.02,1.3470736479666092,True,0.0,0.0,0,0,0,0,0.0,0.0,1.0,0.0,0.0,0.0,0.0,0,0
35,1,trai hume|sunderland,Trai Hume,Sunderland,DEF,90.0,0.069667,0.093285,0.162952,0.32,3.392361,0.150368,2.0,0.418004,0.279854,1.28,0.0,0.14982,-0.39,0.0,-0.345317,1,1,6.2,0.0,0.02,0.33,0.33,0.02,1.1394342831883648,False,3.5082,3.121014700381912,1,1,6,7,0.1351,0.0093,0.5615,0.2975,0.0995,0.0366,0.0049,-4,23
35,1,trevoh chalobah|chelsea,Trevoh Chalobah,Chelsea,DEF,90.0,0.054511,0.025897,0.080407,0.33,3.964896,0.07726,2.0,0.327064,0.07769,1.32,0.0,0.731698,-0.16,0.0,-0.331556,1,1,9.1,0.0,0.02,0.1,0.1,0.02,1.1086626245216111,False,4.0249,3.0074374457334936,1,2,6,8,0.0705,0.0029,0.4429,0.364,0.1582,0.029,0.0059,-3,25
35,1,treymaurice nyoni|liverpool,Treymaurice Nyoni,Liverpool,MID,0.0,0.0,0.0,0.0,0.18,0.0,0.0,0.0,0.0,0.0,0.0,0.0,0.0,0.0,0.0,0.0,1,1,4.0,0.0,0.01,0.1,0.1,0.01,1.7147984280919266,True,0.0,0.0,0,0,0,0,0.0,0.0,1.0,0.0,0.0,0.0,0.0,0,0
35,1,tyler adams|bournemouth,Tyler Adams,Bournemouth,MID,75.0,0.040733,0.047048,0.087782,0.35,2.647106,0.084039,2.0,0.203666,0.141145,0.35,0.0,0.443961,-0.491667,0.0,0.0,1,1,11.6,0.0,0.03,0.5,0.5,0.03,1.0498221244986778,False,2.5515,1.9254474155374903,1,1,3,5,0.0783,0.0045,0.603,0.3508,0.0371,0.0083,0.0008,-2,17
35,1,tyler dibling|everton,Tyler Dibling,Everton,MID,0.0,0.0,0.0,0.0,0.12,0.0,0.0,0.0,0.0,0.0,0.0,0.0,0.0,0.0,0.0,0.0,1,1,10.3,0.0,0.01,0.14,0.14,0.01,2.120263536200091,True,0.0,0.0,0,0,0,0,0.0,0.0,1.0,0.0,0.0,0.0,0.0,0,0
35,1,tyler fletcher|manchester united,Tyler Fletcher,Manchester United,MID,0.0,0.0,0.0,0.0,0.21,0.0,0.0,0.0,0.0,0.0,0.0,0.0,0.0,0.0,0.0,0.0,1,1,3.0,0.0,0.01,0.1,0.1,0.01,1.5606477482646683,True,0.0,0.0,0,0,0,0,0.0,0.0,1.0,0.0,0.0,0.0,0.0,0,0
35,1,tyler fredricson|manchester united,Tyler Fredricson,Manchester United,DEF,0.0,0.0,0.0,0.0,0.21,0.0,0.0,0.0,0.0,0.0,0.0,0.0,0.0,0.0,0.0,0.0,1,1,4.0,0.0,0.02,0.14,0.14,0.02,1.5606477482646683,True,0.0,0.0,0,0,0,0,0.0,0.0,1.0,0.0,0.0,0.0,0.0,0,0
35,1,tyrell malacia|manchester united,Tyrell Malacia,Manchester United,DEF,0.0,0.0,0.0,0.0,0.21,0.0,0.0,0.0,0.0,0.0,0.0,0.0,0.0,0.0,0.0,0.0,1,1,0.0,0.0,0.02,0.03,0.03,0.02,1.5606477482646683,True,0.0,0.0,0,0,0,0,0.0,0.0,1.0,0.0,0.0,0.0,0.0,0,0
35,1,tyrick mitchell|crystal palace,Tyrick Mitchell,Crystal Palace,DEF,90.0,0.035195,0.067673,0.102869,0.15,2.269036,0.097755,2.0,0.211173,0.20302,0.6,0.0,0.219028,-0.26,0.0,-0.704185,1,1,6.7,0.0,0.02,0.2,0.2,0.02,1.8971199848858813,False,2.3248,2.574044475140241,0,1,3,6,0.0871,0.0039,0.722,0.2059,0.0567,0.0141,0.0013,-4,21
35,1,tyrique george|everton,Tyrique George,Everton,FWD,15.0,0.025769,0.038361,0.064129,0.12,1.19649,0.062116,1.0,0.103075,0.115082,0.0,0.0,0.0,-0.021667,0.0,0.0,1,1,3.0,0.0,0.01,0.1,0.1,0.01,2.120263536200091,False,0.7201,1.1372581017517525,0,0,1,1,0.046,0.0023,0.954,0.0394,0.0059,0.0007,0.0,-2,14
35,1,tyrone mings|aston villa,Tyrone Mings,Aston Villa,DEF,0.0,0.0,0.0,0.0,0.27,0.0,0.0,0.0,0.0,0.0,0.0,0.0,0.0,0.0,0.0,0.0,1,1,7.5,0.0,0.02,0.1,0.1,0.02,1.3093333199837622,True,0.0,0.0,0,0,0,0,0.0,0.0,1.0,0.0,0.0,0.0,0.0,0,0
35,1,valentino livramento|newcastle united,Valentino Livramento,Newcastle United,DEF,0.0,0.0,0.0,0.0,0.23,0.0,0.0,0.0,0.0,0.0,0.0,0.0,0.0,0.0,0.0,0.0,1,1,5.0,0.0,0.01,0.06,0.06,0.01,1.4696759700589417,True,0.0,0.0,0,0,0,0,0.0,0.0,1.0,0.0,0.0,0.0,0.0,0,0
35,1,valentín castellanos|west ham,Valentín Castellanos,West Ham,FWD,75.0,0.266062,0.053331,0.319393,0.17,3.040046,0.27341,2.0,1.064248,0.159992,0.0,0.0,0.007472,-0.191667,0.0,0.0,1,1,6.0,0.0,0.01,0.2,0.2,0.01,1.7719568419318752,False,3.0313,2.6358149233206793,1,2,4,7,0.2514,0.0369,0.7429,0.1329,0.0918,0.0292,0.0032,-2,19
35,1,veljko milosavljevic|bournemouth,Veljko Milosavljevic,Bournemouth,DEF,0.0,0.0,0.0,0.0,0.35,0.0,0.0,0.0,0.0,0.0,0.0,0.0,0.0,0.0,0.0,0.0,1,1,9.6,0.0,0.01,0.06,0.06,0.01,1.0498221244986778,True,0.0,0.0,0,0,0,0,0.0,0.0,1.0,0.0,0.0,0.0,0.0,0,0
35,1,victor lindelöf|aston villa,Victor Lindelöf,Aston Villa,DEF,0.0,0.0,0.0,0.0,0.27,0.0,0.0,0.0,0.0,0.0,0.0,0.0,0.0,0.0,0.0,0.0,1,1,5.7,0.0,0.02,0.14,0.14,0.02,1.3093333199837622,True,0.0,0.0,0,0,0,0,0.0,0.0,1.0,0.0,0.0,0.0,0.0,0,0
35,1,viktor gyokeres|arsenal,Viktor Gyokeres,Arsenal,FWD,75.0,0.448073,0.077237,0.52531,0.44,3.81954,0.408628,2.0,1.792291,0.231711,0.0,0.0,3.8e-05,-0.191667,-0.012833,0.0,1,1,3.3,0.0,0.01,0.2,0.2,0.01,0.8209805520698302,False,3.9162,3.364428266436959,1,2,6,8,0.3831,0.0876,0.6172,0.1779,0.1281,0.0645,0.0123,-2,25
35,1,virgil van dijk|liverpool,Virgil van Dijk,Liverpool,DEF,90.0,0.102255,0.013972,0.116227,0.18,3.422794,0.109727,2.0,0.613531,0.041917,0.72,0.0,0.832846,-0.17,0.0,-0.615499,1,1,9.5,0.0,0.01,0.14,0.14,0.01,1.7147984280919266,False,3.3664,3.0976040805758247,1,1,5,8,0.096,0.0049,0.533,0.3049,0.1222,0.0331,0.0068,-3,23
35,1,vitalii mykolenko|everton,Vitalii Mykolenko,Everton,DEF,90.0,0.004455,0.020607,0.025062,0.12,1.715903,0.02475,2.0,0.026729,0.061821,0.48,0.0,0.251085,-0.29,0.0,-0.813732,1,1,6.9,0.0,0.03,0.2,0.2,0.03,2.120263536200091,False,1.7695,2.160409625510866,0,1,2,6,0.0238,0.0003,0.7951,0.166,0.0367,0.0022,0.0,-4,14
35,1,vitaly janelt|brentford,Vitaly Janelt,Brentford,MID,60.0,0.052072,0.12543,0.177503,0.27,2.693452,0.162641,2.0,0.260362,0.376291,0.27,0.0,0.160133,-0.373333,0.0,0.0,1,1,11.8,0.0,0.02,0.5,0.5,0.02,1.3093333199837622,False,2.1513,2.4231401754747908,0,0,3,5,0.1316,0.0128,0.6851,0.2501,0.0487,0.0153,0.0008,-1,26
35,1,walter benítez|crystal palace,Walter Benítez,Crystal Palace,MID,0.0,0.0,0.0,0.0,0.15,0.0,0.0,0.0,0.0,0.0,0.0,0.0,0.0,0.0,0.0,0.0,1,1,0.0,0.0,0.0,0.0,0.0,0.0,1.8971199848858813,True,0.0,0.0,0,0,0,0,0.0,0.0,1.0,0.0,0.0,0.0,0.0,0,0
35,1,wataru endo|liverpool,Wataru Endo,Liverpool,MID,0.0,0.0,0.0,0.0,0.18,0.0,0.0,0.0,0.0,0.0,0.0,0.0,0.0,0.0,0.0,0.0,1,1,12.2,0.0,0.02,0.33,0.33,0.02,1.7147984280919266,True,0.0,0.0,0,0,0,0,0.0,0.0,1.0,0.0,0.0,0.0,0.0,0,0
35,1,wesley fofana|chelsea,Wesley Fofana,Chelsea,DEF,15.0,0.005716,0.00668,0.012396,0.33,0.974227,0.01232,1.0,0.034294,0.020041,0.0,0.0,4.1e-05,-0.065,0.0,-0.015149,1,1,11.6,0.0,0.02,0.33,0.33,0.02,1.1086626245216111,False,0.372,0.7794972738887546,0,0,1,1,0.0089,0.0001,0.9894,0.0071,0.0034,0.0001,0.0,-4,10
35,1,wilfried gnonto|leeds,Wilfried Gnonto,Leeds,MID,0.0,0.0,0.0,0.0,0.43,0.0,0.0,0.0,0.0,0.0,0.0,0.0,0.0,0.0,0.0,0.0,1,1,9.5,0.0,0.02,0.33,0.33,0.02,0.843970070294529,True,0.0,0.0,0,0,0,0,0.0,0.0,1.0,0.0,0.0,0.0,0.0,0,0
35,1,will hughes|crystal palace,Will Hughes,Crystal Palace,MID,60.0,0.037198,0.045816,0.083013,0.15,2.124776,0.079661,2.0,0.185988,0.137447,0.15,0.0,0.024674,-0.373333,0.0,0.0,1,1,8.8,0.0,0.02,0.5,0.5,0.02,1.8971199848858813,False,1.5388,1.758719579694273,0,0,2,3,0.0591,0.0033,0.8511,0.1188,0.0258,0.0042,0.0001,-1,15
35,1,william osula|newcastle united,William Osula,Newcastle United,FWD,15.0,0.0617,0.005804,0.067503,0.23,1.249211,0.065276,1.0,0.2468,0.017411,0.0,0.0,0.0,-0.015,0.0,0.0,1,1,3.0,0.0,0.01,0.06,0.06,0.01,1.4696759700589417,False,0.7694,1.3082903500370244,0,0,1,1,0.0482,0.0019,0.9519,0.0352,0.0116,0.0013,0.0,-2,12
35,1,william saliba|arsenal,William Saliba,Arsenal,DEF,90.0,0.069279,0.021463,0.090742,0.44,4.073573,0.086747,2.0,0.415673,0.064389,1.76,0.0,0.1624,-0.12,0.0,-0.20889,1,1,6.3,0.0,0.02,0.06,0.06,0.02,0.8209805520698302,False,4.2127,3.016464604466626,1,2,6,7,0.0771,0.0034,0.4769,0.3495,0.1343,0.0333,0.006,-3,27
35,1,wilson isidor|sunderland,Wilson Isidor,Sunderland,FWD,30.0,0.193838,0.007184,0.201022,0.32,1.766905,0.182106,1.0,0.775352,0.021552,0.0,0.0,0.0,-0.03,0.0,0.0,1,1,3.8,0.0,0.01,0.06,0.06,0.01,1.1394342831883648,False,1.1701,2.0753231049646224,0,0,1,5,0.1199,0.0134,0.8802,0.0834,0.0258,0.0101,0.0005,-2,16
35,1,wilson odobert|tottenham,Wilson Odobert,Tottenham,MID,15.0,0.046636,0.044343,0.090979,0.2,1.35121,0.086963,1.0,0.233182,0.133028,0.0,0.0,0.0,-0.015,0.0,0.0,1,1,4.0,0.0,0.01,0.06,0.06,0.01,1.6094379124341003,False,0.853,1.4810101282570622,0,0,1,1,0.061,0.0046,0.939,0.0391,0.0192,0.0027,0.0,-2,14
35,1,xavi simons|tottenham,Xavi Simons,Tottenham,MID,0.0,0.0,0.0,0.0,0.2,0.0,0.0,0.0,0.0,0.0,0.0,0.0,0.0,0.0,0.0,0.0,1,1,7.8,0.0,0.01,0.33,0.33,0.01,1.6094379124341003,True,0.0,0.0,0,0,0,0,0.0,0.0,1.0,0.0,0.0,0.0,0.0,0,0
35,1,yankuba minteh|brighton,Yankuba Minteh,Brighton,MID,60.0,0.089528,0.17683,0.266357,0.22,3.161968,0.233835,2.0,0.447638,0.530489,0.22,0.0,0.003842,-0.04,0.0,0.0,1,1,6.9,0.0,0.01,0.03,0.03,0.01,1.5141277326297755,False,2.3078,2.630714572126744,0,0,3,6,0.1729,0.0265,0.7205,0.1933,0.0623,0.0209,0.003,-1,20
35,1,yasin ayari|brighton,Yasin Ayari,Brighton,MID,15.0,0.015491,0.00796,0.023451,0.22,1.081336,0.023178,1.0,0.077456,0.023879,0.0,0.0,0.0,-0.02,0.0,0.0,1,1,10.6,0.0,0.02,0.06,0.06,0.02,1.5141277326297755,False,0.6238,0.8943565060980995,0,0,1,1,0.0168,0.0002,0.9831,0.01,0.0067,0.0002,0.0,-2,11
35,1,yehor yarmolyuk|brentford,Yehor Yarmolyuk,Brentford,MID,0.0,0.0,0.0,0.0,0.27,0.0,0.0,0.0,0.0,0.0,0.0,0.0,0.0,0.0,0.0,0.0,1,1,11.3,0.0,0.01,0.33,0.33,0.01,1.3093333199837622,True,0.0,0.0,0,0,0,0,0.0,0.0,1.0,0.0,0.0,0.0,0.0,0,0
35,1,yeremi pino|crystal palace,Yeremi Pino,Crystal Palace,MID,60.0,0.109947,0.155722,0.265669,0.15,3.016235,0.233308,2.0,0.549737,0.467166,0.15,0.0,0.002666,-0.153333,0.0,0.0,1,1,6.6,0.0,0.01,0.2,0.2,0.01,1.8971199848858813,False,2.1763,2.6170629167064363,0,0,2,6,0.1678,0.0251,0.7651,0.1466,0.066,0.0198,0.0025,-1,19
35,1,yerson mosquera|wolverhampton wanderers,Yerson Mosquera,Wolverhampton Wanderers,DEF,90.0,0.098285,0.070916,0.169201,0.26,3.518624,0.155661,2.0,0.589709,0.212748,1.04,0.0,0.706603,-0.59,0.0,-0.440437,1,1,9.0,0.0,0.03,0.5,0.5,0.03,1.3470736479666092,False,3.6121,3.3784365600081943,0,1,6,8,0.1403,0.0101,0.4993,0.3126,0.1349,0.0456,0.0076,-3,23
35,1,yoane wissa|newcastle united,Yoane Wissa,Newcastle United,FWD,15.0,0.088381,0.005804,0.094185,0.23,1.349268,0.089885,1.0,0.353524,0.017411,0.0,0.0,0.0,-0.021667,0.0,0.0,1,1,3.8,0.0,0.01,0.1,0.1,0.01,1.4696759700589417,False,0.8624,1.5279614654826867,0,0,1,1,0.0657,0.005,0.9343,0.0488,0.013,0.0037,0.0002,-2,15
35,1,youri tielemans|aston villa,Youri Tielemans,Aston Villa,MID,75.0,0.098003,0.127442,0.225445,0.27,3.205229,0.201839,2.0,0.490016,0.382325,0.27,0.0,0.175721,-0.1,-0.012833,0.0,1,1,9.6,0.0,0.02,0.06,0.06,0.02,1.3093333199837622,False,3.132,2.3809191502442917,1,2,4,7,0.1861,0.0193,0.5811,0.3121,0.0796,0.0253,0.0019,-2,18
35,1,yves bissouma|tottenham,Yves Bissouma,Tottenham,MID,30.0,0.012783,0.001773,0.014556,0.2,0.942073,0.014451,1.0,0.063916,0.005319,0.0,0.0,0.002838,-0.13,0.0,0.0,1,1,13.3,0.0,0.02,0.33,0.33,0.02,1.6094379124341003,False,0.5481,0.8218797904803354,0,0,1,1,0.009,0.0001,0.9813,0.015,0.0036,0.0001,0.0,-2,13
35,1,zach abbott|nottingham forest,Zach Abbott,Nottingham Forest,DEF,0.0,0.0,0.0,0.0,0.15,0.0,0.0,0.0,0.0,0.0,0.0,0.0,0.0,0.0,0.0,0.0,1,1,3.0,0.0,0.02,0.1,0.1,0.02,1.8971199848858813,True,0.0,0.0,0,0,0,0,0.0,0.0,1.0,0.0,0.0,0.0,0.0,0,0
35,1,zian flemming|burnley,Zian Flemming,Burnley,FWD,15.0,0.086659,0.004842,0.091501,0.12,1.296028,0.087439,1.0,0.346637,0.014525,0.0,0.0,0.0,-0.06,-0.005133,0.0,1,1,4.9,0.0,0.01,0.33,0.33,0.01,2.120263536200091,False,0.8327,1.4828050141539175,0,0,1,1,0.0652,0.0042,0.9348,0.0494,0.0131,0.0027,0.0,-2,14
36,2,aaron hickey|brentford,Aaron Hickey,Brentford,DEF,75.0,0.026566,0.029892,0.056458,0.1,1.620012,0.054893,2.0,0.159395,0.089675,0.4,0.0,0.0664,-0.191667,0.0,-0.903793,1,1,6.4,0.0,0.01,0.2,0.2,0.01,2.3025850929940455,False,1.4821,2.192414100939875,0,0,2,5,0.0508,0.0014,0.844,0.1141,0.0371,0.0046,0.0002,-4,15
36,2,aaron ramsdale|newcastle united,Aaron Ramsdale,Newcastle United,GK,0.0,0.0,0.0,0.0,0.27,0.0,0.0,0.0,0.0,0.0,0.0,0.0,0.0,0.0,0.0,0.0,1,1,0.0,0.0,0.01,0.03,0.03,0.01,1.3093333199837622,True,0.0,0.0,0,0,0,0,0.0,0.0,1.0,0.0,0.0,0.0,0.0,0,0
36,2,aaron wan-bissaka|west ham,Aaron Wan-Bissaka,West Ham,DEF,90.0,0.0,0.03134,0.03134,0.16,2.284991,0.030854,2.0,0.0,0.09402,0.64,0.0,0.423661,-0.2,0.0,-0.672691,1,1,7.8,0.0,0.02,0.14,0.14,0.02,1.8325814637483102,False,2.2695,2.2569159820427522,0,1,3,6,0.0275,0.0007,0.7068,0.2377,0.0521,0.0034,0.0,-4,14
36,2,abduqodir khusanov|manchester city,Abduqodir Khusanov,Manchester City,DEF,90.0,0.056918,0.058186,0.115104,0.6608,7.462821,0.108727,4.0,0.341509,0.174558,3.32,0.0,0.53605,-0.433333,0.0,-0.475962,2,1,8.4,0.0,0.02,0.2,0.2,0.02,0.41430405677536863,False,5.494,2.9473316745829607,2,3,7,9,0.094,0.0049,0.2452,0.4582,0.235,0.0509,0.0107,-2,20
36,2,adam armstrong|wolverhampton wanderers,Adam Armstrong,Wolverhampton Wanderers,FWD,60.0,0.056225,0.067695,0.12392,0.14,2.368012,0.116549,2.0,0.224899,0.203085,0.0,0.0,2.8e-05,-0.06,0.0,0.0,1,1,4.0,0.0,0.01,0.06,0.06,0.01,1.9661128563728327,False,1.6948,1.789707506828979,0,0,2,2,0.092,0.0062,0.9078,0.0596,0.0284,0.0042,0.0,-1,14
36,2,adam smith|bournemouth,Adam Smith,Bournemouth,DEF,15.0,0.0,0.01146,0.01146,0.23,0.965402,0.011395,1.0,0.0,0.034381,0.0,0.0,0.0,-0.043333,0.0,-0.025646,1,1,5.1,0.0,0.02,0.2,0.2,0.02,1.4696759700589417,False,0.271,0.6525021072762908,0,0,1,1,0.009,0.0003,0.9914,0.0083,0.0003,0.0,0.0,-4,7
36,2,adam wharton|crystal palace,Adam Wharton,Crystal Palace,MID,90.0,0.059117,0.324147,0.383264,0.3448,5.498488,0.318367,4.0,0.295586,0.972441,0.37,0.0,0.560461,-0.7,0.0,0.0,2,1,10.5,0.0,0.03,0.33,0.33,0.03,1.0647907401925991,False,3.7593,2.5629208942142556,1,2,5,7,0.2862,0.042,0.4187,0.4457,0.1006,0.0321,0.0029,-1,22
36,2,adama traoré|west ham,Adama Traoré,West Ham,MID,15.0,0.01158,0.016226,0.027806,0.16,1.041578,0.027423,1.0,0.057899,0.048679,0.0,0.0,0.0,-0.065,0.0,0.0,1,1,4.4,0.0,0.02,0.33,0.33,0.02,1.8325814637483102,False,0.6122,0.936809030699427,0,0,1,1,0.0228,0.0008,0.9774,0.0161,0.006,0.0005,0.0,-2,13
36,2,adrien truffert|bournemouth,Adrien Truffert,Bournemouth,DEF,90.0,0.035985,0.105765,0.14175,0.23,3.354923,0.132162,2.0,0.215911,0.317295,0.92,0.0,0.559779,-0.16,0.0,-0.498063,1,1,8.4,0.0,0.02,0.1,0.1,0.02,1.4696759700589417,False,3.3406,2.8879736217631904,1,1,6,7,0.1175,0.0085,0.5492,0.3109,0.1099,0.0271,0.0029,-3,23
36,2,alejandro garnacho|chelsea,Alejandro Garnacho,Chelsea,MID,15.0,0.035681,0.043063,0.078744,0.16,1.280929,0.075724,1.0,0.178407,0.129189,0.0,0.0,0.0,-0.026667,0.0,0.0,1,1,4.9,0.0,0.02,0.1,0.1,0.02,1.8325814637483102,False,0.8116,1.422710596010306,0,0,1,1,0.0581,0.0034,0.9421,0.0399,0.0156,0.0021,0.0003,-2,17
36,2,alejandro jiménez|bournemouth,Alejandro Jiménez,Bournemouth,DEF,90.0,0.04318,0.077302,0.120482,0.23,2.410277,0.113507,2.0,0.259082,0.231906,0.92,0.0,0.087352,-0.59,0.0,-0.498063,1,1,5.6,0.0,0.03,0.5,0.5,0.03,1.4696759700589417,False,2.5136,2.7550344898022603,0,1,5,6,0.102,0.0047,0.6792,0.2368,0.0663,0.0164,0.0013,-3,19
36,2,alex iwobi|fulham,Alex Iwobi,Fulham,MID,90.0,0.070822,0.162811,0.233633,0.23,2.997724,0.208348,2.0,0.35411,0.488434,0.23,0.0,0.05518,-0.13,0.0,0.0,1,1,6.6,0.0,0.01,0.1,0.1,0.01,1.4696759700589417,False,3.0329,2.089118854924248,2,2,3,6,0.1904,0.0196,0.6254,0.2899,0.0672,0.0165,0.001,-1,18
36,2,alex murphy|newcastle united,Alex Murphy,Newcastle United,DEF,0.0,0.0,0.0,0.0,0.27,0.0,0.0,0.0,0.0,0.0,0.0,0.0,0.0,0.0,0.0,0.0,1,1,4.0,0.0,0.01,0.06,0.06,0.01,1.3093333199837622,True,0.0,0.0,0,0,0,0,0.0,0.0,1.0,0.0,0.0,0.0,0.0,0,0
36,2,alex scott|bournemouth,Alex Scott,Bournemouth,MID,90.0,0.106298,0.11085,0.217148,0.23,3.873561,0.19519,2.0,0.531492,0.33255,0.23,0.0,0.939519,-0.16,0.0,0.0,1,1,11.9,0.0,0.02,0.1,0.1,0.02,1.4696759700589417,False,3.81,2.4630265934414917,2,2,5,7,0.1806,0.0176,0.4149,0.4524,0.093,0.0361,0.0036,-1,18
36,2,alex tóth|bournemouth,Alex Tóth,Bournemouth,MID,0.0,0.0,0.0,0.0,0.23,0.0,0.0,0.0,0.0,0.0,0.0,0.0,0.0,0.0,0.0,0.0,1,1,0.0,0.0,0.01,0.06,0.06,0.01,1.4696759700589417,True,0.0,0.0,0,0,0,0,0.0,0.0,1.0,0.0,0.0,0.0,0.0,0,0
36,2,alexander isak|liverpool,Alexander Isak,Liverpool,FWD,75.0,0.378727,0.075961,0.454687,0.25,3.668023,0.365354,2.0,1.514907,0.227882,0.0,0.0,0.000234,-0.075,0.0,0.0,1,1,4.0,0.0,0.01,0.06,0.06,0.01,1.3862943611198906,False,3.7543,3.163468272323906,1,2,6,8,0.3464,0.0723,0.654,0.1556,0.126,0.0555,0.0089,-2,21
36,2,alexis mac allister|liverpool,Alexis Mac Allister,Liverpool,MID,75.0,0.121867,0.049291,0.171159,0.25,2.836346,0.157312,2.0,0.609336,0.147874,0.25,0.0,0.045802,-0.216667,0.0,0.0,1,1,7.7,0.0,0.02,0.2,0.2,0.02,1.3862943611198906,False,2.7334,2.2738787214801057,1,2,3,7,0.1435,0.0105,0.6846,0.215,0.0821,0.0168,0.0015,-2,18
36,2,alisson|liverpool,Alisson,Liverpool,GK,0.0,0.0,0.0,0.0,0.25,0.0,0.0,0.0,0.0,0.0,0.0,0.0,0.0,0.0,0.0,0.0,1,1,0.0,2.1,0.01,0.03,0.03,0.01,1.3862943611198906,True,0.0,0.0,0,0,0,0,0.0,0.0,1.0,0.0,0.0,0.0,0.0,0,0
36,2,alphonse areola|west ham,Alphonse Areola,West Ham,GK,0.0,0.0,0.0,0.0,0.16,0.0,0.0,0.0,0.0,0.0,0.0,0.0,0.0,0.0,0.0,0.0,1,1,0.0,3.8,0.01,0.03,0.03,0.01,1.8325814637483102,True,0.0,0.0,0,0,0,0,0.0,0.0,1.0,0.0,0.0,0.0,0.0,0,0
36,2,altay bayindir|manchester united,Altay Bayindir,Manchester United,GK,0.0,0.0,0.0,0.0,0.32,0.0,0.0,0.0,0.0,0.0,0.0,0.0,0.0,0.0,0.0,0.0,1,1,0.0,0.0,0.01,0.03,0.03,0.01,1.1394342831883648,True,0.0,0.0,0,0,0,0,0.0,0.0,1.0,0.0,0.0,0.0,0.0,0,0
36,2,alysson edward|aston villa,Alysson Edward,Aston Villa,FWD,0.0,0.0,0.0,0.0,0.39,0.0,0.0,0.0,0.0,0.0,0.0,0.0,0.0,0.0,0.0,0.0,1,1,0.0,0.0,0.01,0.06,0.06,0.01,0.941608539858445,True,0.0,0.0,0,0,0,0,0.0,0.0,1.0,0.0,0.0,0.0,0.0,0,0
36,2,amad diallo traore|manchester united,Amad Diallo Traore,Manchester United,MID,30.0,0.064743,0.061276,0.126019,0.32,1.464236,0.118402,1.0,0.323717,0.183827,0.0,0.0,2.5e-05,-0.043333,0.0,0.0,1,1,7.9,0.0,0.01,0.1,0.1,0.01,1.1394342831883648,False,0.8987,1.600324438981046,0,0,1,1,0.078,0.0049,0.9219,0.0528,0.0225,0.0028,0.0,-2,14
36,2,amadou onana|aston villa,Amadou Onana,Aston Villa,MID,75.0,0.117198,0.029053,0.146251,0.39,3.39035,0.136059,2.0,0.585989,0.08716,0.39,0.0,0.460535,-0.133333,0.0,0.0,1,1,11.7,0.0,0.02,0.1,0.1,0.02,0.941608539858445,False,3.2806,2.416746498911295,1,2,4,7,0.1258,0.0085,0.4825,0.4132,0.0731,0.0284,0.0028,-2,23
36,2,amine adli|bournemouth,Amine Adli,Bournemouth,MID,15.0,0.037442,0.017854,0.055296,0.23,1.202441,0.053795,1.0,0.187211,0.053563,0.0,0.0,0.0,-0.038333,0.0,0.0,1,1,10.4,0.0,0.01,0.2,0.2,0.01,1.4696759700589417,False,0.7314,1.2823626788081444,0,0,1,1,0.0401,0.0017,0.9599,0.0237,0.0151,0.0012,0.0001,-2,17
36,2,andrew robertson|liverpool,Andrew Robertson,Liverpool,DEF,15.0,0.016647,0.017414,0.034061,0.25,1.102445,0.033488,1.0,0.099885,0.052242,0.0,0.0,0.0,-0.026667,0.0,-0.023015,1,1,4.7,0.0,0.02,0.1,0.1,0.02,1.3862943611198906,False,0.4092,1.065530553292584,0,0,1,1,0.024,0.0007,0.9762,0.0134,0.0092,0.0012,0.0,-4,12
36,2,andrey santos|chelsea,Andrey Santos,Chelsea,MID,60.0,0.055582,0.027067,0.082648,0.16,2.307342,0.079325,2.0,0.277908,0.0812,0.16,0.0,0.048233,-0.26,0.0,0.0,1,1,9.7,0.0,0.02,0.33,0.33,0.02,1.8325814637483102,False,1.7016,1.956005480564919,0,0,2,4,0.0632,0.0027,0.8166,0.1418,0.0343,0.0068,0.0005,-1,20
36,2,andrés garcía|aston villa,Andrés García,Aston Villa,DEF,0.0,0.0,0.0,0.0,0.39,0.0,0.0,0.0,0.0,0.0,0.0,0.0,0.0,0.0,0.0,0.0,1,1,0.0,0.0,0.01,0.06,0.06,0.01,0.941608539858445,True,0.0,0.0,0,0,0,0,0.0,0.0,1.0,0.0,0.0,0.0,0.0,0,0
36,2,andré|wolverhampton wanderers,André,Wolverhampton Wanderers,MID,75.0,0.010869,0.02438,0.035249,0.14,2.401767,0.034635,2.0,0.054345,0.073141,0.14,0.0,0.600948,-0.466667,0.0,0.0,1,1,12.5,0.0,0.02,0.5,0.5,0.02,1.9661128563728327,False,2.2977,1.5391798822749732,1,1,3,4,0.0316,0.0009,0.6458,0.3394,0.0125,0.0023,0.0,-2,14
36,2,andy irving|west ham,Andy Irving,West Ham,MID,0.0,0.0,0.0,0.0,0.16,0.0,0.0,0.0,0.0,0.0,0.0,0.0,0.0,0.0,0.0,0.0,1,1,12.7,0.0,0.01,0.14,0.14,0.01,1.8325814637483102,True,0.0,0.0,0,0,0,0,0.0,0.0,1.0,0.0,0.0,0.0,0.0,0,0
36,2,angel gomes|wolverhampton wanderers,Angel Gomes,Wolverhampton Wanderers,MID,60.0,0.017034,0.027279,0.044314,0.14,2.153705,0.043346,2.0,0.085172,0.081838,0.14,0.0,2.8e-05,-0.153333,0.0,0.0,1,1,4.0,0.0,0.01,0.2,0.2,0.01,1.9661128563728327,False,1.4435,1.3806548265225453,0,0,2,3,0.0325,0.0009,0.8929,0.0951,0.011,0.001,0.0,-1,14
36,2,angus gunn|nottingham forest,Angus Gunn,Nottingham Forest,GK,0.0,0.0,0.0,0.0,0.25,0.0,0.0,0.0,0.0,0.0,0.0,0.0,0.0,0.0,0.0,0.0,1,1,0.0,0.0,0.01,0.06,0.06,0.01,1.3862943611198906,True,0.0,0.0,0,0,0,0,0.0,0.0,1.0,0.0,0.0,0.0,0.0,0,0
36,2,anthony elanga|newcastle united,Anthony Elanga,Newcastle United,MID,60.0,0.054349,0.08953,0.143879,0.27,2.750347,0.134008,2.0,0.271747,0.268589,0.27,0.0,1e-05,-0.06,0.0,0.0,1,1,3.6,0.0,0.01,0.06,0.06,0.01,1.3093333199837622,False,1.9546,2.07955255764311,0,0,3,5,0.1024,0.0088,0.7487,0.2033,0.0387,0.0084,0.0009,-1,17
36,2,anthony gordon|newcastle united,Anthony Gordon,Newcastle United,MID,30.0,0.146642,0.060752,0.207394,0.27,1.822372,0.187301,1.0,0.733208,0.182257,0.0,0.0,0.0,-0.076667,-0.016427,0.0,1,1,4.2,0.0,0.01,0.2,0.2,0.01,1.3093333199837622,False,1.2308,2.30176700819175,0,0,1,5,0.125,0.017,0.875,0.0673,0.044,0.013,0.0007,-2,19
36,2,antoine semenyo|manchester city,Antoine Semenyo,Manchester City,MID,90.0,0.685898,0.199385,0.885283,0.6608,8.688723,0.587403,4.0,3.429489,0.598156,0.83,0.0,0.135705,-0.293333,-0.011293,0.0,2,1,7.3,0.0,0.02,0.1,0.1,0.02,0.41430405677536863,False,6.7225,4.799197198490598,2,3,9,14,0.5478,0.1885,0.1847,0.341,0.2461,0.1529,0.0753,-1,31
36,2,anton stach|leeds,Anton Stach,Leeds,MID,90.0,0.06545,0.197791,0.263241,0.24,3.514573,0.231443,2.0,0.327248,0.593373,0.24,0.0,0.553952,-0.2,0.0,0.0,1,1,10.2,0.0,0.02,0.14,0.14,0.02,1.4271163556401458,False,3.4427,2.289042749710018,2,2,4,7,0.203,0.0235,0.4996,0.3924,0.083,0.0237,0.0013,-1,20
36,2,antonee robinson|fulham,Antonee Robinson,Fulham,DEF,90.0,0.007201,0.072053,0.079254,0.23,2.902939,0.076195,2.0,0.043207,0.216159,0.92,0.0,0.381636,-0.16,0.0,-0.498063,1,1,7.6,0.0,0.02,0.1,0.1,0.02,1.4696759700589417,False,2.9536,2.556999616738336,1,1,5,6,0.0697,0.0029,0.6137,0.2935,0.0808,0.0113,0.0007,-3,19
36,2,antoni milambo|brentford,Antoni Milambo,Brentford,MID,0.0,0.0,0.0,0.0,0.1,0.0,0.0,0.0,0.0,0.0,0.0,0.0,0.0,0.0,0.0,0.0,1,1,0.0,0.0,0.02,0.03,0.03,0.02,2.3025850929940455,True,0.0,0.0,0,0,0,0,0.0,0.0,1.0,0.0,0.0,0.0,0.0,0,0
36,2,ao tanaka|leeds,Ao Tanaka,Leeds,MID,60.0,0.056601,0.063025,0.119627,0.24,2.668242,0.112748,2.0,0.283007,0.189075,0.24,0.0,0.062826,-0.106667,0.0,0.0,1,1,10.1,0.0,0.02,0.1,0.1,0.02,1.4271163556401458,False,1.9685,2.125113585199624,0,0,3,4,0.0799,0.0064,0.7419,0.2104,0.0366,0.0105,0.0006,-1,17
36,2,archie gray|tottenham,Archie Gray,Tottenham,MID,75.0,0.064402,0.103724,0.168126,0.27,2.647221,0.154752,2.0,0.322009,0.311172,0.27,0.0,0.06904,-0.325,0.0,0.0,1,1,8.2,0.0,0.02,0.33,0.33,0.02,1.3093333199837622,False,2.5463,2.021943696050906,1,1,3,5,0.1423,0.0094,0.6831,0.2522,0.0537,0.0101,0.0009,-2,16
36,2,armando broja|burnley,Armando Broja,Burnley,FWD,60.0,0.116678,0.03628,0.152958,0.18,2.53566,0.141834,2.0,0.466713,0.108839,0.0,0.0,0.000108,-0.04,0.0,0.0,1,1,4.6,0.0,0.01,0.03,0.03,0.01,1.7147984280919266,False,1.8424,2.0462067930685794,0,0,2,5,0.1074,0.0098,0.8921,0.0565,0.0429,0.008,0.0005,-1,16
36,2,arnaud kalimuendo muinga|nottingham forest,Arnaud Kalimuendo Muinga,Nottingham Forest,FWD,0.0,0.0,0.0,0.0,0.25,0.0,0.0,0.0,0.0,0.0,0.0,0.0,0.0,0.0,0.0,0.0,1,1,3.0,0.0,0.01,0.1,0.1,0.01,1.3862943611198906,True,0.0,0.0,0,0,0,0,0.0,0.0,1.0,0.0,0.0,0.0,0.0,0,0
36,2,arthur masuaku|sunderland,Arthur Masuaku,Sunderland,FWD,0.0,0.0,0.0,0.0,0.21,0.0,0.0,0.0,0.0,0.0,0.0,0.0,0.0,0.0,0.0,0.0,1,1,1.0,0.0,0.02,0.2,0.2,0.02,1.5606477482646683,True,0.0,0.0,0,0,0,0,0.0,0.0,1.0,0.0,0.0,0.0,0.0,0,0
36,2,ashley barnes|burnley,Ashley Barnes,Burnley,FWD,15.0,0.079682,0.0,0.079682,0.18,1.279369,0.07659,1.0,0.318729,0.0,0.0,0.0,0.0,-0.038333,-0.001027,0.0,1,1,5.0,0.0,0.01,0.2,0.2,0.01,1.7147984280919266,False,0.8095,1.4375012173907886,0,0,1,1,0.0568,0.004,0.9432,0.043,0.0105,0.0032,0.0001,-2,15
36,2,axel disasi|west ham,Axel Disasi,West Ham,DEF,90.0,0.050752,0.000131,0.050883,0.16,2.204615,0.04961,2.0,0.304511,0.000394,0.64,0.0,0.1624,-0.23,0.0,-0.672691,1,1,6.3,0.0,0.03,0.14,0.14,0.03,1.8325814637483102,False,2.2377,2.556559936711831,0,1,2,6,0.0441,0.0009,0.7604,0.1625,0.0657,0.0101,0.0013,-4,22
36,2,axel tuanzebe|burnley,Axel Tuanzebe,Burnley,DEF,75.0,0.037206,0.0,0.037206,0.18,2.62525,0.036522,2.0,0.223237,0.0,0.72,0.0,0.430846,-0.133333,0.0,-0.615499,1,1,9.4,0.0,0.02,0.1,0.1,0.02,1.7147984280919266,False,2.4387,2.579116575496346,0,1,3,6,0.033,0.0004,0.6794,0.2308,0.0757,0.0126,0.0015,-4,22
36,2,ayden heaven|manchester united,Ayden Heaven,Manchester United,DEF,15.0,0.002956,0.005608,0.008564,0.32,0.975288,0.008528,1.0,0.017734,0.016825,0.0,0.0,1.3e-05,-0.043333,0.0,-0.01595,1,1,10.1,0.0,0.02,0.2,0.2,0.02,1.1394342831883648,False,0.3523,0.645123794321679,0,0,1,1,0.0055,0.0,0.9935,0.0055,0.0009,0.0001,0.0,-3,10
36,2,bafode diakite|bournemouth,Bafode Diakite,Bournemouth,DEF,0.0,0.0,0.0,0.0,0.23,0.0,0.0,0.0,0.0,0.0,0.0,0.0,0.0,0.0,0.0,0.0,1,1,8.3,0.0,0.02,0.1,0.1,0.02,1.4696759700589417,True,0.0,0.0,0,0,0,0,0.0,0.0,1.0,0.0,0.0,0.0,0.0,0,0
36,2,bart verbruggen|brighton,Bart Verbruggen,Brighton,GK,90.0,0.0,0.001278,0.001278,0.44,4.398277,0.001277,2.0,0.0,0.003834,1.76,0.933333,0.0,-0.09,0.0,-0.20889,1,1,0.0,2.8,0.01,0.06,0.06,0.01,0.8209805520698302,False,4.1998,2.5068466167677674,1,2,6,7,0.0013,0.0,0.3837,0.3689,0.2423,0.0051,0.0,-2,12
36,2,bashir humphreys|burnley,Bashir Humphreys,Burnley,DEF,15.0,0.00415,0.007108,0.011258,0.18,0.918838,0.011195,1.0,0.024901,0.021323,0.0,0.0,3e-06,-0.093333,0.0,-0.034055,1,1,8.5,0.0,0.02,0.5,0.5,0.02,1.7147984280919266,False,0.1711,0.7459388647871887,0,0,0,1,0.007,0.0,0.993,0.005,0.0019,0.0001,0.0,-4,10
36,2,ben davies|tottenham,Ben Davies,Tottenham,DEF,0.0,0.0,0.0,0.0,0.27,0.0,0.0,0.0,0.0,0.0,0.0,0.0,0.0,0.0,0.0,0.0,1,1,9.3,0.0,0.02,0.2,0.2,0.02,1.3093333199837622,True,0.0,0.0,0,0,0,0,0.0,0.0,1.0,0.0,0.0,0.0,0.0,0,0
36,2,ben doak|bournemouth,Ben Doak,Bournemouth,FWD,0.0,0.0,0.0,0.0,0.23,0.0,0.0,0.0,0.0,0.0,0.0,0.0,0.0,0.0,0.0,0.0,1,1,0.0,0.0,0.01,0.06,0.06,0.01,1.4696759700589417,True,0.0,0.0,0,0,0,0,0.0,0.0,1.0,0.0,0.0,0.0,0.0,0,0
36,2,ben white|arsenal,Ben White,Arsenal,DEF,15.0,0.009839,0.039286,0.049125,0.46,1.149199,0.047938,1.0,0.059037,0.117857,0.0,0.0,1e-06,-0.02,0.0,-0.007697,1,1,7.9,0.0,0.02,0.06,0.06,0.02,0.7765287894989963,False,0.574,1.0197666399721066,0,0,1,1,0.0345,0.001,0.9658,0.0271,0.0067,0.0004,0.0,-3,12
36,2,ben winterburn|bournemouth,Ben Winterburn,Bournemouth,MID,0.0,0.0,0.0,0.0,0.23,0.0,0.0,0.0,0.0,0.0,0.0,0.0,0.0,0.0,0.0,0.0,1,1,0.0,0.0,0.01,0.06,0.06,0.01,1.4696759700589417,True,0.0,0.0,0,0,0,0,0.0,0.0,1.0,0.0,0.0,0.0,0.0,0,0
36,2,bendito mantato|manchester united,Bendito Mantato,Manchester United,MID,0.0,0.0,0.0,0.0,0.32,0.0,0.0,0.0,0.0,0.0,0.0,0.0,0.0,0.0,0.0,0.0,1,1,2.0,0.0,0.01,0.1,0.1,0.01,1.1394342831883648,True,0.0,0.0,0,0,0,0,0.0,0.0,1.0,0.0,0.0,0.0,0.0,0,0
36,2,benjamin sesko|manchester united,Benjamin Sesko,Manchester United,FWD,60.0,0.328868,0.020137,0.349005,0.32,3.315906,0.294611,2.0,1.315473,0.060411,0.0,0.0,2.2e-05,-0.06,0.0,0.0,1,1,3.9,0.0,0.01,0.06,0.06,0.01,1.1394342831883648,False,2.5406,3.0783033703649156,0,0,2,7,0.2146,0.0407,0.7853,0.0831,0.0926,0.0329,0.0061,-1,21
36,2,benoit badiashile mukinayi|chelsea,Benoit Badiashile Mukinayi,Chelsea,DEF,0.0,0.0,0.0,0.0,0.16,0.0,0.0,0.0,0.0,0.0,0.0,0.0,0.0,0.0,0.0,0.0,1,1,9.2,0.0,0.02,0.33,0.33,0.02,1.8325814637483102,True,0.0,0.0,0,0,0,0,0.0,0.0,1.0,0.0,0.0,0.0,0.0,0,0
36,2,bernardo silva|manchester city,Bernardo Silva,Manchester City,MID,90.0,0.148289,0.301911,0.4502,0.6608,5.954844,0.3625,4.0,0.741445,0.905734,0.83,0.0,0.127665,-0.65,0.0,0.0,2,1,8.1,0.0,0.02,0.33,0.33,0.02,0.41430405677536863,False,4.1504,2.933185953873365,2,2,6,8,0.3306,0.0622,0.341,0.4713,0.1236,0.0578,0.0063,-1,25
36,2,bernd leno|fulham,Bernd Leno,Fulham,GK,90.0,0.0,0.0,0.0,0.23,3.091937,0.0,2.0,0.0,0.0,0.92,0.8,0.0,-0.13,0.0,-0.498063,1,1,0.0,2.4,0.01,0.1,0.1,0.01,1.4696759700589417,False,2.8393,2.318852196669723,1,1,4,7,0.0,0.0,0.6266,0.2614,0.1112,0.0008,0.0,-4,11
36,2,bertrand traoré|sunderland,Bertrand Traoré,Sunderland,MID,0.0,0.0,0.0,0.0,0.21,0.0,0.0,0.0,0.0,0.0,0.0,0.0,0.0,0.0,0.0,0.0,1,1,5.7,0.0,0.02,0.14,0.14,0.02,1.5606477482646683,True,0.0,0.0,0,0,0,0,0.0,0.0,1.0,0.0,0.0,0.0,0.0,0,0
36,2,beto|everton,Beto,Everton,FWD,60.0,0.329703,0.024445,0.354148,0.24,3.239465,0.298229,2.0,1.318813,0.073335,0.0,0.0,0.00065,-0.153333,0.0,0.0,1,1,5.6,0.0,0.01,0.2,0.2,0.01,1.4271163556401458,False,2.4873,3.080460795075957,0,0,2,7,0.2159,0.0426,0.7832,0.0888,0.0889,0.0335,0.0056,-1,23
36,2,borna sosa|crystal palace,Borna Sosa,Crystal Palace,DEF,0.0,0.0,0.0,0.0,0.3448,0.0,0.0,0.0,0.0,0.0,0.0,0.0,0.0,0.0,0.0,0.0,2,1,5.0,0.0,0.01,0.06,0.06,0.01,1.0647907401925991,True,0.0,0.0,0,0,0,0,0.0,0.0,1.0,0.0,0.0,0.0,0.0,0,0
36,2,boubacar kamara|aston villa,Boubacar Kamara,Aston Villa,MID,0.0,0.0,0.0,0.0,0.39,0.0,0.0,0.0,0.0,0.0,0.0,0.0,0.0,0.0,0.0,0.0,1,1,9.5,0.0,0.02,0.33,0.33,0.02,0.941608539858445,True,0.0,0.0,0,0,0,0,0.0,0.0,1.0,0.0,0.0,0.0,0.0,0,0
36,2,bradley burrowes|aston villa,Bradley Burrowes,Aston Villa,MID,0.0,0.0,0.0,0.0,0.39,0.0,0.0,0.0,0.0,0.0,0.0,0.0,0.0,0.0,0.0,0.0,1,1,0.0,0.0,0.01,0.06,0.06,0.01,0.941608539858445,True,0.0,0.0,0,0,0,0,0.0,0.0,1.0,0.0,0.0,0.0,0.0,0,0
36,2,brajan gruda|brighton,Brajan Gruda,Brighton,MID,0.0,0.0,0.0,0.0,0.44,0.0,0.0,0.0,0.0,0.0,0.0,0.0,0.0,0.0,0.0,0.0,1,1,7.4,0.0,0.01,0.1,0.1,0.01,0.8209805520698302,True,0.0,0.0,0,0,0,0,0.0,0.0,1.0,0.0,0.0,0.0,0.0,0,0
36,2,brenden aaronson|leeds,Brenden Aaronson,Leeds,MID,75.0,0.109997,0.116228,0.226224,0.24,3.132706,0.202461,2.0,0.549983,0.348683,0.24,0.0,0.06904,-0.075,0.0,0.0,1,1,8.2,0.0,0.01,0.06,0.06,0.01,1.4271163556401458,False,3.0633,2.407964515934568,1,2,3,7,0.1953,0.0178,0.627,0.2633,0.085,0.0215,0.0032,-2,20
36,2,brennan johnson|crystal palace,Brennan Johnson,Crystal Palace,MID,90.0,0.176099,0.076141,0.25224,0.3448,5.174306,0.222942,4.0,0.880494,0.228423,0.37,0.0,0.002056,-0.306667,0.0,0.0,2,1,5.9,0.0,0.01,0.2,0.2,0.01,1.0647907401925991,False,3.2728,2.5821657886355784,2,2,3,8,0.1931,0.0221,0.5768,0.2829,0.1066,0.0295,0.0042,-1,22
36,2,brian brobbey|sunderland,Brian Brobbey,Sunderland,FWD,60.0,0.160231,0.045561,0.205792,0.21,2.624291,0.185998,2.0,0.640926,0.136682,0.0,0.0,1.7e-05,-0.153333,0.0,0.0,1,1,3.8,0.0,0.01,0.2,0.2,0.01,1.5606477482646683,False,1.9003,2.274194343058658,0,0,2,6,0.1324,0.0158,0.8676,0.0668,0.0531,0.012,0.0005,-1,16
36,2,bruno fernandes|manchester united,Bruno Fernandes,Manchester United,MID,90.0,0.280896,0.434192,0.715089,0.32,5.112249,0.510851,2.0,1.404481,1.302577,0.32,0.0,0.304471,-0.17,-0.04928,0.0,1,1,8.9,0.0,0.01,0.14,0.14,0.01,1.1394342831883648,False,5.1866,3.7631875371817443,2,2,7,10,0.4706,0.1356,0.3403,0.3528,0.1758,0.1045,0.0266,-1,27
36,2,bruno guimarães|newcastle united,Bruno Guimarães,Newcastle United,MID,90.0,0.201696,0.134295,0.335991,0.27,3.713515,0.28537,2.0,1.00848,0.402884,0.27,0.0,0.304471,-0.26,-0.01232,0.0,1,1,8.9,0.0,0.02,0.2,0.2,0.02,1.3093333199837622,False,3.7653,2.934214700733401,2,2,5,8,0.2601,0.0383,0.509,0.3108,0.1278,0.0451,0.0073,-1,27
36,2,bryan mbeumo|manchester united,Bryan Mbeumo,Manchester United,MID,80.0,0.250449,0.127521,0.37797,0.32,3.79447,0.314749,2.0,1.252244,0.382563,0.32,0.0,0.001725,-0.151111,-0.010951,0.0,1,1,4.7,0.0,0.01,0.14,0.14,0.01,1.1394342831883648,False,3.7011,3.211005884454278,1,2,5,8,0.288,0.0477,0.5494,0.2495,0.1429,0.0475,0.0107,-2,31
36,2,bukayo saka|arsenal,Bukayo Saka,Arsenal,MID,90.0,0.375107,0.22541,0.600517,0.46,5.003632,0.451472,2.0,1.875535,0.676231,0.46,0.0,0.121907,-0.09,-0.04004,0.0,1,1,7.5,0.0,0.01,0.06,0.06,0.01,0.7765287894989963,False,5.1664,3.8675200115836508,2,2,8,10,0.4144,0.1067,0.3098,0.3686,0.195,0.0946,0.032,-1,26
36,2,callum hudson-odoi|nottingham forest,Callum Hudson-Odoi,Nottingham Forest,MID,60.0,0.073467,0.153282,0.226749,0.25,3.017579,0.202879,2.0,0.367334,0.459847,0.25,0.0,0.000398,-0.06,0.0,0.0,1,1,5.3,0.0,0.01,0.06,0.06,0.01,1.3862943611198906,False,2.197,2.4440930833337755,0,0,3,6,0.1555,0.0183,0.7202,0.2084,0.0537,0.0164,0.0013,-1,21
36,2,callum marshall|west ham,Callum Marshall,West Ham,FWD,0.0,0.0,0.0,0.0,0.16,0.0,0.0,0.0,0.0,0.0,0.0,0.0,0.0,0.0,0.0,0.0,1,1,1.0,0.0,0.01,0.14,0.14,0.01,1.8325814637483102,True,0.0,0.0,0,0,0,0,0.0,0.0,1.0,0.0,0.0,0.0,0.0,0,0
36,2,callum olusesi|tottenham,Callum Olusesi,Tottenham,DEF,0.0,0.0,0.0,0.0,0.27,0.0,0.0,0.0,0.0,0.0,0.0,0.0,0.0,0.0,0.0,0.0,1,1,0.0,0.0,0.0,0.0,0.0,0.0,1.3093333199837622,True,0.0,0.0,0,0,0,0,0.0,0.0,1.0,0.0,0.0,0.0,0.0,0,0
36,2,callum wilson|west ham,Callum Wilson,West Ham,FWD,15.0,0.056917,0.007011,0.063928,0.16,1.233702,0.061928,1.0,0.22767,0.021032,0.0,0.0,0.0,-0.015,0.0,0.0,1,1,3.1,0.0,0.01,0.06,0.06,0.01,1.8325814637483102,False,0.7606,1.2797998437255727,0,0,1,1,0.0457,0.0027,0.9543,0.0334,0.0106,0.0017,0.0,-2,12
36,2,calvin bassey|fulham,Calvin Bassey,Fulham,DEF,90.0,0.064713,0.009942,0.074656,0.23,3.092975,0.071937,2.0,0.38828,0.029827,0.92,0.0,0.512931,-0.26,0.0,-0.498063,1,1,8.2,0.0,0.02,0.2,0.2,0.02,1.4696759700589417,False,3.1348,2.907684467063096,0,1,5,7,0.061,0.002,0.5914,0.2756,0.107,0.0219,0.0041,-3,19
36,2,caoimhin kelleher|brentford,Caoimhin Kelleher,Brentford,GK,90.0,0.0,0.00323,0.00323,0.1,2.345897,0.003225,2.0,0.0,0.00969,0.4,0.9,0.0,-0.06,0.0,-0.903793,1,1,0.0,2.7,0.01,0.03,0.03,0.01,2.3025850929940455,False,2.0201,1.9149663156306431,0,1,3,5,0.0034,0.0,0.7488,0.2012,0.0489,0.0011,0.0,-4,12
36,2,carlos alcaraz|everton,Carlos Alcaraz,Everton,MID,15.0,0.011742,0.027976,0.039718,0.24,1.077638,0.03894,1.0,0.058711,0.083928,0.0,0.0,0.0,-0.065,0.0,0.0,1,1,8.6,0.0,0.02,0.33,0.33,0.02,1.4271163556401458,False,0.6095,0.9412809091870503,0,0,1,1,0.0265,0.0007,0.9737,0.0208,0.0053,0.0002,0.0,-2,11
36,2,carlos baleba|brighton,Carlos Baleba,Brighton,MID,60.0,0.032224,0.072806,0.10503,0.44,2.521766,0.099703,2.0,0.161121,0.218418,0.44,0.0,0.095561,-0.393333,0.0,0.0,1,1,10.8,0.0,0.03,0.5,0.5,0.03,0.8209805520698302,False,1.8747,2.0270668242561714,0,0,3,4,0.0735,0.0041,0.6976,0.2654,0.0298,0.0066,0.0006,-1,15
36,2,casemiro|manchester united,Casemiro,Manchester United,MID,75.0,0.139584,0.079911,0.219495,0.32,3.402052,0.197076,2.0,0.69792,0.239734,0.32,0.0,0.494398,-0.35,0.0,0.0,1,1,11.9,0.0,0.03,0.33,0.33,0.03,1.1394342831883648,False,3.3373,2.726889933605682,1,2,4,7,0.1846,0.0197,0.5124,0.3547,0.0904,0.0389,0.0036,-2,22
36,2,chadi riad|crystal palace,Chadi Riad,Crystal Palace,DEF,90.0,0.032352,0.09165,0.124002,0.3448,4.069772,0.116622,4.0,0.194112,0.27495,1.48,0.0,0.00279,-0.52,0.0,-1.362081,2,1,4.5,0.0,0.02,0.33,0.33,0.02,1.0647907401925991,False,3.2921,2.8377063960177416,1,1,6,7,0.1044,0.0054,0.5854,0.3074,0.0838,0.0214,0.002,-3,21
36,2,charalampos kostoulas|brighton,Charalampos Kostoulas,Brighton,FWD,15.0,0.184606,0.080534,0.26514,0.44,1.920027,0.232901,1.0,0.738424,0.241601,0.0,0.0,1e-06,-0.06,0.0,0.0,1,1,11.7,0.0,0.01,0.33,0.33,0.01,0.8209805520698302,False,1.4094,2.4604454149604704,0,0,1,5,0.1677,0.0327,0.8325,0.1171,0.031,0.017,0.0024,-2,20
36,2,chemsdine talbi|sunderland,Chemsdine Talbi,Sunderland,MID,75.0,0.120676,0.067716,0.188392,0.21,2.854179,0.17171,2.0,0.603382,0.203147,0.21,0.0,0.004317,-0.166667,0.0,0.0,1,1,5.6,0.0,0.02,0.14,0.14,0.02,1.5606477482646683,False,2.7676,2.3018232425622958,1,2,3,7,0.1625,0.0151,0.7025,0.1912,0.087,0.0175,0.0018,-2,17
36,2,chimuanya ugochukwu|burnley,Chimuanya Ugochukwu,Burnley,MID,90.0,0.098224,0.020334,0.118558,0.18,2.820313,0.111799,2.0,0.491121,0.061001,0.18,0.0,0.288192,-0.2,0.0,0.0,1,1,8.8,0.0,0.02,0.14,0.14,0.02,1.7147984280919266,False,2.8128,2.0784985350006866,2,2,3,5,0.1003,0.0066,0.6867,0.2282,0.0666,0.0169,0.0016,-1,20
36,2,chris richards|crystal palace,Chris Richards,Crystal Palace,DEF,90.0,0.128385,0.033604,0.161988,0.3448,6.507099,0.149549,4.0,0.770308,0.100811,1.48,0.0,1.918061,-0.4,0.0,-1.362081,2,1,10.0,0.0,0.02,0.14,0.14,0.02,1.0647907401925991,False,4.7127,3.52609680950481,1,2,7,9,0.1372,0.0087,0.3649,0.3607,0.1949,0.0622,0.0173,-3,23
36,2,chris rigg|sunderland,Chris Rigg,Sunderland,MID,15.0,0.014956,0.020198,0.035154,0.21,1.113707,0.034543,1.0,0.074779,0.060594,0.0,0.0,0.0,-0.021667,0.0,0.0,1,1,6.5,0.0,0.01,0.1,0.1,0.01,1.5606477482646683,False,0.6399,0.93435966843609,0,0,1,1,0.024,0.0007,0.976,0.0186,0.005,0.0004,0.0,-2,12
36,2,chris wood|nottingham forest,Chris Wood,Nottingham Forest,FWD,0.0,0.0,0.0,0.0,0.25,0.0,0.0,0.0,0.0,0.0,0.0,0.0,0.0,0.0,0.0,0.0,1,1,2.3,0.0,0.01,0.1,0.1,0.01,1.3862943611198906,True,0.0,0.0,0,0,0,0,0.0,0.0,1.0,0.0,0.0,0.0,0.0,0,0
36,2,christantus uche|crystal palace,Christantus Uche,Crystal Palace,MID,0.0,0.0,0.0,0.0,0.3448,0.0,0.0,0.0,0.0,0.0,0.0,0.0,0.0,0.0,0.0,0.0,2,1,7.2,0.0,0.01,0.06,0.06,0.01,1.0647907401925991,True,0.0,0.0,0,0,0,0,0.0,0.0,1.0,0.0,0.0,0.0,0.0,0,0
36,2,christian nørgaard|arsenal,Christian Nørgaard,Arsenal,MID,0.0,0.0,0.0,0.0,0.46,0.0,0.0,0.0,0.0,0.0,0.0,0.0,0.0,0.0,0.0,0.0,1,1,7.5,0.0,0.02,0.06,0.06,0.02,0.7765287894989963,True,0.0,0.0,0,0,0,0,0.0,0.0,1.0,0.0,0.0,0.0,0.0,0,0
36,2,cody gakpo|liverpool,Cody Gakpo,Liverpool,MID,75.0,0.263502,0.139562,0.403064,0.25,3.880611,0.33173,2.0,1.317508,0.418687,0.25,0.0,0.00275,-0.108333,0.0,0.0,1,1,5.3,0.0,0.01,0.1,0.1,0.01,1.3862943611198906,False,3.7766,3.252274963775357,1,2,6,8,0.305,0.0531,0.5664,0.2217,0.1526,0.0482,0.0111,-2,25
36,2,cole palmer|chelsea,Cole Palmer,Chelsea,MID,90.0,0.281741,0.094452,0.376193,0.16,3.49796,0.31353,2.0,1.408704,0.283356,0.16,0.0,0.05518,-0.36,-0.04928,0.0,1,1,6.6,0.0,0.01,0.33,0.33,0.01,1.8325814637483102,False,3.5926,3.148241610804355,1,2,5,8,0.2787,0.0437,0.6299,0.1615,0.1563,0.0434,0.0089,-1,26
36,2,conor bradley|liverpool,Conor Bradley,Liverpool,DEF,0.0,0.0,0.0,0.0,0.25,0.0,0.0,0.0,0.0,0.0,0.0,0.0,0.0,0.0,0.0,0.0,1,1,6.3,0.0,0.02,0.5,0.5,0.02,1.3862943611198906,True,0.0,0.0,0,0,0,0,0.0,0.0,1.0,0.0,0.0,0.0,0.0,0,0
36,2,conor gallagher|tottenham,Conor Gallagher,Tottenham,MID,60.0,0.060585,0.037545,0.098129,0.27,2.594176,0.093468,2.0,0.302923,0.112634,0.27,0.0,0.041953,-0.133333,0.0,0.0,1,1,9.5,0.0,0.02,0.14,0.14,0.02,1.3093333199837622,False,1.9033,2.1103907481791135,0,0,3,4,0.0755,0.0051,0.7489,0.1997,0.0415,0.009,0.0009,-1,23
36,2,cristhian mosquera|arsenal,Cristhian Mosquera,Arsenal,DEF,75.0,0.013789,0.016781,0.030571,0.46,3.818271,0.030108,2.0,0.082736,0.050344,1.84,0.0,0.361354,-0.325,0.0,-0.191164,1,1,9.0,0.0,0.02,0.33,0.33,0.02,0.7765287894989963,False,3.609,2.8414290418731207,1,1,6,7,0.0288,0.0003,0.5012,0.3436,0.1384,0.0155,0.0013,-4,19
36,2,cristian romero|tottenham,Cristian Romero,Tottenham,DEF,0.0,0.0,0.0,0.0,0.27,0.0,0.0,0.0,0.0,0.0,0.0,0.0,0.0,0.0,0.0,0.0,1,1,9.6,0.0,0.05,0.5,0.5,0.05,1.3093333199837622,True,0.0,0.0,0,0,0,0,0.0,0.0,1.0,0.0,0.0,0.0,0.0,0,0
36,2,crysencio summerville|west ham,Crysencio Summerville,West Ham,MID,75.0,0.091001,0.096318,0.187319,0.16,2.762197,0.17082,2.0,0.455005,0.288953,0.16,0.0,0.049906,-0.191667,0.0,0.0,1,1,7.8,0.0,0.01,0.2,0.2,0.01,1.8325814637483102,False,2.7029,2.2303882150872303,1,2,3,6,0.1605,0.0151,0.7242,0.1861,0.0717,0.0164,0.0016,-2,20
36,2,curtis jones|liverpool,Curtis Jones,Liverpool,MID,15.0,0.016687,0.02048,0.037167,0.25,1.124876,0.036485,1.0,0.083436,0.06144,0.0,0.0,0.0,-0.02,0.0,0.0,1,1,9.8,0.0,0.02,0.06,0.06,0.02,1.3862943611198906,False,0.6766,1.018141660084686,0,0,1,1,0.0288,0.0008,0.9712,0.0208,0.0077,0.0003,0.0,-2,11
36,2,daichi kamada|crystal palace,Daichi Kamada,Crystal Palace,MID,90.0,0.049002,0.076477,0.125479,0.3448,3.613587,0.117925,3.0,0.24501,0.22943,0.28,0.0,0.059147,-0.2,0.0,0.0,2,1,10.0,0.0,0.02,0.14,0.14,0.02,1.0647907401925991,False,3.1027,1.9121068772430059,2,2,4,5,0.1094,0.0051,0.5086,0.4257,0.0523,0.0127,0.0007,-1,20
36,2,dan ballard|sunderland,Dan Ballard,Sunderland,DEF,90.0,0.123237,0.07242,0.195657,0.21,4.254932,0.177706,2.0,0.739419,0.217261,0.84,0.0,1.199601,-0.2,0.0,-0.541349,1,1,11.0,0.0,0.02,0.14,0.14,0.02,1.5606477482646683,False,4.2439,3.4208789499191576,1,2,6,9,0.1547,0.0139,0.3718,0.3942,0.1598,0.0619,0.0123,-3,25
36,2,dan burn|newcastle united,Dan Burn,Newcastle United,DEF,75.0,0.006794,0.015987,0.022781,0.27,2.640521,0.022524,2.0,0.040762,0.047962,1.08,0.0,0.361354,-0.466667,0.0,-0.422892,1,1,9.0,0.0,0.02,0.5,0.5,0.02,1.3093333199837622,False,2.5315,2.576044982138317,0,1,4,6,0.0218,0.0005,0.6429,0.2697,0.0811,0.0059,0.0004,-3,20
36,2,dan ndoye|nottingham forest,Dan Ndoye,Nottingham Forest,MID,60.0,0.039902,0.065197,0.105099,0.25,2.593386,0.099765,2.0,0.19951,0.195592,0.25,0.0,0.008284,-0.06,0.0,0.0,1,1,7.6,0.0,0.01,0.06,0.06,0.01,1.3862943611198906,False,1.8367,1.9054220293677724,0,0,2,3,0.0753,0.0049,0.771,0.193,0.0299,0.0058,0.0003,-1,18
36,2,dan neil|sunderland,Dan Neil,Sunderland,MID,0.0,0.0,0.0,0.0,0.21,0.0,0.0,0.0,0.0,0.0,0.0,0.0,0.0,0.0,0.0,0.0,1,1,3.0,0.0,0.01,0.14,0.14,0.01,1.5606477482646683,True,0.0,0.0,0,0,0,0,0.0,0.0,1.0,0.0,0.0,0.0,0.0,0,0
36,2,dane scarlett|tottenham,Dane Scarlett,Tottenham,FWD,0.0,0.0,0.0,0.0,0.27,0.0,0.0,0.0,0.0,0.0,0.0,0.0,0.0,0.0,0.0,0.0,1,1,1.0,0.0,0.01,0.06,0.06,0.01,1.3093333199837622,True,0.0,0.0,0,0,0,0,0.0,0.0,1.0,0.0,0.0,0.0,0.0,0,0
36,2,dango ouattara|brentford,Dango Ouattara,Brentford,MID,75.0,0.146877,0.121287,0.268164,0.1,3.052382,0.235218,2.0,0.734386,0.36386,0.1,0.0,0.045802,-0.191667,0.0,0.0,1,1,7.7,0.0,0.01,0.2,0.2,0.01,2.3025850929940455,False,3.019,2.589795165645345,1,2,3,7,0.2217,0.0256,0.7041,0.1655,0.1013,0.0261,0.003,-2,22
36,2,daniel james|leeds,Daniel James,Leeds,MID,15.0,0.010667,0.012055,0.022722,0.24,1.067834,0.022466,1.0,0.053336,0.036165,0.0,0.0,0.0,-0.021667,0.0,0.0,1,1,4.7,0.0,0.01,0.1,0.1,0.01,1.4271163556401458,False,0.6112,0.842872801791587,0,0,1,1,0.0162,0.0003,0.9838,0.0115,0.0044,0.0003,0.0,-2,11
36,2,daniel muñoz|crystal palace,Daniel Muñoz,Crystal Palace,DEF,90.0,0.178666,0.29789,0.476556,0.3448,5.874702,0.379082,4.0,1.071997,0.893669,1.48,0.0,0.571117,-0.78,0.0,-1.362081,2,1,7.1,0.0,0.02,0.33,0.33,0.02,1.0647907401925991,False,5.035,4.081075225966805,1,2,7,11,0.3405,0.0693,0.3923,0.3149,0.1638,0.101,0.028,-2,32
36,2,danny welbeck|brighton,Danny Welbeck,Brighton,FWD,60.0,0.47527,0.071033,0.546303,0.44,3.94037,0.420913,2.0,1.901082,0.213098,0.0,0.0,5.7e-05,-0.153333,-0.020533,0.0,1,1,4.3,0.0,0.01,0.2,0.2,0.01,0.8209805520698302,False,3.0818,3.7060367996014287,0,0,6,8,0.2977,0.0831,0.7024,0.1156,0.1076,0.061,0.0134,-1,25
36,2,david brooks|bournemouth,David Brooks,Bournemouth,MID,15.0,0.060516,0.042478,0.102994,0.23,1.33168,0.097868,1.0,0.302578,0.127435,0.0,0.0,0.0,-0.098333,0.0,0.0,1,1,7.0,0.0,0.03,0.5,0.5,0.03,1.4696759700589417,False,0.8692,1.6848416424103485,0,0,1,1,0.0748,0.0068,0.9255,0.0457,0.0238,0.0047,0.0003,-2,17
36,2,david møller wolfe|wolverhampton wanderers,David Møller Wolfe,Wolverhampton Wanderers,DEF,15.0,0.000705,0.013879,0.014584,0.14,0.975546,0.014478,1.0,0.004231,0.041637,0.0,0.0,0.0,-0.026667,0.0,-0.043655,1,1,2.0,0.0,0.02,0.1,0.1,0.02,1.9661128563728327,False,0.1634,0.7182620970091628,0,0,0,1,0.0121,0.0001,0.9894,0.0103,0.0003,0.0,0.0,-4,8
36,2,david raya|arsenal,David Raya,Arsenal,GK,90.0,0.0,0.0,0.0,0.46,4.122169,0.0,2.0,0.0,0.0,1.84,0.533333,0.0,-0.06,0.0,-0.191164,1,1,0.0,1.6,0.01,0.03,0.03,0.01,0.7765287894989963,False,3.9382,2.4290287688703898,1,2,6,7,0.0,0.0,0.4737,0.3613,0.1644,0.0006,0.0,-2,10
36,2,dean henderson|crystal palace,Dean Henderson,Crystal Palace,GK,90.0,0.0,0.00027,0.00027,0.3448,5.85873,0.00027,4.0,0.0,0.000811,1.48,2.0,0.0,-0.26,0.0,-1.362081,2,1,0.0,3.0,0.01,0.1,0.1,0.01,1.0647907401925991,False,3.6865,2.4629286936490873,1,2,6,7,0.0005,0.0,0.456,0.3477,0.1923,0.004,0.0,-2,11
36,2,declan rice|arsenal,Declan Rice,Arsenal,MID,90.0,0.097742,0.206212,0.303955,0.46,4.085318,0.262106,2.0,0.488711,0.618637,0.46,0.0,0.777969,-0.26,0.0,0.0,1,1,11.2,0.0,0.02,0.2,0.2,0.02,0.7765287894989963,False,3.9502,2.5483170838810465,2,2,5,8,0.2274,0.0283,0.3436,0.5144,0.1,0.0386,0.0034,-1,20
36,2,dennis cirkin|sunderland,Dennis Cirkin,Sunderland,DEF,15.0,0.07351,0.0,0.07351,0.21,1.369075,0.070873,1.0,0.441059,0.0,0.0,0.0,1e-06,-0.043333,0.0,-0.028652,1,1,7.9,0.0,0.02,0.2,0.2,0.02,1.5606477482646683,False,0.5851,1.7203947192432323,0,0,1,1,0.0507,0.0026,0.9494,0.0139,0.0333,0.0027,0.0007,-4,20
36,2,diego coppola|brighton,Diego Coppola,Brighton,DEF,0.0,0.0,0.0,0.0,0.44,0.0,0.0,0.0,0.0,0.0,0.0,0.0,0.0,0.0,0.0,0.0,1,1,8.4,0.0,0.01,0.5,0.5,0.01,0.8209805520698302,True,0.0,0.0,0,0,0,0,0.0,0.0,1.0,0.0,0.0,0.0,0.0,0,0
36,2,diego gómez|brighton,Diego Gómez,Brighton,MID,0.0,0.0,0.0,0.0,0.44,0.0,0.0,0.0,0.0,0.0,0.0,0.0,0.0,0.0,0.0,0.0,1,1,9.5,0.0,0.02,0.5,0.5,0.02,0.8209805520698302,True,0.0,0.0,0,0,0,0,0.0,0.0,1.0,0.0,0.0,0.0,0.0,0,0
36,2,dilane bakwa|nottingham forest,Dilane Bakwa,Nottingham Forest,MID,0.0,0.0,0.0,0.0,0.25,0.0,0.0,0.0,0.0,0.0,0.0,0.0,0.0,0.0,0.0,0.0,1,1,6.8,0.0,0.01,0.14,0.14,0.01,1.3862943611198906,True,0.0,0.0,0,0,0,0,0.0,0.0,1.0,0.0,0.0,0.0,0.0,0,0
36,2,diogo dalot|manchester united,Diogo Dalot,Manchester United,DEF,90.0,0.067558,0.110296,0.177855,0.32,3.537467,0.162936,2.0,0.40535,0.330889,1.28,0.0,0.126545,-0.26,0.0,-0.345317,1,1,6.0,0.0,0.02,0.2,0.2,0.02,1.1394342831883648,False,3.6414,3.1071218257416295,1,1,6,7,0.1452,0.0122,0.5546,0.2978,0.1029,0.0401,0.0046,-3,21
36,2,divine mukasa|manchester city,Divine Mukasa,Manchester City,MID,0.0,0.0,0.0,0.0,0.6608,0.0,0.0,0.0,0.0,0.0,0.0,0.0,0.0,0.0,0.0,0.0,2,1,2.0,0.0,0.01,0.06,0.06,0.01,0.41430405677536863,True,0.0,0.0,0,0,0,0,0.0,0.0,1.0,0.0,0.0,0.0,0.0,0,0
36,2,djed spence|tottenham,Djed Spence,Tottenham,DEF,75.0,0.030344,0.072079,0.102422,0.27,2.849711,0.097352,2.0,0.182061,0.216236,1.08,0.0,0.010972,-0.216667,0.0,-0.422892,1,1,4.8,0.0,0.02,0.2,0.2,0.02,1.3093333199837622,False,2.629,2.688225994963965,0,1,5,6,0.0882,0.0044,0.6962,0.2221,0.0655,0.015,0.0012,-4,20
36,2,djiamgone jocelin ta bi|sunderland,Djiamgone Jocelin Ta Bi,Sunderland,FWD,0.0,0.0,0.0,0.0,0.21,0.0,0.0,0.0,0.0,0.0,0.0,0.0,0.0,0.0,0.0,0.0,1,1,1.0,0.0,0.01,0.1,0.1,0.01,1.5606477482646683,True,0.0,0.0,0,0,0,0,0.0,0.0,1.0,0.0,0.0,0.0,0.0,0,0
36,2,djordje petrovic|bournemouth,Djordje Petrovic,Bournemouth,GK,90.0,0.0,0.0,0.0,0.23,3.36527,0.0,2.0,0.0,0.0,0.92,1.033333,0.0,-0.09,0.0,-0.498063,1,1,0.0,3.1,0.01,0.06,0.06,0.01,1.4696759700589417,False,3.0766,2.2958511362891105,1,2,4,7,0.0,0.0,0.5572,0.309,0.1314,0.0024,0.0,-3,12
36,2,dominic calvert-lewin|leeds,Dominic Calvert-Lewin,Leeds,FWD,90.0,0.432321,0.04437,0.47669,0.24,3.7232,0.379165,2.0,1.729283,0.133109,0.0,0.0,8.8e-05,-0.09,-0.04928,0.0,1,1,3.0,0.0,0.01,0.06,0.06,0.01,1.4271163556401458,False,3.9406,3.1216776963677724,2,2,6,8,0.3525,0.0674,0.6476,0.1413,0.1476,0.0558,0.0077,-1,21
36,2,dominic solanke|tottenham,Dominic Solanke,Tottenham,FWD,30.0,0.201758,0.011293,0.213051,0.27,1.777048,0.191885,1.0,0.807033,0.03388,0.0,0.0,3e-06,-0.043333,-0.020533,0.0,1,1,6.3,0.0,0.01,0.1,0.1,0.01,1.3093333199837622,False,1.1693,2.0944301158071617,0,0,1,5,0.1196,0.0166,0.8807,0.082,0.0245,0.0121,0.0007,-2,19
36,2,dominik szoboszlai|liverpool,Dominik Szoboszlai,Liverpool,MID,90.0,0.204666,0.173297,0.377962,0.25,3.876974,0.314744,2.0,1.023328,0.51989,0.25,0.0,0.356076,-0.26,-0.01232,0.0,1,1,9.2,0.0,0.02,0.2,0.2,0.02,1.3862943611198906,False,3.916,3.0546266547648666,2,2,5,8,0.2858,0.0476,0.4965,0.309,0.1333,0.0532,0.008,-1,25
36,2,donyell malen|aston villa,Donyell Malen,Aston Villa,MID,0.0,0.0,0.0,0.0,0.39,0.0,0.0,0.0,0.0,0.0,0.0,0.0,0.0,0.0,0.0,0.0,1,1,2.3,0.0,0.01,0.06,0.06,0.01,0.941608539858445,True,0.0,0.0,0,0,0,0,0.0,0.0,1.0,0.0,0.0,0.0,0.0,0,0
36,2,douglas luiz|aston villa,Douglas Luiz,Aston Villa,MID,90.0,0.108519,0.144874,0.253393,0.39,3.755751,0.223837,2.0,0.542594,0.434622,0.39,0.0,0.663936,-0.26,-0.0154,0.0,1,1,10.7,0.0,0.02,0.2,0.2,0.02,0.941608539858445,False,3.7476,2.5517629670484676,2,2,5,7,0.2044,0.0229,0.4104,0.4573,0.09,0.0387,0.0036,-1,23
36,2,dwight mcneil|everton,Dwight McNeil,Everton,MID,60.0,0.069111,0.11084,0.17995,0.24,2.760883,0.164688,2.0,0.345553,0.332519,0.24,0.0,0.016145,-0.173333,0.0,0.0,1,1,8.3,0.0,0.02,0.2,0.2,0.02,1.4271163556401458,False,1.9943,2.292611504376614,0,0,2,5,0.1195,0.0119,0.7519,0.1877,0.0468,0.0117,0.0019,-1,19
36,2,eberechi eze|arsenal,Eberechi Eze,Arsenal,MID,60.0,0.145661,0.090233,0.235894,0.46,3.399891,0.210136,2.0,0.728306,0.270699,0.46,0.0,0.000886,-0.06,0.0,0.0,1,1,5.8,0.0,0.01,0.06,0.06,0.01,0.7765287894989963,False,2.5089,2.806228926869652,0,0,3,7,0.1572,0.0183,0.6132,0.2718,0.0875,0.0232,0.0043,-1,23
36,2,eddie nketiah|crystal palace,Eddie Nketiah,Crystal Palace,FWD,0.0,0.0,0.0,0.0,0.3448,0.0,0.0,0.0,0.0,0.0,0.0,0.0,0.0,0.0,0.0,0.0,2,1,8.3,0.0,0.01,0.2,0.2,0.01,1.0647907401925991,True,0.0,0.0,0,0,0,0,0.0,0.0,1.0,0.0,0.0,0.0,0.0,0,0
36,2,el hadji malick diouf|west ham,El Hadji Malick Diouf,West Ham,DEF,90.0,0.008579,0.084579,0.093157,0.16,2.394154,0.08895,2.0,0.051473,0.253736,0.64,0.0,0.381636,-0.26,0.0,-0.672691,1,1,7.6,0.0,0.02,0.2,0.2,0.02,1.8325814637483102,False,2.38,2.4631280924872745,0,1,4,6,0.078,0.0035,0.6884,0.2408,0.0602,0.0102,0.0004,-5,15
36,2,eli junior kroupi|bournemouth,Eli Junior Kroupi,Bournemouth,FWD,60.0,0.258254,0.085722,0.343976,0.23,3.023543,0.291054,2.0,1.033017,0.257165,0.0,0.0,0.001575,-0.26,-0.008213,0.0,1,1,6.2,0.0,0.02,0.33,0.33,0.02,1.4696759700589417,False,2.3066,2.8826370635236067,0,0,2,7,0.2149,0.0397,0.7835,0.1105,0.0744,0.0285,0.0031,-1,21
36,2,eliezer mayenda|sunderland,Eliezer Mayenda,Sunderland,FWD,15.0,0.041205,0.018922,0.060127,0.21,1.18992,0.058355,1.0,0.16482,0.056767,0.0,0.0,0.0,-0.031667,0.0,0.0,1,1,3.3,0.0,0.03,0.1,0.1,0.03,1.5606477482646683,False,0.735,1.1777839360426001,0,0,1,1,0.046,0.0015,0.954,0.0385,0.0066,0.0009,0.0,-2,12
36,2,elliot anderson|nottingham forest,Elliot Anderson,Nottingham Forest,MID,90.0,0.078868,0.116442,0.19531,0.25,4.102849,0.177421,2.0,0.39434,0.349327,0.25,0.0,1.381502,-0.26,-0.01232,0.0,1,1,14.0,0.0,0.02,0.2,0.2,0.02,1.3862943611198906,False,4.0487,2.3250652270420282,2,2,5,7,0.1593,0.0153,0.2842,0.5939,0.0833,0.0356,0.003,-1,22
36,2,emil krafth|newcastle united,Emil Krafth,Newcastle United,DEF,0.0,0.0,0.0,0.0,0.27,0.0,0.0,0.0,0.0,0.0,0.0,0.0,0.0,0.0,0.0,0.0,1,1,3.0,0.0,0.02,0.33,0.33,0.02,1.3093333199837622,True,0.0,0.0,0,0,0,0,0.0,0.0,1.0,0.0,0.0,0.0,0.0,0,0
36,2,emile smith-rowe|fulham,Emile Smith-Rowe,Fulham,MID,75.0,0.173553,0.051606,0.225159,0.23,3.203789,0.201611,2.0,0.867766,0.154817,0.23,0.0,0.026206,-0.075,0.0,0.0,1,1,7.1,0.0,0.01,0.06,0.06,0.01,1.4696759700589417,False,3.1211,2.637467495534305,1,2,3,8,0.1878,0.02,0.6511,0.2028,0.1158,0.0253,0.005,-2,20
36,2,emiliano buendía|aston villa,Emiliano Buendía,Aston Villa,MID,75.0,0.170331,0.108654,0.278985,0.39,3.428543,0.243449,2.0,0.851655,0.325962,0.39,0.0,0.185925,-0.325,0.0,0.0,1,1,9.7,0.0,0.02,0.33,0.33,0.02,0.941608539858445,False,3.3874,2.8253709915690717,1,2,4,8,0.2287,0.0288,0.5253,0.3232,0.1099,0.0367,0.0049,-2,24
36,2,emiliano martinez|aston villa,Emiliano Martinez,Aston Villa,GK,90.0,0.0,0.0,0.0,0.39,4.067837,0.0,2.0,0.0,0.0,1.56,0.966667,0.0,-0.2,0.0,-0.258829,1,1,0.0,2.9,0.02,0.14,0.14,0.02,0.941608539858445,False,3.8654,2.5319326294354676,1,2,6,7,0.0,0.0,0.4297,0.359,0.2062,0.0051,0.0,-3,12
36,2,emmanuel agbadou|wolverhampton wanderers,Emmanuel Agbadou,Wolverhampton Wanderers,DEF,0.0,0.0,0.0,0.0,0.14,0.0,0.0,0.0,0.0,0.0,0.0,0.0,0.0,0.0,0.0,0.0,1,1,10.2,0.0,0.02,0.06,0.06,0.02,1.9661128563728327,True,0.0,0.0,0,0,0,0,0.0,0.0,1.0,0.0,0.0,0.0,0.0,0,0
36,2,enes ünal|bournemouth,Enes Ünal,Bournemouth,FWD,0.0,0.0,0.0,0.0,0.23,0.0,0.0,0.0,0.0,0.0,0.0,0.0,0.0,0.0,0.0,0.0,1,1,0.0,0.0,0.01,0.2,0.2,0.01,1.4696759700589417,True,0.0,0.0,0,0,0,0,0.0,0.0,1.0,0.0,0.0,0.0,0.0,0,0
36,2,enzo fernández|chelsea,Enzo Fernández,Chelsea,MID,90.0,0.205438,0.184594,0.390032,0.16,3.451296,0.322965,2.0,1.027191,0.553782,0.16,0.0,0.112643,-0.39,-0.01232,0.0,1,1,7.4,0.0,0.02,0.33,0.33,0.02,1.8325814637483102,False,3.5391,3.011157782315633,1,2,5,8,0.2909,0.0497,0.6035,0.2202,0.1259,0.0427,0.0077,-1,23
36,2,enzo le fée|sunderland,Enzo Le Fée,Sunderland,MID,90.0,0.155753,0.232337,0.388089,0.21,3.788073,0.321648,2.0,0.778763,0.69701,0.21,0.0,0.411581,-0.26,-0.04928,0.0,1,1,9.5,0.0,0.02,0.2,0.2,0.02,1.5606477482646683,False,3.8474,2.8938060128488226,2,2,5,8,0.2923,0.0453,0.4951,0.3289,0.1213,0.0475,0.0072,-1,24
36,2,erling haaland|manchester city,Erling Haaland,Manchester City,FWD,90.0,1.775937,0.285599,2.061536,0.6608,11.682307,0.872742,4.0,7.103749,0.856797,0.0,0.0,0.000321,-0.18,-0.09856,0.0,2,1,3.2,0.0,0.01,0.06,0.06,0.01,0.41430405677536863,False,10.1286,6.115362788911218,2,6,14,19,0.8322,0.541,0.168,0.1521,0.1682,0.2782,0.2335,-1,38
36,2,estêvão|chelsea,Estêvão,Chelsea,MID,15.0,0.039727,0.029868,0.069596,0.16,1.266574,0.067229,1.0,0.198636,0.089605,0.0,0.0,0.0,-0.021667,0.0,0.0,1,1,6.2,0.0,0.01,0.1,0.1,0.01,1.8325814637483102,False,0.7709,1.3350704812855387,0,0,1,1,0.0475,0.0028,0.9525,0.0305,0.015,0.002,0.0,-2,14
36,2,ethan ampadu|leeds,Ethan Ampadu,Leeds,MID,90.0,0.051887,0.046497,0.098384,0.24,3.279478,0.093699,2.0,0.259433,0.139492,0.24,0.0,1.030552,-0.39,0.0,0.0,1,1,12.3,0.0,0.02,0.33,0.33,0.02,1.4271163556401458,False,3.2118,1.942714791213574,1,2,4,5,0.0841,0.0035,0.4456,0.4955,0.043,0.0155,0.0004,-1,18
36,2,ethan nwaneri|arsenal,Ethan Nwaneri,Arsenal,MID,0.0,0.0,0.0,0.0,0.46,0.0,0.0,0.0,0.0,0.0,0.0,0.0,0.0,0.0,0.0,0.0,1,1,7.1,0.0,0.01,0.03,0.03,0.01,0.7765287894989963,True,0.0,0.0,0,0,0,0,0.0,0.0,1.0,0.0,0.0,0.0,0.0,0,0
36,2,ethan pinnock|brentford,Ethan Pinnock,Brentford,DEF,0.0,0.0,0.0,0.0,0.1,0.0,0.0,0.0,0.0,0.0,0.0,0.0,0.0,0.0,0.0,0.0,1,1,11.4,0.0,0.02,0.14,0.14,0.02,2.3025850929940455,True,0.0,0.0,0,0,0,0,0.0,0.0,1.0,0.0,0.0,0.0,0.0,0,0
36,2,evanilson|bournemouth,Evanilson,Bournemouth,FWD,75.0,0.283593,0.067276,0.350869,0.23,3.261314,0.295924,2.0,1.134373,0.201828,0.0,0.0,0.000113,-0.075,0.0,0.0,1,1,3.7,0.0,0.01,0.06,0.06,0.01,1.4696759700589417,False,3.2643,2.745040165462065,1,2,5,7,0.2755,0.0435,0.7248,0.13,0.108,0.0334,0.0038,-2,21
36,2,evann guessand|crystal palace,Evann Guessand,Crystal Palace,MID,0.0,0.0,0.0,0.0,0.3448,0.0,0.0,0.0,0.0,0.0,0.0,0.0,0.0,0.0,0.0,0.0,2,1,9.1,0.0,0.01,0.06,0.06,0.01,1.0647907401925991,True,0.0,0.0,0,0,0,0,0.0,0.0,1.0,0.0,0.0,0.0,0.0,0,0
36,2,ezra mayers|west ham,Ezra Mayers,West Ham,DEF,0.0,0.0,0.0,0.0,0.16,0.0,0.0,0.0,0.0,0.0,0.0,0.0,0.0,0.0,0.0,0.0,1,1,2.0,0.0,0.02,0.14,0.14,0.02,1.8325814637483102,True,0.0,0.0,0,0,0,0,0.0,0.0,1.0,0.0,0.0,0.0,0.0,0,0
36,2,ezri konsa ngoyo|aston villa,Ezri Konsa Ngoyo,Aston Villa,DEF,90.0,0.038443,0.016689,0.055133,0.39,3.629769,0.05364,2.0,0.230661,0.050067,1.56,0.0,0.13787,-0.09,0.0,-0.258829,1,1,6.1,0.0,0.02,0.03,0.03,0.02,0.941608539858445,False,3.7364,2.7871697185496256,1,2,6,7,0.0477,0.0013,0.5477,0.3187,0.1117,0.0193,0.0026,-3,23
36,2,fabian schär|newcastle united,Fabian Schär,Newcastle United,DEF,0.0,0.0,0.0,0.0,0.27,0.0,0.0,0.0,0.0,0.0,0.0,0.0,0.0,0.0,0.0,0.0,1,1,9.5,0.0,0.02,0.1,0.1,0.02,1.3093333199837622,True,0.0,0.0,0,0,0,0,0.0,0.0,1.0,0.0,0.0,0.0,0.0,0,0
36,2,fabio carvalho|brentford,Fabio Carvalho,Brentford,MID,0.0,0.0,0.0,0.0,0.1,0.0,0.0,0.0,0.0,0.0,0.0,0.0,0.0,0.0,0.0,0.0,1,1,0.0,0.0,0.01,0.06,0.06,0.01,2.3025850929940455,True,0.0,0.0,0,0,0,0,0.0,0.0,1.0,0.0,0.0,0.0,0.0,0,0
36,2,facundo buonanotte|leeds,Facundo Buonanotte,Leeds,MID,0.0,0.0,0.0,0.0,0.24,0.0,0.0,0.0,0.0,0.0,0.0,0.0,0.0,0.0,0.0,0.0,1,1,3.0,0.0,0.01,0.33,0.33,0.01,1.4271163556401458,True,0.0,0.0,0,0,0,0,0.0,0.0,1.0,0.0,0.0,0.0,0.0,0,0
36,2,federico chiesa|liverpool,Federico Chiesa,Liverpool,MID,15.0,0.105229,0.078733,0.183961,0.25,1.724009,0.168032,1.0,0.526144,0.236198,0.0,0.0,0.0,-0.038333,0.0,0.0,1,1,9.6,0.0,0.01,0.2,0.2,0.01,1.3862943611198906,False,1.1498,2.1516877003877677,0,0,1,4,0.1153,0.0156,0.8849,0.0677,0.0361,0.0101,0.0012,-2,19
36,2,ferdi kadioglu|brighton,Ferdi Kadioglu,Brighton,DEF,90.0,0.096154,0.059806,0.155959,0.44,4.083006,0.144406,2.0,0.576921,0.179417,1.76,0.0,0.035558,-0.26,0.0,-0.20889,1,1,4.8,0.0,0.02,0.2,0.2,0.02,0.8209805520698302,False,4.2397,3.241055986866009,1,2,6,8,0.1289,0.0084,0.4797,0.3434,0.1192,0.0504,0.0073,-3,27
36,2,fernando lópez|wolverhampton wanderers,Fernando López,Wolverhampton Wanderers,FWD,0.0,0.0,0.0,0.0,0.14,0.0,0.0,0.0,0.0,0.0,0.0,0.0,0.0,0.0,0.0,0.0,1,1,4.7,0.0,0.01,0.2,0.2,0.01,1.9661128563728327,True,0.0,0.0,0,0,0,0,0.0,0.0,1.0,0.0,0.0,0.0,0.0,0,0
36,2,filip jorgensen|chelsea,Filip Jorgensen,Chelsea,GK,0.0,0.0,0.0,0.0,0.16,0.0,0.0,0.0,0.0,0.0,0.0,0.0,0.0,0.0,0.0,0.0,1,1,0.0,0.0,0.01,0.03,0.03,0.01,1.8325814637483102,True,0.0,0.0,0,0,0,0,0.0,0.0,1.0,0.0,0.0,0.0,0.0,0,0
36,2,florentino luís|burnley,Florentino Luís,Burnley,MID,60.0,0.029765,0.013556,0.043321,0.18,2.537376,0.042396,2.0,0.148824,0.040667,0.18,0.0,0.321218,-0.153333,0.0,0.0,1,1,13.5,0.0,0.01,0.2,0.2,0.01,1.7147984280919266,False,1.9441,1.9264929768883146,0,0,3,4,0.0309,0.0012,0.703,0.2737,0.0167,0.0064,0.0002,-1,20
36,2,florian wirtz|liverpool,Florian Wirtz,Liverpool,MID,90.0,0.229036,0.17081,0.399847,0.25,3.867519,0.329577,2.0,1.145182,0.512431,0.25,0.0,0.049906,-0.09,0.0,0.0,1,1,6.5,0.0,0.01,0.06,0.06,0.01,1.3862943611198906,False,3.9081,3.037277463453084,2,2,5,8,0.3006,0.0486,0.5262,0.2717,0.1448,0.0486,0.0087,-1,23
36,2,frank onyeka|brentford,Frank Onyeka,Brentford,MID,0.0,0.0,0.0,0.0,0.1,0.0,0.0,0.0,0.0,0.0,0.0,0.0,0.0,0.0,0.0,0.0,1,1,0.0,0.0,0.02,0.06,0.06,0.02,2.3025850929940455,True,0.0,0.0,0,0,0,0,0.0,0.0,1.0,0.0,0.0,0.0,0.0,0,0
36,2,freddie potts|west ham,Freddie Potts,West Ham,MID,75.0,0.00579,0.042486,0.048276,0.16,2.329852,0.047129,2.0,0.02895,0.127457,0.16,0.0,0.138445,-0.125,0.0,0.0,1,1,9.2,0.0,0.03,0.06,0.06,0.03,1.8325814637483102,False,2.2177,1.2648741874194445,1,2,2,4,0.0426,0.0012,0.7694,0.2203,0.0089,0.0014,0.0,-2,12
36,2,gabriel gudmundsson|leeds,Gabriel Gudmundsson,Leeds,DEF,90.0,0.015534,0.113243,0.128776,0.24,2.877372,0.120829,2.0,0.093203,0.339728,0.96,0.0,0.1624,-0.2,0.0,-0.477958,1,1,6.3,0.0,0.02,0.14,0.14,0.02,1.4271163556401458,False,2.9286,2.6472064596476037,1,1,5,6,0.1041,0.0061,0.6442,0.2635,0.0751,0.0161,0.0011,-3,17
36,2,gabriel jesus|arsenal,Gabriel Jesus,Arsenal,FWD,15.0,0.136113,0.004714,0.140827,0.46,1.46526,0.13136,1.0,0.54445,0.014143,0.0,0.0,0.0,-0.093333,0.0,0.0,1,1,7.7,0.0,0.02,0.5,0.5,0.02,0.7765287894989963,False,0.9961,1.8785326161661393,0,0,1,1,0.096,0.01,0.9041,0.0674,0.0208,0.0068,0.0009,-2,16
36,2,gabriel martinelli|arsenal,Gabriel Martinelli,Arsenal,MID,30.0,0.133873,0.050873,0.184747,0.46,1.73533,0.168685,1.0,0.669367,0.15262,0.0,0.0,9e-06,-0.086667,0.0,0.0,1,1,7.1,0.0,0.02,0.2,0.2,0.02,0.7765287894989963,False,1.0791,2.103198323981835,0,0,1,1,0.0996,0.0114,0.9003,0.0513,0.0385,0.0094,0.0005,-2,22
36,2,gabriel|arsenal,Gabriel,Arsenal,DEF,90.0,0.096093,0.091217,0.187311,0.46,4.980687,0.170814,2.0,0.576559,0.273652,1.84,0.0,0.68164,-0.2,0.0,-0.191164,1,1,8.9,0.0,0.02,0.14,0.14,0.02,0.7765287894989963,False,5.0843,3.4462724079793814,1,2,7,9,0.1547,0.0128,0.3351,0.3774,0.2043,0.0672,0.016,-3,25
36,2,george earthy|west ham,George Earthy,West Ham,MID,0.0,0.0,0.0,0.0,0.16,0.0,0.0,0.0,0.0,0.0,0.0,0.0,0.0,0.0,0.0,0.0,1,1,1.0,0.0,0.01,0.06,0.06,0.01,1.8325814637483102,True,0.0,0.0,0,0,0,0,0.0,0.0,1.0,0.0,0.0,0.0,0.0,0,0
36,2,george hemmings|aston villa,George Hemmings,Aston Villa,MID,0.0,0.0,0.0,0.0,0.39,0.0,0.0,0.0,0.0,0.0,0.0,0.0,0.0,0.0,0.0,0.0,1,1,0.0,0.0,0.01,0.06,0.06,0.01,0.941608539858445,True,0.0,0.0,0,0,0,0,0.0,0.0,1.0,0.0,0.0,0.0,0.0,0,0
36,2,georginio rutter|brighton,Georginio Rutter,Brighton,MID,30.0,0.070727,0.080777,0.151504,0.44,1.542632,0.140586,1.0,0.353634,0.242332,0.0,0.0,0.0,-0.053333,0.0,0.0,1,1,5.0,0.0,0.02,0.1,0.1,0.02,0.8209805520698302,False,0.9525,1.7395527442420364,0,0,1,1,0.0874,0.0078,0.9128,0.0586,0.0233,0.0049,0.0004,-2,19
36,2,gianluigi donnarumma|manchester city,Gianluigi Donnarumma,Manchester City,GK,90.0,0.0,0.0,0.0,0.6608,7.990705,0.0,4.0,0.0,0.0,3.32,1.666667,0.0,-0.52,0.0,-0.475962,2,1,0.0,2.5,0.02,0.2,0.2,0.02,0.41430405677536863,False,4.9838,2.3263141576321975,2,3,7,7,0.0,0.0,0.2477,0.4615,0.2871,0.0037,0.0,-2,11
36,2,giorgi mamardashvili|liverpool,Giorgi Mamardashvili,Liverpool,GK,0.0,0.0,0.0,0.0,0.25,0.0,0.0,0.0,0.0,0.0,0.0,0.0,0.0,0.0,0.0,0.0,1,1,0.0,0.0,0.01,0.06,0.06,0.01,1.3862943611198906,True,0.0,0.0,0,0,0,0,0.0,0.0,1.0,0.0,0.0,0.0,0.0,0,0
36,2,granit xhaka|sunderland,Granit Xhaka,Sunderland,MID,90.0,0.02985,0.170497,0.200347,0.21,3.425705,0.181553,2.0,0.14925,0.511492,0.21,0.0,0.754964,-0.2,0.0,0.0,1,1,11.1,0.0,0.02,0.14,0.14,0.02,1.5606477482646683,False,3.3661,2.0533559822885072,2,2,4,6,0.1665,0.0149,0.4884,0.4293,0.0654,0.0161,0.0008,-1,17
36,2,guglielmo vicario|tottenham,Guglielmo Vicario,Tottenham,GK,90.0,0.0,0.001613,0.001613,0.27,3.501946,0.001611,2.0,0.0,0.004838,1.08,0.9,0.0,-0.06,0.0,-0.422892,1,1,0.0,2.7,0.01,0.03,0.03,0.01,1.3093333199837622,False,3.2171,2.3676502254344918,1,2,6,7,0.0018,0.0,0.5535,0.3023,0.142,0.0022,0.0,-3,11
36,2,guido rodríguez|west ham,Guido Rodríguez,West Ham,MID,0.0,0.0,0.0,0.0,0.16,0.0,0.0,0.0,0.0,0.0,0.0,0.0,0.0,0.0,0.0,0.0,1,1,7.7,0.0,0.01,0.33,0.33,0.01,1.8325814637483102,True,0.0,0.0,0,0,0,0,0.0,0.0,1.0,0.0,0.0,0.0,0.0,0,0
36,2,habib diarra|sunderland,Habib Diarra,Sunderland,MID,75.0,0.154585,0.020245,0.17483,0.21,2.711146,0.160401,2.0,0.772927,0.060735,0.21,0.0,0.00275,-0.325,-0.010267,0.0,1,1,5.3,0.0,0.02,0.33,0.33,0.02,1.5606477482646683,False,2.6391,2.41955599025937,1,1,3,7,0.1499,0.0123,0.7388,0.1437,0.0994,0.0154,0.0027,-2,23
36,2,hamed junior traore|bournemouth,Hamed Junior Traore,Bournemouth,MID,0.0,0.0,0.0,0.0,0.23,0.0,0.0,0.0,0.0,0.0,0.0,0.0,0.0,0.0,0.0,0.0,1,1,0.0,0.0,0.02,0.03,0.03,0.02,1.4696759700589417,True,0.0,0.0,0,0,0,0,0.0,0.0,1.0,0.0,0.0,0.0,0.0,0,0
36,2,hannibal mejbri|burnley,Hannibal Mejbri,Burnley,MID,60.0,0.023664,0.100285,0.123949,0.18,2.245065,0.116575,2.0,0.11832,0.300854,0.18,0.0,0.019223,-0.373333,0.0,0.0,1,1,8.5,0.0,0.02,0.5,0.5,0.02,1.7147984280919266,False,1.6025,1.809169353598496,0,0,2,4,0.0861,0.005,0.8285,0.1445,0.0227,0.0043,0.0,-1,14
36,2,harrison armstrong|everton,Harrison Armstrong,Everton,MID,15.0,0.011558,0.00403,0.015589,0.24,1.054883,0.015468,1.0,0.057792,0.012091,0.0,0.0,0.0,-0.015,0.0,0.0,1,1,9.2,0.0,0.01,0.06,0.06,0.01,1.4271163556401458,False,0.5922,0.8076503946634336,0,0,1,1,0.0115,0.0003,0.9885,0.0061,0.0052,0.0002,0.0,-2,11
36,2,harrison reed|fulham,Harrison Reed,Fulham,MID,15.0,0.160484,0.180122,0.340606,0.23,2.316119,0.288661,1.0,0.802421,0.540365,0.0,0.0,0.0,-0.026667,0.0,0.0,1,1,5.0,0.0,0.02,0.1,0.1,0.02,1.4696759700589417,False,1.6925,2.9250544866720007,0,0,1,6,0.1993,0.0472,0.801,0.1114,0.0568,0.0251,0.0057,-2,23
36,2,harry howell|brighton,Harry Howell,Brighton,MID,0.0,0.0,0.0,0.0,0.44,0.0,0.0,0.0,0.0,0.0,0.0,0.0,0.0,0.0,0.0,0.0,1,1,0.0,0.0,0.01,0.03,0.03,0.01,0.8209805520698302,True,0.0,0.0,0,0,0,0,0.0,0.0,1.0,0.0,0.0,0.0,0.0,0,0
36,2,harry maguire|manchester united,Harry Maguire,Manchester United,DEF,90.0,0.054719,0.039612,0.094331,0.32,3.483188,0.090018,2.0,0.328316,0.118835,1.28,0.0,0.361354,-0.26,0.0,-0.345317,1,1,7.5,0.0,0.02,0.2,0.2,0.02,1.1394342831883648,False,3.5317,2.9669504731289327,1,1,6,7,0.0796,0.0032,0.5479,0.3078,0.1145,0.0261,0.0037,-3,24
36,2,harry wilson|fulham,Harry Wilson,Fulham,MID,90.0,0.236149,0.161494,0.397644,0.23,3.681829,0.328099,2.0,1.180747,0.484483,0.23,0.0,0.028919,-0.23,-0.01232,0.0,1,1,6.0,0.0,0.01,0.2,0.2,0.01,1.4696759700589417,False,3.7553,3.0385229816474983,2,2,5,8,0.2992,0.0476,0.5636,0.2402,0.1442,0.043,0.009,-1,23
36,2,harvey barnes|newcastle united,Harvey Barnes,Newcastle United,MID,60.0,0.206528,0.08953,0.296058,0.27,3.511424,0.256256,2.0,1.03264,0.268589,0.27,0.0,0.000194,-0.06,0.0,0.0,1,1,4.9,0.0,0.01,0.06,0.06,0.01,1.3093333199837622,False,2.5669,3.1397013217820575,0,0,3,8,0.1815,0.0324,0.6913,0.171,0.0986,0.0303,0.0088,-1,22
36,2,harvey elliott|aston villa,Harvey Elliott,Aston Villa,MID,0.0,0.0,0.0,0.0,0.39,0.0,0.0,0.0,0.0,0.0,0.0,0.0,0.0,0.0,0.0,0.0,1,1,5.5,0.0,0.02,0.06,0.06,0.02,0.941608539858445,True,0.0,0.0,0,0,0,0,0.0,0.0,1.0,0.0,0.0,0.0,0.0,0,0
36,2,hee-chan hwang|wolverhampton wanderers,Hee-Chan Hwang,Wolverhampton Wanderers,MID,30.0,0.13539,0.022241,0.157632,0.14,1.646477,0.145836,1.0,0.676952,0.066724,0.0,0.0,0.0,-0.076667,-0.020533,0.0,1,1,5.3,0.0,0.01,0.2,0.2,0.01,1.9661128563728327,False,1.0312,1.9983559642866435,0,0,1,1,0.0909,0.0076,0.9091,0.0454,0.0386,0.0066,0.0003,-2,19
36,2,hjalmar ekdal|burnley,Hjalmar Ekdal,Burnley,DEF,15.0,0.004899,0.002569,0.007468,0.18,0.99306,0.007441,1.0,0.029394,0.007708,0.0,0.0,1.3e-05,-0.01,0.0,-0.034055,1,1,10.1,0.0,0.01,0.03,0.03,0.01,1.7147984280919266,False,0.2388,0.7461732774630835,0,0,1,1,0.007,0.0001,0.9924,0.005,0.0025,0.0,0.0001,-5,16
36,2,hugo bueno|wolverhampton wanderers,Hugo Bueno,Wolverhampton Wanderers,DEF,90.0,0.021296,0.110498,0.131794,0.14,2.366062,0.123478,2.0,0.127776,0.331493,0.56,0.0,0.23475,-0.15,0.0,-0.737956,1,1,6.8,0.0,0.03,0.06,0.06,0.03,1.9661128563728327,False,2.4116,2.594606991434348,0,1,3,6,0.1135,0.0074,0.7093,0.2113,0.0621,0.0158,0.0015,-4,19
36,2,hugo ekitike|liverpool,Hugo Ekitike,Liverpool,FWD,0.0,0.0,0.0,0.0,0.25,0.0,0.0,0.0,0.0,0.0,0.0,0.0,0.0,0.0,0.0,0.0,1,1,4.1,0.0,0.01,0.06,0.06,0.01,1.3862943611198906,True,0.0,0.0,0,0,0,0,0.0,0.0,1.0,0.0,0.0,0.0,0.0,0,0
36,2,hákon valdimarsson|brentford,Hákon Valdimarsson,Brentford,GK,0.0,0.0,0.0,0.0,0.1,0.0,0.0,0.0,0.0,0.0,0.0,0.0,0.0,0.0,0.0,0.0,1,1,0.0,0.0,0.0,0.0,0.0,0.0,2.3025850929940455,True,0.0,0.0,0,0,0,0,0.0,0.0,1.0,0.0,0.0,0.0,0.0,0,0
36,2,ian maatsen|aston villa,Ian Maatsen,Aston Villa,DEF,60.0,0.060968,0.115014,0.175982,0.39,3.874244,0.161367,2.0,0.365806,0.345043,1.56,0.0,0.035558,-0.173333,0.0,-0.258829,1,1,7.2,0.0,0.02,0.2,0.2,0.02,0.941608539858445,False,2.799,3.378165034452876,0,0,6,7,0.1156,0.0125,0.6546,0.218,0.0865,0.0343,0.0066,-3,24
36,2,ibrahim sangare|nottingham forest,Ibrahim Sangare,Nottingham Forest,MID,75.0,0.040557,0.061089,0.101646,0.25,2.643283,0.096651,2.0,0.202787,0.183267,0.25,0.0,0.30723,-0.3,0.0,0.0,1,1,10.7,0.0,0.01,0.33,0.33,0.01,1.3862943611198906,False,2.6078,1.9063523179097823,1,1,3,5,0.0955,0.005,0.6373,0.3106,0.0419,0.0096,0.0006,-2,17
36,2,ibrahima konaté|liverpool,Ibrahima Konaté,Liverpool,DEF,90.0,0.051572,0.020591,0.072164,0.25,3.409333,0.069621,2.0,0.309434,0.061774,1.0,0.0,0.756897,-0.26,0.0,-0.458772,1,1,9.2,0.0,0.02,0.2,0.2,0.02,1.3862943611198906,False,3.4381,2.8891812663798024,1,1,6,8,0.062,0.0022,0.5126,0.3372,0.1233,0.0232,0.0037,-4,20
36,2,idrissa gueye|everton,Idrissa Gueye,Everton,MID,90.0,0.086054,0.076021,0.162074,0.24,3.112492,0.149622,2.0,0.430269,0.228062,0.24,0.0,0.374162,-0.16,0.0,0.0,1,1,9.3,0.0,0.02,0.1,0.1,0.02,1.4271163556401458,False,3.1061,2.1249571266263234,2,2,3,6,0.139,0.0082,0.5856,0.323,0.0719,0.0182,0.0013,-1,18
36,2,igor jesus|nottingham forest,Igor Jesus,Nottingham Forest,FWD,75.0,0.155531,0.083084,0.238615,0.25,2.771931,0.212282,2.0,0.622126,0.249251,0.0,0.0,0.000554,-0.1,0.0,0.0,1,1,4.4,0.0,0.02,0.06,0.06,0.02,1.3862943611198906,False,2.6998,2.180752154647566,1,2,2,6,0.1945,0.0221,0.8053,0.1137,0.0644,0.0156,0.001,-2,17
36,2,igor julio|west ham,Igor Julio,West Ham,DEF,0.0,0.0,0.0,0.0,0.16,0.0,0.0,0.0,0.0,0.0,0.0,0.0,0.0,0.0,0.0,0.0,1,1,6.6,0.0,0.02,0.33,0.33,0.02,1.8325814637483102,True,0.0,0.0,0,0,0,0,0.0,0.0,1.0,0.0,0.0,0.0,0.0,0,0
36,2,ilia gruev|leeds,Ilia Gruev,Leeds,MID,60.0,0.01962,0.044094,0.063714,0.24,2.243849,0.061727,2.0,0.098101,0.132283,0.24,0.0,0.013466,-0.24,0.0,0.0,1,1,8.1,0.0,0.01,0.33,0.33,0.01,1.4271163556401458,False,1.5779,1.623308839993179,0,0,2,3,0.0485,0.0023,0.8238,0.1564,0.017,0.0025,0.0003,-1,17
36,2,iliman ndiaye|everton,Iliman Ndiaye,Everton,MID,90.0,0.196709,0.121945,0.318655,0.24,3.901073,0.272873,2.0,0.983547,0.365835,0.24,0.0,0.49097,-0.13,-0.04928,0.0,1,1,9.9,0.0,0.01,0.1,0.1,0.01,1.4271163556401458,False,3.9135,2.919968792641456,2,2,5,8,0.2442,0.0359,0.4819,0.3363,0.124,0.0494,0.0084,-1,24
36,2,ismaila sarr|crystal palace,Ismaila Sarr,Crystal Palace,MID,90.0,0.42179,0.062362,0.484152,0.3448,5.398335,0.383781,3.0,2.108951,0.187086,0.28,0.0,0.001577,-0.13,-0.04928,0.0,2,1,6.2,0.0,0.01,0.1,0.1,0.01,1.0647907401925991,False,4.6023,3.739055323206652,2,2,7,9,0.346,0.0705,0.4445,0.2483,0.2123,0.0706,0.0243,-1,26
36,2,issa diop|fulham,Issa Diop,Fulham,DEF,15.0,0.0012,0.000278,0.001478,0.23,0.91739,0.001477,1.0,0.007201,0.000834,0.0,0.0,1e-06,-0.065,0.0,-0.025646,1,1,7.9,0.0,0.02,0.33,0.33,0.02,1.4696759700589417,False,0.2413,0.6231166102745135,0,0,1,1,0.0015,0.0,0.9984,0.0005,0.0011,0.0,0.0,-4,9
36,2,iyenoma destiny udogie|tottenham,Iyenoma Destiny Udogie,Tottenham,DEF,30.0,0.005971,0.030115,0.036087,0.27,0.966854,0.035443,1.0,0.035829,0.090345,0.0,0.0,5e-06,-0.086667,0.0,-0.072658,1,1,4.5,0.0,0.02,0.2,0.2,0.02,1.3093333199837622,False,0.3576,0.8723085692574618,0,0,1,1,0.0239,0.0004,0.977,0.0201,0.0028,0.0001,0.0,-4,11
36,2,jack fletcher|manchester united,Jack Fletcher,Manchester United,MID,0.0,0.0,0.0,0.0,0.32,0.0,0.0,0.0,0.0,0.0,0.0,0.0,0.0,0.0,0.0,0.0,1,1,9.3,0.0,0.02,0.06,0.06,0.02,1.1394342831883648,True,0.0,0.0,0,0,0,0,0.0,0.0,1.0,0.0,0.0,0.0,0.0,0,0
36,2,jack grealish|everton,Jack Grealish,Everton,MID,0.0,0.0,0.0,0.0,0.24,0.0,0.0,0.0,0.0,0.0,0.0,0.0,0.0,0.0,0.0,0.0,1,1,7.5,0.0,0.01,0.33,0.33,0.01,1.4271163556401458,True,0.0,0.0,0,0,0,0,0.0,0.0,1.0,0.0,0.0,0.0,0.0,0,0
36,2,jack harrison|leeds,Jack Harrison,Leeds,MID,0.0,0.0,0.0,0.0,0.24,0.0,0.0,0.0,0.0,0.0,0.0,0.0,0.0,0.0,0.0,0.0,1,1,8.2,0.0,0.02,0.14,0.14,0.02,1.4271163556401458,True,0.0,0.0,0,0,0,0,0.0,0.0,1.0,0.0,0.0,0.0,0.0,0,0
36,2,jack hinshelwood|brighton,Jack Hinshelwood,Brighton,MID,80.0,0.316898,0.151602,0.4685,0.44,4.487872,0.37406,2.0,1.58449,0.454807,0.44,0.0,0.088574,-0.08,0.0,0.0,1,1,8.0,0.0,0.01,0.06,0.06,0.01,0.8209805520698302,False,4.4584,3.6072523393852003,1,2,7,9,0.351,0.0741,0.4023,0.3337,0.1707,0.0737,0.0196,-2,24
36,2,jackson tchatchoua|wolverhampton wanderers,Jackson Tchatchoua,Wolverhampton Wanderers,DEF,0.0,0.0,0.0,0.0,0.14,0.0,0.0,0.0,0.0,0.0,0.0,0.0,0.0,0.0,0.0,0.0,1,1,3.0,0.0,0.02,0.2,0.2,0.02,1.9661128563728327,True,0.0,0.0,0,0,0,0,0.0,0.0,1.0,0.0,0.0,0.0,0.0,0,0
36,2,jacob bruun larsen|burnley,Jacob Bruun Larsen,Burnley,FWD,30.0,0.093675,0.030286,0.123961,0.18,1.447347,0.116586,1.0,0.3747,0.090859,0.0,0.0,1e-06,-0.01,-0.008213,0.0,1,1,5.7,0.0,0.01,,0.0,0.01,1.7147984280919266,False,0.913,1.554616029764263,0,0,1,1,0.0763,0.0055,0.9239,0.0596,0.0132,0.0032,0.0001,-2,19
36,2,jacob murphy|newcastle united,Jacob Murphy,Newcastle United,MID,30.0,0.059784,0.095925,0.155709,0.27,1.546696,0.144192,1.0,0.298922,0.287774,0.0,0.0,0.0,-0.04,0.0,0.0,1,1,4.5,0.0,0.02,0.06,0.06,0.02,1.3093333199837622,False,0.9472,1.6729650803289349,0,0,1,1,0.089,0.0084,0.9117,0.0628,0.0207,0.0048,0.0,-2,14
36,2,jacob ramsey|newcastle united,Jacob Ramsey,Newcastle United,MID,60.0,0.054349,0.044765,0.099114,0.27,2.353949,0.094361,2.0,0.271747,0.134295,0.27,0.0,0.03124,-0.353333,0.0,0.0,1,1,9.1,0.0,0.01,0.5,0.5,0.01,1.3093333199837622,False,1.7431,1.978914447367546,0,0,2,4,0.0738,0.0041,0.7897,0.1677,0.0344,0.0078,0.0004,-1,18
36,2,jadon sancho|aston villa,Jadon Sancho,Aston Villa,MID,0.0,0.0,0.0,0.0,0.39,0.0,0.0,0.0,0.0,0.0,0.0,0.0,0.0,0.0,0.0,0.0,1,1,4.8,0.0,0.02,0.1,0.1,0.02,0.941608539858445,True,0.0,0.0,0,0,0,0,0.0,0.0,1.0,0.0,0.0,0.0,0.0,0,0
36,2,jaidon anthony|burnley,Jaidon Anthony,Burnley,MID,90.0,0.151428,0.1206,0.272028,0.18,3.269747,0.238167,2.0,0.757138,0.361801,0.18,0.0,0.200807,-0.23,0.0,0.0,1,1,8.2,0.0,0.01,0.2,0.2,0.01,1.7147984280919266,False,3.2772,2.5728894573999868,1,2,4,7,0.2164,0.0231,0.6264,0.2345,0.107,0.0285,0.0036,-1,23
36,2,jair|nottingham forest,Jair,Nottingham Forest,DEF,0.0,0.0,0.0,0.0,0.25,0.0,0.0,0.0,0.0,0.0,0.0,0.0,0.0,0.0,0.0,0.0,1,1,10.2,0.0,0.02,0.14,0.14,0.02,1.3862943611198906,True,0.0,0.0,0,0,0,0,0.0,0.0,1.0,0.0,0.0,0.0,0.0,0,0
36,2,jaka bijol|leeds,Jaka Bijol,Leeds,DEF,15.0,0.004871,0.006737,0.011608,0.24,0.960153,0.011541,1.0,0.029223,0.020212,0.0,0.0,6e-06,-0.065,0.0,-0.024288,1,1,9.2,0.0,0.02,0.33,0.33,0.02,1.4271163556401458,False,0.2757,0.7423540327902852,0,0,1,1,0.0073,0.0,0.9929,0.0039,0.0031,0.0001,0.0,-4,10
36,2,jake o'brien|everton,Jake O'Brien,Everton,DEF,90.0,0.016579,0.024543,0.041121,0.24,2.786227,0.040287,2.0,0.099472,0.073628,0.96,0.0,0.251085,-0.12,0.0,-0.477958,1,1,6.9,0.0,0.02,0.06,0.06,0.02,1.4271163556401458,False,2.7999,2.4917985452279243,1,1,5,6,0.0318,0.0005,0.6743,0.2412,0.0759,0.0077,0.0009,-4,21
36,2,jamaal lascelles|newcastle united,Jamaal Lascelles,Newcastle United,DEF,0.0,0.0,0.0,0.0,0.27,0.0,0.0,0.0,0.0,0.0,0.0,0.0,0.0,0.0,0.0,0.0,1,1,3.0,0.0,0.01,0.14,0.14,0.01,1.3093333199837622,True,0.0,0.0,0,0,0,0,0.0,0.0,1.0,0.0,0.0,0.0,0.0,0,0
36,2,jamaldeen jimoh|aston villa,Jamaldeen Jimoh,Aston Villa,MID,0.0,0.0,0.0,0.0,0.39,0.0,0.0,0.0,0.0,0.0,0.0,0.0,0.0,0.0,0.0,0.0,1,1,2.0,0.0,0.01,0.06,0.06,0.01,0.941608539858445,True,0.0,0.0,0,0,0,0,0.0,0.0,1.0,0.0,0.0,0.0,0.0,0,0
36,2,james garner|everton,James Garner,Everton,MID,90.0,0.041528,0.138288,0.179815,0.24,3.633055,0.164576,2.0,0.207639,0.414863,0.24,0.0,1.030552,-0.26,0.0,0.0,1,1,12.3,0.0,0.02,0.2,0.2,0.02,1.4271163556401458,False,3.5477,2.135304360038634,2,2,4,6,0.144,0.0115,0.4105,0.5004,0.0668,0.0206,0.0017,-1,19
36,2,james hill|bournemouth,James Hill,Bournemouth,DEF,90.0,0.047854,0.056806,0.104659,0.23,3.856136,0.099369,2.0,0.287122,0.170417,0.92,0.0,1.17666,-0.2,0.0,-0.498063,1,1,10.9,0.0,0.02,0.14,0.14,0.02,1.4696759700589417,False,3.7943,2.949201164722407,1,2,6,8,0.0888,0.004,0.4061,0.4142,0.1408,0.0342,0.0047,-3,26
36,2,james justin|leeds,James Justin,Leeds,DEF,75.0,0.055227,0.068191,0.123417,0.24,2.933101,0.116105,2.0,0.331359,0.204573,0.96,0.0,0.240127,-0.325,0.0,-0.477958,1,1,8.2,0.0,0.02,0.33,0.33,0.02,1.4271163556401458,False,2.7309,2.955822252775021,0,1,5,7,0.1051,0.0045,0.6496,0.2374,0.0864,0.0233,0.0033,-5,27
36,2,james mcatee|nottingham forest,James McAtee,Nottingham Forest,MID,0.0,0.0,0.0,0.0,0.25,0.0,0.0,0.0,0.0,0.0,0.0,0.0,0.0,0.0,0.0,0.0,1,1,5.8,0.0,0.01,0.33,0.33,0.01,1.3862943611198906,True,0.0,0.0,0,0,0,0,0.0,0.0,1.0,0.0,0.0,0.0,0.0,0,0
36,2,james milner|brighton,James Milner,Brighton,MID,15.0,0.005591,0.015116,0.020707,0.44,1.013303,0.020494,1.0,0.027954,0.045349,0.0,0.0,0.0,-0.06,0.0,0.0,1,1,9.2,0.0,0.01,0.33,0.33,0.01,0.8209805520698302,False,0.5698,0.7886240929619129,0,0,1,1,0.0153,0.0005,0.9847,0.0127,0.0025,0.0001,0.0,-2,14
36,2,james rowswell|tottenham,James Rowswell,Tottenham,MID,0.0,0.0,0.0,0.0,0.27,0.0,0.0,0.0,0.0,0.0,0.0,0.0,0.0,0.0,0.0,0.0,1,1,0.0,0.0,0.0,0.0,0.0,0.0,1.3093333199837622,True,0.0,0.0,0,0,0,0,0.0,0.0,1.0,0.0,0.0,0.0,0.0,0,0
36,2,james tarkowski|everton,James Tarkowski,Everton,DEF,90.0,0.054976,0.048835,0.103811,0.24,3.828319,0.098604,2.0,0.329856,0.146505,0.96,0.0,1.129917,-0.26,0.0,-0.477958,1,1,10.7,0.0,0.02,0.2,0.2,0.02,1.4271163556401458,False,3.8,3.015194852741693,1,2,6,8,0.0912,0.0033,0.4279,0.3833,0.1503,0.0333,0.0052,-3,22
36,2,james trafford|manchester city,James Trafford,Manchester City,GK,0.0,0.0,0.0,0.0,0.6608,0.0,0.0,0.0,0.0,0.0,0.0,0.0,0.0,0.0,0.0,0.0,2,1,0.0,0.0,0.01,0.1,0.1,0.01,0.41430405677536863,True,0.0,0.0,0,0,0,0,0.0,0.0,1.0,0.0,0.0,0.0,0.0,0,0
36,2,james ward-prowse|burnley,James Ward-Prowse,Burnley,MID,30.0,0.005663,0.092134,0.097797,0.18,1.274719,0.093167,1.0,0.028316,0.276401,0.0,0.0,1e-06,-0.03,0.0,0.0,1,1,5.6,0.0,0.01,0.06,0.06,0.01,1.7147984280919266,False,0.7301,1.1226994210384185,0,0,1,1,0.0544,0.0035,0.9458,0.0489,0.0049,0.0004,0.0,-2,13
36,2,jamie bynoe-gittens|chelsea,Jamie Bynoe-Gittens,Chelsea,MID,0.0,0.0,0.0,0.0,0.16,0.0,0.0,0.0,0.0,0.0,0.0,0.0,0.0,0.0,0.0,0.0,1,1,4.0,0.0,0.02,0.03,0.03,0.02,1.8325814637483102,True,0.0,0.0,0,0,0,0,0.0,0.0,1.0,0.0,0.0,0.0,0.0,0,0
36,2,jan paul van hecke|brighton,Jan Paul van Hecke,Brighton,DEF,90.0,0.112866,0.053756,0.166622,0.44,4.683239,0.153481,2.0,0.677197,0.161268,1.76,0.0,0.583664,-0.29,0.0,-0.20889,1,1,8.5,0.0,0.03,0.2,0.2,0.03,0.8209805520698302,False,4.7796,3.507880248811239,1,2,7,9,0.1362,0.0103,0.3814,0.3581,0.1834,0.0619,0.0152,-3,29
36,2,jarrad branthwaite|everton,Jarrad Branthwaite,Everton,DEF,90.0,0.037044,0.016552,0.053596,0.24,3.083742,0.052185,2.0,0.222266,0.049655,0.96,0.0,0.559779,-0.23,0.0,-0.477958,1,1,8.4,0.0,0.03,0.14,0.14,0.03,1.4271163556401458,False,3.1083,2.7470659092930405,1,1,5,7,0.0459,0.002,0.5848,0.2939,0.1031,0.0156,0.0026,-3,23
36,2,jarrod bowen|west ham,Jarrod Bowen,West Ham,FWD,90.0,0.20345,0.137532,0.340982,0.16,3.098659,0.288928,2.0,0.813799,0.412597,0.0,0.0,0.103863,-0.17,-0.0616,0.0,1,1,7.3,0.0,0.01,0.14,0.14,0.01,1.8325814637483102,False,3.2321,2.498525483160018,2,2,5,7,0.2616,0.0388,0.7101,0.1674,0.0933,0.0274,0.0018,-1,20
36,2,jaydee canvot|crystal palace,Jaydee Canvot,Crystal Palace,DEF,30.0,0.028667,0.00345,0.032117,0.3448,2.013488,0.031606,2.0,0.172002,0.010349,0.0,0.0,0.000135,-0.086667,0.0,-0.082331,2,1,12.3,0.0,0.02,0.2,0.2,0.02,1.0647907401925991,False,0.5033,1.1832958674820089,0,0,1,1,0.0191,0.0002,0.9643,0.0205,0.0143,0.0008,0.0001,-4,15
36,2,jayden bogle|leeds,Jayden Bogle,Leeds,DEF,75.0,0.030984,0.088083,0.119068,0.24,2.748873,0.112252,2.0,0.185907,0.26425,0.96,0.0,0.033341,-0.216667,0.0,-0.477958,1,1,5.7,0.0,0.02,0.2,0.2,0.02,1.4271163556401458,False,2.5397,2.681533872618431,0,1,5,6,0.1039,0.0052,0.7044,0.2116,0.0682,0.0142,0.0016,-3,20
36,2,jaydon banel|burnley,Jaydon Banel,Burnley,FWD,0.0,0.0,0.0,0.0,0.18,0.0,0.0,0.0,0.0,0.0,0.0,0.0,0.0,0.0,0.0,0.0,1,1,0.0,0.0,0.01,0.03,0.03,0.01,1.7147984280919266,True,0.0,0.0,0,0,0,0,0.0,0.0,1.0,0.0,0.0,0.0,0.0,0,0
36,2,jean-clair todibo|west ham,Jean-Clair Todibo,West Ham,DEF,15.0,0.001737,0.002003,0.00374,0.16,0.934664,0.003733,1.0,0.010422,0.00601,0.0,0.0,2e-06,-0.043333,0.0,-0.038436,1,1,8.2,0.0,0.02,0.2,0.2,0.02,1.8325814637483102,False,0.1495,0.6371418601849984,0,0,0,1,0.0028,0.0,0.9972,0.0021,0.0007,0.0,0.0,-5,9
36,2,jean-philippe mateta|crystal palace,Jean-Philippe Mateta,Crystal Palace,FWD,90.0,0.399597,0.027251,0.426848,0.3448,4.520477,0.347438,3.0,1.598388,0.081754,0.0,0.0,0.000335,-0.16,0.0,0.0,2,1,5.2,0.0,0.02,0.1,0.1,0.02,1.0647907401925991,False,3.6544,3.067761503115912,2,2,6,8,0.3064,0.0625,0.6908,0.1262,0.1234,0.0522,0.0074,-1,24
36,2,jean-ricner bellegarde|wolverhampton wanderers,Jean-Ricner Bellegarde,Wolverhampton Wanderers,MID,60.0,0.022973,0.045346,0.068319,0.14,2.138373,0.066037,2.0,0.114864,0.136038,0.14,0.0,0.007472,-0.26,0.0,0.0,1,1,7.5,0.0,0.02,0.33,0.33,0.02,1.9661128563728327,False,1.5086,1.60727285798025,0,0,2,3,0.0517,0.0021,0.8731,0.1058,0.0179,0.0031,0.0001,-1,15
36,2,jefferson lerma|crystal palace,Jefferson Lerma,Crystal Palace,MID,0.0,0.0,0.0,0.0,0.3448,0.0,0.0,0.0,0.0,0.0,0.0,0.0,0.0,0.0,0.0,0.0,2,1,11.4,0.0,0.02,0.06,0.06,0.02,1.0647907401925991,True,0.0,0.0,0,0,0,0,0.0,0.0,1.0,0.0,0.0,0.0,0.0,0,0
36,2,jenson seelt|sunderland,Jenson Seelt,Sunderland,DEF,0.0,0.0,0.0,0.0,0.21,0.0,0.0,0.0,0.0,0.0,0.0,0.0,0.0,0.0,0.0,0.0,1,1,8.1,0.0,0.02,0.33,0.33,0.02,1.5606477482646683,True,0.0,0.0,0,0,0,0,0.0,0.0,1.0,0.0,0.0,0.0,0.0,0,0
36,2,jeremie frimpong|liverpool,Jeremie Frimpong,Liverpool,DEF,60.0,0.029552,0.134895,0.164447,0.25,3.016598,0.151637,2.0,0.177311,0.404684,1.0,0.0,4.1e-05,-0.106667,0.0,-0.458772,1,1,2.9,0.0,0.02,0.1,0.1,0.02,1.3862943611198906,False,2.1461,2.8302570183642333,0,0,2,6,0.1082,0.0116,0.7535,0.1676,0.0576,0.019,0.0023,-4,21
36,2,jhon arias|wolverhampton wanderers,Jhon Arias,Wolverhampton Wanderers,MID,0.0,0.0,0.0,0.0,0.14,0.0,0.0,0.0,0.0,0.0,0.0,0.0,0.0,0.0,0.0,0.0,1,1,5.0,0.0,0.02,0.06,0.06,0.02,1.9661128563728327,True,0.0,0.0,0,0,0,0,0.0,0.0,1.0,0.0,0.0,0.0,0.0,0,0
36,2,joachim andersen|fulham,Joachim Andersen,Fulham,DEF,90.0,0.050674,0.028739,0.079413,0.23,3.670084,0.076342,2.0,0.304042,0.086218,0.92,0.0,1.057886,-0.2,0.0,-0.498063,1,1,10.4,0.0,0.02,0.14,0.14,0.02,1.4696759700589417,False,3.6659,2.931974964081378,1,1,6,8,0.0676,0.002,0.4439,0.3843,0.1377,0.0295,0.0046,-3,22
36,2,joe knight|brighton,Joe Knight,Brighton,MID,0.0,0.0,0.0,0.0,0.44,0.0,0.0,0.0,0.0,0.0,0.0,0.0,0.0,0.0,0.0,0.0,1,1,0.0,0.0,0.01,0.06,0.06,0.01,0.8209805520698302,True,0.0,0.0,0,0,0,0,0.0,0.0,1.0,0.0,0.0,0.0,0.0,0,0
36,2,joe rodon|leeds,Joe Rodon,Leeds,DEF,90.0,0.033642,0.023088,0.05673,0.24,3.240977,0.055151,2.0,0.20185,0.069264,0.96,0.0,0.607821,-0.12,0.0,-0.477958,1,1,8.6,0.0,0.02,0.06,0.06,0.02,1.4271163556401458,False,3.1995,2.7030167868513137,1,1,6,7,0.0476,0.0009,0.5712,0.3061,0.1039,0.0178,0.001,-4,17
36,2,joe willock|newcastle united,Joe Willock,Newcastle United,MID,30.0,0.035327,0.05116,0.086487,0.27,1.210223,0.082853,1.0,0.176636,0.15348,0.0,0.0,0.000108,-0.12,0.0,0.0,1,1,9.2,0.0,0.01,0.33,0.33,0.01,1.3093333199837622,False,0.7221,1.3190419212443552,0,0,1,1,0.0552,0.0032,0.9438,0.0415,0.0131,0.0016,0.0,-2,14
36,2,joe worrall|burnley,Joe Worrall,Burnley,DEF,15.0,0.002293,0.0,0.002293,0.18,0.959788,0.00229,1.0,0.013756,0.0,0.0,0.0,8.8e-05,-0.02,0.0,-0.034055,1,1,12.7,0.0,0.02,0.06,0.06,0.02,1.7147984280919266,False,0.2173,0.6465916099053559,0,0,1,1,0.0017,0.0,0.9961,0.0028,0.0011,0.0,0.0,-4,9
36,2,joelinton|newcastle united,Joelinton,Newcastle United,MID,60.0,0.059784,0.06395,0.123734,0.27,2.474175,0.116385,2.0,0.298922,0.19185,0.27,0.0,0.106736,-0.393333,0.0,0.0,1,1,11.0,0.0,0.03,0.5,0.5,0.03,1.3093333199837622,False,1.8578,2.1533646138078892,0,0,3,4,0.0864,0.0059,0.7426,0.2084,0.0377,0.0106,0.0007,-1,16
36,2,john mcginn|aston villa,John McGinn,Aston Villa,MID,60.0,0.075913,0.144044,0.219957,0.39,3.033204,0.197447,2.0,0.379566,0.432131,0.39,0.0,0.00484,-0.173333,0.0,0.0,1,1,7.1,0.0,0.02,0.2,0.2,0.02,0.941608539858445,False,2.2081,2.4886129449956655,0,0,3,6,0.1445,0.0185,0.6751,0.2482,0.058,0.0166,0.0021,-1,24
36,2,john stones|manchester city,John Stones,Manchester City,DEF,0.0,0.0,0.0,0.0,0.6608,0.0,0.0,0.0,0.0,0.0,0.0,0.0,0.0,0.0,0.0,0.0,2,1,4.9,0.0,0.02,0.14,0.14,0.02,0.41430405677536863,True,0.0,0.0,0,0,0,0,0.0,0.0,1.0,0.0,0.0,0.0,0.0,0,0
36,2,john victor|nottingham forest,John Victor,Nottingham Forest,GK,0.0,0.0,0.0,0.0,0.25,0.0,0.0,0.0,0.0,0.0,0.0,0.0,0.0,0.0,0.0,0.0,1,1,0.0,0.0,0.01,0.06,0.06,0.01,1.3862943611198906,True,0.0,0.0,0,0,0,0,0.0,0.0,1.0,0.0,0.0,0.0,0.0,0,0
36,2,jonah kusi-asare|fulham,Jonah Kusi-Asare,Fulham,FWD,0.0,0.0,0.0,0.0,0.23,0.0,0.0,0.0,0.0,0.0,0.0,0.0,0.0,0.0,0.0,0.0,1,1,3.0,0.0,0.01,0.1,0.1,0.01,1.4696759700589417,True,0.0,0.0,0,0,0,0,0.0,0.0,1.0,0.0,0.0,0.0,0.0,0,0
36,2,jordan henderson|brentford,Jordan Henderson,Brentford,MID,60.0,0.00797,0.051771,0.05974,0.1,2.052792,0.057991,2.0,0.039849,0.155312,0.1,0.0,0.017632,-0.26,0.0,0.0,1,1,8.4,0.0,0.02,0.33,0.33,0.02,2.3025850929940455,False,1.4198,1.438321229767537,0,0,2,3,0.0404,0.0019,0.8926,0.0968,0.0095,0.0011,0.0,-1,13
36,2,jordan pickford|everton,Jordan Pickford,Everton,GK,90.0,0.0,0.000851,0.000851,0.24,3.264595,0.000851,2.0,0.0,0.002553,0.96,0.9,0.0,-0.12,0.0,-0.477958,1,1,0.0,2.7,0.02,0.06,0.06,0.02,1.4271163556401458,False,2.985,2.3469501485971107,1,1,4,7,0.0013,0.0,0.5854,0.2895,0.1224,0.0027,0.0,-4,12
36,2,jorge cuenca|fulham,Jorge Cuenca,Fulham,DEF,0.0,0.0,0.0,0.0,0.23,0.0,0.0,0.0,0.0,0.0,0.0,0.0,0.0,0.0,0.0,0.0,1,1,6.0,0.0,0.01,0.5,0.5,0.01,1.4696759700589417,True,0.0,0.0,0,0,0,0,0.0,0.0,1.0,0.0,0.0,0.0,0.0,0,0
36,2,jorrel hato|chelsea,Jorrel Hato,Chelsea,DEF,15.0,0.005043,0.009881,0.014924,0.16,0.928138,0.014814,1.0,0.030258,0.029644,0.0,0.0,5e-06,-0.093333,0.0,-0.038436,1,1,9.0,0.0,0.02,0.5,0.5,0.02,1.8325814637483102,False,0.1771,0.8533086135742449,0,0,0,1,0.0129,0.0002,0.9876,0.009,0.0031,0.0003,0.0,-4,12
36,2,joseph gomez|liverpool,Joseph Gomez,Liverpool,DEF,90.0,0.026724,0.152649,0.179373,0.25,3.091874,0.164206,2.0,0.160344,0.457947,1.0,0.0,0.322355,-0.39,0.0,-0.458772,1,1,7.3,0.0,0.02,0.33,0.33,0.02,1.3862943611198906,False,3.1796,2.93127000462257,0,1,6,7,0.1475,0.0118,0.5743,0.2956,0.1012,0.0262,0.0027,-4,20
36,2,josh acheampong|chelsea,Josh Acheampong,Chelsea,DEF,15.0,0.008057,0.003994,0.012051,0.16,0.978554,0.011978,1.0,0.048343,0.011981,0.0,0.0,0.0,-0.043333,0.0,-0.038436,1,1,6.3,0.0,0.02,0.2,0.2,0.02,1.8325814637483102,False,0.1911,0.8088144348365698,0,0,0,1,0.0083,0.0,0.9918,0.0039,0.0043,0.0,0.0,-4,9
36,2,josh cullen|burnley,Josh Cullen,Burnley,MID,0.0,0.0,0.0,0.0,0.18,0.0,0.0,0.0,0.0,0.0,0.0,0.0,0.0,0.0,0.0,0.0,1,1,10.3,0.0,0.01,0.14,0.14,0.01,1.7147984280919266,True,0.0,0.0,0,0,0,0,0.0,0.0,1.0,0.0,0.0,0.0,0.0,0,0
36,2,josh laurent|burnley,Josh Laurent,Burnley,MID,15.0,0.005893,0.006367,0.01226,0.18,0.988565,0.012185,1.0,0.029464,0.0191,0.0,0.0,0.0,-0.06,0.0,0.0,1,1,9.5,0.0,0.01,0.33,0.33,0.01,1.7147984280919266,False,0.5542,0.7266789937792341,0,0,1,1,0.0102,0.0002,0.9897,0.0083,0.002,0.0,0.0,-2,9
36,2,joshua king|fulham,Joshua King,Fulham,MID,0.0,0.0,0.0,0.0,0.23,0.0,0.0,0.0,0.0,0.0,0.0,0.0,0.0,0.0,0.0,0.0,1,1,7.5,0.0,0.01,0.33,0.33,0.01,1.4696759700589417,True,0.0,0.0,0,0,0,0,0.0,0.0,1.0,0.0,0.0,0.0,0.0,0,0
36,2,joshua zirkzee|manchester united,Joshua Zirkzee,Manchester United,FWD,15.0,0.096403,0.0275,0.123903,0.32,1.408112,0.116534,1.0,0.385612,0.0825,0.0,0.0,0.0,-0.06,0.0,0.0,1,1,6.5,0.0,0.01,0.33,0.33,0.01,1.1394342831883648,False,0.936,1.6823507363210561,0,0,1,1,0.0854,0.0089,0.9146,0.0641,0.0158,0.0052,0.0003,-2,16
36,2,josko gvardiol|manchester city,Josko Gvardiol,Manchester City,DEF,0.0,0.0,0.0,0.0,0.6608,0.0,0.0,0.0,0.0,0.0,0.0,0.0,0.0,0.0,0.0,0.0,2,1,6.8,0.0,0.01,0.14,0.14,0.01,0.41430405677536863,True,0.0,0.0,0,0,0,0,0.0,0.0,1.0,0.0,0.0,0.0,0.0,0,0
36,2,josé sá|wolverhampton wanderers,José Sá,Wolverhampton Wanderers,GK,90.0,0.0,0.0,0.0,0.14,2.62871,0.0,2.0,0.0,0.0,0.56,0.866667,0.0,-0.06,0.0,-0.737956,1,1,0.0,2.6,0.01,0.03,0.03,0.01,1.9661128563728327,False,2.3092,2.065815906609299,0,1,3,6,0.0,0.0,0.7107,0.2178,0.07,0.0015,0.0,-3,11
36,2,jota silva|nottingham forest,Jota Silva,Nottingham Forest,MID,0.0,0.0,0.0,0.0,0.25,0.0,0.0,0.0,0.0,0.0,0.0,0.0,0.0,0.0,0.0,0.0,1,1,4.0,0.0,0.01,0.14,0.14,0.01,1.3862943611198906,True,0.0,0.0,0,0,0,0,0.0,0.0,1.0,0.0,0.0,0.0,0.0,0,0
36,2,joão gomes|wolverhampton wanderers,João Gomes,Wolverhampton Wanderers,MID,90.0,0.026988,0.050227,0.077215,0.14,3.132986,0.074309,2.0,0.134942,0.15068,0.14,0.0,1.097364,-0.39,0.0,0.0,1,1,12.6,0.0,0.02,0.33,0.33,0.02,1.9661128563728327,False,3.0518,1.7153765650725208,1,2,4,5,0.0687,0.0018,0.4736,0.4839,0.0351,0.0072,0.0002,-1,16
36,2,joão palhinha|tottenham,João Palhinha,Tottenham,MID,75.0,0.144879,0.02729,0.172169,0.27,3.334004,0.158163,2.0,0.724395,0.08187,0.27,0.0,0.582739,-0.325,0.0,0.0,1,1,12.4,0.0,0.02,0.33,0.33,0.02,1.3093333199837622,False,3.2904,2.675045390269107,1,2,4,7,0.1494,0.013,0.5226,0.3561,0.0804,0.0359,0.005,-2,20
36,2,joão pedro|chelsea,João Pedro,Chelsea,FWD,90.0,0.415569,0.090426,0.505995,0.16,3.681025,0.397095,2.0,1.662274,0.271279,0.0,0.0,0.007472,-0.26,0.0,0.0,1,1,5.0,0.0,0.02,0.2,0.2,0.02,1.8325814637483102,False,3.8486,3.1931924527030935,1,2,6,8,0.3659,0.0761,0.6331,0.1702,0.1303,0.0567,0.0097,-1,24
36,2,joél drakes-thomas|crystal palace,Joél Drakes-Thomas,Crystal Palace,FWD,0.0,0.0,0.0,0.0,0.3448,0.0,0.0,0.0,0.0,0.0,0.0,0.0,0.0,0.0,0.0,0.0,2,1,0.0,0.0,0.01,0.06,0.06,0.01,1.0647907401925991,True,0.0,0.0,0,0,0,0,0.0,0.0,1.0,0.0,0.0,0.0,0.0,0,0
36,2,joël piroe|leeds,Joël Piroe,Leeds,FWD,15.0,0.076111,0.020897,0.097008,0.24,1.345467,0.092451,1.0,0.304444,0.06269,0.0,0.0,0.0,-0.021667,0.0,0.0,1,1,2.0,0.0,0.01,0.1,0.1,0.01,1.4271163556401458,False,0.8633,1.502269320062152,0,0,1,1,0.0676,0.005,0.9326,0.0498,0.0143,0.0031,0.0002,-2,16
36,2,joël veltman|brighton,Joël Veltman,Brighton,DEF,90.0,0.108578,0.032454,0.141032,0.44,4.522112,0.131538,2.0,0.651468,0.097362,1.76,0.0,0.782173,-0.56,0.0,-0.20889,1,1,9.3,0.0,0.02,0.5,0.5,0.02,0.8209805520698302,False,4.6342,3.423856065899967,1,2,7,9,0.1184,0.0065,0.3559,0.3816,0.1928,0.0576,0.0121,-3,26
36,2,julio soler|bournemouth,Julio Soler,Bournemouth,DEF,0.0,0.0,0.0,0.0,0.23,0.0,0.0,0.0,0.0,0.0,0.0,0.0,0.0,0.0,0.0,0.0,1,1,0.0,0.0,0.01,0.06,0.06,0.01,1.4696759700589417,True,0.0,0.0,0,0,0,0,0.0,0.0,1.0,0.0,0.0,0.0,0.0,0,0
36,2,jun'ai byfield|tottenham,Jun'ai Byfield,Tottenham,DEF,0.0,0.0,0.0,0.0,0.27,0.0,0.0,0.0,0.0,0.0,0.0,0.0,0.0,0.0,0.0,0.0,1,1,1.0,0.0,0.02,0.06,0.06,0.02,1.3093333199837622,True,0.0,0.0,0,0,0,0,0.0,0.0,1.0,0.0,0.0,0.0,0.0,0,0
36,2,jurriën timber|arsenal,Jurriën Timber,Arsenal,DEF,0.0,0.0,0.0,0.0,0.46,0.0,0.0,0.0,0.0,0.0,0.0,0.0,0.0,0.0,0.0,0.0,1,1,5.0,0.0,0.02,0.2,0.2,0.02,0.7765287894989963,True,0.0,0.0,0,0,0,0,0.0,0.0,1.0,0.0,0.0,0.0,0.0,0,0
36,2,justin devenny|crystal palace,Justin Devenny,Crystal Palace,MID,0.0,0.0,0.0,0.0,0.3448,0.0,0.0,0.0,0.0,0.0,0.0,0.0,0.0,0.0,0.0,0.0,2,1,7.3,0.0,0.02,0.06,0.06,0.02,1.0647907401925991,True,0.0,0.0,0,0,0,0,0.0,0.0,1.0,0.0,0.0,0.0,0.0,0,0
36,2,justin kluivert|bournemouth,Justin Kluivert,Bournemouth,MID,0.0,0.0,0.0,0.0,0.23,0.0,0.0,0.0,0.0,0.0,0.0,0.0,0.0,0.0,0.0,0.0,1,1,6.1,0.0,0.01,0.5,0.5,0.01,1.4696759700589417,True,0.0,0.0,0,0,0,0,0.0,0.0,1.0,0.0,0.0,0.0,0.0,0,0
36,2,jéremy doku|manchester city,Jéremy Doku,Manchester City,MID,90.0,0.264595,0.470642,0.735237,0.6608,7.447279,0.520608,4.0,1.322976,1.411925,0.83,0.0,0.002378,-0.12,0.0,0.0,2,1,6.0,0.0,0.01,0.06,0.06,0.01,0.41430405677536863,False,5.4346,3.710757717771399,2,3,8,11,0.4812,0.1472,0.1956,0.4914,0.174,0.1118,0.0272,-1,26
36,2,jørgen strand larsen|crystal palace,Jørgen Strand Larsen,Crystal Palace,FWD,90.0,0.234215,0.027814,0.262028,0.3448,3.837993,0.230511,3.0,0.936859,0.083441,0.0,0.0,1.3e-05,-0.17,-0.01232,0.0,2,1,3.7,0.0,0.01,0.14,0.14,0.01,1.0647907401925991,False,2.916,2.301378717204102,1,2,2,7,0.2044,0.0223,0.7958,0.0958,0.0883,0.0188,0.0013,-1,18
36,2,kaden rodney|crystal palace,Kaden Rodney,Crystal Palace,MID,0.0,0.0,0.0,0.0,0.3448,0.0,0.0,0.0,0.0,0.0,0.0,0.0,0.0,0.0,0.0,0.0,2,1,0.0,0.0,0.01,0.06,0.06,0.01,1.0647907401925991,True,0.0,0.0,0,0,0,0,0.0,0.0,1.0,0.0,0.0,0.0,0.0,0,0
36,2,kai havertz|arsenal,Kai Havertz,Arsenal,FWD,0.0,0.0,0.0,0.0,0.46,0.0,0.0,0.0,0.0,0.0,0.0,0.0,0.0,0.0,0.0,0.0,1,1,6.4,0.0,0.02,0.03,0.03,0.02,0.7765287894989963,True,0.0,0.0,0,0,0,0,0.0,0.0,1.0,0.0,0.0,0.0,0.0,0,0
36,2,kaoru mitoma|brighton,Kaoru Mitoma,Brighton,MID,75.0,0.246768,0.232015,0.478784,0.44,4.180567,0.380463,2.0,1.23384,0.696046,0.44,0.0,0.002347,-0.191667,0.0,0.0,1,1,5.2,0.0,0.01,0.2,0.2,0.01,0.8209805520698302,False,4.1317,3.4174486258025882,1,2,6,9,0.3533,0.0781,0.4452,0.3295,0.1464,0.065,0.0139,-2,28
36,2,karl darlow|leeds,Karl Darlow,Leeds,GK,90.0,0.0,0.000317,0.000317,0.24,3.356327,0.000317,2.0,0.0,0.000952,0.96,0.933333,0.0,-0.06,0.0,-0.477958,1,1,0.0,2.8,0.01,0.03,0.03,0.01,1.4271163556401458,False,3.0966,2.3312375340149276,1,1,4,7,0.0004,0.0,0.5617,0.3026,0.1318,0.0039,0.0,-3,11
36,2,keane lewis-potter|brentford,Keane Lewis-Potter,Brentford,DEF,15.0,0.013761,0.014362,0.028124,0.1,1.047734,0.027732,1.0,0.082569,0.043087,0.0,0.0,0.0,-0.02,0.0,-0.057922,1,1,3.2,0.0,0.02,0.06,0.06,0.02,2.3025850929940455,False,0.1515,1.0228136438276525,-1,0,0,1,0.0217,0.0002,0.979,0.0135,0.0074,0.0001,0.0,-4,11
36,2,kenny tete|fulham,Kenny Tete,Fulham,DEF,75.0,0.039859,0.050883,0.090742,0.23,2.948431,0.086746,2.0,0.239154,0.152648,0.92,0.0,0.268025,-0.133333,0.0,-0.498063,1,1,8.4,0.0,0.02,0.1,0.1,0.02,1.4696759700589417,False,2.8267,2.8531153341566826,0,1,5,7,0.0841,0.0039,0.6468,0.2411,0.0904,0.0185,0.0032,-4,23
36,2,kevin danso|tottenham,Kevin Danso,Tottenham,DEF,90.0,0.021257,0.004751,0.026009,0.27,3.774021,0.025673,2.0,0.127545,0.014253,1.08,0.0,1.535114,-0.56,0.0,-0.422892,1,1,12.7,0.0,0.02,0.5,0.5,0.02,1.3093333199837622,False,3.8672,2.7304146498288495,1,2,6,8,0.0235,0.0004,0.3429,0.4452,0.1933,0.0159,0.0027,-3,18
36,2,kevin schade|brentford,Kevin Schade,Brentford,MID,75.0,0.176146,0.063982,0.240128,0.1,2.888909,0.213473,2.0,0.880728,0.191946,0.1,0.0,0.021367,-0.3,-0.005133,0.0,1,1,6.9,0.0,0.01,0.33,0.33,0.01,2.3025850929940455,False,2.8329,2.656836011123005,1,1,3,7,0.1978,0.022,0.742,0.1266,0.1033,0.0243,0.0038,-2,21
36,2,kevin|fulham,Kevin,Fulham,MID,60.0,0.11179,0.064043,0.175833,0.23,2.881886,0.161242,2.0,0.558951,0.19213,0.23,0.0,0.007472,-0.106667,0.0,0.0,1,1,7.5,0.0,0.02,0.1,0.1,0.02,1.4696759700589417,False,2.0665,2.412193555666709,0,0,2,5,0.1166,0.0112,0.7565,0.1622,0.0643,0.0157,0.0013,-1,21
36,2,ki-jana hoever|wolverhampton wanderers,Ki-Jana Hoever,Wolverhampton Wanderers,DEF,15.0,0.0,0.009731,0.009731,0.14,0.958873,0.009683,1.0,0.0,0.029192,0.0,0.0,3e-06,-0.026667,0.0,-0.043655,1,1,8.5,0.0,0.02,0.1,0.1,0.02,1.9661128563728327,False,0.1466,0.6526166102697663,0,0,0,1,0.0082,0.0,0.9928,0.0072,0.0,0.0,0.0,-4,6
36,2,kieran trippier|newcastle united,Kieran Trippier,Newcastle United,DEF,0.0,0.0,0.0,0.0,0.27,0.0,0.0,0.0,0.0,0.0,0.0,0.0,0.0,0.0,0.0,0.0,1,1,4.0,0.0,0.02,0.2,0.2,0.02,1.3093333199837622,True,0.0,0.0,0,0,0,0,0.0,0.0,1.0,0.0,0.0,0.0,0.0,0,0
36,2,kiernan dewsbury-hall|everton,Kiernan Dewsbury-Hall,Everton,MID,90.0,0.146327,0.20522,0.351547,0.24,3.337654,0.296401,2.0,0.731636,0.61566,0.24,0.0,0.152679,-0.39,-0.01232,0.0,1,1,7.8,0.0,0.02,0.33,0.33,0.02,1.4271163556401458,False,3.368,2.7379145348239047,1,2,5,7,0.2626,0.04,0.5826,0.2786,0.0995,0.0348,0.0045,-1,25
36,2,kobbie mainoo|manchester united,Kobbie Mainoo,Manchester United,MID,90.0,0.013307,0.067481,0.080789,0.32,2.880563,0.077612,2.0,0.066537,0.202444,0.32,0.0,0.411581,-0.12,0.0,0.0,1,1,9.5,0.0,0.02,0.06,0.06,0.02,1.1394342831883648,False,2.8539,1.5293641783434055,2,2,3,5,0.0751,0.0031,0.5493,0.4196,0.0252,0.0059,0.0,-1,14
36,2,konstantinos mavropanos|west ham,Konstantinos Mavropanos,West Ham,DEF,90.0,0.054004,0.006422,0.060426,0.16,3.226745,0.058637,2.0,0.324025,0.019266,0.64,0.0,1.106145,-0.19,0.0,-0.672691,1,1,10.6,0.0,0.03,0.1,0.1,0.03,1.8325814637483102,False,3.1558,2.7726749466895684,1,1,4,8,0.0498,0.0014,0.4983,0.3733,0.1014,0.0227,0.0043,-3,20
36,2,kristoffer ajer|brentford,Kristoffer Ajer,Brentford,DEF,90.0,0.024826,0.02451,0.049336,0.1,2.340865,0.048139,2.0,0.148954,0.073531,0.4,0.0,0.782173,-0.16,0.0,-0.903793,1,1,9.3,0.0,0.02,0.1,0.1,0.02,2.3025850929940455,False,2.2963,2.3810725125455545,0,1,3,6,0.0439,0.0008,0.6537,0.2798,0.0554,0.01,0.0011,-4,18
36,2,kyle walker-peters|west ham,Kyle Walker-Peters,West Ham,DEF,30.0,0.012738,0.005217,0.017955,0.16,0.876456,0.017795,1.0,0.076427,0.015652,0.0,0.0,0.000154,-0.086667,0.0,-0.129111,1,1,6.8,0.0,0.02,0.2,0.2,0.02,1.8325814637483102,False,0.1909,0.9483971689118436,0,0,0,1,0.0125,0.0002,0.9877,0.0054,0.0065,0.0004,0.0,-5,13
36,2,kyle walker|burnley,Kyle Walker,Burnley,DEF,90.0,0.0,0.04187,0.04187,0.18,1.966655,0.041005,2.0,0.0,0.125609,0.72,0.0,0.126545,-0.39,0.0,-0.615499,1,1,6.0,0.0,0.02,0.33,0.33,0.02,1.7147984280919266,False,1.9962,2.213048928514686,0,1,2,6,0.0386,0.0006,0.7694,0.191,0.0373,0.0023,0.0,-4,13
36,2,ladislav krejcí|wolverhampton wanderers,Ladislav Krejcí,Wolverhampton Wanderers,DEF,90.0,0.035613,0.031012,0.066625,0.14,2.136781,0.064454,2.0,0.213675,0.093037,0.56,0.0,0.268025,-0.26,0.0,-0.737956,1,1,7.0,0.0,0.02,0.2,0.2,0.02,1.9661128563728327,False,2.159,2.4452237116468507,0,1,3,6,0.0591,0.0016,0.745,0.1905,0.0555,0.0082,0.0008,-5,18
36,2,lamare bogarde|aston villa,Lamare Bogarde,Aston Villa,MID,30.0,0.0,0.001631,0.001631,0.39,0.818227,0.00163,1.0,0.0,0.004893,0.0,0.0,0.0,-0.186667,0.0,0.0,1,1,5.3,0.0,0.02,0.5,0.5,0.02,0.941608539858445,False,0.4325,0.5291916004624412,0,0,1,1,0.0006,0.0,0.9994,0.0006,0.0,0.0,0.0,-2,5
36,2,leandro trossard|arsenal,Leandro Trossard,Arsenal,MID,60.0,0.166679,0.110463,0.277142,0.46,3.139487,0.242053,2.0,0.833395,0.331388,0.46,0.0,0.001371,-0.486667,0.0,0.0,1,1,6.1,0.0,0.02,0.67,0.67,0.02,0.7765287894989963,False,2.267,2.8506334383782144,0,0,3,7,0.1745,0.0241,0.7104,0.1813,0.0808,0.0228,0.0047,-1,22
36,2,leny yoro|manchester united,Leny Yoro,Manchester United,DEF,45.0,0.033411,0.012458,0.045869,0.32,1.070032,0.044833,1.0,0.200467,0.037373,0.0,0.0,0.00705,-0.06,0.0,-0.114859,1,1,7.5,0.0,0.02,0.06,0.06,0.02,1.1394342831883648,False,0.9765,1.9404503987476722,0,0,1,2,0.0337,0.0013,0.913,0.0514,0.0302,0.0044,0.001,-3,18
36,2,leon bailey|aston villa,Leon Bailey,Aston Villa,MID,60.0,0.057673,0.122443,0.180116,0.39,2.943983,0.164827,2.0,0.288367,0.367329,0.39,0.0,0.051621,-0.153333,0.0,0.0,1,1,9.8,0.0,0.01,0.2,0.2,0.01,0.941608539858445,False,2.2069,2.3675076325114564,0,0,3,5,0.1271,0.0115,0.6626,0.2711,0.0514,0.0142,0.0007,-1,18
36,2,lewis cook|bournemouth,Lewis Cook,Bournemouth,DEF,15.0,0.001439,0.006442,0.007881,0.23,0.975953,0.00785,1.0,0.008636,0.019325,0.0,0.0,0.000305,-0.026667,0.0,-0.025646,1,1,14.8,0.0,0.02,0.1,0.1,0.02,1.4696759700589417,False,0.3072,0.6995914236181001,0,0,1,1,0.0053,0.0001,0.9884,0.0104,0.0011,0.0001,0.0,-3,10
36,2,lewis dunk|brighton,Lewis Dunk,Brighton,DEF,0.0,0.0,0.0,0.0,0.44,0.0,0.0,0.0,0.0,0.0,0.0,0.0,0.0,0.0,0.0,0.0,1,1,7.6,0.0,0.03,0.33,0.33,0.03,0.8209805520698302,True,0.0,0.0,0,0,0,0,0.0,0.0,1.0,0.0,0.0,0.0,0.0,0,0
36,2,lewis hall|newcastle united,Lewis Hall,Newcastle United,DEF,90.0,0.040762,0.095925,0.136687,0.27,3.486945,0.127757,2.0,0.244573,0.287774,1.08,0.0,0.46749,-0.17,0.0,-0.422892,1,1,8.0,0.0,0.01,0.14,0.14,0.01,1.3093333199837622,False,3.5383,2.940872848322416,1,1,6,8,0.1107,0.0061,0.5378,0.3128,0.1167,0.0285,0.0042,-4,21
36,2,lewis miley|newcastle united,Lewis Miley,Newcastle United,MID,60.0,0.059784,0.08953,0.149314,0.27,2.809133,0.138702,2.0,0.298922,0.268589,0.27,0.0,0.051621,-0.08,0.0,0.0,1,1,9.8,0.0,0.02,0.06,0.06,0.02,1.3093333199837622,False,2.1036,2.238943286463505,0,0,3,5,0.103,0.0092,0.7085,0.234,0.0452,0.0115,0.0008,-1,20
36,2,liam delap|chelsea,Liam Delap,Chelsea,FWD,15.0,0.051496,0.001237,0.052733,0.16,1.171362,0.051367,1.0,0.205985,0.00371,0.0,0.0,0.0,-0.038333,0.0,0.0,1,1,3.1,0.0,0.01,0.2,0.2,0.01,1.8325814637483102,False,0.7018,1.1610670781655983,0,0,1,1,0.0356,0.002,0.9644,0.0276,0.0063,0.0017,0.0,-2,12
36,2,lisandro martínez|manchester united,Lisandro Martínez,Manchester United,DEF,0.0,0.0,0.0,0.0,0.32,0.0,0.0,0.0,0.0,0.0,0.0,0.0,0.0,0.0,0.0,0.0,1,1,7.5,0.0,0.02,0.1,0.1,0.02,1.1394342831883648,True,0.0,0.0,0,0,0,0,0.0,0.0,1.0,0.0,0.0,0.0,0.0,0,0
36,2,lorenzo lucca|nottingham forest,Lorenzo Lucca,Nottingham Forest,FWD,15.0,0.084331,0.007893,0.092223,0.25,1.346,0.088098,1.0,0.337322,0.023678,0.0,0.0,0.0,-0.015,0.0,0.0,1,1,3.0,0.0,0.01,0.06,0.06,0.01,1.3862943611198906,False,0.8825,1.530912717956187,0,0,1,1,0.0654,0.0054,0.9348,0.0482,0.0129,0.004,0.0001,-2,16
36,2,loum tchaouna|burnley,Loum Tchaouna,Burnley,MID,15.0,0.013091,0.009179,0.02227,0.18,1.061325,0.022024,1.0,0.065455,0.027537,0.0,0.0,0.0,-0.031667,0.0,0.0,1,1,5.3,0.0,0.03,0.1,0.1,0.03,1.7147984280919266,False,0.6057,0.8952248376804567,0,0,1,1,0.017,0.0003,0.9832,0.0104,0.0062,0.0002,0.0,-2,13
36,2,luca netz|nottingham forest,Luca Netz,Nottingham Forest,DEF,0.0,0.0,0.0,0.0,0.25,0.0,0.0,0.0,0.0,0.0,0.0,0.0,0.0,0.0,0.0,0.0,1,1,3.0,0.0,0.01,0.14,0.14,0.01,1.3862943611198906,True,0.0,0.0,0,0,0,0,0.0,0.0,1.0,0.0,0.0,0.0,0.0,0,0
36,2,lucas bergvall|tottenham,Lucas Bergvall,Tottenham,MID,0.0,0.0,0.0,0.0,0.27,0.0,0.0,0.0,0.0,0.0,0.0,0.0,0.0,0.0,0.0,0.0,1,1,7.7,0.0,0.01,0.2,0.2,0.01,1.3093333199837622,True,0.0,0.0,0,0,0,0,0.0,0.0,1.0,0.0,0.0,0.0,0.0,0,0
36,2,lucas digne|aston villa,Lucas Digne,Aston Villa,DEF,30.0,0.012557,0.046945,0.059502,0.39,1.079143,0.057766,1.0,0.075342,0.140835,0.0,0.0,1.6e-05,-0.096667,0.0,-0.040384,1,1,5.2,0.0,0.03,0.2,0.2,0.03,0.941608539858445,False,0.4989,1.0732188919321164,0,0,1,1,0.0368,0.0016,0.964,0.0292,0.006,0.0008,0.0,-4,13
36,2,lucas paquetá|west ham,Lucas Paquetá,West Ham,MID,0.0,0.0,0.0,0.0,0.16,0.0,0.0,0.0,0.0,0.0,0.0,0.0,0.0,0.0,0.0,0.0,1,1,8.7,0.0,0.02,0.2,0.2,0.02,1.8325814637483102,True,0.0,0.0,0,0,0,0,0.0,0.0,1.0,0.0,0.0,0.0,0.0,0,0
36,2,lucas perri|leeds,Lucas Perri,Leeds,GK,0.0,0.0,0.0,0.0,0.24,0.0,0.0,0.0,0.0,0.0,0.0,0.0,0.0,0.0,0.0,0.0,1,1,0.0,2.4,0.01,0.1,0.1,0.01,1.4271163556401458,True,0.0,0.0,0,0,0,0,0.0,0.0,1.0,0.0,0.0,0.0,0.0,0,0
36,2,lucas pires|burnley,Lucas Pires,Burnley,DEF,0.0,0.0,0.0,0.0,0.18,0.0,0.0,0.0,0.0,0.0,0.0,0.0,0.0,0.0,0.0,0.0,1,1,6.4,0.0,0.01,0.06,0.06,0.01,1.7147984280919266,True,0.0,0.0,0,0,0,0,0.0,0.0,1.0,0.0,0.0,0.0,0.0,0,0
36,2,luis guilherme|west ham,Luis Guilherme,West Ham,MID,0.0,0.0,0.0,0.0,0.16,0.0,0.0,0.0,0.0,0.0,0.0,0.0,0.0,0.0,0.0,0.0,1,1,8.2,0.0,0.01,0.1,0.1,0.01,1.8325814637483102,True,0.0,0.0,0,0,0,0,0.0,0.0,1.0,0.0,0.0,0.0,0.0,0,0
36,2,lukas nmecha|leeds,Lukas Nmecha,Leeds,FWD,30.0,0.110468,0.027176,0.137644,0.24,1.47596,0.128591,1.0,0.441872,0.081528,0.0,0.0,0.0,-0.043333,-0.004107,0.0,1,1,4.6,0.0,0.01,0.1,0.1,0.01,1.4271163556401458,False,0.949,1.6745145565207846,0,0,1,1,0.0885,0.0073,0.9116,0.0688,0.0152,0.0042,0.0002,-2,15
36,2,luke o'nien|sunderland,Luke O'Nien,Sunderland,MID,0.0,0.0,0.0,0.0,0.21,0.0,0.0,0.0,0.0,0.0,0.0,0.0,0.0,0.0,0.0,0.0,1,1,3.0,0.0,0.01,0.5,0.5,0.01,1.5606477482646683,True,0.0,0.0,0,0,0,0,0.0,0.0,1.0,0.0,0.0,0.0,0.0,0,0
36,2,luke shaw|manchester united,Luke Shaw,Manchester United,DEF,90.0,0.01198,0.035818,0.047798,0.32,2.933043,0.046673,2.0,0.071877,0.107454,1.28,0.0,0.079029,-0.26,0.0,-0.345317,1,1,5.5,0.0,0.02,0.2,0.2,0.02,1.1394342831883648,False,3.033,2.5630277017621172,1,1,6,6,0.0426,0.0016,0.6327,0.2824,0.0751,0.0094,0.0004,-3,18
36,2,lutsharel geertruida|sunderland,Lutsharel Geertruida,Sunderland,DEF,30.0,0.014023,0.018281,0.032304,0.21,1.000666,0.031787,1.0,0.084136,0.054843,0.0,0.0,0.000121,-0.04,0.0,-0.098433,1,1,6.6,0.0,0.02,0.06,0.06,0.02,1.5606477482646683,False,0.3167,0.9504741500956246,0,0,1,1,0.019,0.0004,0.9818,0.0113,0.0062,0.0007,0.0,-4,14
36,2,lyle foster|burnley,Lyle Foster,Burnley,FWD,15.0,0.037635,0.008909,0.046543,0.18,1.112265,0.045477,1.0,0.150538,0.026726,0.0,0.0,0.0,-0.065,0.0,0.0,1,1,5.3,0.0,0.02,0.33,0.33,0.02,1.7147984280919266,False,0.684,1.1247862019068333,0,0,1,1,0.0372,0.0011,0.9629,0.0307,0.0056,0.0008,0.0,-2,12
36,2,mads hermansen|west ham,Mads Hermansen,West Ham,GK,90.0,0.0,0.0,0.0,0.16,2.803976,0.0,2.0,0.0,0.0,0.64,0.966667,0.0,-0.13,0.0,-0.672691,1,1,0.0,2.9,0.01,0.1,0.1,0.01,1.8325814637483102,False,2.5004,2.150627778115032,1,1,3,6,0.0,0.0,0.6668,0.2452,0.0869,0.0011,0.0,-3,11
36,2,malick thiaw|newcastle united,Malick Thiaw,Newcastle United,DEF,90.0,0.163048,0.028777,0.191826,0.27,4.228335,0.174549,2.0,0.978291,0.086332,1.08,0.0,0.706603,-0.2,0.0,-0.422892,1,1,9.0,0.0,0.02,0.14,0.14,0.02,1.3093333199837622,False,4.2707,3.6200858429048335,1,1,6,9,0.1569,0.0123,0.4538,0.3083,0.1585,0.0633,0.0161,-3,27
36,2,malo gusto|chelsea,Malo Gusto,Chelsea,DEF,75.0,0.040286,0.099984,0.14027,0.16,2.310953,0.130876,2.0,0.241713,0.299953,0.64,0.0,0.018644,-0.216667,0.0,-0.672691,1,1,5.2,0.0,0.02,0.2,0.2,0.02,1.8325814637483102,False,2.172,2.655902106629685,0,1,2,6,0.1228,0.0086,0.751,0.1727,0.0603,0.0146,0.0014,-4,20
36,2,mamadou sarr|chelsea,Mamadou Sarr,Chelsea,DEF,0.0,0.0,0.0,0.0,0.16,0.0,0.0,0.0,0.0,0.0,0.0,0.0,0.0,0.0,0.0,0.0,1,1,5.0,0.0,0.02,0.06,0.06,0.02,1.8325814637483102,True,0.0,0.0,0,0,0,0,0.0,0.0,1.0,0.0,0.0,0.0,0.0,0,0
36,2,manuel ugarte|manchester united,Manuel Ugarte,Manchester United,MID,15.0,0.01126,0.001532,0.012792,0.32,1.012573,0.01271,1.0,0.056299,0.004596,0.0,0.0,1.2e-05,-0.048333,0.0,0.0,1,1,14.7,0.0,0.03,0.2,0.2,0.03,1.1394342831883648,False,0.5649,0.7940957058188893,0,0,1,1,0.0088,0.0001,0.9891,0.0066,0.0042,0.0001,0.0,-2,13
36,2,marc cucurella|chelsea,Marc Cucurella,Chelsea,DEF,90.0,0.041437,0.129189,0.170625,0.16,2.562523,0.156863,2.0,0.248619,0.387567,0.64,0.0,0.219028,-0.26,0.0,-0.672691,1,1,6.7,0.0,0.02,0.2,0.2,0.02,1.8325814637483102,False,2.5875,2.7445480046812807,0,1,4,6,0.1358,0.0098,0.6775,0.2271,0.0749,0.0189,0.0016,-3,26
36,2,marc guehi|manchester city,Marc Guehi,Manchester City,DEF,90.0,0.329273,0.156819,0.486092,0.6608,9.962516,0.384975,4.0,1.975638,0.470456,3.32,0.0,1.072384,-0.4,0.0,-0.475962,2,1,8.3,0.0,0.02,0.14,0.14,0.02,0.41430405677536863,False,7.4854,4.58643509056871,2,5,10,14,0.3509,0.0705,0.1746,0.3449,0.2269,0.1739,0.0797,-2,33
36,2,marc guiu|chelsea,Marc Guiu,Chelsea,FWD,0.0,0.0,0.0,0.0,0.16,0.0,0.0,0.0,0.0,0.0,0.0,0.0,0.0,0.0,0.0,0.0,1,1,2.0,0.0,0.01,0.06,0.06,0.01,1.8325814637483102,True,0.0,0.0,0,0,0,0,0.0,0.0,1.0,0.0,0.0,0.0,0.0,0,0
36,2,marco bizot|aston villa,Marco Bizot,Aston Villa,GK,0.0,0.0,0.0,0.0,0.39,0.0,0.0,0.0,0.0,0.0,0.0,0.0,0.0,0.0,0.0,0.0,1,1,0.0,0.0,0.01,0.03,0.03,0.01,0.941608539858445,True,0.0,0.0,0,0,0,0,0.0,0.0,1.0,0.0,0.0,0.0,0.0,0,0
36,2,marcos senesi|bournemouth,Marcos Senesi,Bournemouth,DEF,90.0,0.051816,0.115953,0.167769,0.23,4.268721,0.154451,2.0,0.310898,0.347858,0.92,0.0,1.448027,-0.26,0.0,-0.498063,1,1,12.2,0.0,0.02,0.2,0.2,0.02,1.4696759700589417,False,4.2735,3.0805028404466697,1,2,6,8,0.142,0.0104,0.3096,0.4616,0.174,0.0465,0.0083,-3,20
36,2,marcus edwards|burnley,Marcus Edwards,Burnley,MID,75.0,0.12423,0.136549,0.260779,0.18,3.138546,0.229549,2.0,0.621149,0.409647,0.18,0.0,0.00275,-0.075,0.0,0.0,1,1,5.3,0.0,0.01,0.06,0.06,0.01,1.7147984280919266,False,3.1036,2.5012930735921373,1,2,3,7,0.2251,0.0277,0.6686,0.2061,0.0946,0.0282,0.0025,-2,20
36,2,marcus tavernier|bournemouth,Marcus Tavernier,Bournemouth,MID,90.0,0.341533,0.174042,0.515575,0.23,4.364629,0.402843,2.0,1.707666,0.522126,0.23,0.0,0.214117,-0.26,-0.04928,0.0,1,1,8.3,0.0,0.02,0.2,0.2,0.02,1.4696759700589417,False,4.5324,3.7162548674707447,2,2,7,10,0.3736,0.0857,0.4772,0.2436,0.1769,0.0821,0.0202,-1,28
36,2,marshall munetsi|wolverhampton wanderers,Marshall Munetsi,Wolverhampton Wanderers,MID,0.0,0.0,0.0,0.0,0.14,0.0,0.0,0.0,0.0,0.0,0.0,0.0,0.0,0.0,0.0,0.0,1,1,5.0,0.0,0.01,0.14,0.14,0.01,1.9661128563728327,True,0.0,0.0,0,0,0,0,0.0,0.0,1.0,0.0,0.0,0.0,0.0,0,0
36,2,martin dubravka|burnley,Martin Dubravka,Burnley,GK,90.0,0.0,0.000192,0.000192,0.18,3.278411,0.000192,2.0,0.0,0.000576,0.72,1.233333,0.0,-0.06,0.0,-0.615499,1,1,0.0,3.7,0.01,0.03,0.03,0.01,1.7147984280919266,False,2.9828,2.231883545349085,1,2,4,7,0.0002,0.0,0.5377,0.3431,0.1135,0.0057,0.0,-3,12
36,2,martin odegaard|arsenal,Martin Odegaard,Arsenal,MID,75.0,0.065336,0.248899,0.314235,0.46,3.497468,0.269653,2.0,0.326681,0.746697,0.46,0.0,0.019223,-0.05,-0.005133,0.0,1,1,6.8,0.0,0.01,0.03,0.03,0.01,0.7765287894989963,False,3.4186,2.4373292842781833,1,2,4,7,0.2585,0.0371,0.4575,0.4275,0.0845,0.0285,0.002,-2,19
36,2,martín zubimendi|arsenal,Martín Zubimendi,Arsenal,MID,90.0,0.0815,0.03238,0.11388,0.46,3.103065,0.107635,2.0,0.4075,0.097141,0.46,0.0,0.338424,-0.2,0.0,0.0,1,1,9.1,0.0,0.02,0.14,0.14,0.02,0.7765287894989963,False,3.0637,1.9269775063554841,2,2,3,5,0.0896,0.0053,0.4707,0.4606,0.0511,0.017,0.0006,-1,18
36,2,mason mount|manchester united,Mason Mount,Manchester United,MID,0.0,0.0,0.0,0.0,0.32,0.0,0.0,0.0,0.0,0.0,0.0,0.0,0.0,0.0,0.0,0.0,1,1,7.0,0.0,0.02,0.1,0.1,0.02,1.1394342831883648,True,0.0,0.0,0,0,0,0,0.0,0.0,1.0,0.0,0.0,0.0,0.0,0,0
36,2,mateo kovacic|manchester city,Mateo Kovacic,Manchester City,MID,0.0,0.0,0.0,0.0,0.6608,0.0,0.0,0.0,0.0,0.0,0.0,0.0,0.0,0.0,0.0,0.0,2,1,3.0,0.0,0.02,0.14,0.14,0.02,0.41430405677536863,True,0.0,0.0,0,0,0,0,0.0,0.0,1.0,0.0,0.0,0.0,0.0,0,0
36,2,mateus fernandes|west ham,Mateus Fernandes,West Ham,MID,90.0,0.019851,0.069541,0.089392,0.16,3.101347,0.085513,2.0,0.099256,0.208622,0.16,0.0,0.893468,-0.26,0.0,0.0,1,1,11.7,0.0,0.02,0.2,0.2,0.02,1.8325814637483102,False,2.9828,1.6628602346559378,1,2,4,5,0.072,0.0029,0.5252,0.4363,0.0332,0.0053,0.0,-1,14
36,2,mateus mané|wolverhampton wanderers,Mateus Mané,Wolverhampton Wanderers,FWD,90.0,0.052332,0.086277,0.138609,0.14,2.37935,0.129432,2.0,0.209329,0.258831,0.0,0.0,0.001189,-0.09,0.0,0.0,1,1,4.0,0.0,0.01,0.06,0.06,0.01,1.9661128563728327,False,2.4098,1.4875025915943811,2,2,2,5,0.1177,0.0073,0.8825,0.0844,0.0291,0.0039,0.0001,-1,15
36,2,matheus cunha|manchester united,Matheus Cunha,Manchester United,MID,80.0,0.180156,0.089871,0.270027,0.32,3.437699,0.236641,2.0,0.900778,0.269613,0.32,0.0,0.053974,-0.106667,0.0,0.0,1,1,7.4,0.0,0.02,0.06,0.06,0.02,1.1394342831883648,False,3.3109,2.7398980254746705,1,2,3,8,0.2178,0.0251,0.5746,0.2741,0.1141,0.032,0.0052,-2,24
36,2,matheus nunes|manchester city,Matheus Nunes,Manchester City,DEF,90.0,0.054231,0.180833,0.235064,0.6608,7.749981,0.20948,4.0,0.325387,0.542499,3.32,0.0,0.438057,-0.4,0.0,-0.475962,2,1,6.7,0.0,0.02,0.14,0.14,0.02,0.41430405677536863,False,5.5986,3.0750086243781496,2,2,7,9,0.1852,0.0161,0.256,0.4617,0.1939,0.078,0.0104,-2,22
36,2,mathias jensen|brentford,Mathias Jensen,Brentford,MID,75.0,0.032463,0.109101,0.141564,0.1,2.302966,0.132,2.0,0.162315,0.327303,0.1,0.0,0.038349,-0.325,0.0,0.0,1,1,7.5,0.0,0.02,0.33,0.33,0.02,2.3025850929940455,False,2.2336,1.7374208010726706,1,1,2,5,0.1244,0.0084,0.7988,0.1619,0.0327,0.0065,0.0001,-2,15
36,2,mathys tel|tottenham,Mathys Tel,Tottenham,MID,60.0,0.113579,0.103153,0.216731,0.27,3.103496,0.194854,2.0,0.567893,0.309459,0.27,0.0,0.016145,-0.06,0.0,0.0,1,1,8.3,0.0,0.01,0.06,0.06,0.01,1.3093333199837622,False,2.3236,2.673477705162323,0,0,3,6,0.146,0.0187,0.7,0.2055,0.0692,0.0221,0.0032,-1,21
36,2,mats wieffer|brighton,Mats Wieffer,Brighton,MID,0.0,0.0,0.0,0.0,0.44,0.0,0.0,0.0,0.0,0.0,0.0,0.0,0.0,0.0,0.0,0.0,1,1,13.6,0.0,0.01,0.33,0.33,0.01,0.8209805520698302,True,0.0,0.0,0,0,0,0,0.0,0.0,1.0,0.0,0.0,0.0,0.0,0,0
36,2,matt doherty|wolverhampton wanderers,Matt Doherty,Wolverhampton Wanderers,DEF,15.0,0.000705,0.001946,0.002651,0.14,0.873081,0.002648,1.0,0.004231,0.005838,0.0,0.0,1e-06,-0.093333,0.0,-0.043655,1,1,7.3,0.0,0.02,0.5,0.5,0.02,1.9661128563728327,False,0.075,0.6172317230991939,-1,0,0,1,0.0014,0.0,0.9989,0.001,0.0001,0.0,0.0,-4,7
36,2,matt o'riley|brighton,Matt O'Riley,Brighton,DEF,0.0,0.0,0.0,0.0,0.44,0.0,0.0,0.0,0.0,0.0,0.0,0.0,0.0,0.0,0.0,0.0,1,1,0.0,0.0,0.01,0.06,0.06,0.01,0.8209805520698302,True,0.0,0.0,0,0,0,0,0.0,0.0,1.0,0.0,0.0,0.0,0.0,0,0
36,2,matthew cash|aston villa,Matthew Cash,Aston Villa,DEF,90.0,0.044361,0.112019,0.15638,0.39,3.589137,0.144766,2.0,0.266163,0.336058,1.56,0.0,0.105745,-0.42,0.0,-0.258829,1,1,5.8,0.0,0.03,0.33,0.33,0.03,0.941608539858445,False,3.7376,2.999090902256882,1,1,6,7,0.1305,0.0094,0.5097,0.3518,0.1007,0.0349,0.0029,-3,20
36,2,matthijs de ligt|manchester united,Matthijs de Ligt,Manchester United,DEF,0.0,0.0,0.0,0.0,0.32,0.0,0.0,0.0,0.0,0.0,0.0,0.0,0.0,0.0,0.0,0.0,1,1,8.2,0.0,0.02,0.06,0.06,0.02,1.1394342831883648,True,0.0,0.0,0,0,0,0,0.0,0.0,1.0,0.0,0.0,0.0,0.0,0,0
36,2,matz sels|nottingham forest,Matz Sels,Nottingham Forest,GK,0.0,0.0,0.0,0.0,0.25,0.0,0.0,0.0,0.0,0.0,0.0,0.0,0.0,0.0,0.0,0.0,1,1,0.0,3.1,0.01,0.06,0.06,0.01,1.3862943611198906,True,0.0,0.0,0,0,0,0,0.0,0.0,1.0,0.0,0.0,0.0,0.0,0,0
36,2,max alleyne|manchester city,Max Alleyne,Manchester City,DEF,0.0,0.0,0.0,0.0,0.6608,0.0,0.0,0.0,0.0,0.0,0.0,0.0,0.0,0.0,0.0,0.0,2,1,7.3,0.0,0.02,0.1,0.1,0.02,0.41430405677536863,True,0.0,0.0,0,0,0,0,0.0,0.0,1.0,0.0,0.0,0.0,0.0,0,0
36,2,max dowman|arsenal,Max Dowman,Arsenal,MID,0.0,0.0,0.0,0.0,0.46,0.0,0.0,0.0,0.0,0.0,0.0,0.0,0.0,0.0,0.0,0.0,1,1,0.0,0.0,0.02,0.06,0.06,0.02,0.7765287894989963,True,0.0,0.0,0,0,0,0,0.0,0.0,1.0,0.0,0.0,0.0,0.0,0,0
36,2,max kilman|west ham,Max Kilman,West Ham,DEF,15.0,0.00579,0.001159,0.006949,0.16,0.956453,0.006925,1.0,0.03474,0.003477,0.0,0.0,6e-06,-0.043333,0.0,-0.038436,1,1,9.2,0.0,0.02,0.2,0.2,0.02,1.8325814637483102,False,0.1752,0.7404761711223392,0,0,0,1,0.0048,0.0,0.995,0.0022,0.0028,0.0,0.0,-5,9
36,2,maxence lacroix|crystal palace,Maxence Lacroix,Crystal Palace,DEF,90.0,0.172952,0.048781,0.221733,0.3448,7.006231,0.198871,4.0,1.037709,0.146344,1.48,0.0,2.164259,-0.46,0.0,-1.362081,2,1,10.5,0.0,0.03,0.14,0.14,0.03,1.0647907401925991,False,5.1322,3.8511197280790945,1,2,8,10,0.1802,0.0195,0.3225,0.3641,0.2009,0.085,0.0275,-3,29
36,2,maxim de cuyper|brighton,Maxim De Cuyper,Brighton,DEF,15.0,0.019741,0.051915,0.071657,0.44,1.222298,0.06915,1.0,0.118449,0.155746,0.0,0.0,0.0,-0.043333,0.0,-0.008563,1,1,4.0,0.0,0.02,0.2,0.2,0.02,0.8209805520698302,False,0.6275,1.2624356419239755,0,0,1,1,0.0489,0.0023,0.9516,0.0346,0.0121,0.0016,0.0001,-4,15
36,2,maxime estève|burnley,Maxime Estève,Burnley,DEF,90.0,0.019399,0.022329,0.041728,0.18,3.10183,0.040869,2.0,0.116392,0.066987,0.72,0.0,0.93395,-0.12,0.0,-0.615499,1,1,9.9,0.0,0.03,0.03,0.03,0.03,1.7147984280919266,False,3.0222,2.519703784177815,1,1,4,7,0.0328,0.0006,0.5283,0.3668,0.0913,0.012,0.0016,-4,18
36,2,melker ellborg|sunderland,Melker Ellborg,Sunderland,MID,0.0,0.0,0.0,0.0,0.21,0.0,0.0,0.0,0.0,0.0,0.0,0.0,0.0,0.0,0.0,0.0,1,1,0.0,0.0,0.0,0.0,0.0,0.0,1.5606477482646683,True,0.0,0.0,0,0,0,0,0.0,0.0,1.0,0.0,0.0,0.0,0.0,0,0
36,2,merlin röhl|everton,Merlin Röhl,Everton,MID,15.0,0.010764,0.039698,0.050462,0.24,1.152914,0.04921,1.0,0.053818,0.119095,0.0,0.0,1e-06,-0.02,0.0,0.0,1,1,11.0,0.0,0.02,0.06,0.06,0.02,1.4271163556401458,False,0.6755,1.0358570123332658,0,0,1,1,0.0352,0.0019,0.9647,0.0283,0.0066,0.0004,0.0,-2,11
36,2,michael kayode|brentford,Michael Kayode,Brentford,DEF,90.0,0.041035,0.039715,0.08075,0.1,1.76102,0.077576,2.0,0.246213,0.119145,0.4,0.0,0.189455,-0.29,0.0,-0.903793,1,1,6.5,0.0,0.03,0.2,0.2,0.03,2.3025850929940455,False,1.8029,2.446027716523261,0,0,2,6,0.0698,0.0038,0.7944,0.1445,0.0514,0.0087,0.001,-5,21
36,2,michael keane|everton,Michael Keane,Everton,DEF,90.0,0.092342,0.002078,0.09442,0.24,3.925764,0.0901,2.0,0.554054,0.006233,0.96,0.0,1.033435,-0.15,0.0,-0.477958,1,1,10.3,0.0,0.03,0.06,0.06,0.03,1.4271163556401458,False,3.8849,3.212483772721661,1,2,6,8,0.0801,0.0037,0.4375,0.3703,0.1432,0.0388,0.0102,-3,25
36,2,micky van de ven|tottenham,Micky van de Ven,Tottenham,DEF,0.0,0.0,0.0,0.0,0.27,0.0,0.0,0.0,0.0,0.0,0.0,0.0,0.0,0.0,0.0,0.0,1,1,6.7,0.0,0.02,0.33,0.33,0.02,1.3093333199837622,True,0.0,0.0,0,0,0,0,0.0,0.0,1.0,0.0,0.0,0.0,0.0,0,0
36,2,mike trésor|burnley,Mike Trésor,Burnley,FWD,0.0,0.0,0.0,0.0,0.18,0.0,0.0,0.0,0.0,0.0,0.0,0.0,0.0,0.0,0.0,0.0,1,1,0.0,0.0,0.01,0.03,0.03,0.01,1.7147984280919266,True,0.0,0.0,0,0,0,0,0.0,0.0,1.0,0.0,0.0,0.0,0.0,0,0
36,2,mikel merino|arsenal,Mikel Merino,Arsenal,MID,0.0,0.0,0.0,0.0,0.46,0.0,0.0,0.0,0.0,0.0,0.0,0.0,0.0,0.0,0.0,0.0,1,1,10.0,0.0,0.02,0.2,0.2,0.02,0.7765287894989963,True,0.0,0.0,0,0,0,0,0.0,0.0,1.0,0.0,0.0,0.0,0.0,0,0
36,2,mikkel damsgaard|brentford,Mikkel Damsgaard,Brentford,MID,75.0,0.056624,0.124568,0.181192,0.1,2.662109,0.165725,2.0,0.28312,0.373703,0.1,0.0,0.230286,-0.325,0.0,0.0,1,1,10.1,0.0,0.02,0.33,0.33,0.02,2.3025850929940455,False,2.6454,2.1306475166014676,1,1,3,5,0.1557,0.0136,0.6909,0.2388,0.0554,0.0141,0.0008,-2,16
36,2,milos kerkez|liverpool,Milos Kerkez,Liverpool,DEF,75.0,0.083836,0.042921,0.126757,0.25,2.993436,0.119052,2.0,0.503017,0.128763,1.0,0.0,0.037095,-0.216667,0.0,-0.458772,1,1,5.8,0.0,0.02,0.2,0.2,0.02,1.3862943611198906,False,2.8358,3.0616724775847595,0,1,6,7,0.1118,0.0075,0.686,0.1939,0.0887,0.0269,0.0045,-4,21
36,2,mohamadou kanté|west ham,Mohamadou Kanté,West Ham,MID,0.0,0.0,0.0,0.0,0.16,0.0,0.0,0.0,0.0,0.0,0.0,0.0,0.0,0.0,0.0,0.0,1,1,3.0,0.0,0.02,0.14,0.14,0.02,1.8325814637483102,True,0.0,0.0,0,0,0,0,0.0,0.0,1.0,0.0,0.0,0.0,0.0,0,0
36,2,mohamed salah|liverpool,Mohamed Salah,Liverpool,MID,0.0,0.0,0.0,0.0,0.25,0.0,0.0,0.0,0.0,0.0,0.0,0.0,0.0,0.0,0.0,0.0,1,1,3.9,0.0,0.01,0.06,0.06,0.01,1.3862943611198906,True,0.0,0.0,0,0,0,0,0.0,0.0,1.0,0.0,0.0,0.0,0.0,0,0
36,2,mohammed kudus|tottenham,Mohammed Kudus,Tottenham,MID,0.0,0.0,0.0,0.0,0.27,0.0,0.0,0.0,0.0,0.0,0.0,0.0,0.0,0.0,0.0,0.0,1,1,7.8,0.0,0.01,0.14,0.14,0.01,1.3093333199837622,True,0.0,0.0,0,0,0,0,0.0,0.0,1.0,0.0,0.0,0.0,0.0,0,0
36,2,moisés caicedo|chelsea,Moisés Caicedo,Chelsea,MID,90.0,0.041437,0.068394,0.109831,0.16,3.387115,0.104014,2.0,0.207183,0.205182,0.16,0.0,1.20475,-0.39,0.0,0.0,1,1,13.1,0.0,0.02,0.33,0.33,0.02,1.8325814637483102,False,3.2943,1.9236651241835205,1,2,4,5,0.0895,0.0043,0.4135,0.5238,0.0488,0.013,0.0009,-1,17
36,2,morato|nottingham forest,Morato,Nottingham Forest,DEF,30.0,0.025202,0.0,0.025202,0.25,0.942884,0.024887,1.0,0.151213,0.0,0.0,0.0,0.001932,-0.13,0.0,-0.080262,1,1,9.4,0.0,0.02,0.33,0.33,0.02,1.3862943611198906,False,0.3565,1.1637043224118402,0,0,1,1,0.019,0.0003,0.978,0.0076,0.0133,0.001,0.0001,-4,15
36,2,morgan gibbs-white|nottingham forest,Morgan Gibbs-White,Nottingham Forest,MID,90.0,0.340287,0.101917,0.442204,0.25,4.125379,0.357382,2.0,1.701436,0.305751,0.25,0.0,0.007472,-0.09,-0.04928,0.0,1,1,5.0,0.0,0.01,0.06,0.06,0.01,1.3862943611198906,False,4.2876,3.511251378070217,2,2,7,9,0.3249,0.0619,0.5114,0.22,0.1887,0.0626,0.0173,-1,25
36,2,morgan rogers|aston villa,Morgan Rogers,Aston Villa,MID,90.0,0.247002,0.184373,0.431375,0.39,4.02903,0.350385,2.0,1.23501,0.553119,0.39,0.0,0.036301,-0.17,-0.0154,0.0,1,1,6.2,0.0,0.01,0.14,0.14,0.01,0.941608539858445,False,4.0692,3.126181594213618,2,2,6,9,0.3128,0.0569,0.4483,0.3374,0.1493,0.0546,0.0104,-1,24
36,2,murillo|nottingham forest,Murillo,Nottingham Forest,DEF,90.0,0.021907,0.009769,0.031677,0.25,3.274826,0.03118,2.0,0.131444,0.029308,1.0,0.0,0.832846,-0.26,0.0,-0.458772,1,1,9.5,0.0,0.02,0.2,0.2,0.02,1.3862943611198906,False,3.2992,2.6838925760916736,1,1,5,7,0.0266,0.0006,0.5158,0.3473,0.1202,0.0157,0.001,-3,16
36,2,myles lewis-skelly|arsenal,Myles Lewis-Skelly,Arsenal,DEF,0.0,0.0,0.0,0.0,0.46,0.0,0.0,0.0,0.0,0.0,0.0,0.0,0.0,0.0,0.0,0.0,1,1,4.1,0.0,0.02,0.5,0.5,0.02,0.7765287894989963,True,0.0,0.0,0,0,0,0,0.0,0.0,1.0,0.0,0.0,0.0,0.0,0,0
36,2,myles peart-harris|brentford,Myles Peart-Harris,Brentford,MID,0.0,0.0,0.0,0.0,0.1,0.0,0.0,0.0,0.0,0.0,0.0,0.0,0.0,0.0,0.0,0.0,1,1,0.0,0.0,0.02,0.03,0.03,0.02,2.3025850929940455,True,0.0,0.0,0,0,0,0,0.0,0.0,1.0,0.0,0.0,0.0,0.0,0,0
36,2,naif aguerd|west ham,Naif Aguerd,West Ham,DEF,15.0,0.003309,0.0,0.003309,0.16,0.938082,0.003303,1.0,0.019851,0.0,0.0,0.0,0.0,-0.043333,0.0,-0.038436,1,1,2.0,0.0,0.02,0.2,0.2,0.02,1.8325814637483102,False,0.1531,0.6941616454400229,0,0,0,1,0.0025,0.0,0.9975,0.0005,0.002,0.0,0.0,-6,9
36,2,nathan aké|manchester city,Nathan Aké,Manchester City,DEF,30.0,0.01038,0.030527,0.040907,0.6608,2.06692,0.040081,2.0,0.062281,0.09158,0.0,0.0,1e-06,-0.066667,0.0,-0.020275,2,1,7.0,0.0,0.02,0.14,0.14,0.02,0.41430405677536863,False,0.601,1.021077372190766,0,0,1,1,0.0269,0.0011,0.972,0.0192,0.0079,0.0009,0.0,-3,11
36,2,nathan collins|brentford,Nathan Collins,Brentford,DEF,15.0,0.009105,0.005957,0.015062,0.1,0.971261,0.014949,1.0,0.054632,0.01787,0.0,0.0,1.5e-05,-0.043333,0.0,-0.057922,1,1,10.3,0.0,0.02,0.2,0.2,0.02,2.3025850929940455,False,0.0776,0.8812367672765362,-1,0,0,1,0.0098,0.0002,0.9904,0.0054,0.0039,0.0003,0.0,-4,14
36,2,nathan patterson|everton,Nathan Patterson,Everton,DEF,0.0,0.0,0.0,0.0,0.24,0.0,0.0,0.0,0.0,0.0,0.0,0.0,0.0,0.0,0.0,0.0,1,1,11.4,0.0,0.01,0.1,0.1,0.01,1.4271163556401458,True,0.0,0.0,0,0,0,0,0.0,0.0,1.0,0.0,0.0,0.0,0.0,0,0
36,2,nathaniel clyne|crystal palace,Nathaniel Clyne,Crystal Palace,DEF,0.0,0.0,0.0,0.0,0.3448,0.0,0.0,0.0,0.0,0.0,0.0,0.0,0.0,0.0,0.0,0.0,2,1,7.3,0.0,0.02,0.06,0.06,0.02,1.0647907401925991,True,0.0,0.0,0,0,0,0,0.0,0.0,1.0,0.0,0.0,0.0,0.0,0,0
36,2,neco williams|nottingham forest,Neco Williams,Nottingham Forest,DEF,90.0,0.043242,0.138252,0.181494,0.25,3.283459,0.165976,2.0,0.259451,0.414755,1.0,0.0,0.268025,-0.2,0.0,-0.458772,1,1,7.0,0.0,0.02,0.14,0.14,0.02,1.3862943611198906,False,3.374,2.9700377101983064,1,1,6,7,0.1481,0.0102,0.574,0.2928,0.0983,0.0315,0.0034,-3,20
36,2,nehemiah oriola|brighton,Nehemiah Oriola,Brighton,FWD,0.0,0.0,0.0,0.0,0.44,0.0,0.0,0.0,0.0,0.0,0.0,0.0,0.0,0.0,0.0,0.0,1,1,0.0,0.0,0.01,0.03,0.03,0.01,0.8209805520698302,True,0.0,0.0,0,0,0,0,0.0,0.0,1.0,0.0,0.0,0.0,0.0,0,0
36,2,nick pope|newcastle united,Nick Pope,Newcastle United,GK,90.0,0.008152,0.0,0.008152,0.27,3.711966,0.008119,2.0,0.081524,0.0,1.08,1.033333,0.0,-0.06,0.0,-0.422892,1,1,0.0,3.1,0.01,0.03,0.03,0.01,1.3093333199837622,False,3.47,2.550666579543473,1,2,6,7,0.0063,0.0,0.4983,0.327,0.1645,0.008,0.0022,-3,20
36,2,nick woltemade|newcastle united,Nick Woltemade,Newcastle United,FWD,30.0,0.103264,0.022382,0.125646,0.27,1.450203,0.118073,1.0,0.413056,0.067147,0.0,0.0,0.0,-0.03,0.0,0.0,1,1,4.6,0.0,0.01,0.06,0.06,0.01,1.3093333199837622,False,0.8904,1.5582643678143964,0,0,1,1,0.0744,0.0058,0.9257,0.0591,0.0112,0.0039,0.0001,-2,15
36,2,niclas füllkrug|west ham,Niclas Füllkrug,West Ham,FWD,0.0,0.0,0.0,0.0,0.16,0.0,0.0,0.0,0.0,0.0,0.0,0.0,0.0,0.0,0.0,0.0,1,1,4.2,0.0,0.01,0.1,0.1,0.01,1.8325814637483102,True,0.0,0.0,0,0,0,0,0.0,0.0,1.0,0.0,0.0,0.0,0.0,0,0
36,2,nico gonzález|manchester city,Nico González,Manchester City,MID,30.0,0.011122,0.016773,0.027895,0.6608,1.97593,0.027509,2.0,0.055608,0.050319,0.0,0.0,3e-06,-0.13,0.0,0.0,2,1,12.0,0.0,0.02,0.33,0.33,0.02,0.41430405677536863,False,0.5648,0.8761283924174583,0,0,1,1,0.0189,0.0001,0.9764,0.0195,0.0039,0.0002,0.0,-2,14
36,2,nico o'reilly|manchester city,Nico O'Reilly,Manchester City,DEF,90.0,0.623739,0.266007,0.889745,0.6608,11.14023,0.58924,4.0,3.742432,0.798021,3.32,0.0,0.27574,-0.52,0.0,-0.475962,2,1,6.1,0.0,0.02,0.2,0.2,0.02,0.41430405677536863,False,9.1604,5.742096467319231,2,6,13,17,0.5441,0.1831,0.1473,0.2719,0.1857,0.2337,0.1614,-2,45
36,2,nicolás domínguez|nottingham forest,Nicolás Domínguez,Nottingham Forest,DEF,30.0,0.015569,0.047411,0.06298,0.25,1.070651,0.061038,1.0,0.093414,0.142234,0.0,0.0,0.001932,-0.086667,0.0,-0.080262,1,1,9.4,0.0,0.02,0.2,0.2,0.02,1.3862943611198906,False,0.4319,1.161017825013897,0,0,1,1,0.0398,0.0017,0.9584,0.0326,0.008,0.001,0.0,-4,12
36,2,nicolò savona|nottingham forest,Nicolò Savona,Nottingham Forest,DEF,0.0,0.0,0.0,0.0,0.25,0.0,0.0,0.0,0.0,0.0,0.0,0.0,0.0,0.0,0.0,0.0,1,1,5.0,0.0,0.02,0.2,0.2,0.02,1.3862943611198906,True,0.0,0.0,0,0,0,0,0.0,0.0,1.0,0.0,0.0,0.0,0.0,0,0
36,2,nikola milenkovic|nottingham forest,Nikola Milenkovic,Nottingham Forest,DEF,90.0,0.012637,0.00148,0.014117,0.25,2.874418,0.014017,2.0,0.075821,0.004439,1.0,0.0,0.512931,-0.26,0.0,-0.458772,1,1,8.2,0.0,0.02,0.2,0.2,0.02,1.3862943611198906,False,2.9368,2.521587944133617,0,1,5,7,0.0117,0.0,0.5983,0.3007,0.095,0.0058,0.0002,-5,15
36,2,nilson angulo|sunderland,Nilson Angulo,Sunderland,FWD,0.0,0.0,0.0,0.0,0.21,0.0,0.0,0.0,0.0,0.0,0.0,0.0,0.0,0.0,0.0,0.0,1,1,7.0,0.0,0.01,0.2,0.2,0.01,1.5606477482646683,True,0.0,0.0,0,0,0,0,0.0,0.0,1.0,0.0,0.0,0.0,0.0,0,0
36,2,noah okafor|leeds,Noah Okafor,Leeds,MID,75.0,0.175268,0.063155,0.238423,0.24,3.098771,0.212131,2.0,0.87634,0.189465,0.24,0.0,0.009633,-0.216667,0.0,0.0,1,1,6.2,0.0,0.02,0.2,0.2,0.02,1.4271163556401458,False,3.01,2.672246246138256,1,2,3,7,0.195,0.0212,0.6687,0.1943,0.1081,0.024,0.0049,-2,23
36,2,noah sadiki|sunderland,Noah Sadiki,Sunderland,MID,60.0,0.028355,0.033865,0.06222,0.21,2.311186,0.060323,2.0,0.141774,0.101594,0.21,0.0,0.011152,-0.153333,0.0,0.0,1,1,7.9,0.0,0.01,0.2,0.2,0.01,1.5606477482646683,False,1.5935,1.607313830588165,0,0,2,3,0.0435,0.0019,0.8319,0.1461,0.0195,0.0024,0.0001,-1,15
36,2,noni madueke|arsenal,Noni Madueke,Arsenal,MID,15.0,0.021684,0.033396,0.05508,0.46,1.19861,0.053591,1.0,0.108421,0.100189,0.0,0.0,0.0,-0.01,0.0,0.0,1,1,5.0,0.0,0.01,0.03,0.03,0.01,0.7765287894989963,False,0.7122,1.112641523582506,0,0,1,1,0.0378,0.0015,0.9622,0.0285,0.0086,0.0007,0.0,-2,12
36,2,nordi mukiele|sunderland,Nordi Mukiele,Sunderland,DEF,90.0,0.069013,0.113894,0.182907,0.21,3.661909,0.167155,2.0,0.414076,0.341683,0.84,0.0,0.807498,-0.2,0.0,-0.541349,1,1,9.4,0.0,0.02,0.14,0.14,0.02,1.5606477482646683,False,3.6751,3.1404999586053175,1,1,6,8,0.1502,0.0121,0.4772,0.3461,0.1304,0.0405,0.0058,-4,27
36,2,noussair mazraoui|manchester united,Noussair Mazraoui,Manchester United,DEF,75.0,0.014005,0.009212,0.023217,0.32,2.957901,0.022949,2.0,0.084029,0.027635,1.28,0.0,0.378221,-0.466667,0.0,-0.345317,1,1,9.1,0.0,0.02,0.5,0.5,0.02,1.1394342831883648,False,2.7986,2.7099885682415707,0,1,5,7,0.0225,0.0004,0.6075,0.2833,0.0996,0.0088,0.0008,-3,16
36,2,odsonne edouard|crystal palace,Odsonne Edouard,Crystal Palace,DEF,0.0,0.0,0.0,0.0,0.3448,0.0,0.0,0.0,0.0,0.0,0.0,0.0,0.0,0.0,0.0,0.0,2,1,0.0,0.0,0.01,0.03,0.03,0.01,1.0647907401925991,True,0.0,0.0,0,0,0,0,0.0,0.0,1.0,0.0,0.0,0.0,0.0,0,0
36,2,ola aina|nottingham forest,Ola Aina,Nottingham Forest,DEF,90.0,0.022454,0.026079,0.048533,0.25,2.728939,0.047374,2.0,0.134725,0.078236,1.0,0.0,0.23475,-0.26,0.0,-0.458772,1,1,6.8,0.0,0.02,0.2,0.2,0.02,1.3862943611198906,False,2.8514,2.654377147279565,0,1,5,6,0.0474,0.0009,0.6524,0.2564,0.0767,0.0128,0.0017,-3,21
36,2,oleksandr zinchenko|nottingham forest,Oleksandr Zinchenko,Nottingham Forest,DEF,0.0,0.0,0.0,0.0,0.25,0.0,0.0,0.0,0.0,0.0,0.0,0.0,0.0,0.0,0.0,0.0,1,1,6.1,0.0,0.02,0.14,0.14,0.02,1.3862943611198906,True,0.0,0.0,0,0,0,0,0.0,0.0,1.0,0.0,0.0,0.0,0.0,0,0
36,2,oliver scarles|west ham,Oliver Scarles,West Ham,DEF,15.0,0.002481,0.015067,0.017549,0.16,0.988331,0.017396,1.0,0.014888,0.045202,0.0,0.0,1.1e-05,-0.033333,0.0,-0.038436,1,1,9.9,0.0,0.02,0.14,0.14,0.02,1.8325814637483102,False,0.2005,0.7603287118082547,0,0,0,1,0.0129,0.0002,0.9875,0.0113,0.0012,0.0,0.0,-4,9
36,2,oliver sonne|burnley,Oliver Sonne,Burnley,DEF,0.0,0.0,0.0,0.0,0.18,0.0,0.0,0.0,0.0,0.0,0.0,0.0,0.0,0.0,0.0,0.0,1,1,0.0,0.0,0.03,0.03,0.03,0.03,1.7147984280919266,True,0.0,0.0,0,0,0,0,0.0,0.0,1.0,0.0,0.0,0.0,0.0,0,0
36,2,olivier boscagli|brighton,Olivier Boscagli,Brighton,DEF,90.0,0.0,0.025782,0.025782,0.44,3.65212,0.025452,2.0,0.0,0.077345,1.76,0.0,0.583664,-0.56,0.0,-0.20889,1,1,8.5,0.0,0.02,0.5,0.5,0.02,0.8209805520698302,False,3.7998,2.611459354460643,1,1,6,7,0.022,0.0001,0.4326,0.4086,0.1511,0.0077,0.0,-2,13
36,2,ollie watkins|aston villa,Ollie Watkins,Aston Villa,FWD,75.0,0.47153,0.042845,0.514375,0.39,3.893511,0.402126,2.0,1.886122,0.128535,0.0,0.0,2.1e-05,-0.108333,-0.012833,0.0,1,1,3.1,0.0,0.01,0.1,0.1,0.01,0.941608539858445,False,3.9435,3.319594515901001,1,2,6,8,0.3748,0.0787,0.6253,0.1642,0.1374,0.0627,0.0104,-2,22
36,2,omar alderete|sunderland,Omar Alderete,Sunderland,DEF,75.0,0.047002,0.019168,0.06617,0.21,2.946018,0.064028,2.0,0.282012,0.057503,0.84,0.0,0.524519,-0.216667,0.0,-0.541349,1,1,9.9,0.0,0.02,0.2,0.2,0.02,1.5606477482646683,False,2.8033,2.854261570003702,0,1,4,7,0.0604,0.0017,0.6173,0.2662,0.094,0.0196,0.0029,-3,21
36,2,omar marmoush|manchester city,Omar Marmoush,Manchester City,FWD,0.0,0.0,0.0,0.0,0.6608,0.0,0.0,0.0,0.0,0.0,0.0,0.0,0.0,0.0,0.0,0.0,2,1,5.3,0.0,0.01,0.14,0.14,0.01,0.41430405677536863,True,0.0,0.0,0,0,0,0,0.0,0.0,1.0,0.0,0.0,0.0,0.0,0,0
36,2,omari hutchinson|nottingham forest,Omari Hutchinson,Nottingham Forest,MID,15.0,0.016572,0.039834,0.056405,0.25,1.18736,0.054844,1.0,0.082859,0.119501,0.0,0.0,0.0,-0.015,0.0,0.0,1,1,7.0,0.0,0.01,0.06,0.06,0.01,1.3862943611198906,False,0.7125,1.1015642287220477,0,0,1,1,0.0382,0.0027,0.962,0.0286,0.0082,0.0012,0.0,-2,12
36,2,oscar bobb|fulham,Oscar Bobb,Fulham,MID,15.0,0.027631,0.025844,0.053475,0.23,1.187353,0.05207,1.0,0.138153,0.077533,0.0,0.0,0.0,-0.028333,0.0,0.0,1,1,7.0,0.0,0.01,0.14,0.14,0.01,1.4696759700589417,False,0.7298,1.224659936472162,0,0,1,1,0.0413,0.0021,0.9587,0.0288,0.011,0.0014,0.0001,-2,15
36,2,pablo|west ham,Pablo,West Ham,FWD,0.0,0.0,0.0,0.0,0.16,0.0,0.0,0.0,0.0,0.0,0.0,0.0,0.0,0.0,0.0,0.0,1,1,9.0,0.0,0.01,0.14,0.14,0.01,1.8325814637483102,True,0.0,0.0,0,0,0,0,0.0,0.0,1.0,0.0,0.0,0.0,0.0,0,0
36,2,pape sarr|tottenham,Pape Sarr,Tottenham,MID,60.0,0.083601,0.075288,0.158889,0.27,3.008009,0.146909,2.0,0.418005,0.225864,0.27,0.0,0.200807,-0.106667,0.0,0.0,1,1,12.3,0.0,0.02,0.1,0.1,0.02,1.3093333199837622,False,2.3074,2.5279053067708057,0,0,3,5,0.1044,0.0096,0.6615,0.2659,0.0514,0.0187,0.0025,-1,21
36,2,pascal groß|brighton,Pascal Groß,Brighton,MID,90.0,0.145612,0.251481,0.397093,0.44,3.86251,0.327728,2.0,0.728059,0.754444,0.44,0.0,0.200807,-0.23,-0.0308,0.0,1,1,8.2,0.0,0.01,0.2,0.2,0.01,0.8209805520698302,False,3.9809,2.931063832467659,2,2,5,8,0.3045,0.0549,0.4157,0.4056,0.1223,0.0481,0.0083,-1,26
36,2,pascal struijk|leeds,Pascal Struijk,Leeds,DEF,90.0,0.061353,0.025053,0.086407,0.24,3.558167,0.082779,2.0,0.36812,0.07516,0.96,0.0,0.832846,-0.2,0.0,-0.477958,1,1,9.5,0.0,0.02,0.14,0.14,0.02,1.4271163556401458,False,3.5535,3.0309301790044585,1,1,6,8,0.0737,0.0034,0.4998,0.3388,0.1243,0.0314,0.0057,-3,23
36,2,patrick dorgu|manchester united,Patrick Dorgu,Manchester United,DEF,15.0,0.019705,0.027574,0.047279,0.32,1.151666,0.046178,1.0,0.118227,0.082722,0.0,0.0,0.0,-0.033333,0.0,-0.01595,1,1,6.4,0.0,0.02,0.14,0.14,0.02,1.1394342831883648,False,0.5021,1.1408749230305661,0,0,1,1,0.0347,0.0009,0.9661,0.0223,0.0109,0.0007,0.0,-3,13
36,2,patrick roberts|sunderland,Patrick Roberts,Sunderland,MID,0.0,0.0,0.0,0.0,0.21,0.0,0.0,0.0,0.0,0.0,0.0,0.0,0.0,0.0,0.0,0.0,1,1,3.0,0.0,0.02,0.2,0.2,0.02,1.5606477482646683,True,0.0,0.0,0,0,0,0,0.0,0.0,1.0,0.0,0.0,0.0,0.0,0,0
36,2,pau torres|aston villa,Pau Torres,Aston Villa,DEF,60.0,0.02684,0.003312,0.030153,0.39,3.410794,0.029703,2.0,0.161042,0.009937,1.56,0.0,0.018644,-0.08,0.0,-0.258829,1,1,6.5,0.0,0.02,0.06,0.06,0.02,0.941608539858445,False,2.3895,2.770990752420513,0,0,6,6,0.0205,0.0002,0.7152,0.2039,0.0707,0.0092,0.001,-3,21
36,2,pedro lima|wolverhampton wanderers,Pedro Lima,Wolverhampton Wanderers,DEF,0.0,0.0,0.0,0.0,0.14,0.0,0.0,0.0,0.0,0.0,0.0,0.0,0.0,0.0,0.0,0.0,1,1,5.0,0.0,0.01,0.1,0.1,0.01,1.9661128563728327,True,0.0,0.0,0,0,0,0,0.0,0.0,1.0,0.0,0.0,0.0,0.0,0,0
36,2,pedro neto|chelsea,Pedro Neto,Chelsea,MID,75.0,0.115101,0.183651,0.298752,0.16,3.095244,0.258257,2.0,0.575507,0.550953,0.16,0.0,0.000451,-0.191667,0.0,0.0,1,1,4.3,0.0,0.01,0.2,0.2,0.01,1.8325814637483102,False,2.9927,2.537724711232485,1,2,3,7,0.2342,0.033,0.6812,0.206,0.0841,0.0262,0.0025,-2,21
36,2,pedro porro|tottenham,Pedro Porro,Tottenham,DEF,90.0,0.03686,0.127075,0.163935,0.27,3.104244,0.151203,2.0,0.22116,0.381226,1.08,0.0,0.23475,-0.39,0.0,-0.422892,1,1,6.8,0.0,0.02,0.33,0.33,0.02,1.3093333199837622,False,3.1826,2.925347370826241,0,1,6,7,0.1334,0.0083,0.5854,0.2904,0.0973,0.0243,0.0026,-3,18
36,2,phil foden|manchester city,Phil Foden,Manchester City,MID,45.0,0.142965,0.128309,0.271273,0.6608,2.984755,0.237592,2.0,0.714824,0.384926,0.0,0.0,5e-06,-0.115,0.0,0.0,2,1,6.7,0.0,0.01,0.2,0.2,0.01,0.41430405677536863,False,1.7343,2.7046078292425317,0,0,2,6,0.169,0.0282,0.7803,0.1368,0.0599,0.0201,0.0029,-2,25
36,2,piero hincapié|arsenal,Piero Hincapié,Arsenal,DEF,75.0,0.017054,0.095266,0.11232,0.46,4.071763,0.106242,2.0,0.102323,0.285798,1.84,0.0,0.201472,-0.166667,0.0,-0.191164,1,1,7.9,0.0,0.02,0.14,0.14,0.02,0.7765287894989963,False,3.8399,2.9478921265880813,1,1,6,7,0.0963,0.0051,0.4953,0.3426,0.135,0.0247,0.0024,-3,20
36,2,quilindschy hartman|burnley,Quilindschy Hartman,Burnley,DEF,30.0,0.005418,0.035741,0.041159,0.18,0.994425,0.040323,1.0,0.032506,0.107223,0.0,0.0,0.000195,-0.03,0.0,-0.115499,1,1,7.0,0.0,0.01,0.06,0.06,0.01,1.7147984280919266,False,0.2922,0.8647653785854287,0,0,1,1,0.0251,0.0003,0.9762,0.0214,0.0024,0.0,0.0,-3,9
36,2,radu dragusin|tottenham,Radu Dragusin,Tottenham,DEF,15.0,0.005896,0.00026,0.006156,0.27,0.982185,0.006137,1.0,0.035374,0.00078,0.0,0.0,5.9e-05,-0.033333,0.0,-0.020694,1,1,12.1,0.0,0.02,0.14,0.14,0.02,1.3093333199837622,False,0.3157,0.71402626702384,0,0,1,1,0.004,0.0,0.9949,0.0016,0.0034,0.0001,0.0,-3,10
36,2,randal kolo muani|tottenham,Randal Kolo Muani,Tottenham,FWD,60.0,0.079438,0.059418,0.138856,0.27,2.384044,0.129647,2.0,0.317753,0.178254,0.0,0.0,0.001371,-0.113333,0.0,0.0,1,1,6.1,0.0,0.01,0.14,0.14,0.01,1.3093333199837622,False,1.7042,1.8788034383617676,0,0,2,3,0.0969,0.008,0.8998,0.0631,0.0313,0.0058,0.0,-1,14
36,2,rayan ait nouri|manchester city,Rayan Ait Nouri,Manchester City,DEF,90.0,0.078865,0.291605,0.37047,0.6608,7.993871,0.30959,4.0,0.473189,0.874815,3.32,0.0,0.235162,-0.433333,0.0,-0.475962,2,1,7.1,0.0,0.02,0.2,0.2,0.02,0.41430405677536863,False,6.1966,3.5079835290377295,2,4,8,11,0.2918,0.0493,0.2163,0.425,0.2165,0.1177,0.0245,-2,26
36,2,rayan cherki|manchester city,Rayan Cherki,Manchester City,MID,90.0,0.433642,0.831694,1.265335,0.6608,9.290305,0.717855,4.0,2.168208,2.495081,0.83,0.0,0.063683,-0.266667,0.0,0.0,2,1,7.3,0.0,0.02,0.1,0.1,0.02,0.41430405677536863,False,7.4159,4.796741309472504,2,3,10,14,0.6819,0.312,0.1237,0.3813,0.2165,0.1897,0.0888,-1,34
36,2,rayan|bournemouth,Rayan,Bournemouth,MID,75.0,0.134821,0.140907,0.275728,0.23,3.219169,0.240981,2.0,0.674105,0.42272,0.23,0.0,0.000676,-0.108333,0.0,0.0,1,1,4.5,0.0,0.01,0.1,0.1,0.01,1.4696759700589417,False,3.1218,2.5247108270057383,1,2,3,7,0.2286,0.0278,0.6378,0.2348,0.0995,0.0258,0.0021,-2,21
36,2,raúl jiménez|fulham,Raúl Jiménez,Fulham,FWD,60.0,0.340034,0.053369,0.393403,0.23,3.334526,0.325243,2.0,1.360134,0.160108,0.0,0.0,0.00047,-0.153333,-0.032853,0.0,1,1,5.4,0.0,0.01,0.2,0.2,0.01,1.4696759700589417,False,2.626,3.1912260966594013,0,0,2,7,0.2435,0.0503,0.7554,0.1063,0.0938,0.038,0.0065,-1,21
36,2,reece james|chelsea,Reece James,Chelsea,DEF,0.0,0.0,0.0,0.0,0.16,0.0,0.0,0.0,0.0,0.0,0.0,0.0,0.0,0.0,0.0,0.0,1,1,6.2,0.0,0.01,0.2,0.2,0.01,1.8325814637483102,True,0.0,0.0,0,0,0,0,0.0,0.0,1.0,0.0,0.0,0.0,0.0,0,0
36,2,reinildo|sunderland,Reinildo,Sunderland,DEF,60.0,0.004615,0.028249,0.032864,0.21,2.204291,0.032329,2.0,0.02769,0.084746,0.84,0.0,0.053204,-0.26,0.0,-0.541349,1,1,7.7,0.0,0.02,0.33,0.33,0.02,1.5606477482646683,False,1.6223,2.2885459816223923,0,0,2,6,0.0247,0.0005,0.802,0.1547,0.0392,0.0039,0.0002,-4,17
36,2,reiss nelson|brentford,Reiss Nelson,Brentford,MID,0.0,0.0,0.0,0.0,0.1,0.0,0.0,0.0,0.0,0.0,0.0,0.0,0.0,0.0,0.0,0.0,1,1,30.6,0.0,0.01,0.06,0.06,0.01,2.3025850929940455,True,0.0,0.0,0,0,0,0,0.0,0.0,1.0,0.0,0.0,0.0,0.0,0,0
36,2,riccardo calafiori|arsenal,Riccardo Calafiori,Arsenal,DEF,15.0,0.025417,0.007538,0.032955,0.46,1.102418,0.032418,1.0,0.152501,0.022613,0.0,0.0,0.0,-0.065,0.0,-0.007697,1,1,6.1,0.0,0.02,0.33,0.33,0.02,0.7765287894989963,False,0.5338,1.108718882314178,0,0,1,1,0.0227,0.0004,0.9774,0.008,0.0138,0.0008,0.0,-3,10
36,2,richarlison|tottenham,Richarlison,Tottenham,FWD,60.0,0.250108,0.076585,0.326693,0.27,2.993597,0.278695,2.0,1.000434,0.229754,0.0,0.0,0.00341,-0.24,0.0,0.0,1,1,6.8,0.0,0.01,0.33,0.33,0.01,1.3093333199837622,False,2.2418,2.7970936273210447,0,0,2,7,0.1979,0.0349,0.7972,0.1025,0.071,0.0269,0.0024,-1,23
36,2,rico henry|brentford,Rico Henry,Brentford,DEF,15.0,0.000664,0.002644,0.003308,0.1,0.927328,0.003303,1.0,0.003985,0.007932,0.0,0.0,0.0,-0.026667,0.0,-0.057922,1,1,4.6,0.0,0.02,0.1,0.1,0.02,2.3025850929940455,False,0.0446,0.6733578840408717,-1,0,0,1,0.0027,0.0,0.9977,0.0017,0.0006,0.0,0.0,-5,9
36,2,rico lewis|manchester city,Rico Lewis,Manchester City,DEF,0.0,0.0,0.0,0.0,0.6608,0.0,0.0,0.0,0.0,0.0,0.0,0.0,0.0,0.0,0.0,0.0,2,1,4.0,0.0,0.02,0.2,0.2,0.02,0.41430405677536863,True,0.0,0.0,0,0,0,0,0.0,0.0,1.0,0.0,0.0,0.0,0.0,0,0
36,2,rio ngumoha|liverpool,Rio Ngumoha,Liverpool,MID,30.0,0.129911,0.18574,0.315651,0.25,2.176777,0.270686,1.0,0.649557,0.55722,0.0,0.0,0.0,-0.03,0.0,0.0,1,1,3.0,0.0,0.01,0.06,0.06,0.01,1.3862943611198906,False,1.4117,2.430638416136798,0,0,1,5,0.1681,0.0272,0.8323,0.1086,0.0421,0.0155,0.0015,-2,19
36,2,robert sánchez|chelsea,Robert Sánchez,Chelsea,GK,90.0,0.0,0.015959,0.015959,0.16,2.755185,0.015832,2.0,0.0,0.047876,0.64,0.9,0.0,-0.16,0.0,-0.672691,1,1,0.0,2.7,0.02,0.1,0.1,0.02,1.8325814637483102,False,2.4803,2.2033183859805647,0,1,3,6,0.0125,0.0,0.67,0.2444,0.0828,0.0028,0.0,-3,12
36,2,robin roefs|sunderland,Robin Roefs,Sunderland,GK,90.0,0.0,0.027309,0.027309,0.21,3.250578,0.026939,2.0,0.0,0.081926,0.84,1.0,0.0,-0.13,0.0,-0.541349,1,1,0.0,3.0,0.01,0.1,0.1,0.01,1.5606477482646683,False,2.9871,2.3554900955002975,1,1,4,7,0.0232,0.0001,0.576,0.2996,0.1176,0.0068,0.0,-3,12
36,2,rodrigo bentancur|tottenham,Rodrigo Bentancur,Tottenham,MID,0.0,0.0,0.0,0.0,0.27,0.0,0.0,0.0,0.0,0.0,0.0,0.0,0.0,0.0,0.0,0.0,1,1,13.2,0.0,0.02,0.33,0.33,0.02,1.3093333199837622,True,0.0,0.0,0,0,0,0,0.0,0.0,1.0,0.0,0.0,0.0,0.0,0,0
36,2,rodrigo gomes|wolverhampton wanderers,Rodrigo Gomes,Wolverhampton Wanderers,DEF,90.0,0.163187,0.016681,0.179868,0.14,2.755263,0.164619,2.0,0.97912,0.050043,0.56,0.0,0.064056,-0.16,0.0,-0.737956,1,1,5.3,0.0,0.02,0.1,0.1,0.02,1.9661128563728327,False,2.7793,3.302149528716106,0,1,5,7,0.1426,0.0129,0.7216,0.1328,0.1073,0.0293,0.009,-4,22
36,2,rodrigo muniz|fulham,Rodrigo Muniz,Fulham,FWD,30.0,0.133737,0.033356,0.167093,0.23,1.578349,0.153879,1.0,0.534947,0.100068,0.0,0.0,1e-06,-0.056667,0.0,0.0,1,1,5.6,0.0,0.01,0.14,0.14,0.01,1.4696759700589417,False,1.0093,1.7790484844432994,0,0,1,1,0.0995,0.0107,0.901,0.0765,0.0162,0.0063,0.0,-2,13
36,2,rodri|manchester city,Rodri,Manchester City,MID,90.0,0.132096,0.282284,0.414381,0.6608,7.179632,0.339251,4.0,0.660482,0.846853,0.83,0.0,1.27563,-0.433333,0.0,0.0,2,1,12.7,0.0,0.02,0.2,0.2,0.02,0.41430405677536863,False,4.9774,3.008536062605865,2,3,6,9,0.3077,0.0555,0.1821,0.5889,0.1387,0.0794,0.0109,-1,29
36,2,romain esse|crystal palace,Romain Esse,Crystal Palace,MID,0.0,0.0,0.0,0.0,0.3448,0.0,0.0,0.0,0.0,0.0,0.0,0.0,0.0,0.0,0.0,0.0,2,1,3.3,0.0,0.01,0.06,0.06,0.01,1.0647907401925991,True,0.0,0.0,0,0,0,0,0.0,0.0,1.0,0.0,0.0,0.0,0.0,0,0
36,2,romaine mundle|sunderland,Romaine Mundle,Sunderland,MID,30.0,0.110216,0.044523,0.154739,0.21,1.607996,0.143361,1.0,0.551081,0.133569,0.0,0.0,1.3e-05,-0.076667,0.0,0.0,1,1,7.4,0.0,0.01,0.2,0.2,0.01,1.5606477482646683,False,1.0467,1.989301161212148,0,0,1,1,0.0968,0.0088,0.9033,0.053,0.0374,0.0055,0.0008,-2,19
36,2,romelle donovan|brentford,Romelle Donovan,Brentford,MID,0.0,0.0,0.0,0.0,0.1,0.0,0.0,0.0,0.0,0.0,0.0,0.0,0.0,0.0,0.0,0.0,1,1,0.0,0.0,0.01,0.03,0.03,0.01,2.3025850929940455,True,0.0,0.0,0,0,0,0,0.0,0.0,1.0,0.0,0.0,0.0,0.0,0,0
36,2,romeo lavia|chelsea,Romeo Lavia,Chelsea,MID,0.0,0.0,0.0,0.0,0.16,0.0,0.0,0.0,0.0,0.0,0.0,0.0,0.0,0.0,0.0,0.0,1,1,5.0,0.0,0.02,0.06,0.06,0.02,1.8325814637483102,True,0.0,0.0,0,0,0,0,0.0,0.0,1.0,0.0,0.0,0.0,0.0,0,0
36,2,ross barkley|aston villa,Ross Barkley,Aston Villa,MID,0.0,0.0,0.0,0.0,0.39,0.0,0.0,0.0,0.0,0.0,0.0,0.0,0.0,0.0,0.0,0.0,1,1,10.8,0.0,0.02,0.1,0.1,0.02,0.941608539858445,True,0.0,0.0,0,0,0,0,0.0,0.0,1.0,0.0,0.0,0.0,0.0,0,0
36,2,ryan christie|bournemouth,Ryan Christie,Bournemouth,MID,15.0,0.02637,0.020656,0.047025,0.23,1.128815,0.045937,1.0,0.131848,0.061967,0.0,0.0,0.0,-0.065,0.0,0.0,1,1,10.7,0.0,0.02,0.33,0.33,0.02,1.4696759700589417,False,0.6673,1.1103200934865585,0,0,1,1,0.0333,0.0011,0.9667,0.0227,0.0101,0.0005,0.0,-2,13
36,2,ryan gravenberch|liverpool,Ryan Gravenberch,Liverpool,MID,75.0,0.043987,0.051662,0.095649,0.25,2.583974,0.091217,2.0,0.219934,0.154985,0.25,0.0,0.175721,-0.216667,0.0,0.0,1,1,9.6,0.0,0.02,0.2,0.2,0.02,1.3862943611198906,False,2.4989,1.7632353189520678,1,2,3,5,0.0864,0.0029,0.6834,0.2695,0.0408,0.0059,0.0004,-2,20
36,2,ryan sessegnon|fulham,Ryan Sessegnon,Fulham,MID,30.0,0.038992,0.03102,0.070012,0.23,1.248416,0.067617,1.0,0.194959,0.09306,0.0,0.0,0.000398,-0.04,0.0,0.0,1,1,10.6,0.0,0.02,0.06,0.06,0.02,1.4696759700589417,False,0.7323,1.2524522785320005,0,0,1,1,0.0408,0.0022,0.9569,0.0299,0.0115,0.0016,0.0001,-2,19
36,2,ryan yates|nottingham forest,Ryan Yates,Nottingham Forest,MID,30.0,0.025163,0.012649,0.037812,0.25,1.077166,0.037106,1.0,0.125814,0.037947,0.0,0.0,7.1e-05,-0.086667,0.0,0.0,1,1,8.8,0.0,0.02,0.2,0.2,0.02,1.3862943611198906,False,0.6211,1.0364047423666103,0,0,1,1,0.024,0.0008,0.9755,0.0158,0.0081,0.0005,0.0001,-2,15
36,2,rúben dias|manchester city,Rúben Dias,Manchester City,DEF,0.0,0.0,0.0,0.0,0.6608,0.0,0.0,0.0,0.0,0.0,0.0,0.0,0.0,0.0,0.0,0.0,2,1,7.4,0.0,0.02,0.14,0.14,0.02,0.41430405677536863,True,0.0,0.0,0,0,0,0,0.0,0.0,1.0,0.0,0.0,0.0,0.0,0,0
36,2,sam byram|leeds,Sam Byram,Leeds,DEF,0.0,0.0,0.0,0.0,0.24,0.0,0.0,0.0,0.0,0.0,0.0,0.0,0.0,0.0,0.0,0.0,1,1,3.0,0.0,0.02,0.06,0.06,0.02,1.4271163556401458,True,0.0,0.0,0,0,0,0,0.0,0.0,1.0,0.0,0.0,0.0,0.0,0,0
36,2,sam johnstone|wolverhampton wanderers,Sam Johnstone,Wolverhampton Wanderers,GK,0.0,0.0,0.0,0.0,0.14,0.0,0.0,0.0,0.0,0.0,0.0,0.0,0.0,0.0,0.0,0.0,1,1,0.0,3.3,0.02,0.03,0.03,0.02,1.9661128563728327,True,0.0,0.0,0,0,0,0,0.0,0.0,1.0,0.0,0.0,0.0,0.0,0,0
36,2,samuel chukwueze|fulham,Samuel Chukwueze,Fulham,MID,60.0,0.121309,0.186709,0.308018,0.23,3.344955,0.265098,2.0,0.606544,0.560127,0.23,0.0,0.008284,-0.06,0.0,0.0,1,1,7.6,0.0,0.01,0.06,0.06,0.01,1.4696759700589417,False,2.5377,2.8958554366542537,0,0,3,7,0.1994,0.0342,0.6848,0.2016,0.0814,0.0285,0.0037,-1,23
36,2,sander berge|fulham,Sander Berge,Fulham,MID,90.0,0.031852,0.067729,0.099581,0.23,2.68064,0.094784,2.0,0.15926,0.203188,0.23,0.0,0.288192,-0.2,0.0,0.0,1,1,8.8,0.0,0.02,0.14,0.14,0.02,1.4696759700589417,False,2.6787,1.6175494768321617,2,2,3,5,0.0888,0.0031,0.6506,0.3105,0.0323,0.0065,0.0001,-1,15
36,2,sandro tonali|newcastle united,Sandro Tonali,Newcastle United,MID,75.0,0.033968,0.095925,0.129893,0.27,2.708186,0.121811,2.0,0.169842,0.287774,0.27,0.0,0.147236,-0.166667,0.0,0.0,1,1,9.3,0.0,0.02,0.14,0.14,0.02,1.3093333199837622,False,2.6151,1.813105620199772,1,2,3,5,0.1115,0.0059,0.6518,0.3001,0.0398,0.008,0.0003,-2,20
36,2,santiago bueno|wolverhampton wanderers,Santiago Bueno,Wolverhampton Wanderers,DEF,90.0,0.03022,0.008341,0.03856,0.14,2.129738,0.037826,2.0,0.181319,0.025022,0.56,0.0,0.361354,-0.26,0.0,-0.737956,1,1,7.5,0.0,0.02,0.2,0.2,0.02,1.9661128563728327,False,2.1377,2.409344041435345,0,1,3,6,0.0339,0.0007,0.7405,0.1928,0.0582,0.0074,0.0011,-4,18
36,2,sasa kalajdzic|wolverhampton wanderers,Sasa Kalajdzic,Wolverhampton Wanderers,FWD,0.0,0.0,0.0,0.0,0.14,0.0,0.0,0.0,0.0,0.0,0.0,0.0,0.0,0.0,0.0,0.0,1,1,2.0,0.0,0.01,0.1,0.1,0.01,1.9661128563728327,True,0.0,0.0,0,0,0,0,0.0,0.0,1.0,0.0,0.0,0.0,0.0,0,0
36,2,sasa lukic|fulham,Sasa Lukic,Fulham,MID,0.0,0.0,0.0,0.0,0.23,0.0,0.0,0.0,0.0,0.0,0.0,0.0,0.0,0.0,0.0,0.0,1,1,9.5,0.0,0.02,0.5,0.5,0.02,1.4696759700589417,True,0.0,0.0,0,0,0,0,0.0,0.0,1.0,0.0,0.0,0.0,0.0,0,0
36,2,seamus coleman|everton,Seamus Coleman,Everton,DEF,0.0,0.0,0.0,0.0,0.24,0.0,0.0,0.0,0.0,0.0,0.0,0.0,0.0,0.0,0.0,0.0,1,1,3.0,0.0,0.02,0.14,0.14,0.02,1.4271163556401458,True,0.0,0.0,0,0,0,0,0.0,0.0,1.0,0.0,0.0,0.0,0.0,0,0
36,2,sean longstaff|leeds,Sean Longstaff,Leeds,MID,0.0,0.0,0.0,0.0,0.24,0.0,0.0,0.0,0.0,0.0,0.0,0.0,0.0,0.0,0.0,0.0,1,1,9.5,0.0,0.02,0.2,0.2,0.02,1.4271163556401458,True,0.0,0.0,0,0,0,0,0.0,0.0,1.0,0.0,0.0,0.0,0.0,0,0
36,2,sebastiaan bornauw|leeds,Sebastiaan Bornauw,Leeds,DEF,0.0,0.0,0.0,0.0,0.24,0.0,0.0,0.0,0.0,0.0,0.0,0.0,0.0,0.0,0.0,0.0,1,1,11.3,0.0,0.02,0.2,0.2,0.02,1.4271163556401458,True,0.0,0.0,0,0,0,0,0.0,0.0,1.0,0.0,0.0,0.0,0.0,0,0
36,2,senne lammens|manchester united,Senne Lammens,Manchester United,GK,90.0,0.0,0.0,0.0,0.32,3.64135,0.0,2.0,0.0,0.0,1.28,0.766667,0.0,-0.06,0.0,-0.345317,1,1,0.0,2.3,0.01,0.03,0.03,0.01,1.1394342831883648,False,3.3814,2.40223521745894,1,2,6,7,0.0,0.0,0.5413,0.3079,0.1498,0.001,0.0,-3,11
36,2,sepp van den berg|brentford,Sepp van den Berg,Brentford,DEF,90.0,0.061621,0.033006,0.094627,0.1,2.576648,0.090287,2.0,0.369725,0.099017,0.4,0.0,0.731698,-0.12,0.0,-0.903793,1,1,9.1,0.0,0.02,0.06,0.06,0.02,2.3025850929940455,False,2.538,2.6859180925709554,0,1,3,6,0.0812,0.0038,0.6354,0.2705,0.0708,0.0201,0.0032,-4,23
36,2,shea lacey|manchester united,Shea Lacey,Manchester United,MID,0.0,0.0,0.0,0.0,0.32,0.0,0.0,0.0,0.0,0.0,0.0,0.0,0.0,0.0,0.0,0.0,1,1,3.0,0.0,0.01,0.1,0.1,0.01,1.1394342831883648,True,0.0,0.0,0,0,0,0,0.0,0.0,1.0,0.0,0.0,0.0,0.0,0,0
36,2,simon adingra|sunderland,Simon Adingra,Sunderland,MID,0.0,0.0,0.0,0.0,0.21,0.0,0.0,0.0,0.0,0.0,0.0,0.0,0.0,0.0,0.0,0.0,1,1,6.2,0.0,0.02,0.2,0.2,0.02,1.5606477482646683,True,0.0,0.0,0,0,0,0,0.0,0.0,1.0,0.0,0.0,0.0,0.0,0,0
36,2,solly march|brighton,Solly March,Brighton,MID,0.0,0.0,0.0,0.0,0.44,0.0,0.0,0.0,0.0,0.0,0.0,0.0,0.0,0.0,0.0,0.0,1,1,4.0,0.0,0.03,0.2,0.2,0.03,0.8209805520698302,True,0.0,0.0,0,0,0,0,0.0,0.0,1.0,0.0,0.0,0.0,0.0,0,0
36,2,soungoutou magassa|west ham,Soungoutou Magassa,West Ham,MID,0.0,0.0,0.0,0.0,0.16,0.0,0.0,0.0,0.0,0.0,0.0,0.0,0.0,0.0,0.0,0.0,1,1,2.0,0.0,0.02,0.33,0.33,0.02,1.8325814637483102,True,0.0,0.0,0,0,0,0,0.0,0.0,1.0,0.0,0.0,0.0,0.0,0,0
36,2,souza|tottenham,Souza,Tottenham,DEF,60.0,0.007574,0.07262,0.080195,0.27,2.747082,0.077063,2.0,0.045446,0.217861,1.08,0.0,0.0,-0.173333,0.0,-0.422892,1,1,1.0,0.0,0.02,0.2,0.2,0.02,1.3093333199837622,False,1.8995,2.49807921211478,0,0,2,6,0.0578,0.0028,0.779,0.1691,0.043,0.0085,0.0004,-3,21
36,2,stefan ortega moreno|nottingham forest,Stefan Ortega Moreno,Nottingham Forest,GK,90.0,0.0,0.0,0.0,0.25,3.484561,0.0,2.0,0.0,0.0,1.0,1.033333,0.0,-0.09,0.0,-0.458772,1,1,0.0,3.1,0.01,0.06,0.06,0.01,1.3862943611198906,False,3.2431,2.365375739708176,1,2,6,7,0.0,0.0,0.5261,0.3233,0.1485,0.0021,0.0,-4,12
36,2,stefanos tzimas|brighton,Stefanos Tzimas,Brighton,FWD,0.0,0.0,0.0,0.0,0.44,0.0,0.0,0.0,0.0,0.0,0.0,0.0,0.0,0.0,0.0,0.0,1,1,10.2,0.0,0.01,0.06,0.06,0.01,0.8209805520698302,True,0.0,0.0,0,0,0,0,0.0,0.0,1.0,0.0,0.0,0.0,0.0,0,0
36,2,sven botman|newcastle united,Sven Botman,Newcastle United,DEF,60.0,0.04348,0.031975,0.075455,0.27,3.05325,0.072678,2.0,0.260877,0.095925,1.08,0.0,0.119339,-0.08,0.0,-0.422892,1,1,8.9,0.0,0.02,0.06,0.06,0.02,1.3093333199837622,False,2.2816,2.8681529666320102,0,0,4,6,0.053,0.0023,0.7183,0.1895,0.0739,0.0154,0.0029,-3,21
36,2,sávio|manchester city,Sávio,Manchester City,MID,30.0,0.151996,0.033546,0.185542,0.6608,2.783951,0.169346,2.0,0.759981,0.100637,0.0,0.0,0.0,-0.076667,0.0,0.0,2,1,7.5,0.0,0.01,0.2,0.2,0.01,0.41430405677536863,False,1.1749,2.2575451246874336,0,0,1,4,0.1103,0.0133,0.8897,0.0539,0.0443,0.0116,0.0005,-2,22
36,2,taiwo awoniyi|nottingham forest,Taiwo Awoniyi,Nottingham Forest,FWD,30.0,0.304311,0.085622,0.389933,0.25,2.430776,0.322898,1.0,1.217242,0.256866,0.0,0.0,1e-06,-0.043333,0.0,0.0,1,1,5.5,0.0,0.01,0.1,0.1,0.01,1.3862943611198906,False,1.6377,2.749115987003822,0,0,1,6,0.1989,0.0425,0.8013,0.1314,0.0386,0.0253,0.0034,-2,20
36,2,tammy abraham|aston villa,Tammy Abraham,Aston Villa,FWD,15.0,0.157408,0.018905,0.176314,0.39,1.671349,0.161645,1.0,0.629633,0.056716,0.0,0.0,0.0,-0.015,0.0,0.0,1,1,3.5,0.0,0.01,0.06,0.06,0.01,0.941608539858445,False,1.1364,2.0462636780239247,0,0,1,5,0.1141,0.0141,0.8859,0.0808,0.0224,0.0097,0.0012,-2,19
36,2,tawanda chirewa|wolverhampton wanderers,Tawanda Chirewa,Wolverhampton Wanderers,MID,0.0,0.0,0.0,0.0,0.14,0.0,0.0,0.0,0.0,0.0,0.0,0.0,0.0,0.0,0.0,0.0,1,1,4.0,0.0,0.01,0.06,0.06,0.01,1.9661128563728327,True,0.0,0.0,0,0,0,0,0.0,0.0,1.0,0.0,0.0,0.0,0.0,0,0
36,2,thiago|brentford,Thiago,Brentford,FWD,90.0,0.403119,0.052339,0.455458,0.1,3.467519,0.365842,2.0,1.612477,0.157016,0.0,0.0,0.013466,-0.26,-0.05544,0.0,1,1,5.4,0.0,0.02,0.2,0.2,0.02,2.3025850929940455,False,3.6651,3.0586176599895585,1,2,6,8,0.3353,0.0637,0.6619,0.1527,0.128,0.0518,0.0056,-1,24
36,2,thierno barry|everton,Thierno Barry,Everton,FWD,30.0,0.125731,0.012489,0.13822,0.24,1.463724,0.129093,1.0,0.502924,0.037466,0.0,0.0,0.0,-0.076667,0.0,0.0,1,1,3.1,0.0,0.01,0.2,0.2,0.01,1.4271163556401458,False,0.8991,1.6327030317850213,0,0,1,1,0.0765,0.0071,0.9236,0.0587,0.0124,0.0052,0.0001,-2,16
36,2,tijjani reijnders|manchester city,Tijjani Reijnders,Manchester City,MID,30.0,0.080054,0.095881,0.175935,0.6608,2.634581,0.161328,2.0,0.40027,0.287644,0.0,0.0,0.0,-0.053333,0.0,0.0,2,1,5.6,0.0,0.02,0.1,0.1,0.02,0.41430405677536863,False,1.0064,1.8584291861677165,0,0,1,1,0.0976,0.0109,0.9028,0.0628,0.0283,0.0057,0.0004,-2,22
36,2,tim iroegbunam|everton,Tim Iroegbunam,Everton,MID,0.0,0.0,0.0,0.0,0.24,0.0,0.0,0.0,0.0,0.0,0.0,0.0,0.0,0.0,0.0,0.0,1,1,11.8,0.0,0.03,0.5,0.5,0.03,1.4271163556401458,True,0.0,0.0,0,0,0,0,0.0,0.0,1.0,0.0,0.0,0.0,0.0,0,0
36,2,timothy castagne|fulham,Timothy Castagne,Fulham,DEF,0.0,0.0,0.0,0.0,0.23,0.0,0.0,0.0,0.0,0.0,0.0,0.0,0.0,0.0,0.0,0.0,1,1,7.9,0.0,0.02,0.2,0.2,0.02,1.4696759700589417,True,0.0,0.0,0,0,0,0,0.0,0.0,1.0,0.0,0.0,0.0,0.0,0,0
36,2,tolu arokodare|wolverhampton wanderers,Tolu Arokodare,Wolverhampton Wanderers,FWD,60.0,0.179979,0.034424,0.214403,0.14,2.763191,0.192977,2.0,0.719917,0.103272,0.0,0.0,2e-06,-0.06,0.0,0.0,1,1,3.0,0.0,0.01,0.06,0.06,0.01,1.9661128563728327,False,2.0106,2.3882813150883213,0,0,2,6,0.1386,0.0174,0.8614,0.0605,0.0624,0.0146,0.0011,-1,21
36,2,tom cairney|fulham,Tom Cairney,Fulham,MID,0.0,0.0,0.0,0.0,0.23,0.0,0.0,0.0,0.0,0.0,0.0,0.0,0.0,0.0,0.0,0.0,1,1,7.2,0.0,0.02,0.5,0.5,0.02,1.4696759700589417,True,0.0,0.0,0,0,0,0,0.0,0.0,1.0,0.0,0.0,0.0,0.0,0,0
36,2,tom edozie|wolverhampton wanderers,Tom Edozie,Wolverhampton Wanderers,MID,0.0,0.0,0.0,0.0,0.14,0.0,0.0,0.0,0.0,0.0,0.0,0.0,0.0,0.0,0.0,0.0,1,1,2.0,0.0,0.01,0.14,0.14,0.01,1.9661128563728327,True,0.0,0.0,0,0,0,0,0.0,0.0,1.0,0.0,0.0,0.0,0.0,0,0
36,2,tom watson|brighton,Tom Watson,Brighton,FWD,0.0,0.0,0.0,0.0,0.44,0.0,0.0,0.0,0.0,0.0,0.0,0.0,0.0,0.0,0.0,0.0,1,1,0.0,0.0,0.01,0.03,0.03,0.01,0.8209805520698302,True,0.0,0.0,0,0,0,0,0.0,0.0,1.0,0.0,0.0,0.0,0.0,0,0
36,2,tomas soucek|west ham,Tomas Soucek,West Ham,MID,75.0,0.103392,0.02318,0.126572,0.16,2.727069,0.118889,2.0,0.516959,0.069541,0.16,0.0,0.147236,-0.166667,0.0,0.0,1,1,9.3,0.0,0.02,0.14,0.14,0.02,1.8325814637483102,False,2.6504,2.1418169482941347,1,2,3,6,0.1101,0.0063,0.7147,0.1979,0.0721,0.014,0.0013,-2,18
36,2,tosin adarabioyo|chelsea,Tosin Adarabioyo,Chelsea,DEF,15.0,0.000806,0.004433,0.005239,0.16,0.936397,0.005225,1.0,0.004834,0.013299,0.0,0.0,3.3e-05,-0.043333,0.0,-0.038436,1,1,11.3,0.0,0.02,0.2,0.2,0.02,1.8325814637483102,False,0.1637,0.6438185380990517,0,0,0,1,0.0035,0.0,0.9964,0.0033,0.0003,0.0,0.0,-4,8
36,2,toti|wolverhampton wanderers,Toti,Wolverhampton Wanderers,DEF,0.0,0.0,0.0,0.0,0.14,0.0,0.0,0.0,0.0,0.0,0.0,0.0,0.0,0.0,0.0,0.0,1,1,8.3,0.0,0.02,0.14,0.14,0.02,1.9661128563728327,True,0.0,0.0,0,0,0,0,0.0,0.0,1.0,0.0,0.0,0.0,0.0,0,0
36,2,trai hume|sunderland,Trai Hume,Sunderland,DEF,90.0,0.074762,0.099178,0.17394,0.21,2.804576,0.159652,2.0,0.44857,0.297534,0.84,0.0,0.14982,-0.39,0.0,-0.541349,1,1,6.2,0.0,0.02,0.33,0.33,0.02,1.5606477482646683,False,2.9162,3.029220619235251,0,1,5,7,0.1465,0.0095,0.6399,0.2402,0.0885,0.0278,0.0036,-3,21
36,2,trevoh chalobah|chelsea,Trevoh Chalobah,Chelsea,DEF,90.0,0.038557,0.018926,0.057483,0.16,2.827128,0.055862,2.0,0.231344,0.056777,0.64,0.0,0.731698,-0.16,0.0,-0.672691,1,1,9.1,0.0,0.02,0.1,0.1,0.02,1.8325814637483102,False,2.8309,2.6522264590339946,0,1,4,7,0.0532,0.0013,0.5931,0.3018,0.0879,0.0148,0.0024,-4,20
36,2,treymaurice nyoni|liverpool,Treymaurice Nyoni,Liverpool,MID,0.0,0.0,0.0,0.0,0.25,0.0,0.0,0.0,0.0,0.0,0.0,0.0,0.0,0.0,0.0,0.0,1,1,4.0,0.0,0.01,0.1,0.1,0.01,1.3862943611198906,True,0.0,0.0,0,0,0,0,0.0,0.0,1.0,0.0,0.0,0.0,0.0,0,0
36,2,tyler adams|bournemouth,Tyler Adams,Bournemouth,MID,75.0,0.030898,0.036487,0.067385,0.23,2.446245,0.065165,2.0,0.154488,0.109462,0.23,0.0,0.443961,-0.491667,0.0,0.0,1,1,11.6,0.0,0.03,0.5,0.5,0.03,1.4696759700589417,False,2.3463,1.7541312123099573,1,1,3,4,0.0594,0.0024,0.6594,0.3083,0.0259,0.0061,0.0003,-2,17
36,2,tyler dibling|everton,Tyler Dibling,Everton,MID,0.0,0.0,0.0,0.0,0.24,0.0,0.0,0.0,0.0,0.0,0.0,0.0,0.0,0.0,0.0,0.0,1,1,10.3,0.0,0.01,0.14,0.14,0.01,1.4271163556401458,True,0.0,0.0,0,0,0,0,0.0,0.0,1.0,0.0,0.0,0.0,0.0,0,0
36,2,tyler fletcher|manchester united,Tyler Fletcher,Manchester United,MID,0.0,0.0,0.0,0.0,0.32,0.0,0.0,0.0,0.0,0.0,0.0,0.0,0.0,0.0,0.0,0.0,1,1,3.0,0.0,0.01,0.1,0.1,0.01,1.1394342831883648,True,0.0,0.0,0,0,0,0,0.0,0.0,1.0,0.0,0.0,0.0,0.0,0,0
36,2,tyler fredricson|manchester united,Tyler Fredricson,Manchester United,DEF,0.0,0.0,0.0,0.0,0.32,0.0,0.0,0.0,0.0,0.0,0.0,0.0,0.0,0.0,0.0,0.0,1,1,4.0,0.0,0.02,0.14,0.14,0.02,1.1394342831883648,True,0.0,0.0,0,0,0,0,0.0,0.0,1.0,0.0,0.0,0.0,0.0,0,0
36,2,tyrell malacia|manchester united,Tyrell Malacia,Manchester United,DEF,0.0,0.0,0.0,0.0,0.32,0.0,0.0,0.0,0.0,0.0,0.0,0.0,0.0,0.0,0.0,0.0,1,1,0.0,0.0,0.02,0.03,0.03,0.02,1.1394342831883648,True,0.0,0.0,0,0,0,0,0.0,0.0,1.0,0.0,0.0,0.0,0.0,0,0
36,2,tyrick mitchell|crystal palace,Tyrick Mitchell,Crystal Palace,DEF,90.0,0.069325,0.140812,0.210137,0.3448,4.874363,0.189527,4.0,0.41595,0.422437,1.48,0.0,0.438057,-0.52,0.0,-1.362081,2,1,6.7,0.0,0.02,0.2,0.2,0.02,1.0647907401925991,False,3.9768,3.2732952448564734,1,1,6,8,0.1724,0.0173,0.5072,0.3115,0.1253,0.0491,0.0069,-3,30
36,2,tyrique george|everton,Tyrique George,Everton,FWD,15.0,0.03396,0.049565,0.083525,0.24,1.262869,0.080132,1.0,0.135842,0.148694,0.0,0.0,0.0,-0.021667,0.0,0.0,1,1,3.0,0.0,0.01,0.1,0.1,0.01,1.4271163556401458,False,0.7951,1.3001215289348915,0,0,1,1,0.0601,0.0036,0.9399,0.0499,0.0085,0.0017,0.0,-2,13
36,2,tyrone mings|aston villa,Tyrone Mings,Aston Villa,DEF,0.0,0.0,0.0,0.0,0.39,0.0,0.0,0.0,0.0,0.0,0.0,0.0,0.0,0.0,0.0,0.0,1,1,7.5,0.0,0.02,0.1,0.1,0.02,0.941608539858445,True,0.0,0.0,0,0,0,0,0.0,0.0,1.0,0.0,0.0,0.0,0.0,0,0
36,2,valentino livramento|newcastle united,Valentino Livramento,Newcastle United,DEF,0.0,0.0,0.0,0.0,0.27,0.0,0.0,0.0,0.0,0.0,0.0,0.0,0.0,0.0,0.0,0.0,1,1,5.0,0.0,0.01,0.06,0.06,0.01,1.3093333199837622,True,0.0,0.0,0,0,0,0,0.0,0.0,1.0,0.0,0.0,0.0,0.0,0,0
36,2,valentín castellanos|west ham,Valentín Castellanos,West Ham,FWD,75.0,0.14863,0.031788,0.180417,0.16,2.505687,0.165078,2.0,0.594518,0.095363,0.0,0.0,0.007472,-0.191667,0.0,0.0,1,1,6.0,0.0,0.01,0.2,0.2,0.01,1.8325814637483102,False,2.4605,2.016095173844727,1,1,2,6,0.1542,0.0134,0.8397,0.0899,0.0592,0.0111,0.0001,-2,16
36,2,veljko milosavljevic|bournemouth,Veljko Milosavljevic,Bournemouth,DEF,0.0,0.0,0.0,0.0,0.23,0.0,0.0,0.0,0.0,0.0,0.0,0.0,0.0,0.0,0.0,0.0,1,1,9.6,0.0,0.01,0.06,0.06,0.01,1.4696759700589417,True,0.0,0.0,0,0,0,0,0.0,0.0,1.0,0.0,0.0,0.0,0.0,0,0
36,2,victor lindelöf|aston villa,Victor Lindelöf,Aston Villa,DEF,0.0,0.0,0.0,0.0,0.39,0.0,0.0,0.0,0.0,0.0,0.0,0.0,0.0,0.0,0.0,0.0,1,1,5.7,0.0,0.02,0.14,0.14,0.02,0.941608539858445,True,0.0,0.0,0,0,0,0,0.0,0.0,1.0,0.0,0.0,0.0,0.0,0,0
36,2,viktor gyokeres|arsenal,Viktor Gyokeres,Arsenal,FWD,75.0,0.384244,0.068339,0.452583,0.46,3.537533,0.364017,2.0,1.536978,0.205017,0.0,0.0,3.8e-05,-0.191667,-0.012833,0.0,1,1,3.3,0.0,0.01,0.2,0.2,0.01,0.7765287894989963,False,3.5643,3.0913209975672213,1,2,6,8,0.3361,0.0649,0.6641,0.1637,0.1152,0.0508,0.0062,-2,25
36,2,virgil van dijk|liverpool,Virgil van Dijk,Liverpool,DEF,90.0,0.118056,0.015995,0.134051,0.25,3.960396,0.125455,2.0,0.708337,0.047985,1.0,0.0,0.832846,-0.17,0.0,-0.458772,1,1,9.5,0.0,0.01,0.14,0.14,0.01,1.3862943611198906,False,3.9274,3.3125110173401686,1,1,6,8,0.1107,0.0057,0.467,0.3286,0.1481,0.0456,0.0107,-3,23
36,2,vitalii mykolenko|everton,Vitalii Mykolenko,Everton,DEF,90.0,0.005871,0.026626,0.032497,0.24,2.55823,0.031974,2.0,0.035226,0.079877,0.96,0.0,0.251085,-0.29,0.0,-0.477958,1,1,6.9,0.0,0.03,0.2,0.2,0.03,1.4271163556401458,False,2.6001,2.4160670499801946,0,1,5,6,0.0277,0.0006,0.6797,0.2524,0.0636,0.0041,0.0002,-4,16
36,2,vitaly janelt|brentford,Vitaly Janelt,Brentford,MID,60.0,0.029222,0.073638,0.102861,0.1,2.253826,0.097747,2.0,0.146112,0.220914,0.1,0.0,0.160133,-0.373333,0.0,0.0,1,1,11.8,0.0,0.02,0.5,0.5,0.02,2.3025850929940455,False,1.7816,1.9701018856901793,0,0,2,4,0.0785,0.0042,0.7713,0.1919,0.0306,0.0062,0.0,-1,14
36,2,walter benítez|crystal palace,Walter Benítez,Crystal Palace,MID,0.0,0.0,0.0,0.0,0.3448,0.0,0.0,0.0,0.0,0.0,0.0,0.0,0.0,0.0,0.0,0.0,2,1,0.0,0.0,0.0,0.0,0.0,0.0,1.0647907401925991,True,0.0,0.0,0,0,0,0,0.0,0.0,1.0,0.0,0.0,0.0,0.0,0,0
36,2,wataru endo|liverpool,Wataru Endo,Liverpool,MID,0.0,0.0,0.0,0.0,0.25,0.0,0.0,0.0,0.0,0.0,0.0,0.0,0.0,0.0,0.0,0.0,1,1,12.2,0.0,0.02,0.33,0.33,0.02,1.3862943611198906,True,0.0,0.0,0,0,0,0,0.0,0.0,1.0,0.0,0.0,0.0,0.0,0,0
36,2,wesley fofana|chelsea,Wesley Fofana,Chelsea,DEF,15.0,0.004043,0.004882,0.008925,0.16,0.935509,0.008885,1.0,0.024257,0.014646,0.0,0.0,4.1e-05,-0.065,0.0,-0.038436,1,1,11.6,0.0,0.02,0.33,0.33,0.02,1.8325814637483102,False,0.1812,0.7674415678082599,0,0,0,1,0.0071,0.0,0.9917,0.0058,0.0022,0.0003,0.0,-4,10
36,2,wilfried gnonto|leeds,Wilfried Gnonto,Leeds,MID,0.0,0.0,0.0,0.0,0.24,0.0,0.0,0.0,0.0,0.0,0.0,0.0,0.0,0.0,0.0,0.0,1,1,9.5,0.0,0.02,0.33,0.33,0.02,1.4271163556401458,True,0.0,0.0,0,0,0,0,0.0,0.0,1.0,0.0,0.0,0.0,0.0,0,0
36,2,will hughes|crystal palace,Will Hughes,Crystal Palace,MID,90.0,0.073269,0.095331,0.1686,0.3448,4.325019,0.155153,4.0,0.366344,0.285993,0.37,0.0,0.049348,-0.746667,0.0,0.0,2,1,8.8,0.0,0.02,0.5,0.5,0.02,1.0647907401925991,False,2.7681,2.1066851663217263,1,2,3,6,0.1368,0.0111,0.624,0.3041,0.0552,0.016,0.0007,-1,19
36,2,william osula|newcastle united,William Osula,Newcastle United,FWD,15.0,0.050273,0.004796,0.05507,0.27,1.200482,0.053581,1.0,0.201093,0.014389,0.0,0.0,0.0,-0.015,0.0,0.0,1,1,3.0,0.0,0.01,0.06,0.06,0.01,1.3093333199837622,False,0.7394,1.2017019763651886,0,0,1,1,0.0401,0.0017,0.9599,0.0314,0.0075,0.0011,0.0001,-2,15
36,2,william saliba|arsenal,William Saliba,Arsenal,DEF,90.0,0.059867,0.01899,0.078858,0.46,4.107411,0.075829,2.0,0.359204,0.056971,1.84,0.0,0.1624,-0.12,0.0,-0.191164,1,1,6.3,0.0,0.02,0.06,0.06,0.02,0.7765287894989963,False,4.224,2.902623640777426,1,2,6,7,0.0632,0.0024,0.4668,0.3613,0.1383,0.0304,0.0032,-3,21
36,2,wilson isidor|sunderland,Wilson Isidor,Sunderland,FWD,30.0,0.208012,0.007638,0.21565,0.21,1.824962,0.193983,1.0,0.832049,0.022914,0.0,0.0,0.0,-0.03,0.0,0.0,1,1,3.8,0.0,0.01,0.06,0.06,0.01,1.5606477482646683,False,1.2067,2.1431694076763974,0,0,1,5,0.1252,0.0161,0.8751,0.0867,0.0253,0.012,0.0009,-2,24
36,2,wilson odobert|tottenham,Wilson Odobert,Tottenham,MID,15.0,0.034336,0.035762,0.070098,0.27,1.263966,0.067697,1.0,0.171681,0.107285,0.0,0.0,0.0,-0.015,0.0,0.0,1,1,4.0,0.0,0.01,0.06,0.06,0.01,1.3093333199837622,False,0.7813,1.3009497722817742,0,0,1,1,0.0503,0.0018,0.9497,0.0343,0.0152,0.0008,0.0,-2,13
36,2,xavi simons|tottenham,Xavi Simons,Tottenham,MID,0.0,0.0,0.0,0.0,0.27,0.0,0.0,0.0,0.0,0.0,0.0,0.0,0.0,0.0,0.0,0.0,1,1,7.8,0.0,0.01,0.33,0.33,0.01,1.3093333199837622,True,0.0,0.0,0,0,0,0,0.0,0.0,1.0,0.0,0.0,0.0,0.0,0,0
36,2,yankuba minteh|brighton,Yankuba Minteh,Brighton,MID,60.0,0.123581,0.238891,0.362472,0.44,3.738421,0.304046,2.0,0.617906,0.716674,0.44,0.0,0.003842,-0.04,0.0,0.0,1,1,6.9,0.0,0.01,0.03,0.03,0.01,0.8209805520698302,False,2.777,3.0774455316057177,0,0,3,7,0.223,0.0451,0.5794,0.2976,0.0822,0.0359,0.0049,-1,24
36,2,yasin ayari|brighton,Yasin Ayari,Brighton,MID,15.0,0.021384,0.010753,0.032137,0.44,1.119178,0.031626,1.0,0.106918,0.03226,0.0,0.0,0.0,-0.02,0.0,0.0,1,1,10.6,0.0,0.02,0.06,0.06,0.02,0.8209805520698302,False,0.672,1.040584451161942,0,0,1,1,0.0249,0.0006,0.975,0.0145,0.0101,0.0004,0.0,-2,14
36,2,yehor yarmolyuk|brentford,Yehor Yarmolyuk,Brentford,MID,0.0,0.0,0.0,0.0,0.1,0.0,0.0,0.0,0.0,0.0,0.0,0.0,0.0,0.0,0.0,0.0,1,1,11.3,0.0,0.01,0.33,0.33,0.01,2.3025850929940455,True,0.0,0.0,0,0,0,0,0.0,0.0,1.0,0.0,0.0,0.0,0.0,0,0
36,2,yeremi pino|crystal palace,Yeremi Pino,Crystal Palace,MID,90.0,0.216565,0.32402,0.540585,0.3448,6.12355,0.417593,4.0,1.082825,0.972061,0.37,0.0,0.005331,-0.306667,0.0,0.0,2,1,6.6,0.0,0.01,0.2,0.2,0.01,1.0647907401925991,False,4.273,3.2464859463734013,2,2,6,9,0.381,0.0825,0.4373,0.344,0.1418,0.0651,0.0118,-1,26
36,2,yerson mosquera|wolverhampton wanderers,Yerson Mosquera,Wolverhampton Wanderers,DEF,90.0,0.066483,0.050043,0.116527,0.14,2.487677,0.109994,2.0,0.398901,0.15013,0.56,0.0,0.706603,-0.59,0.0,-0.737956,1,1,9.0,0.0,0.03,0.5,0.5,0.03,1.9661128563728327,False,2.5188,2.8864591734510983,0,1,4,7,0.098,0.0039,0.6382,0.2526,0.0828,0.0241,0.0023,-4,23
36,2,yoane wissa|newcastle united,Yoane Wissa,Newcastle United,FWD,15.0,0.072013,0.004796,0.076809,0.27,1.280774,0.073934,1.0,0.288052,0.014389,0.0,0.0,0.0,-0.021667,0.0,0.0,1,1,3.8,0.0,0.01,0.1,0.1,0.01,1.3093333199837622,False,0.7915,1.356255046073562,0,0,1,1,0.0526,0.0026,0.9474,0.0403,0.0107,0.0015,0.0001,-2,16
36,2,youri tielemans|aston villa,Youri Tielemans,Aston Villa,MID,90.0,0.121256,0.159198,0.280454,0.39,3.769356,0.244559,2.0,0.60628,0.477593,0.39,0.0,0.430883,-0.12,-0.0154,0.0,1,1,9.6,0.0,0.02,0.06,0.06,0.02,0.941608539858445,False,3.7257,2.544063582145698,2,2,5,8,0.2181,0.0267,0.4178,0.4464,0.0954,0.0362,0.0042,-1,19
36,2,yves bissouma|tottenham,Yves Bissouma,Tottenham,MID,30.0,0.009412,0.00143,0.010842,0.27,0.924186,0.010783,1.0,0.047058,0.00429,0.0,0.0,0.002838,-0.13,0.0,0.0,1,1,13.3,0.0,0.02,0.33,0.33,0.02,1.3093333199837622,False,0.5163,0.7546749697717554,0,0,1,1,0.0059,0.0002,0.9858,0.0114,0.0026,0.0002,0.0,-2,14
36,2,zach abbott|nottingham forest,Zach Abbott,Nottingham Forest,DEF,0.0,0.0,0.0,0.0,0.25,0.0,0.0,0.0,0.0,0.0,0.0,0.0,0.0,0.0,0.0,0.0,1,1,3.0,0.0,0.02,0.1,0.1,0.02,1.3862943611198906,True,0.0,0.0,0,0,0,0,0.0,0.0,1.0,0.0,0.0,0.0,0.0,0,0
36,2,zian flemming|burnley,Zian Flemming,Burnley,FWD,15.0,0.097008,0.005714,0.102721,0.18,1.340039,0.097622,1.0,0.388032,0.017141,0.0,0.0,0.0,-0.06,-0.005133,0.0,1,1,4.9,0.0,0.01,0.33,0.33,0.01,1.7147984280919266,False,0.8851,1.6207708011930622,0,0,1,1,0.0736,0.007,0.9264,0.0551,0.0132,0.0051,0.0002,-2,16
37,3,aaron hickey|brentford,Aaron Hickey,Brentford,DEF,75.0,0.043011,0.046424,0.089435,0.28,2.985989,0.085552,2.0,0.258065,0.139273,1.12,0.0,0.0664,-0.191667,0.0,-0.406083,1,1,6.4,0.0,0.01,0.2,0.2,0.01,1.2729656758128873,False,2.8688,2.844079211273835,0,1,6,7,0.0829,0.0032,0.6678,0.2267,0.0822,0.021,0.0023,-4,24
37,3,aaron ramsdale|newcastle united,Aaron Ramsdale,Newcastle United,GK,0.0,0.0,0.0,0.0,0.33,0.0,0.0,0.0,0.0,0.0,0.0,0.0,0.0,0.0,0.0,0.0,1,1,0.0,0.0,0.01,0.03,0.03,0.01,1.1086626245216111,True,0.0,0.0,0,0,0,0,0.0,0.0,1.0,0.0,0.0,0.0,0.0,0,0
37,3,aaron wan-bissaka|west ham,Aaron Wan-Bissaka,West Ham,DEF,90.0,0.0,0.044961,0.044961,0.15,2.254358,0.043965,2.0,0.0,0.134882,0.6,0.0,0.423661,-0.2,0.0,-0.704185,1,1,7.8,0.0,0.02,0.14,0.14,0.02,1.8971199848858813,False,2.2907,2.2886226228891475,0,1,3,6,0.0399,0.0009,0.7004,0.239,0.0566,0.0039,0.0001,-4,15
37,3,abduqodir khusanov|manchester city,Abduqodir Khusanov,Manchester City,DEF,75.0,0.021562,0.022363,0.043925,0.26,2.847382,0.042974,2.0,0.129373,0.067088,1.04,0.0,0.268025,-0.216667,0.0,-0.440437,1,1,8.4,0.0,0.02,0.2,0.2,0.02,1.3470736479666092,False,2.6788,2.628503482972773,0,1,4,6,0.0361,0.001,0.6579,0.2478,0.082,0.0116,0.0007,-4,17
37,3,adam armstrong|wolverhampton wanderers,Adam Armstrong,Wolverhampton Wanderers,FWD,60.0,0.076,0.088389,0.164389,0.25,2.509195,0.151588,2.0,0.304,0.265166,0.0,0.0,2.8e-05,-0.06,0.0,0.0,1,1,4.0,0.0,0.01,0.06,0.06,0.01,1.3862943611198906,False,1.8196,1.9941554202218041,0,0,2,5,0.1164,0.0117,0.8837,0.076,0.0332,0.0068,0.0003,-1,17
37,3,adam smith|bournemouth,Adam Smith,Bournemouth,DEF,15.0,0.0,0.010457,0.010457,0.15,0.947113,0.010403,1.0,0.0,0.031372,0.0,0.0,0.0,-0.043333,0.0,-0.040926,1,1,5.1,0.0,0.02,0.2,0.2,0.02,1.8971199848858813,False,0.1635,0.6669091017522553,0,0,0,1,0.0083,0.0001,0.9927,0.0072,0.0001,0.0,0.0,-4,7
37,3,adam wharton|crystal palace,Adam Wharton,Crystal Palace,MID,75.0,0.034028,0.185919,0.219947,0.2,2.858129,0.197439,2.0,0.17014,0.557758,0.2,0.0,0.280231,-0.35,0.0,0.0,1,1,10.5,0.0,0.03,0.33,0.33,0.03,1.6094379124341003,False,2.836,2.1557606546182253,1,1,4,6,0.1913,0.0188,0.6144,0.3138,0.057,0.014,0.0008,-2,16
37,3,adama traoré|west ham,Adama Traoré,West Ham,MID,15.0,0.017449,0.023278,0.040727,0.15,1.09208,0.039909,1.0,0.087246,0.069834,0.0,0.0,0.0,-0.065,0.0,0.0,1,1,4.4,0.0,0.02,0.33,0.33,0.02,1.8971199848858813,False,0.6341,1.0248010489846309,0,0,1,1,0.028,0.0011,0.972,0.0208,0.0066,0.0006,0.0,-2,12
37,3,adrien truffert|bournemouth,Adrien Truffert,Bournemouth,DEF,90.0,0.032788,0.096506,0.129295,0.15,2.781844,0.121285,2.0,0.19673,0.289519,0.6,0.0,0.559779,-0.16,0.0,-0.704185,1,1,8.4,0.0,0.02,0.1,0.1,0.02,1.8971199848858813,False,2.7403,2.6688679079339988,0,1,4,6,0.1061,0.0047,0.6252,0.2782,0.076,0.0186,0.002,-4,20
37,3,alejandro garnacho|chelsea,Alejandro Garnacho,Chelsea,MID,15.0,0.056459,0.066131,0.12259,0.34,1.454021,0.115374,1.0,0.282296,0.198392,0.0,0.0,0.0,-0.026667,0.0,0.0,1,1,4.9,0.0,0.02,0.1,0.1,0.02,1.0788096613719298,False,0.9649,1.7491906671372333,0,0,1,1,0.0886,0.0083,0.9114,0.0601,0.0236,0.0042,0.0007,-2,19
37,3,alejandro jiménez|bournemouth,Alejandro Jiménez,Bournemouth,DEF,90.0,0.039344,0.070535,0.109879,0.15,1.840838,0.104058,2.0,0.236066,0.211605,0.6,0.0,0.087352,-0.59,0.0,-0.704185,1,1,5.6,0.0,0.03,0.5,0.5,0.03,1.8971199848858813,False,1.9308,2.5720441986871068,0,0,2,6,0.0895,0.0044,0.7618,0.1785,0.0466,0.0126,0.0005,-4,18
37,3,alex iwobi|fulham,Alex Iwobi,Fulham,MID,90.0,0.059497,0.138369,0.197866,0.34,2.97777,0.17952,2.0,0.297483,0.415108,0.34,0.0,0.05518,-0.13,0.0,0.0,1,1,6.6,0.0,0.01,0.1,0.1,0.01,1.0788096613719298,False,3.0103,1.9529449326593928,2,2,3,6,0.1627,0.0145,0.5672,0.3581,0.0612,0.0126,0.0009,-1,18
37,3,alex murphy|newcastle united,Alex Murphy,Newcastle United,DEF,0.0,0.0,0.0,0.0,0.33,0.0,0.0,0.0,0.0,0.0,0.0,0.0,0.0,0.0,0.0,0.0,1,1,4.0,0.0,0.01,0.06,0.06,0.01,1.1086626245216111,True,0.0,0.0,0,0,0,0,0.0,0.0,1.0,0.0,0.0,0.0,0.0,0,0
37,3,alex scott|bournemouth,Alex Scott,Bournemouth,MID,90.0,0.096855,0.101146,0.198002,0.15,3.717234,0.179631,2.0,0.484277,0.303439,0.15,0.0,0.939519,-0.16,0.0,0.0,1,1,11.9,0.0,0.02,0.1,0.1,0.02,1.8971199848858813,False,3.6425,2.3868166561342745,2,2,4,7,0.1628,0.013,0.4608,0.4221,0.0817,0.0327,0.0027,-1,22
37,3,alex tóth|bournemouth,Alex Tóth,Bournemouth,MID,0.0,0.0,0.0,0.0,0.15,0.0,0.0,0.0,0.0,0.0,0.0,0.0,0.0,0.0,0.0,0.0,1,1,0.0,0.0,0.01,0.06,0.06,0.01,1.8971199848858813,True,0.0,0.0,0,0,0,0,0.0,0.0,1.0,0.0,0.0,0.0,0.0,0,0
37,3,alexander isak|liverpool,Alexander Isak,Liverpool,FWD,75.0,0.332238,0.067305,0.399543,0.25,3.456102,0.329374,2.0,1.328953,0.201916,0.0,0.0,0.000234,-0.075,0.0,0.0,1,1,4.0,0.0,0.01,0.06,0.06,0.01,1.3862943611198906,False,3.477,2.922237327802107,1,2,6,7,0.306,0.0563,0.6943,0.1433,0.1125,0.0433,0.0066,-2,21
37,3,alexis mac allister|liverpool,Alexis Mac Allister,Liverpool,MID,75.0,0.106908,0.043675,0.150583,0.25,2.7447,0.139794,2.0,0.534541,0.131024,0.25,0.0,0.045802,-0.216667,0.0,0.0,1,1,7.7,0.0,0.02,0.2,0.2,0.02,1.3862943611198906,False,2.6122,2.1482577033493913,1,2,3,6,0.1251,0.0081,0.7062,0.2055,0.0718,0.0155,0.001,-2,17
37,3,alisson|liverpool,Alisson,Liverpool,GK,0.0,0.0,0.0,0.0,0.25,0.0,0.0,0.0,0.0,0.0,0.0,0.0,0.0,0.0,0.0,0.0,1,1,0.0,2.1,0.01,0.03,0.03,0.01,1.3862943611198906,True,0.0,0.0,0,0,0,0,0.0,0.0,1.0,0.0,0.0,0.0,0.0,0,0
37,3,alphonse areola|west ham,Alphonse Areola,West Ham,GK,0.0,0.0,0.0,0.0,0.15,0.0,0.0,0.0,0.0,0.0,0.0,0.0,0.0,0.0,0.0,0.0,1,1,0.0,3.8,0.01,0.03,0.03,0.01,1.8971199848858813,True,0.0,0.0,0,0,0,0,0.0,0.0,1.0,0.0,0.0,0.0,0.0,0,0
37,3,altay bayindir|manchester united,Altay Bayindir,Manchester United,GK,0.0,0.0,0.0,0.0,0.36,0.0,0.0,0.0,0.0,0.0,0.0,0.0,0.0,0.0,0.0,0.0,1,1,0.0,0.0,0.01,0.03,0.03,0.01,1.0216512475319814,True,0.0,0.0,0,0,0,0,0.0,0.0,1.0,0.0,0.0,0.0,0.0,0,0
37,3,alysson edward|aston villa,Alysson Edward,Aston Villa,FWD,0.0,0.0,0.0,0.0,0.2,0.0,0.0,0.0,0.0,0.0,0.0,0.0,0.0,0.0,0.0,0.0,1,1,0.0,0.0,0.01,0.06,0.06,0.01,1.6094379124341003,True,0.0,0.0,0,0,0,0,0.0,0.0,1.0,0.0,0.0,0.0,0.0,0,0
37,3,amad diallo traore|manchester united,Amad Diallo Traore,Manchester United,MID,30.0,0.070948,0.066325,0.137274,0.36,1.510409,0.128268,1.0,0.354741,0.198976,0.0,0.0,2.5e-05,-0.043333,0.0,0.0,1,1,7.9,0.0,0.01,0.1,0.1,0.01,1.0216512475319814,False,0.9549,1.7308570102697682,0,0,1,1,0.0824,0.007,0.9172,0.0518,0.0261,0.0047,0.0002,-2,19
37,3,amadou onana|aston villa,Amadou Onana,Aston Villa,MID,75.0,0.092306,0.023318,0.115624,0.2,3.058685,0.10919,2.0,0.461529,0.069955,0.2,0.0,0.460535,-0.133333,0.0,0.0,1,1,11.7,0.0,0.02,0.1,0.1,0.02,1.6094379124341003,False,2.9397,2.2096750688732496,1,2,4,5,0.1026,0.0049,0.6058,0.3114,0.06,0.0213,0.0015,-2,20
37,3,amine adli|bournemouth,Amine Adli,Bournemouth,MID,15.0,0.034116,0.016291,0.050407,0.15,1.181121,0.049158,1.0,0.17058,0.048874,0.0,0.0,0.0,-0.038333,0.0,0.0,1,1,10.4,0.0,0.01,0.2,0.2,0.01,1.8971199848858813,False,0.7106,1.197433772698933,0,0,1,1,0.0352,0.0014,0.9647,0.0226,0.0118,0.0009,0.0,-2,13
37,3,andrew robertson|liverpool,Andrew Robertson,Liverpool,DEF,15.0,0.014604,0.01543,0.030034,0.25,1.084232,0.029587,1.0,0.087624,0.046289,0.0,0.0,0.0,-0.026667,0.0,-0.023015,1,1,4.7,0.0,0.02,0.1,0.1,0.02,1.3862943611198906,False,0.3948,1.0064457064342816,0,0,1,1,0.0221,0.0007,0.9783,0.0133,0.0076,0.0006,0.0002,-4,16
37,3,andrey santos|chelsea,Andrey Santos,Chelsea,MID,60.0,0.087947,0.041566,0.129513,0.34,2.692667,0.121477,2.0,0.439737,0.124697,0.34,0.0,0.048233,-0.26,0.0,0.0,1,1,9.7,0.0,0.02,0.33,0.33,0.02,1.0788096613719298,False,2.0082,2.309963800582165,0,0,3,5,0.0912,0.0062,0.7236,0.2115,0.0501,0.0132,0.0016,-1,19
37,3,andrés garcía|aston villa,Andrés García,Aston Villa,DEF,0.0,0.0,0.0,0.0,0.2,0.0,0.0,0.0,0.0,0.0,0.0,0.0,0.0,0.0,0.0,0.0,1,1,0.0,0.0,0.01,0.06,0.06,0.01,1.6094379124341003,True,0.0,0.0,0,0,0,0,0.0,0.0,1.0,0.0,0.0,0.0,0.0,0,0
37,3,andré|wolverhampton wanderers,André,Wolverhampton Wanderers,MID,75.0,0.014692,0.031833,0.046525,0.25,2.55324,0.045459,2.0,0.073459,0.0955,0.25,0.0,0.600948,-0.466667,0.0,0.0,1,1,12.5,0.0,0.02,0.5,0.5,0.02,1.3862943611198906,False,2.4365,1.6610140727880662,1,1,3,4,0.043,0.0013,0.608,0.3694,0.0183,0.0041,0.0002,-2,17
37,3,andy irving|west ham,Andy Irving,West Ham,MID,0.0,0.0,0.0,0.0,0.15,0.0,0.0,0.0,0.0,0.0,0.0,0.0,0.0,0.0,0.0,0.0,1,1,12.7,0.0,0.01,0.14,0.14,0.01,1.8971199848858813,True,0.0,0.0,0,0,0,0,0.0,0.0,1.0,0.0,0.0,0.0,0.0,0,0
37,3,angel gomes|wolverhampton wanderers,Angel Gomes,Wolverhampton Wanderers,MID,60.0,0.023026,0.035618,0.058644,0.25,2.318679,0.056958,2.0,0.115129,0.106855,0.25,0.0,2.8e-05,-0.153333,0.0,0.0,1,1,4.0,0.0,0.01,0.2,0.2,0.01,1.3862943611198906,False,1.5504,1.5220577650010525,0,0,2,3,0.0392,0.0009,0.8322,0.1493,0.0165,0.002,0.0,-1,14
37,3,angus gunn|nottingham forest,Angus Gunn,Nottingham Forest,GK,0.0,0.0,0.0,0.0,0.18,0.0,0.0,0.0,0.0,0.0,0.0,0.0,0.0,0.0,0.0,0.0,1,1,0.0,0.0,0.01,0.06,0.06,0.01,1.7147984280919266,True,0.0,0.0,0,0,0,0,0.0,0.0,1.0,0.0,0.0,0.0,0.0,0,0
37,3,anthony elanga|newcastle united,Anthony Elanga,Newcastle United,MID,60.0,0.068295,0.111108,0.179404,0.33,2.944812,0.164232,2.0,0.341477,0.333325,0.33,0.0,1e-05,-0.06,0.0,0.0,1,1,3.6,0.0,0.01,0.06,0.06,0.01,1.1086626245216111,False,2.072,2.252646443630247,0,0,3,5,0.1228,0.0101,0.7142,0.2233,0.0508,0.0109,0.0008,-1,18
37,3,anthony gordon|newcastle united,Anthony Gordon,Newcastle United,MID,75.0,0.348644,0.188487,0.537132,0.33,4.406316,0.415578,2.0,1.743221,0.565462,0.33,0.0,0.000365,-0.191667,-0.041067,0.0,1,1,4.2,0.0,0.01,0.2,0.2,0.01,1.1086626245216111,False,4.4237,3.8371836429860897,1,2,7,10,0.387,0.0917,0.48,0.2455,0.1737,0.0778,0.023,-2,33
37,3,antoine semenyo|manchester city,Antoine Semenyo,Manchester City,MID,90.0,0.288613,0.0842,0.372814,0.26,3.893372,0.311207,2.0,1.443067,0.252601,0.26,0.0,0.103863,-0.16,-0.00616,0.0,1,1,7.3,0.0,0.02,0.1,0.1,0.02,1.3470736479666092,False,3.9813,3.2589492647170806,2,2,6,9,0.2814,0.0465,0.527,0.2454,0.1629,0.0521,0.0126,-1,27
37,3,anton stach|leeds,Anton Stach,Leeds,MID,90.0,0.06545,0.196431,0.261881,0.25,3.520493,0.230397,2.0,0.327248,0.589293,0.25,0.0,0.553952,-0.2,0.0,0.0,1,1,10.2,0.0,0.02,0.14,0.14,0.02,1.3862943611198906,False,3.4964,2.324346583450928,2,2,5,7,0.21,0.0231,0.4885,0.4023,0.0811,0.0263,0.0018,-1,18
37,3,antonee robinson|fulham,Antonee Robinson,Fulham,DEF,90.0,0.00605,0.061236,0.067286,0.34,3.483337,0.065072,2.0,0.036298,0.183708,1.36,0.0,0.381636,-0.16,0.0,-0.318305,1,1,7.6,0.0,0.02,0.1,0.1,0.02,1.0788096613719298,False,3.5461,2.6764294853404973,1,1,6,7,0.0566,0.0022,0.5366,0.3304,0.1175,0.0148,0.0007,-3,19
37,3,antoni milambo|brentford,Antoni Milambo,Brentford,MID,0.0,0.0,0.0,0.0,0.28,0.0,0.0,0.0,0.0,0.0,0.0,0.0,0.0,0.0,0.0,0.0,1,1,0.0,0.0,0.02,0.03,0.03,0.02,1.2729656758128873,True,0.0,0.0,0,0,0,0,0.0,0.0,1.0,0.0,0.0,0.0,0.0,0,0
37,3,ao tanaka|leeds,Ao Tanaka,Leeds,MID,60.0,0.056601,0.062592,0.119193,0.25,2.676942,0.112364,2.0,0.283007,0.187775,0.25,0.0,0.062826,-0.106667,0.0,0.0,1,1,10.1,0.0,0.02,0.1,0.1,0.02,1.3862943611198906,False,1.9636,2.1249647150011692,0,0,3,5,0.0833,0.0052,0.7418,0.206,0.043,0.0085,0.0007,-1,19
37,3,archie gray|tottenham,Archie Gray,Tottenham,MID,75.0,0.046641,0.083052,0.129693,0.12,2.3464,0.121635,2.0,0.233205,0.249155,0.12,0.0,0.06904,-0.325,0.0,0.0,1,1,8.2,0.0,0.02,0.33,0.33,0.02,2.120263536200091,False,2.2762,1.8412261023567964,1,1,2,5,0.1141,0.0088,0.7905,0.1605,0.0405,0.0078,0.0007,-2,21
37,3,armando broja|burnley,Armando Broja,Burnley,FWD,60.0,0.050068,0.017901,0.067969,0.07,2.214083,0.065711,2.0,0.200274,0.053702,0.0,0.0,0.000108,-0.04,0.0,0.0,1,1,4.6,0.0,0.01,0.03,0.03,0.01,2.659260036932778,False,1.5159,1.4995156518022743,0,0,2,2,0.0469,0.0023,0.9529,0.0271,0.0181,0.0019,0.0,-1,13
37,3,arnaud kalimuendo muinga|nottingham forest,Arnaud Kalimuendo Muinga,Nottingham Forest,FWD,0.0,0.0,0.0,0.0,0.18,0.0,0.0,0.0,0.0,0.0,0.0,0.0,0.0,0.0,0.0,0.0,1,1,3.0,0.0,0.01,0.1,0.1,0.01,1.7147984280919266,True,0.0,0.0,0,0,0,0,0.0,0.0,1.0,0.0,0.0,0.0,0.0,0,0
37,3,arthur masuaku|sunderland,Arthur Masuaku,Sunderland,FWD,0.0,0.0,0.0,0.0,0.24,0.0,0.0,0.0,0.0,0.0,0.0,0.0,0.0,0.0,0.0,0.0,1,1,1.0,0.0,0.02,0.2,0.2,0.02,1.4271163556401458,True,0.0,0.0,0,0,0,0,0.0,0.0,1.0,0.0,0.0,0.0,0.0,0,0
37,3,ashley barnes|burnley,Ashley Barnes,Burnley,FWD,15.0,0.038646,0.0,0.038646,0.07,1.115223,0.037909,1.0,0.154583,0.0,0.0,0.0,0.0,-0.038333,-0.001027,0.0,1,1,5.0,0.0,0.01,0.2,0.2,0.01,2.659260036932778,False,0.6484,0.9784566623003801,0,0,1,1,0.0251,0.0004,0.9749,0.0204,0.0044,0.0002,0.0001,-2,16
37,3,axel disasi|west ham,Axel Disasi,West Ham,DEF,90.0,0.076476,0.000189,0.076664,0.15,2.287635,0.073799,2.0,0.458855,0.000566,0.6,0.0,0.1624,-0.23,0.0,-0.704185,1,1,6.3,0.0,0.03,0.14,0.14,0.03,1.8971199848858813,False,2.3485,2.7808358006182243,0,1,2,6,0.0656,0.0023,0.7527,0.1543,0.0729,0.0177,0.0024,-4,29
37,3,axel tuanzebe|burnley,Axel Tuanzebe,Burnley,DEF,75.0,0.015966,0.0,0.015966,0.07,1.592452,0.015839,2.0,0.095794,0.0,0.28,0.0,0.430846,-0.133333,0.0,-1.080855,1,1,9.4,0.0,0.02,0.1,0.1,0.02,2.659260036932778,False,1.4614,2.116768773390235,-1,0,2,4,0.0132,0.0001,0.7913,0.1722,0.0323,0.0038,0.0004,-5,19
37,3,ayden heaven|manchester united,Ayden Heaven,Manchester United,DEF,15.0,0.003239,0.006071,0.00931,0.36,0.981342,0.009266,1.0,0.019434,0.018212,0.0,0.0,1.3e-05,-0.043333,0.0,-0.012982,1,1,10.1,0.0,0.02,0.2,0.2,0.02,1.0216512475319814,False,0.3797,0.6559938338124833,0,0,1,1,0.0058,0.0,0.9939,0.0045,0.0016,0.0,0.0,-3,9
37,3,bafode diakite|bournemouth,Bafode Diakite,Bournemouth,DEF,0.0,0.0,0.0,0.0,0.15,0.0,0.0,0.0,0.0,0.0,0.0,0.0,0.0,0.0,0.0,0.0,1,1,8.3,0.0,0.02,0.1,0.1,0.02,1.8971199848858813,True,0.0,0.0,0,0,0,0,0.0,0.0,1.0,0.0,0.0,0.0,0.0,0,0
37,3,bart verbruggen|brighton,Bart Verbruggen,Brighton,GK,90.0,0.0,0.000895,0.000895,0.27,3.503127,0.000895,2.0,0.0,0.002685,1.08,0.933333,0.0,-0.09,0.0,-0.422892,1,1,0.0,2.8,0.01,0.06,0.06,0.01,1.3093333199837622,False,3.2177,2.3816185063943385,1,2,6,7,0.001,0.0,0.5474,0.3046,0.145,0.003,0.0,-3,11
37,3,bashir humphreys|burnley,Bashir Humphreys,Burnley,DEF,15.0,0.001781,0.003507,0.005288,0.07,0.853239,0.005274,1.0,0.010685,0.010521,0.0,0.0,3e-06,-0.093333,0.0,-0.074637,1,1,8.5,0.0,0.02,0.5,0.5,0.02,2.659260036932778,False,-0.0985,0.7743369744497547,-1,0,0,1,0.0041,0.0,0.9962,0.0031,0.0007,0.0,0.0,-4,9
37,3,ben davies|tottenham,Ben Davies,Tottenham,DEF,0.0,0.0,0.0,0.0,0.12,0.0,0.0,0.0,0.0,0.0,0.0,0.0,0.0,0.0,0.0,0.0,1,1,9.3,0.0,0.02,0.2,0.2,0.02,2.120263536200091,True,0.0,0.0,0,0,0,0,0.0,0.0,1.0,0.0,0.0,0.0,0.0,0,0
37,3,ben doak|bournemouth,Ben Doak,Bournemouth,FWD,0.0,0.0,0.0,0.0,0.15,0.0,0.0,0.0,0.0,0.0,0.0,0.0,0.0,0.0,0.0,0.0,1,1,0.0,0.0,0.01,0.06,0.06,0.01,1.8971199848858813,True,0.0,0.0,0,0,0,0,0.0,0.0,1.0,0.0,0.0,0.0,0.0,0,0
37,3,ben white|arsenal,Ben White,Arsenal,DEF,15.0,0.014824,0.058264,0.073088,0.63,1.24092,0.070481,1.0,0.088946,0.174792,0.0,0.0,1e-06,-0.02,0.0,-0.002818,1,1,7.9,0.0,0.02,0.06,0.06,0.02,0.4620354595965587,False,0.7247,1.2863552814055688,0,0,1,1,0.0505,0.0032,0.9497,0.0354,0.0124,0.0023,0.0002,-3,16
37,3,ben winterburn|bournemouth,Ben Winterburn,Bournemouth,MID,0.0,0.0,0.0,0.0,0.15,0.0,0.0,0.0,0.0,0.0,0.0,0.0,0.0,0.0,0.0,0.0,1,1,0.0,0.0,0.01,0.06,0.06,0.01,1.8971199848858813,True,0.0,0.0,0,0,0,0,0.0,0.0,1.0,0.0,0.0,0.0,0.0,0,0
37,3,bendito mantato|manchester united,Bendito Mantato,Manchester United,MID,0.0,0.0,0.0,0.0,0.36,0.0,0.0,0.0,0.0,0.0,0.0,0.0,0.0,0.0,0.0,0.0,1,1,2.0,0.0,0.01,0.1,0.1,0.01,1.0216512475319814,True,0.0,0.0,0,0,0,0,0.0,0.0,1.0,0.0,0.0,0.0,0.0,0,0
37,3,benjamin sesko|manchester united,Benjamin Sesko,Manchester United,FWD,60.0,0.360386,0.021796,0.382183,0.36,3.446957,0.31763,2.0,1.441546,0.065389,0.0,0.0,2.2e-05,-0.06,0.0,0.0,1,1,3.9,0.0,0.01,0.06,0.06,0.01,1.0216512475319814,False,2.6809,3.218396369311897,0,0,2,7,0.2352,0.0458,0.7649,0.087,0.1038,0.0377,0.0066,-1,23
37,3,benoit badiashile mukinayi|chelsea,Benoit Badiashile Mukinayi,Chelsea,DEF,0.0,0.0,0.0,0.0,0.34,0.0,0.0,0.0,0.0,0.0,0.0,0.0,0.0,0.0,0.0,0.0,1,1,9.2,0.0,0.02,0.33,0.33,0.02,1.0788096613719298,True,0.0,0.0,0,0,0,0,0.0,0.0,1.0,0.0,0.0,0.0,0.0,0,0
37,3,bernardo silva|manchester city,Bernardo Silva,Manchester City,MID,75.0,0.056176,0.116033,0.172209,0.26,2.627812,0.158197,2.0,0.28088,0.3481,0.26,0.0,0.063832,-0.325,0.0,0.0,1,1,8.1,0.0,0.02,0.33,0.33,0.02,1.3470736479666092,False,2.5398,1.994696959440205,1,1,3,5,0.1491,0.0101,0.6878,0.2512,0.0508,0.0094,0.0008,-2,18
37,3,bernd leno|fulham,Bernd Leno,Fulham,GK,90.0,0.0,0.0,0.0,0.34,3.711695,0.0,2.0,0.0,0.0,1.36,0.8,0.0,-0.13,0.0,-0.318305,1,1,0.0,2.4,0.01,0.1,0.1,0.01,1.0788096613719298,False,3.484,2.4593381223410495,1,2,6,7,0.0,0.0,0.5169,0.3226,0.158,0.0025,0.0,-3,11
37,3,bertrand traoré|sunderland,Bertrand Traoré,Sunderland,MID,0.0,0.0,0.0,0.0,0.24,0.0,0.0,0.0,0.0,0.0,0.0,0.0,0.0,0.0,0.0,0.0,1,1,5.7,0.0,0.02,0.14,0.14,0.02,1.4271163556401458,True,0.0,0.0,0,0,0,0,0.0,0.0,1.0,0.0,0.0,0.0,0.0,0,0
37,3,beto|everton,Beto,Everton,FWD,60.0,0.369468,0.027081,0.396549,0.39,3.406431,0.327363,2.0,1.47787,0.081244,0.0,0.0,0.00065,-0.153333,0.0,0.0,1,1,5.6,0.0,0.01,0.2,0.2,0.01,0.941608539858445,False,2.6177,3.2311215870034973,0,0,2,7,0.2384,0.0499,0.7603,0.0986,0.094,0.0405,0.0066,-1,25
37,3,borna sosa|crystal palace,Borna Sosa,Crystal Palace,DEF,0.0,0.0,0.0,0.0,0.2,0.0,0.0,0.0,0.0,0.0,0.0,0.0,0.0,0.0,0.0,0.0,1,1,5.0,0.0,0.01,0.06,0.06,0.01,1.6094379124341003,True,0.0,0.0,0,0,0,0,0.0,0.0,1.0,0.0,0.0,0.0,0.0,0,0
37,3,boubacar kamara|aston villa,Boubacar Kamara,Aston Villa,MID,0.0,0.0,0.0,0.0,0.2,0.0,0.0,0.0,0.0,0.0,0.0,0.0,0.0,0.0,0.0,0.0,1,1,9.5,0.0,0.02,0.33,0.33,0.02,1.6094379124341003,True,0.0,0.0,0,0,0,0,0.0,0.0,1.0,0.0,0.0,0.0,0.0,0,0
37,3,bradley burrowes|aston villa,Bradley Burrowes,Aston Villa,MID,0.0,0.0,0.0,0.0,0.2,0.0,0.0,0.0,0.0,0.0,0.0,0.0,0.0,0.0,0.0,0.0,1,1,0.0,0.0,0.01,0.06,0.06,0.01,1.6094379124341003,True,0.0,0.0,0,0,0,0,0.0,0.0,1.0,0.0,0.0,0.0,0.0,0,0
37,3,brajan gruda|brighton,Brajan Gruda,Brighton,MID,0.0,0.0,0.0,0.0,0.27,0.0,0.0,0.0,0.0,0.0,0.0,0.0,0.0,0.0,0.0,0.0,1,1,7.4,0.0,0.01,0.1,0.1,0.01,1.3093333199837622,True,0.0,0.0,0,0,0,0,0.0,0.0,1.0,0.0,0.0,0.0,0.0,0,0
37,3,brenden aaronson|leeds,Brenden Aaronson,Leeds,MID,75.0,0.109997,0.115428,0.225425,0.25,3.140309,0.201823,2.0,0.549983,0.346285,0.25,0.0,0.06904,-0.075,0.0,0.0,1,1,8.2,0.0,0.01,0.06,0.06,0.01,1.3862943611198906,False,3.0479,2.4326129141316337,1,2,3,7,0.1875,0.0201,0.6336,0.2545,0.0839,0.0253,0.0027,-2,30
37,3,brennan johnson|crystal palace,Brennan Johnson,Crystal Palace,MID,75.0,0.126703,0.05459,0.181293,0.2,2.812168,0.165809,2.0,0.633517,0.163769,0.2,0.0,0.006549,-0.191667,0.0,0.0,1,1,5.9,0.0,0.01,0.2,0.2,0.01,1.6094379124341003,False,2.689,2.2554553863909614,1,2,3,6,0.15,0.0119,0.7265,0.1742,0.0817,0.0163,0.0013,-2,24
37,3,brian brobbey|sunderland,Brian Brobbey,Sunderland,FWD,60.0,0.118985,0.034739,0.153724,0.24,2.42684,0.142491,2.0,0.475939,0.104217,0.0,0.0,1.7e-05,-0.153333,0.0,0.0,1,1,3.8,0.0,0.01,0.2,0.2,0.01,1.4271163556401458,False,1.7393,2.005127305185384,0,0,2,5,0.1069,0.0087,0.8931,0.0624,0.037,0.0071,0.0004,-1,17
37,3,bruno fernandes|manchester united,Bruno Fernandes,Manchester United,MID,90.0,0.299254,0.469973,0.769227,0.36,5.351381,0.536629,2.0,1.496271,1.40992,0.36,0.0,0.304471,-0.17,-0.04928,0.0,1,1,8.9,0.0,0.01,0.14,0.14,0.01,1.0216512475319814,False,5.4465,3.9286050641417245,2,2,8,11,0.4948,0.1517,0.31,0.3566,0.1878,0.1127,0.0329,-1,30
37,3,bruno guimarães|newcastle united,Bruno Guimarães,Newcastle United,MID,90.0,0.219842,0.166663,0.386504,0.33,3.961346,0.320572,2.0,1.099208,0.499988,0.33,0.0,0.304471,-0.26,-0.01232,0.0,1,1,8.9,0.0,0.02,0.2,0.2,0.02,1.1086626245216111,False,3.9811,3.078789175958627,2,2,5,8,0.2871,0.0477,0.4692,0.3295,0.1368,0.0561,0.0084,-1,25
37,3,bryan mbeumo|manchester united,Bryan Mbeumo,Manchester United,MID,80.0,0.272548,0.13803,0.410578,0.36,3.976494,0.336733,2.0,1.362742,0.414089,0.36,0.0,0.001725,-0.151111,-0.010951,0.0,1,1,4.7,0.0,0.01,0.14,0.14,0.01,1.0216512475319814,False,3.8948,3.3600495472537304,1,2,6,9,0.3087,0.057,0.5154,0.2654,0.1525,0.0531,0.0136,-2,26
37,3,bukayo saka|arsenal,Bukayo Saka,Arsenal,MID,90.0,0.526954,0.334301,0.861255,0.63,6.259539,0.577368,2.0,2.63477,1.002902,0.63,0.0,0.121907,-0.09,-0.04004,0.0,1,1,7.5,0.0,0.01,0.06,0.06,0.01,0.4620354595965587,False,6.3916,4.4760975681948665,2,3,9,13,0.5361,0.1769,0.1733,0.3954,0.2285,0.1433,0.0595,-1,31
37,3,callum hudson-odoi|nottingham forest,Callum Hudson-Odoi,Nottingham Forest,MID,60.0,0.056192,0.120376,0.176568,0.18,2.762486,0.161858,2.0,0.28096,0.361128,0.18,0.0,0.000398,-0.06,0.0,0.0,1,1,5.3,0.0,0.01,0.06,0.06,0.01,1.7147984280919266,False,2.001,2.2012721321999242,0,0,2,5,0.1264,0.0115,0.7802,0.163,0.0455,0.0105,0.0008,-1,18
37,3,callum marshall|west ham,Callum Marshall,West Ham,FWD,0.0,0.0,0.0,0.0,0.15,0.0,0.0,0.0,0.0,0.0,0.0,0.0,0.0,0.0,0.0,0.0,1,1,1.0,0.0,0.01,0.14,0.14,0.01,1.8971199848858813,True,0.0,0.0,0,0,0,0,0.0,0.0,1.0,0.0,0.0,0.0,0.0,0,0
37,3,callum olusesi|tottenham,Callum Olusesi,Tottenham,DEF,0.0,0.0,0.0,0.0,0.12,0.0,0.0,0.0,0.0,0.0,0.0,0.0,0.0,0.0,0.0,0.0,1,1,0.0,0.0,0.0,0.0,0.0,0.0,2.120263536200091,True,0.0,0.0,0,0,0,0,0.0,0.0,1.0,0.0,0.0,0.0,0.0,0,0
37,3,callum wilson|west ham,Callum Wilson,West Ham,FWD,15.0,0.085766,0.010058,0.095824,0.15,1.358239,0.091376,1.0,0.343066,0.030173,0.0,0.0,0.0,-0.015,0.0,0.0,1,1,3.1,0.0,0.01,0.06,0.06,0.01,1.8971199848858813,False,0.8977,1.575193546837975,0,0,1,1,0.0705,0.0057,0.9295,0.0522,0.0142,0.0037,0.0004,-2,16
37,3,calvin bassey|fulham,Calvin Bassey,Fulham,DEF,90.0,0.054365,0.00845,0.062815,0.34,3.646163,0.060882,2.0,0.326188,0.02535,1.36,0.0,0.512931,-0.26,0.0,-0.318305,1,1,8.2,0.0,0.02,0.2,0.2,0.02,1.0788096613719298,False,3.7392,2.977748035009007,1,1,6,8,0.0553,0.0019,0.4992,0.3387,0.1322,0.0243,0.0056,-3,21
37,3,caoimhin kelleher|brentford,Caoimhin Kelleher,Brentford,GK,90.0,0.0,0.005016,0.005016,0.28,3.568966,0.005004,2.0,0.0,0.015049,1.12,0.9,0.0,-0.06,0.0,-0.406083,1,1,0.0,2.7,0.01,0.03,0.03,0.01,1.2729656758128873,False,3.3139,2.3856166477454,1,2,6,7,0.0041,0.0,0.5306,0.3186,0.1473,0.0035,0.0,-3,14
37,3,carlos alcaraz|everton,Carlos Alcaraz,Everton,MID,15.0,0.013158,0.030993,0.044151,0.39,1.09377,0.043191,1.0,0.065792,0.092978,0.0,0.0,0.0,-0.065,0.0,0.0,1,1,8.6,0.0,0.02,0.33,0.33,0.02,0.941608539858445,False,0.636,1.0117825853413371,0,0,1,1,0.0321,0.0011,0.968,0.0257,0.0057,0.0006,0.0,-2,14
37,3,carlos baleba|brighton,Carlos Baleba,Brighton,MID,60.0,0.021952,0.050995,0.072947,0.27,2.234972,0.07035,2.0,0.109759,0.152986,0.27,0.0,0.095561,-0.393333,0.0,0.0,1,1,10.8,0.0,0.03,0.5,0.5,0.03,1.3093333199837622,False,1.6463,1.7647652280119304,0,0,2,4,0.0513,0.0027,0.7775,0.2005,0.0185,0.0034,0.0001,-1,16
37,3,casemiro|manchester united,Casemiro,Manchester United,MID,75.0,0.152961,0.086497,0.239458,0.36,3.528695,0.212946,2.0,0.764807,0.25949,0.36,0.0,0.494398,-0.35,0.0,0.0,1,1,11.9,0.0,0.03,0.33,0.33,0.03,1.0216512475319814,False,3.479,2.864848861633018,1,2,5,8,0.1992,0.0235,0.4949,0.3611,0.0966,0.0405,0.0069,-2,22
37,3,chadi riad|crystal palace,Chadi Riad,Crystal Palace,DEF,60.0,0.018622,0.052567,0.071189,0.2,2.246109,0.068714,2.0,0.111731,0.157702,0.8,0.0,0.001395,-0.26,0.0,-0.564719,1,1,4.5,0.0,0.02,0.33,0.33,0.02,1.6094379124341003,False,1.6006,2.3379648500351755,0,0,2,6,0.0504,0.0015,0.8199,0.1352,0.0378,0.0068,0.0003,-3,17
37,3,charalampos kostoulas|brighton,Charalampos Kostoulas,Brighton,FWD,15.0,0.125757,0.056408,0.182165,0.27,1.612254,0.166536,1.0,0.503029,0.169224,0.0,0.0,1e-06,-0.06,0.0,0.0,1,1,11.7,0.0,0.01,0.33,0.33,0.01,1.3093333199837622,False,1.1165,1.9966791805395276,0,0,1,4,0.1215,0.0164,0.8783,0.0905,0.0212,0.0097,0.0003,-2,16
37,3,chemsdine talbi|sunderland,Chemsdine Talbi,Sunderland,MID,75.0,0.089612,0.051632,0.141244,0.24,2.680605,0.131722,2.0,0.448059,0.154895,0.24,0.0,0.004317,-0.166667,0.0,0.0,1,1,5.6,0.0,0.02,0.14,0.14,0.02,1.4271163556401458,False,2.5735,2.0409306088154984,1,2,3,5,0.1245,0.0071,0.7203,0.1982,0.0691,0.0116,0.0008,-2,21
37,3,chimuanya ugochukwu|burnley,Chimuanya Ugochukwu,Burnley,MID,90.0,0.042149,0.010033,0.052182,0.07,2.399037,0.050844,2.0,0.210747,0.030098,0.07,0.0,0.288192,-0.2,0.0,0.0,1,1,8.8,0.0,0.02,0.14,0.14,0.02,2.659260036932778,False,2.3654,1.4580407538885871,1,2,2,4,0.0436,0.0012,0.8035,0.1617,0.0302,0.0044,0.0002,-1,16
37,3,chris richards|crystal palace,Chris Richards,Crystal Palace,DEF,90.0,0.073898,0.019274,0.093172,0.2,3.495523,0.088963,2.0,0.44339,0.057821,0.8,0.0,0.959031,-0.2,0.0,-0.564719,1,1,10.0,0.0,0.02,0.14,0.14,0.02,1.6094379124341003,False,3.4793,3.0267427227962407,1,1,5,8,0.0783,0.0039,0.4862,0.3516,0.1237,0.0316,0.0069,-3,21
37,3,chris rigg|sunderland,Chris Rigg,Sunderland,MID,15.0,0.011106,0.015401,0.026507,0.24,1.080065,0.026158,1.0,0.05553,0.046202,0.0,0.0,0.0,-0.021667,0.0,0.0,1,1,6.5,0.0,0.01,0.1,0.1,0.01,1.4271163556401458,False,0.6304,0.9026604234151401,0,0,1,1,0.0215,0.0004,0.9785,0.0158,0.0055,0.0002,0.0,-2,12
37,3,chris wood|nottingham forest,Chris Wood,Nottingham Forest,FWD,0.0,0.0,0.0,0.0,0.18,0.0,0.0,0.0,0.0,0.0,0.0,0.0,0.0,0.0,0.0,0.0,1,1,2.3,0.0,0.01,0.1,0.1,0.01,1.7147984280919266,True,0.0,0.0,0,0,0,0,0.0,0.0,1.0,0.0,0.0,0.0,0.0,0,0
37,3,christantus uche|crystal palace,Christantus Uche,Crystal Palace,MID,0.0,0.0,0.0,0.0,0.2,0.0,0.0,0.0,0.0,0.0,0.0,0.0,0.0,0.0,0.0,0.0,1,1,7.2,0.0,0.01,0.06,0.06,0.01,1.6094379124341003,True,0.0,0.0,0,0,0,0,0.0,0.0,1.0,0.0,0.0,0.0,0.0,0,0
37,3,christian nørgaard|arsenal,Christian Nørgaard,Arsenal,MID,0.0,0.0,0.0,0.0,0.63,0.0,0.0,0.0,0.0,0.0,0.0,0.0,0.0,0.0,0.0,0.0,1,1,7.5,0.0,0.02,0.06,0.06,0.02,0.4620354595965587,True,0.0,0.0,0,0,0,0,0.0,0.0,1.0,0.0,0.0,0.0,0.0,0,0
37,3,cody gakpo|liverpool,Cody Gakpo,Liverpool,MID,75.0,0.231157,0.12366,0.354816,0.25,3.67118,0.298698,2.0,1.155784,0.370979,0.25,0.0,0.00275,-0.108333,0.0,0.0,1,1,5.3,0.0,0.01,0.1,0.1,0.01,1.3862943611198906,False,3.6142,3.1334898053129194,1,2,5,8,0.2769,0.0465,0.5851,0.2183,0.1432,0.0432,0.0102,-2,23
37,3,cole palmer|chelsea,Cole Palmer,Chelsea,MID,90.0,0.394931,0.145048,0.539979,0.34,4.395698,0.417239,2.0,1.974654,0.435144,0.34,0.0,0.05518,-0.36,-0.04928,0.0,1,1,6.6,0.0,0.01,0.33,0.33,0.01,1.0788096613719298,False,4.5375,3.7599459770055206,1,2,7,9,0.3789,0.0844,0.4594,0.2481,0.1938,0.0754,0.0233,-1,29
37,3,conor bradley|liverpool,Conor Bradley,Liverpool,DEF,0.0,0.0,0.0,0.0,0.25,0.0,0.0,0.0,0.0,0.0,0.0,0.0,0.0,0.0,0.0,0.0,1,1,6.3,0.0,0.02,0.5,0.5,0.02,1.3862943611198906,True,0.0,0.0,0,0,0,0,0.0,0.0,1.0,0.0,0.0,0.0,0.0,0,0
37,3,conor gallagher|tottenham,Conor Gallagher,Tottenham,MID,60.0,0.043877,0.030062,0.073939,0.12,2.338188,0.071271,2.0,0.219383,0.090186,0.12,0.0,0.041953,-0.133333,0.0,0.0,1,1,9.5,0.0,0.02,0.14,0.14,0.02,2.120263536200091,False,1.6873,1.8192082646030385,0,0,2,3,0.0523,0.0026,0.8378,0.1284,0.0284,0.0051,0.0003,-1,15
37,3,cristhian mosquera|arsenal,Cristhian Mosquera,Arsenal,DEF,75.0,0.020775,0.024888,0.045663,0.63,4.675428,0.044637,2.0,0.124652,0.074665,2.52,0.0,0.361354,-0.325,0.0,-0.080243,1,1,9.0,0.0,0.02,0.33,0.33,0.02,0.4620354595965587,False,4.3963,2.9246617428345454,1,2,6,8,0.0404,0.0008,0.3769,0.4095,0.1883,0.0222,0.0031,-2,18
37,3,cristian romero|tottenham,Cristian Romero,Tottenham,DEF,0.0,0.0,0.0,0.0,0.12,0.0,0.0,0.0,0.0,0.0,0.0,0.0,0.0,0.0,0.0,0.0,1,1,9.6,0.0,0.05,0.5,0.5,0.05,2.120263536200091,True,0.0,0.0,0,0,0,0,0.0,0.0,1.0,0.0,0.0,0.0,0.0,0,0
37,3,crysencio summerville|west ham,Crysencio Summerville,West Ham,MID,75.0,0.137125,0.138177,0.275303,0.15,3.108399,0.240658,2.0,0.685627,0.414532,0.15,0.0,0.049906,-0.191667,0.0,0.0,1,1,7.8,0.0,0.01,0.2,0.2,0.01,1.8971199848858813,False,3.0592,2.569648878738105,1,2,3,7,0.2278,0.0282,0.6602,0.2194,0.089,0.028,0.0034,-2,20
37,3,curtis jones|liverpool,Curtis Jones,Liverpool,MID,15.0,0.014639,0.018146,0.032785,0.25,1.107634,0.032254,1.0,0.073194,0.054439,0.0,0.0,0.0,-0.02,0.0,0.0,1,1,9.8,0.0,0.02,0.06,0.06,0.02,1.3862943611198906,False,0.6451,0.9639221908432235,0,0,1,1,0.0254,0.0005,0.9746,0.0187,0.0065,0.0002,0.0,-2,11
37,3,daichi kamada|crystal palace,Daichi Kamada,Crystal Palace,MID,15.0,0.010872,0.016354,0.027226,0.2,1.070089,0.026859,1.0,0.054359,0.049063,0.0,0.0,0.0,-0.033333,0.0,0.0,1,1,10.0,0.0,0.02,0.14,0.14,0.02,1.6094379124341003,False,0.6133,0.8815685509363409,0,0,1,1,0.0202,0.0004,0.9798,0.0161,0.0039,0.0002,0.0,-2,14
37,3,dan ballard|sunderland,Dan Ballard,Sunderland,DEF,90.0,0.091513,0.055219,0.146732,0.24,4.196377,0.136475,2.0,0.549078,0.165657,0.96,0.0,1.199601,-0.2,0.0,-0.477958,1,1,11.0,0.0,0.02,0.14,0.14,0.02,1.4271163556401458,False,4.1608,3.251360232272025,1,2,6,9,0.1236,0.0067,0.3756,0.4049,0.1597,0.0487,0.0111,-3,23
37,3,dan burn|newcastle united,Dan Burn,Newcastle United,DEF,75.0,0.008537,0.019841,0.028378,0.33,2.993875,0.027979,2.0,0.051221,0.059522,1.32,0.0,0.361354,-0.466667,0.0,-0.331556,1,1,9.0,0.0,0.02,0.5,0.5,0.02,1.1086626245216111,False,2.7895,2.6559724678542884,0,1,5,7,0.0268,0.0005,0.6051,0.2943,0.091,0.0091,0.0005,-3,16
37,3,dan ndoye|nottingham forest,Dan Ndoye,Nottingham Forest,MID,60.0,0.03052,0.051201,0.08172,0.18,2.434484,0.07847,2.0,0.152598,0.153603,0.18,0.0,0.008284,-0.06,0.0,0.0,1,1,7.6,0.0,0.01,0.06,0.06,0.01,1.7147984280919266,False,1.6665,1.6745380706332118,0,0,2,3,0.0531,0.0018,0.8232,0.1541,0.0202,0.0023,0.0002,-1,16
37,3,dan neil|sunderland,Dan Neil,Sunderland,MID,0.0,0.0,0.0,0.0,0.24,0.0,0.0,0.0,0.0,0.0,0.0,0.0,0.0,0.0,0.0,0.0,1,1,3.0,0.0,0.01,0.14,0.14,0.01,1.4271163556401458,True,0.0,0.0,0,0,0,0,0.0,0.0,1.0,0.0,0.0,0.0,0.0,0,0
37,3,dane scarlett|tottenham,Dane Scarlett,Tottenham,FWD,0.0,0.0,0.0,0.0,0.12,0.0,0.0,0.0,0.0,0.0,0.0,0.0,0.0,0.0,0.0,0.0,1,1,1.0,0.0,0.01,0.06,0.06,0.01,2.120263536200091,True,0.0,0.0,0,0,0,0,0.0,0.0,1.0,0.0,0.0,0.0,0.0,0,0
37,3,dango ouattara|brentford,Dango Ouattara,Brentford,MID,75.0,0.237798,0.188368,0.426166,0.28,3.888231,0.346992,2.0,1.188991,0.565104,0.28,0.0,0.045802,-0.191667,0.0,0.0,1,1,7.7,0.0,0.01,0.2,0.2,0.01,1.2729656758128873,False,3.9142,3.359827132457859,1,2,6,8,0.3275,0.0633,0.5231,0.2684,0.1378,0.0565,0.0142,-2,29
37,3,daniel james|leeds,Daniel James,Leeds,MID,15.0,0.010667,0.011972,0.022639,0.25,1.067585,0.022385,1.0,0.053336,0.035916,0.0,0.0,0.0,-0.021667,0.0,0.0,1,1,4.7,0.0,0.01,0.1,0.1,0.01,1.3862943611198906,False,0.6254,0.9126197674826029,0,0,1,1,0.019,0.0007,0.981,0.0129,0.0057,0.0004,0.0,-2,13
37,3,daniel muñoz|crystal palace,Daniel Muñoz,Crystal Palace,DEF,90.0,0.10284,0.170859,0.2737,0.2,3.26046,0.23944,2.0,0.617043,0.512577,0.8,0.0,0.285559,-0.39,0.0,-0.564719,1,1,7.1,0.0,0.02,0.33,0.33,0.02,1.6094379124341003,False,3.3614,3.370903445665568,0,1,6,8,0.2218,0.0241,0.5711,0.2658,0.1087,0.0472,0.0072,-4,23
37,3,danny welbeck|brighton,Danny Welbeck,Brighton,FWD,60.0,0.337688,0.049753,0.387441,0.27,3.3262,0.321208,2.0,1.35075,0.14926,0.0,0.0,5.7e-05,-0.153333,-0.020533,0.0,1,1,4.3,0.0,0.01,0.2,0.2,0.01,1.3093333199837622,False,2.5235,3.1230510322439495,0,0,2,7,0.2308,0.0472,0.7691,0.1016,0.0875,0.0361,0.0057,-1,21
37,3,david brooks|bournemouth,David Brooks,Bournemouth,MID,15.0,0.05514,0.03876,0.0939,0.15,1.293645,0.089626,1.0,0.275699,0.11628,0.0,0.0,0.0,-0.098333,0.0,0.0,1,1,7.0,0.0,0.03,0.5,0.5,0.03,1.8971199848858813,False,0.8283,1.5882755145125167,0,0,1,1,0.0655,0.005,0.9347,0.0403,0.0212,0.0035,0.0003,-2,17
37,3,david møller wolfe|wolverhampton wanderers,David Møller Wolfe,Wolverhampton Wanderers,DEF,15.0,0.000953,0.018121,0.019075,0.25,1.010402,0.018894,1.0,0.005719,0.054364,0.0,0.0,0.0,-0.026667,0.0,-0.023015,1,1,2.0,0.0,0.02,0.1,0.1,0.02,1.3862943611198906,False,0.3334,0.7335151259517421,0,0,1,1,0.0151,0.0001,0.9857,0.0134,0.0009,0.0,0.0,-3,9
37,3,david raya|arsenal,David Raya,Arsenal,GK,90.0,0.0,0.0,0.0,0.63,4.913091,0.0,2.0,0.0,0.0,2.52,0.533333,0.0,-0.06,0.0,-0.080243,1,1,0.0,1.6,0.01,0.03,0.03,0.01,0.4620354595965587,False,4.8022,2.267658519266073,2,2,6,7,0.0,0.0,0.3097,0.4693,0.2194,0.0016,0.0,-2,11
37,3,dean henderson|crystal palace,Dean Henderson,Crystal Palace,GK,90.0,0.0,0.000155,0.000155,0.2,3.105746,0.000155,2.0,0.0,0.000465,0.8,1.0,0.0,-0.13,0.0,-0.564719,1,1,0.0,3.0,0.01,0.1,0.1,0.01,1.6094379124341003,False,2.8236,2.2910004452203845,1,1,3,7,0.0003,0.0,0.6051,0.2782,0.1138,0.0029,0.0,-3,11
37,3,declan rice|arsenal,Declan Rice,Arsenal,MID,90.0,0.14726,0.305829,0.453088,0.63,4.801754,0.364338,2.0,0.736298,0.917487,0.63,0.0,0.777969,-0.26,0.0,0.0,1,1,11.2,0.0,0.02,0.2,0.2,0.02,0.4620354595965587,False,4.7295,3.0524628990374314,2,3,6,9,0.3217,0.0625,0.2316,0.5456,0.139,0.0735,0.0103,-1,26
37,3,dennis cirkin|sunderland,Dennis Cirkin,Sunderland,DEF,15.0,0.054587,0.0,0.054587,0.24,1.259902,0.053124,1.0,0.327522,0.0,0.0,0.0,1e-06,-0.043333,0.0,-0.024288,1,1,7.9,0.0,0.02,0.2,0.2,0.02,1.4271163556401458,False,0.4978,1.5186820470394717,0,0,1,1,0.0363,0.0015,0.9638,0.0074,0.0264,0.0016,0.0008,-4,22
37,3,diego coppola|brighton,Diego Coppola,Brighton,DEF,0.0,0.0,0.0,0.0,0.27,0.0,0.0,0.0,0.0,0.0,0.0,0.0,0.0,0.0,0.0,0.0,1,1,8.4,0.0,0.01,0.5,0.5,0.01,1.3093333199837622,True,0.0,0.0,0,0,0,0,0.0,0.0,1.0,0.0,0.0,0.0,0.0,0,0
37,3,diego gómez|brighton,Diego Gómez,Brighton,MID,0.0,0.0,0.0,0.0,0.27,0.0,0.0,0.0,0.0,0.0,0.0,0.0,0.0,0.0,0.0,0.0,1,1,9.5,0.0,0.02,0.5,0.5,0.02,1.3093333199837622,True,0.0,0.0,0,0,0,0,0.0,0.0,1.0,0.0,0.0,0.0,0.0,0,0
37,3,dilane bakwa|nottingham forest,Dilane Bakwa,Nottingham Forest,MID,0.0,0.0,0.0,0.0,0.18,0.0,0.0,0.0,0.0,0.0,0.0,0.0,0.0,0.0,0.0,0.0,1,1,6.8,0.0,0.01,0.14,0.14,0.01,1.7147984280919266,True,0.0,0.0,0,0,0,0,0.0,0.0,1.0,0.0,0.0,0.0,0.0,0,0
37,3,diogo dalot|manchester united,Diogo Dalot,Manchester United,DEF,90.0,0.074033,0.119386,0.193419,0.36,3.815674,0.175863,2.0,0.444198,0.358157,1.44,0.0,0.126545,-0.26,0.0,-0.293226,1,1,6.0,0.0,0.02,0.2,0.2,0.02,1.0216512475319814,False,3.8851,3.184885867656799,1,1,6,8,0.1512,0.0128,0.5177,0.3164,0.1158,0.0436,0.0065,-3,24
37,3,divine mukasa|manchester city,Divine Mukasa,Manchester City,MID,0.0,0.0,0.0,0.0,0.26,0.0,0.0,0.0,0.0,0.0,0.0,0.0,0.0,0.0,0.0,0.0,1,1,2.0,0.0,0.01,0.06,0.06,0.01,1.3470736479666092,True,0.0,0.0,0,0,0,0,0.0,0.0,1.0,0.0,0.0,0.0,0.0,0,0
37,3,djed spence|tottenham,Djed Spence,Tottenham,DEF,75.0,0.021975,0.057713,0.079689,0.12,1.765566,0.076596,2.0,0.131852,0.17314,0.48,0.0,0.010972,-0.216667,0.0,-0.813732,1,1,4.8,0.0,0.02,0.2,0.2,0.02,2.120263536200091,False,1.6063,2.242922270164528,0,0,2,6,0.071,0.0024,0.8309,0.1277,0.0353,0.0058,0.0003,-4,15
37,3,djiamgone jocelin ta bi|sunderland,Djiamgone Jocelin Ta Bi,Sunderland,FWD,0.0,0.0,0.0,0.0,0.24,0.0,0.0,0.0,0.0,0.0,0.0,0.0,0.0,0.0,0.0,0.0,1,1,1.0,0.0,0.01,0.1,0.1,0.01,1.4271163556401458,True,0.0,0.0,0,0,0,0,0.0,0.0,1.0,0.0,0.0,0.0,0.0,0,0
37,3,djordje petrovic|bournemouth,Djordje Petrovic,Bournemouth,GK,90.0,0.0,0.0,0.0,0.15,2.839148,0.0,2.0,0.0,0.0,0.6,1.033333,0.0,-0.09,0.0,-0.704185,1,1,0.0,3.1,0.01,0.06,0.06,0.01,1.8971199848858813,False,2.5291,2.095460138012651,1,1,3,6,0.0,0.0,0.6513,0.2637,0.083,0.002,0.0,-3,11
37,3,dominic calvert-lewin|leeds,Dominic Calvert-Lewin,Leeds,FWD,90.0,0.432321,0.044064,0.476385,0.25,3.722284,0.378976,2.0,1.729283,0.132193,0.0,0.0,8.8e-05,-0.09,-0.04928,0.0,1,1,3.0,0.0,0.01,0.06,0.06,0.01,1.3862943611198906,False,3.9145,3.0808099178625095,2,2,6,8,0.349,0.0673,0.6513,0.1403,0.1455,0.0562,0.0067,-1,21
37,3,dominic solanke|tottenham,Dominic Solanke,Tottenham,FWD,60.0,0.243265,0.018085,0.26135,0.12,2.901385,0.229988,2.0,0.973059,0.054255,0.0,0.0,0.001804,-0.086667,-0.041067,0.0,1,1,6.3,0.0,0.01,0.1,0.1,0.01,2.120263536200091,False,2.2172,2.660455630150595,0,0,2,6,0.1721,0.0235,0.8241,0.0765,0.0766,0.0208,0.002,-1,21
37,3,dominik szoboszlai|liverpool,Dominik Szoboszlai,Liverpool,MID,90.0,0.192947,0.15355,0.346497,0.25,3.759143,0.292839,2.0,0.964736,0.460651,0.25,0.0,0.356076,-0.26,-0.01232,0.0,1,1,9.2,0.0,0.02,0.2,0.2,0.02,1.3862943611198906,False,3.7676,2.901342833930523,2,2,5,8,0.2607,0.038,0.5093,0.3108,0.1264,0.0468,0.0067,-1,23
37,3,donyell malen|aston villa,Donyell Malen,Aston Villa,MID,0.0,0.0,0.0,0.0,0.2,0.0,0.0,0.0,0.0,0.0,0.0,0.0,0.0,0.0,0.0,0.0,1,1,2.3,0.0,0.01,0.06,0.06,0.01,1.6094379124341003,True,0.0,0.0,0,0,0,0,0.0,0.0,1.0,0.0,0.0,0.0,0.0,0,0
37,3,douglas luiz|aston villa,Douglas Luiz,Aston Villa,MID,90.0,0.091521,0.116277,0.207798,0.2,3.39497,0.187629,2.0,0.457603,0.348832,0.2,0.0,0.663936,-0.26,-0.0154,0.0,1,1,10.7,0.0,0.02,0.2,0.2,0.02,1.6094379124341003,False,3.3699,2.318679363344574,2,2,4,7,0.17,0.0149,0.519,0.3756,0.0764,0.0272,0.0018,-1,20
37,3,dwight mcneil|everton,Dwight McNeil,Everton,MID,60.0,0.077446,0.122793,0.200238,0.39,2.988418,0.181464,2.0,0.387229,0.368378,0.39,0.0,0.016145,-0.173333,0.0,0.0,1,1,8.3,0.0,0.02,0.2,0.2,0.02,0.941608539858445,False,2.1433,2.4046548837619093,0,0,3,5,0.1314,0.0133,0.6804,0.2493,0.0544,0.0144,0.0015,-1,21
37,3,eberechi eze|arsenal,Eberechi Eze,Arsenal,MID,60.0,0.219455,0.133823,0.353278,0.63,4.069629,0.297618,2.0,1.097276,0.401468,0.63,0.0,0.000886,-0.06,0.0,0.0,1,1,5.8,0.0,0.01,0.06,0.06,0.01,0.4620354595965587,False,3.0108,3.435910848668807,0,0,3,8,0.2162,0.041,0.5116,0.3242,0.1096,0.0434,0.0112,-1,23
37,3,eddie nketiah|crystal palace,Eddie Nketiah,Crystal Palace,FWD,0.0,0.0,0.0,0.0,0.2,0.0,0.0,0.0,0.0,0.0,0.0,0.0,0.0,0.0,0.0,0.0,1,1,8.3,0.0,0.01,0.2,0.2,0.01,1.6094379124341003,True,0.0,0.0,0,0,0,0,0.0,0.0,1.0,0.0,0.0,0.0,0.0,0,0
37,3,el hadji malick diouf|west ham,El Hadji Malick Diouf,West Ham,DEF,90.0,0.012927,0.121336,0.134264,0.15,2.459023,0.12564,2.0,0.077562,0.364009,0.6,0.0,0.381636,-0.26,0.0,-0.704185,1,1,7.6,0.0,0.02,0.2,0.2,0.02,1.8971199848858813,False,2.5071,2.5367596634289185,0,1,4,6,0.1124,0.0059,0.661,0.2606,0.065,0.0127,0.0007,-4,17
37,3,eli junior kroupi|bournemouth,Eli Junior Kroupi,Bournemouth,FWD,60.0,0.236698,0.078217,0.314915,0.15,2.914805,0.270149,2.0,0.946791,0.234652,0.0,0.0,0.001575,-0.26,-0.008213,0.0,1,1,6.2,0.0,0.02,0.33,0.33,0.02,1.8971199848858813,False,2.1829,2.7584502152476853,0,0,2,6,0.1949,0.0331,0.802,0.1027,0.0683,0.0243,0.0027,-1,20
37,3,eliezer mayenda|sunderland,Eliezer Mayenda,Sunderland,FWD,15.0,0.030598,0.014428,0.045026,0.24,1.134009,0.044027,1.0,0.122392,0.043283,0.0,0.0,0.0,-0.031667,0.0,0.0,1,1,3.3,0.0,0.03,0.1,0.1,0.03,1.4271163556401458,False,0.6811,1.0527121116430644,0,0,1,1,0.0333,0.0012,0.9668,0.0277,0.005,0.0005,0.0,-2,12
37,3,elliot anderson|nottingham forest,Elliot Anderson,Nottingham Forest,MID,90.0,0.065459,0.091445,0.156903,0.18,3.890809,0.145213,2.0,0.327293,0.274334,0.18,0.0,1.381502,-0.26,-0.01232,0.0,1,1,14.0,0.0,0.02,0.2,0.2,0.02,1.7147984280919266,False,3.8162,2.1293702261466887,2,2,4,6,0.1274,0.0091,0.3162,0.5872,0.0681,0.0273,0.0012,-1,21
37,3,emil krafth|newcastle united,Emil Krafth,Newcastle United,DEF,0.0,0.0,0.0,0.0,0.33,0.0,0.0,0.0,0.0,0.0,0.0,0.0,0.0,0.0,0.0,0.0,1,1,3.0,0.0,0.02,0.33,0.33,0.02,1.1086626245216111,True,0.0,0.0,0,0,0,0,0.0,0.0,1.0,0.0,0.0,0.0,0.0,0,0
37,3,emile smith-rowe|fulham,Emile Smith-Rowe,Fulham,MID,75.0,0.1458,0.043858,0.189658,0.34,3.151779,0.172758,2.0,0.728998,0.131575,0.34,0.0,0.026206,-0.075,0.0,0.0,1,1,7.1,0.0,0.01,0.06,0.06,0.01,1.0788096613719298,False,3.0562,2.4561029212962553,1,2,3,7,0.1623,0.0135,0.5999,0.2727,0.1006,0.0234,0.0034,-2,20
37,3,emiliano buendía|aston villa,Emiliano Buendía,Aston Villa,MID,75.0,0.134154,0.087207,0.221361,0.2,2.993315,0.198572,2.0,0.670769,0.261621,0.2,0.0,0.185925,-0.325,0.0,0.0,1,1,9.7,0.0,0.02,0.33,0.33,0.02,1.6094379124341003,False,2.9049,2.4959679465089293,1,1,3,7,0.1803,0.017,0.6537,0.2337,0.0875,0.0229,0.0022,-2,21
37,3,emiliano martinez|aston villa,Emiliano Martinez,Aston Villa,GK,90.0,0.0,0.0,0.0,0.2,3.001948,0.0,2.0,0.0,0.0,0.8,0.966667,0.0,-0.2,0.0,-0.564719,1,1,0.0,2.9,0.02,0.14,0.14,0.02,1.6094379124341003,False,2.6922,2.28264302071086,1,1,3,7,0.0,0.0,0.6229,0.2735,0.1015,0.0021,0.0,-4,12
37,3,emmanuel agbadou|wolverhampton wanderers,Emmanuel Agbadou,Wolverhampton Wanderers,DEF,0.0,0.0,0.0,0.0,0.25,0.0,0.0,0.0,0.0,0.0,0.0,0.0,0.0,0.0,0.0,0.0,1,1,10.2,0.0,0.02,0.06,0.06,0.02,1.3862943611198906,True,0.0,0.0,0,0,0,0,0.0,0.0,1.0,0.0,0.0,0.0,0.0,0,0
37,3,enes ünal|bournemouth,Enes Ünal,Bournemouth,FWD,0.0,0.0,0.0,0.0,0.15,0.0,0.0,0.0,0.0,0.0,0.0,0.0,0.0,0.0,0.0,0.0,1,1,0.0,0.0,0.01,0.2,0.2,0.01,1.8971199848858813,True,0.0,0.0,0,0,0,0,0.0,0.0,1.0,0.0,0.0,0.0,0.0,0,0
37,3,enzo fernández|chelsea,Enzo Fernández,Chelsea,MID,90.0,0.312349,0.283477,0.595826,0.34,4.4625,0.448893,2.0,1.561746,0.850431,0.34,0.0,0.112643,-0.39,-0.01232,0.0,1,1,7.4,0.0,0.02,0.33,0.33,0.02,1.0788096613719298,False,4.5831,3.6659915970989347,1,2,7,10,0.415,0.1029,0.4278,0.3058,0.1632,0.0828,0.0204,-1,29
37,3,enzo le fée|sunderland,Enzo Le Fée,Sunderland,MID,90.0,0.138922,0.177152,0.316074,0.24,3.568368,0.270995,2.0,0.694612,0.531455,0.24,0.0,0.411581,-0.26,-0.04928,0.0,1,1,9.5,0.0,0.02,0.2,0.2,0.02,1.4271163556401458,False,3.5646,2.6594034744656554,2,2,5,7,0.2399,0.0284,0.5161,0.346,0.0963,0.0369,0.0047,-1,23
37,3,erling haaland|manchester city,Erling Haaland,Manchester City,FWD,90.0,0.695604,0.109764,0.805368,0.26,4.972587,0.553076,2.0,2.782414,0.329292,0.0,0.0,0.00016,-0.09,-0.04928,0.0,1,1,3.2,0.0,0.01,0.06,0.06,0.01,1.3470736479666092,False,5.2298,3.908118723887492,2,2,7,11,0.5193,0.1594,0.4807,0.1858,0.1856,0.1197,0.0282,-1,29
37,3,estêvão|chelsea,Estêvão,Chelsea,MID,15.0,0.062861,0.045868,0.108729,0.34,1.430242,0.103026,1.0,0.314303,0.137605,0.0,0.0,0.0,-0.021667,0.0,0.0,1,1,6.2,0.0,0.01,0.1,0.1,0.01,1.0788096613719298,False,0.9154,1.6523446492787153,0,0,1,1,0.0729,0.0058,0.9271,0.0442,0.0248,0.0036,0.0003,-2,19
37,3,ethan ampadu|leeds,Ethan Ampadu,Leeds,MID,90.0,0.051887,0.046178,0.098064,0.25,3.288518,0.093409,2.0,0.259433,0.138533,0.25,0.0,1.030552,-0.39,0.0,0.0,1,1,12.3,0.0,0.02,0.33,0.33,0.02,1.3862943611198906,False,3.2327,1.9641666706265026,1,2,4,5,0.086,0.0036,0.4437,0.4928,0.0479,0.0151,0.0005,-1,17
37,3,ethan nwaneri|arsenal,Ethan Nwaneri,Arsenal,MID,0.0,0.0,0.0,0.0,0.63,0.0,0.0,0.0,0.0,0.0,0.0,0.0,0.0,0.0,0.0,0.0,1,1,7.1,0.0,0.01,0.03,0.03,0.01,0.4620354595965587,True,0.0,0.0,0,0,0,0,0.0,0.0,1.0,0.0,0.0,0.0,0.0,0,0
37,3,ethan pinnock|brentford,Ethan Pinnock,Brentford,DEF,0.0,0.0,0.0,0.0,0.28,0.0,0.0,0.0,0.0,0.0,0.0,0.0,0.0,0.0,0.0,0.0,1,1,11.4,0.0,0.02,0.14,0.14,0.02,1.2729656758128873,True,0.0,0.0,0,0,0,0,0.0,0.0,1.0,0.0,0.0,0.0,0.0,0,0
37,3,evanilson|bournemouth,Evanilson,Bournemouth,FWD,75.0,0.2584,0.061387,0.319787,0.15,3.142873,0.273696,2.0,1.033599,0.18416,0.0,0.0,0.000113,-0.075,0.0,0.0,1,1,3.7,0.0,0.01,0.06,0.06,0.01,1.8971199848858813,False,3.0965,2.5697057710952045,1,2,4,7,0.2526,0.0358,0.7474,0.1283,0.0938,0.0284,0.0021,-2,25
37,3,evann guessand|crystal palace,Evann Guessand,Crystal Palace,MID,15.0,0.025037,0.01587,0.040907,0.2,1.157794,0.040081,1.0,0.125184,0.04761,0.0,0.0,0.0,-0.015,0.0,0.0,1,1,9.1,0.0,0.01,0.06,0.06,0.01,1.6094379124341003,False,0.6961,1.1065915190349147,0,0,1,1,0.0311,0.0006,0.9689,0.0194,0.0113,0.0004,0.0,-2,14
37,3,ezra mayers|west ham,Ezra Mayers,West Ham,DEF,0.0,0.0,0.0,0.0,0.15,0.0,0.0,0.0,0.0,0.0,0.0,0.0,0.0,0.0,0.0,0.0,1,1,2.0,0.0,0.02,0.14,0.14,0.02,1.8971199848858813,True,0.0,0.0,0,0,0,0,0.0,0.0,1.0,0.0,0.0,0.0,0.0,0,0
37,3,ezri konsa ngoyo|aston villa,Ezri Konsa Ngoyo,Aston Villa,DEF,90.0,0.030278,0.013395,0.043673,0.2,2.505005,0.042733,2.0,0.18167,0.040184,0.8,0.0,0.13787,-0.09,0.0,-0.564719,1,1,6.1,0.0,0.02,0.03,0.03,0.02,1.6094379124341003,False,2.5,2.468764873372918,0,1,3,6,0.0378,0.0016,0.7386,0.1885,0.0634,0.0079,0.0016,-3,24
37,3,fabian schär|newcastle united,Fabian Schär,Newcastle United,DEF,0.0,0.0,0.0,0.0,0.33,0.0,0.0,0.0,0.0,0.0,0.0,0.0,0.0,0.0,0.0,0.0,1,1,9.5,0.0,0.02,0.1,0.1,0.02,1.1086626245216111,True,0.0,0.0,0,0,0,0,0.0,0.0,1.0,0.0,0.0,0.0,0.0,0,0
37,3,fabio carvalho|brentford,Fabio Carvalho,Brentford,MID,0.0,0.0,0.0,0.0,0.28,0.0,0.0,0.0,0.0,0.0,0.0,0.0,0.0,0.0,0.0,0.0,1,1,0.0,0.0,0.01,0.06,0.06,0.01,1.2729656758128873,True,0.0,0.0,0,0,0,0,0.0,0.0,1.0,0.0,0.0,0.0,0.0,0,0
37,3,facundo buonanotte|leeds,Facundo Buonanotte,Leeds,MID,0.0,0.0,0.0,0.0,0.25,0.0,0.0,0.0,0.0,0.0,0.0,0.0,0.0,0.0,0.0,0.0,1,1,3.0,0.0,0.01,0.33,0.33,0.01,1.3862943611198906,True,0.0,0.0,0,0,0,0,0.0,0.0,1.0,0.0,0.0,0.0,0.0,0,0
37,3,federico chiesa|liverpool,Federico Chiesa,Liverpool,MID,15.0,0.092312,0.069761,0.162073,0.25,1.632511,0.149621,1.0,0.46156,0.209284,0.0,0.0,0.0,-0.038333,0.0,0.0,1,1,9.6,0.0,0.01,0.2,0.2,0.01,1.3862943611198906,False,1.1308,2.085495471105128,0,0,1,4,0.1101,0.0135,0.89,0.0656,0.0355,0.0078,0.0011,-2,22
37,3,ferdi kadioglu|brighton,Ferdi Kadioglu,Brighton,DEF,90.0,0.065502,0.04189,0.107391,0.27,2.951345,0.101826,2.0,0.39301,0.125669,1.08,0.0,0.035558,-0.26,0.0,-0.422892,1,1,4.8,0.0,0.02,0.2,0.2,0.02,1.3093333199837622,False,3.0419,2.9258408005221335,0,1,6,7,0.0929,0.0048,0.6554,0.2317,0.0855,0.0243,0.0031,-3,20
37,3,fernando lópez|wolverhampton wanderers,Fernando López,Wolverhampton Wanderers,FWD,0.0,0.0,0.0,0.0,0.25,0.0,0.0,0.0,0.0,0.0,0.0,0.0,0.0,0.0,0.0,0.0,1,1,4.7,0.0,0.01,0.2,0.2,0.01,1.3862943611198906,True,0.0,0.0,0,0,0,0,0.0,0.0,1.0,0.0,0.0,0.0,0.0,0,0
37,3,filip jorgensen|chelsea,Filip Jorgensen,Chelsea,GK,0.0,0.0,0.0,0.0,0.34,0.0,0.0,0.0,0.0,0.0,0.0,0.0,0.0,0.0,0.0,0.0,1,1,0.0,0.0,0.01,0.03,0.03,0.01,1.0788096613719298,True,0.0,0.0,0,0,0,0,0.0,0.0,1.0,0.0,0.0,0.0,0.0,0,0
37,3,florentino luís|burnley,Florentino Luís,Burnley,MID,60.0,0.012773,0.006689,0.019461,0.07,2.321813,0.019273,2.0,0.063863,0.020066,0.07,0.0,0.321218,-0.153333,0.0,0.0,1,1,13.5,0.0,0.01,0.2,0.2,0.01,2.659260036932778,False,1.8025,1.6872147907127888,0,0,2,4,0.014,0.0002,0.7531,0.2364,0.0086,0.0017,0.0002,-1,17
37,3,florian wirtz|liverpool,Florian Wirtz,Liverpool,MID,90.0,0.200922,0.151347,0.352269,0.25,3.668559,0.296909,2.0,1.004611,0.454042,0.25,0.0,0.049906,-0.09,0.0,0.0,1,1,6.5,0.0,0.01,0.06,0.06,0.01,1.3862943611198906,False,3.7034,2.8520919410145247,2,2,5,8,0.2687,0.0378,0.5484,0.2719,0.1321,0.04,0.0076,-1,24
37,3,frank onyeka|brentford,Frank Onyeka,Brentford,MID,0.0,0.0,0.0,0.0,0.28,0.0,0.0,0.0,0.0,0.0,0.0,0.0,0.0,0.0,0.0,0.0,1,1,0.0,0.0,0.02,0.06,0.06,0.02,1.2729656758128873,True,0.0,0.0,0,0,0,0,0.0,0.0,1.0,0.0,0.0,0.0,0.0,0,0
37,3,freddie potts|west ham,Freddie Potts,West Ham,MID,75.0,0.008725,0.06095,0.069675,0.15,2.389918,0.067303,2.0,0.043623,0.18285,0.15,0.0,0.138445,-0.125,0.0,0.0,1,1,9.2,0.0,0.03,0.06,0.06,0.03,1.8971199848858813,False,2.2809,1.3999982821418033,1,2,2,4,0.0604,0.0015,0.7554,0.2267,0.016,0.0019,0.0,-2,12
37,3,gabriel gudmundsson|leeds,Gabriel Gudmundsson,Leeds,DEF,90.0,0.015534,0.112464,0.127998,0.25,2.934222,0.120144,2.0,0.093203,0.337391,1.0,0.0,0.1624,-0.2,0.0,-0.458772,1,1,6.3,0.0,0.02,0.14,0.14,0.02,1.3862943611198906,False,3.0026,2.638521032699948,1,1,5,6,0.1078,0.0066,0.6291,0.2758,0.0763,0.0181,0.0007,-4,21
37,3,gabriel jesus|arsenal,Gabriel Jesus,Arsenal,FWD,15.0,0.205069,0.006992,0.212061,0.63,1.747918,0.191084,1.0,0.820276,0.020975,0.0,0.0,0.0,-0.093333,0.0,0.0,1,1,7.7,0.0,0.02,0.5,0.5,0.02,0.4620354595965587,False,1.2338,2.2614016803743646,0,0,1,5,0.1359,0.02,0.8642,0.0933,0.0287,0.0122,0.0016,-2,19
37,3,gabriel martinelli|arsenal,Gabriel Martinelli,Arsenal,MID,30.0,0.201695,0.075449,0.277145,0.63,2.148167,0.242055,1.0,1.008477,0.226348,0.0,0.0,9e-06,-0.086667,0.0,0.0,1,1,7.1,0.0,0.02,0.2,0.2,0.02,0.4620354595965587,False,1.3864,2.576488897705558,0,0,1,6,0.1482,0.0231,0.8518,0.076,0.0535,0.0164,0.0023,-2,21
37,3,gabriel|arsenal,Gabriel,Arsenal,DEF,90.0,0.144775,0.135282,0.280058,0.63,6.195896,0.24426,2.0,0.868651,0.405847,2.52,0.0,0.68164,-0.2,0.0,-0.080243,1,1,8.9,0.0,0.02,0.14,0.14,0.02,0.4620354595965587,False,6.3865,3.6939027802583,2,4,8,12,0.2262,0.0258,0.2029,0.3928,0.2611,0.1097,0.0335,-2,29
37,3,george earthy|west ham,George Earthy,West Ham,MID,0.0,0.0,0.0,0.0,0.15,0.0,0.0,0.0,0.0,0.0,0.0,0.0,0.0,0.0,0.0,0.0,1,1,1.0,0.0,0.01,0.06,0.06,0.01,1.8971199848858813,True,0.0,0.0,0,0,0,0,0.0,0.0,1.0,0.0,0.0,0.0,0.0,0,0
37,3,george hemmings|aston villa,George Hemmings,Aston Villa,MID,0.0,0.0,0.0,0.0,0.2,0.0,0.0,0.0,0.0,0.0,0.0,0.0,0.0,0.0,0.0,0.0,1,1,0.0,0.0,0.01,0.06,0.06,0.01,1.6094379124341003,True,0.0,0.0,0,0,0,0,0.0,0.0,1.0,0.0,0.0,0.0,0.0,0,0
37,3,georginio rutter|brighton,Georginio Rutter,Brighton,MID,30.0,0.04818,0.056579,0.104759,0.27,1.357305,0.099458,1.0,0.240902,0.169736,0.0,0.0,0.0,-0.053333,0.0,0.0,1,1,5.0,0.0,0.02,0.1,0.1,0.02,1.3093333199837622,False,0.8137,1.4634863545656993,0,0,1,1,0.0651,0.0046,0.9352,0.0467,0.0156,0.0024,0.0001,-2,16
37,3,gianluigi donnarumma|manchester city,Gianluigi Donnarumma,Manchester City,GK,90.0,0.0,0.0,0.0,0.26,3.172897,0.0,2.0,0.0,0.0,1.04,0.833333,0.0,-0.26,0.0,-0.440437,1,1,0.0,2.5,0.02,0.2,0.2,0.02,1.3470736479666092,False,2.9671,2.393661962349738,1,1,5,7,0.0,0.0,0.5908,0.2875,0.1203,0.0014,0.0,-3,11
37,3,giorgi mamardashvili|liverpool,Giorgi Mamardashvili,Liverpool,GK,0.0,0.0,0.0,0.0,0.25,0.0,0.0,0.0,0.0,0.0,0.0,0.0,0.0,0.0,0.0,0.0,1,1,0.0,0.0,0.01,0.06,0.06,0.01,1.3862943611198906,True,0.0,0.0,0,0,0,0,0.0,0.0,1.0,0.0,0.0,0.0,0.0,0,0
37,3,granit xhaka|sunderland,Granit Xhaka,Sunderland,MID,90.0,0.022166,0.13,0.152166,0.24,3.295795,0.141155,2.0,0.11083,0.390001,0.24,0.0,0.754964,-0.2,0.0,0.0,1,1,11.1,0.0,0.02,0.14,0.14,0.02,1.4271163556401458,False,3.1979,1.858853299752296,2,2,4,5,0.1213,0.0084,0.4922,0.4457,0.0529,0.0088,0.0004,-1,18
37,3,guglielmo vicario|tottenham,Guglielmo Vicario,Tottenham,GK,90.0,0.0,0.001291,0.001291,0.12,2.510142,0.00129,2.0,0.0,0.003873,0.48,0.9,0.0,-0.06,0.0,-0.813732,1,1,0.0,2.7,0.01,0.03,0.03,0.01,2.120263536200091,False,2.2106,2.0062521376935654,0,1,3,6,0.0014,0.0,0.72,0.2134,0.0654,0.0012,0.0,-4,12
37,3,guido rodríguez|west ham,Guido Rodríguez,West Ham,MID,0.0,0.0,0.0,0.0,0.15,0.0,0.0,0.0,0.0,0.0,0.0,0.0,0.0,0.0,0.0,0.0,1,1,7.7,0.0,0.01,0.33,0.33,0.01,1.8971199848858813,True,0.0,0.0,0,0,0,0,0.0,0.0,1.0,0.0,0.0,0.0,0.0,0,0
37,3,habib diarra|sunderland,Habib Diarra,Sunderland,MID,75.0,0.119639,0.015436,0.135075,0.24,2.551986,0.12635,2.0,0.598193,0.046309,0.24,0.0,0.00275,-0.325,-0.010267,0.0,1,1,5.3,0.0,0.02,0.33,0.33,0.02,1.4271163556401458,False,2.4905,2.223220580599235,1,1,2,6,0.1188,0.0091,0.7512,0.1541,0.0793,0.0137,0.0017,-2,20
37,3,hamed junior traore|bournemouth,Hamed Junior Traore,Bournemouth,MID,0.0,0.0,0.0,0.0,0.15,0.0,0.0,0.0,0.0,0.0,0.0,0.0,0.0,0.0,0.0,0.0,1,1,0.0,0.0,0.02,0.03,0.03,0.02,1.8971199848858813,True,0.0,0.0,0,0,0,0,0.0,0.0,1.0,0.0,0.0,0.0,0.0,0,0
37,3,hannibal mejbri|burnley,Hannibal Mejbri,Burnley,MID,60.0,0.010155,0.049481,0.059636,0.07,1.915107,0.057893,2.0,0.050773,0.148444,0.07,0.0,0.019223,-0.373333,0.0,0.0,1,1,8.5,0.0,0.02,0.5,0.5,0.02,2.659260036932778,False,1.3572,1.4338089691447742,0,0,2,3,0.0455,0.0016,0.8951,0.0937,0.0105,0.0006,0.0001,-1,15
37,3,harrison armstrong|everton,Harrison Armstrong,Everton,MID,15.0,0.012952,0.004465,0.017417,0.39,1.063157,0.017267,1.0,0.064762,0.013395,0.0,0.0,0.0,-0.015,0.0,0.0,1,1,9.2,0.0,0.01,0.06,0.06,0.01,0.941608539858445,False,0.6136,0.8509377415533994,0,0,1,1,0.0138,0.0002,0.9862,0.0076,0.0061,0.0001,0.0,-2,10
37,3,harrison reed|fulham,Harrison Reed,Fulham,MID,15.0,0.13482,0.153081,0.287901,0.34,2.106678,0.250164,1.0,0.674102,0.459243,0.0,0.0,0.0,-0.026667,0.0,0.0,1,1,5.0,0.0,0.02,0.1,0.1,0.02,1.0788096613719298,False,1.5005,2.6566519813479523,0,0,1,6,0.1721,0.0344,0.8284,0.1013,0.0478,0.0184,0.0041,-2,22
37,3,harry howell|brighton,Harry Howell,Brighton,MID,0.0,0.0,0.0,0.0,0.27,0.0,0.0,0.0,0.0,0.0,0.0,0.0,0.0,0.0,0.0,0.0,1,1,0.0,0.0,0.01,0.03,0.03,0.01,1.3093333199837622,True,0.0,0.0,0,0,0,0,0.0,0.0,1.0,0.0,0.0,0.0,0.0,0,0
37,3,harry maguire|manchester united,Harry Maguire,Manchester United,DEF,90.0,0.059963,0.042876,0.102839,0.36,3.736537,0.097728,2.0,0.359781,0.128627,1.44,0.0,0.361354,-0.26,0.0,-0.293226,1,1,7.5,0.0,0.02,0.2,0.2,0.02,1.0216512475319814,False,3.8128,3.075053846683014,1,1,6,8,0.0867,0.0042,0.5123,0.3224,0.1269,0.033,0.0054,-3,22
37,3,harry wilson|fulham,Harry Wilson,Fulham,MID,90.0,0.203148,0.13725,0.340398,0.34,3.554091,0.288513,2.0,1.015741,0.411751,0.34,0.0,0.028919,-0.23,-0.01232,0.0,1,1,6.0,0.0,0.01,0.2,0.2,0.01,1.0788096613719298,False,3.5975,2.793437622357084,2,2,5,8,0.2595,0.0342,0.5325,0.2923,0.1334,0.0368,0.005,-1,21
37,3,harvey barnes|newcastle united,Harvey Barnes,Newcastle United,MID,60.0,0.259522,0.111108,0.370631,0.33,3.90113,0.309701,2.0,1.297611,0.333325,0.33,0.0,0.000194,-0.06,0.0,0.0,1,1,4.9,0.0,0.01,0.06,0.06,0.01,1.1086626245216111,False,2.9479,3.518520369416667,0,0,3,8,0.227,0.0451,0.6394,0.1775,0.1289,0.0411,0.0131,-1,26
37,3,harvey elliott|aston villa,Harvey Elliott,Aston Villa,MID,0.0,0.0,0.0,0.0,0.2,0.0,0.0,0.0,0.0,0.0,0.0,0.0,0.0,0.0,0.0,0.0,1,1,5.5,0.0,0.02,0.06,0.06,0.02,1.6094379124341003,True,0.0,0.0,0,0,0,0,0.0,0.0,1.0,0.0,0.0,0.0,0.0,0,0
37,3,hee-chan hwang|wolverhampton wanderers,Hee-Chan Hwang,Wolverhampton Wanderers,MID,30.0,0.144602,0.02904,0.173642,0.25,1.712932,0.159403,1.0,0.72301,0.087121,0.0,0.0,0.0,-0.076667,-0.020533,0.0,1,1,5.3,0.0,0.01,0.2,0.2,0.01,1.3862943611198906,False,1.1111,2.1375118221895284,0,0,1,4,0.1004,0.0107,0.8996,0.049,0.0419,0.0086,0.0009,-2,22
37,3,hjalmar ekdal|burnley,Hjalmar Ekdal,Burnley,DEF,15.0,0.002102,0.001268,0.00337,0.07,0.931792,0.003364,1.0,0.012613,0.003803,0.0,0.0,1.3e-05,-0.01,0.0,-0.074637,1,1,10.1,0.0,0.01,0.03,0.03,0.01,2.659260036932778,False,-0.0333,0.7058265438477077,-1,0,0,1,0.0026,0.0,0.9975,0.0014,0.0011,0.0,0.0,-5,9
37,3,hugo bueno|wolverhampton wanderers,Hugo Bueno,Wolverhampton Wanderers,DEF,90.0,0.028786,0.144276,0.173062,0.25,3.231522,0.158914,2.0,0.172717,0.432827,1.0,0.0,0.23475,-0.15,0.0,-0.458772,1,1,6.8,0.0,0.03,0.06,0.06,0.03,1.3862943611198906,False,3.2802,2.86340495913519,1,1,6,7,0.1414,0.0109,0.5912,0.283,0.0955,0.0287,0.0016,-5,19
37,3,hugo ekitike|liverpool,Hugo Ekitike,Liverpool,FWD,0.0,0.0,0.0,0.0,0.25,0.0,0.0,0.0,0.0,0.0,0.0,0.0,0.0,0.0,0.0,0.0,1,1,4.1,0.0,0.01,0.06,0.06,0.01,1.3862943611198906,True,0.0,0.0,0,0,0,0,0.0,0.0,1.0,0.0,0.0,0.0,0.0,0,0
37,3,hákon valdimarsson|brentford,Hákon Valdimarsson,Brentford,GK,0.0,0.0,0.0,0.0,0.28,0.0,0.0,0.0,0.0,0.0,0.0,0.0,0.0,0.0,0.0,0.0,1,1,0.0,0.0,0.0,0.0,0.0,0.0,1.2729656758128873,True,0.0,0.0,0,0,0,0,0.0,0.0,1.0,0.0,0.0,0.0,0.0,0,0
37,3,ian maatsen|aston villa,Ian Maatsen,Aston Villa,DEF,60.0,0.048018,0.092312,0.14033,0.2,2.662552,0.130929,2.0,0.288111,0.276936,0.8,0.0,0.035558,-0.173333,0.0,-0.564719,1,1,7.2,0.0,0.02,0.2,0.2,0.02,1.6094379124341003,False,1.9688,2.8121213629571535,0,0,2,6,0.0972,0.0074,0.7683,0.1534,0.0567,0.0192,0.0024,-3,19
37,3,ibrahim sangare|nottingham forest,Ibrahim Sangare,Nottingham Forest,MID,75.0,0.031021,0.047975,0.078995,0.18,2.486257,0.075956,2.0,0.155104,0.143924,0.18,0.0,0.30723,-0.3,0.0,0.0,1,1,10.7,0.0,0.01,0.33,0.33,0.01,1.7147984280919266,False,2.4268,1.6856576639401015,1,1,3,4,0.0695,0.0023,0.6824,0.2824,0.0299,0.0047,0.0006,-2,17
37,3,ibrahima konaté|liverpool,Ibrahima Konaté,Liverpool,DEF,90.0,0.045242,0.018245,0.063487,0.25,3.364311,0.061514,2.0,0.271451,0.054735,1.0,0.0,0.756897,-0.26,0.0,-0.458772,1,1,9.2,0.0,0.02,0.2,0.2,0.02,1.3862943611198906,False,3.3796,2.8592488244292413,1,1,6,8,0.0541,0.0015,0.5171,0.3399,0.1181,0.0203,0.0046,-3,18
37,3,idrissa gueye|everton,Idrissa Gueye,Everton,MID,90.0,0.096432,0.084219,0.180651,0.39,3.33898,0.165273,2.0,0.482162,0.252656,0.39,0.0,0.374162,-0.16,0.0,0.0,1,1,9.3,0.0,0.02,0.1,0.1,0.02,0.941608539858445,False,3.2972,2.2250555408798225,2,2,4,6,0.1453,0.0132,0.4789,0.4234,0.071,0.025,0.0017,-1,25
37,3,igor jesus|nottingham forest,Igor Jesus,Nottingham Forest,FWD,75.0,0.11896,0.065247,0.184208,0.18,2.572138,0.168237,2.0,0.475842,0.195742,0.0,0.0,0.000554,-0.1,0.0,0.0,1,1,4.4,0.0,0.02,0.06,0.06,0.02,1.7147984280919266,False,2.5127,1.9383082082063214,1,2,2,6,0.1627,0.0135,0.8376,0.0999,0.0528,0.0092,0.0005,-2,16
37,3,igor julio|west ham,Igor Julio,West Ham,DEF,0.0,0.0,0.0,0.0,0.15,0.0,0.0,0.0,0.0,0.0,0.0,0.0,0.0,0.0,0.0,0.0,1,1,6.6,0.0,0.02,0.33,0.33,0.02,1.8971199848858813,True,0.0,0.0,0,0,0,0,0.0,0.0,1.0,0.0,0.0,0.0,0.0,0,0
37,3,ilia gruev|leeds,Ilia Gruev,Leeds,MID,60.0,0.01962,0.043791,0.063411,0.25,2.25294,0.061442,2.0,0.098101,0.131373,0.25,0.0,0.013466,-0.24,0.0,0.0,1,1,8.1,0.0,0.01,0.33,0.33,0.01,1.3862943611198906,False,1.5594,1.5710097517202113,0,0,2,3,0.0453,0.0014,0.8235,0.1598,0.0147,0.002,0.0,-1,14
37,3,iliman ndiaye|everton,Iliman Ndiaye,Everton,MID,90.0,0.209898,0.135096,0.344993,0.39,4.156466,0.291775,2.0,1.049489,0.405287,0.39,0.0,0.49097,-0.13,-0.04928,0.0,1,1,9.9,0.0,0.01,0.1,0.1,0.01,0.941608539858445,False,4.1341,2.975586864804992,2,2,5,9,0.2564,0.0391,0.3932,0.4107,0.1283,0.0583,0.0095,-1,24
37,3,ismaila sarr|crystal palace,Ismaila Sarr,Crystal Palace,MID,30.0,0.178987,0.026672,0.205659,0.2,1.915191,0.185889,1.0,0.894934,0.080016,0.0,0.0,2e-06,-0.043333,-0.016427,0.0,1,1,6.2,0.0,0.01,0.1,0.1,0.01,1.6094379124341003,False,1.2806,2.3828687836303537,0,0,1,6,0.1231,0.0144,0.8769,0.0583,0.0514,0.0122,0.0012,-2,19
37,3,issa diop|fulham,Issa Diop,Fulham,DEF,15.0,0.001008,0.000236,0.001245,0.34,0.927371,0.001244,1.0,0.00605,0.000709,0.0,0.0,1e-06,-0.065,0.0,-0.014389,1,1,7.9,0.0,0.02,0.33,0.33,0.02,1.0788096613719298,False,0.3248,0.572280490668693,0,0,1,1,0.0007,0.0,0.9992,0.0003,0.0005,0.0,0.0,-3,9
37,3,iyenoma destiny udogie|tottenham,Iyenoma Destiny Udogie,Tottenham,DEF,30.0,0.004325,0.024113,0.028438,0.12,0.847426,0.028037,1.0,0.025948,0.072339,0.0,0.0,5e-06,-0.086667,0.0,-0.164199,1,1,4.5,0.0,0.02,0.2,0.2,0.02,2.120263536200091,False,0.1181,0.8361533292405168,-1,0,0,1,0.0172,0.0004,0.9846,0.0134,0.0019,0.0001,0.0,-5,11
37,3,jack fletcher|manchester united,Jack Fletcher,Manchester United,MID,0.0,0.0,0.0,0.0,0.36,0.0,0.0,0.0,0.0,0.0,0.0,0.0,0.0,0.0,0.0,0.0,1,1,9.3,0.0,0.02,0.06,0.06,0.02,1.0216512475319814,True,0.0,0.0,0,0,0,0,0.0,0.0,1.0,0.0,0.0,0.0,0.0,0,0
37,3,jack grealish|everton,Jack Grealish,Everton,MID,0.0,0.0,0.0,0.0,0.39,0.0,0.0,0.0,0.0,0.0,0.0,0.0,0.0,0.0,0.0,0.0,1,1,7.5,0.0,0.01,0.33,0.33,0.01,0.941608539858445,True,0.0,0.0,0,0,0,0,0.0,0.0,1.0,0.0,0.0,0.0,0.0,0,0
37,3,jack harrison|leeds,Jack Harrison,Leeds,MID,0.0,0.0,0.0,0.0,0.25,0.0,0.0,0.0,0.0,0.0,0.0,0.0,0.0,0.0,0.0,0.0,1,1,8.2,0.0,0.02,0.14,0.14,0.02,1.3862943611198906,True,0.0,0.0,0,0,0,0,0.0,0.0,1.0,0.0,0.0,0.0,0.0,0,0
37,3,jack hinshelwood|brighton,Jack Hinshelwood,Brighton,MID,80.0,0.215877,0.106187,0.322063,0.27,3.676519,0.275348,2.0,1.079385,0.31856,0.27,0.0,0.088574,-0.08,0.0,0.0,1,1,8.0,0.0,0.01,0.06,0.06,0.01,1.3093333199837622,False,3.5516,2.99411713865707,1,2,5,8,0.2452,0.0355,0.5665,0.2525,0.1332,0.0389,0.0089,-2,23
37,3,jackson tchatchoua|wolverhampton wanderers,Jackson Tchatchoua,Wolverhampton Wanderers,DEF,0.0,0.0,0.0,0.0,0.25,0.0,0.0,0.0,0.0,0.0,0.0,0.0,0.0,0.0,0.0,0.0,1,1,3.0,0.0,0.02,0.2,0.2,0.02,1.3862943611198906,True,0.0,0.0,0,0,0,0,0.0,0.0,1.0,0.0,0.0,0.0,0.0,0,0
37,3,jacob bruun larsen|burnley,Jacob Bruun Larsen,Burnley,FWD,30.0,0.075821,0.014944,0.090764,0.07,1.329901,0.086767,1.0,0.303282,0.044831,0.0,0.0,1e-06,-0.01,-0.008213,0.0,1,1,5.7,0.0,0.01,,0.0,0.01,2.659260036932778,False,0.8174,1.3553070648380756,0,0,1,1,0.0549,0.0033,0.9452,0.0424,0.0101,0.0023,0.0,-2,12
37,3,jacob murphy|newcastle united,Jacob Murphy,Newcastle United,MID,30.0,0.075125,0.119045,0.19417,0.33,1.692758,0.176482,1.0,0.375624,0.357134,0.0,0.0,0.0,-0.04,0.0,0.0,1,1,4.5,0.0,0.02,0.06,0.06,0.02,1.1086626245216111,False,1.0968,1.9540802849422538,0,0,1,4,0.1116,0.0154,0.8885,0.0735,0.0294,0.008,0.0006,-2,19
37,3,jacob ramsey|newcastle united,Jacob Ramsey,Newcastle United,MID,60.0,0.068295,0.055554,0.12385,0.33,2.516046,0.116487,2.0,0.341477,0.166663,0.33,0.0,0.03124,-0.353333,0.0,0.0,1,1,9.1,0.0,0.01,0.5,0.5,0.01,1.1086626245216111,False,1.828,2.113484326887711,0,0,2,4,0.087,0.0064,0.7651,0.1825,0.0427,0.0092,0.0005,-1,21
37,3,jadon sancho|aston villa,Jadon Sancho,Aston Villa,MID,0.0,0.0,0.0,0.0,0.2,0.0,0.0,0.0,0.0,0.0,0.0,0.0,0.0,0.0,0.0,0.0,1,1,4.8,0.0,0.02,0.1,0.1,0.02,1.6094379124341003,True,0.0,0.0,0,0,0,0,0.0,0.0,1.0,0.0,0.0,0.0,0.0,0,0
37,3,jaidon anthony|burnley,Jaidon Anthony,Burnley,MID,90.0,0.06498,0.059505,0.124485,0.07,2.544223,0.117049,2.0,0.3249,0.178516,0.07,0.0,0.200807,-0.23,0.0,0.0,1,1,8.2,0.0,0.01,0.2,0.2,0.01,2.659260036932778,False,2.5376,1.793707400887893,1,2,2,5,0.1003,0.0053,0.7844,0.1572,0.0486,0.0089,0.0009,-1,16
37,3,jair|nottingham forest,Jair,Nottingham Forest,DEF,0.0,0.0,0.0,0.0,0.18,0.0,0.0,0.0,0.0,0.0,0.0,0.0,0.0,0.0,0.0,0.0,1,1,10.2,0.0,0.02,0.14,0.14,0.02,1.7147984280919266,True,0.0,0.0,0,0,0,0,0.0,0.0,1.0,0.0,0.0,0.0,0.0,0,0
37,3,jaka bijol|leeds,Jaka Bijol,Leeds,DEF,15.0,0.004871,0.006691,0.011561,0.25,0.961287,0.011495,1.0,0.029223,0.020073,0.0,0.0,6e-06,-0.065,0.0,-0.023015,1,1,9.2,0.0,0.02,0.33,0.33,0.02,1.3862943611198906,False,0.2961,0.7711191801531071,0,0,1,1,0.0094,0.0001,0.9905,0.0059,0.0034,0.0002,0.0,-4,11
37,3,jake o'brien|everton,Jake O'Brien,Everton,DEF,90.0,0.018578,0.027189,0.045768,0.39,3.625293,0.044736,2.0,0.111469,0.081568,1.56,0.0,0.251085,-0.12,0.0,-0.258829,1,1,6.9,0.0,0.02,0.06,0.06,0.02,0.941608539858445,False,3.7328,2.7103512982637508,1,2,6,7,0.0412,0.0016,0.5284,0.3339,0.12,0.0159,0.0018,-3,21
37,3,jamaal lascelles|newcastle united,Jamaal Lascelles,Newcastle United,DEF,0.0,0.0,0.0,0.0,0.33,0.0,0.0,0.0,0.0,0.0,0.0,0.0,0.0,0.0,0.0,0.0,1,1,3.0,0.0,0.01,0.14,0.14,0.01,1.1086626245216111,True,0.0,0.0,0,0,0,0,0.0,0.0,1.0,0.0,0.0,0.0,0.0,0,0
37,3,jamaldeen jimoh|aston villa,Jamaldeen Jimoh,Aston Villa,MID,0.0,0.0,0.0,0.0,0.2,0.0,0.0,0.0,0.0,0.0,0.0,0.0,0.0,0.0,0.0,0.0,1,1,2.0,0.0,0.01,0.06,0.06,0.01,1.6094379124341003,True,0.0,0.0,0,0,0,0,0.0,0.0,1.0,0.0,0.0,0.0,0.0,0,0
37,3,james garner|everton,James Garner,Everton,MID,90.0,0.046536,0.1532,0.199737,0.39,3.852836,0.181054,2.0,0.232682,0.459601,0.39,0.0,1.030552,-0.26,0.0,0.0,1,1,12.3,0.0,0.02,0.2,0.2,0.02,0.941608539858445,False,3.7761,2.196535633674082,2,2,5,7,0.1633,0.0139,0.3412,0.5576,0.0752,0.0247,0.0013,-1,17
37,3,james hill|bournemouth,James Hill,Bournemouth,DEF,90.0,0.043603,0.051833,0.095436,0.15,3.289589,0.091023,2.0,0.261615,0.155499,0.6,0.0,1.17666,-0.2,0.0,-0.704185,1,1,10.9,0.0,0.02,0.14,0.14,0.02,1.8971199848858813,False,3.2616,2.7637231120356467,1,1,4,8,0.082,0.0038,0.4714,0.3916,0.1081,0.0265,0.0024,-4,20
37,3,james justin|leeds,James Justin,Leeds,DEF,75.0,0.055227,0.067722,0.122949,0.25,2.99088,0.115691,2.0,0.331359,0.203166,1.0,0.0,0.240127,-0.325,0.0,-0.458772,1,1,8.2,0.0,0.02,0.33,0.33,0.02,1.3862943611198906,False,2.8224,2.9697572695424115,0,1,5,7,0.1017,0.0061,0.6384,0.2451,0.0895,0.0236,0.0034,-5,22
37,3,james mcatee|nottingham forest,James McAtee,Nottingham Forest,MID,0.0,0.0,0.0,0.0,0.18,0.0,0.0,0.0,0.0,0.0,0.0,0.0,0.0,0.0,0.0,0.0,1,1,5.8,0.0,0.01,0.33,0.33,0.01,1.7147984280919266,True,0.0,0.0,0,0,0,0,0.0,0.0,1.0,0.0,0.0,0.0,0.0,0,0
37,3,james milner|brighton,James Milner,Brighton,MID,15.0,0.003809,0.010588,0.014396,0.27,0.990806,0.014293,1.0,0.019043,0.031764,0.0,0.0,0.0,-0.06,0.0,0.0,1,1,9.2,0.0,0.01,0.33,0.33,0.01,1.3093333199837622,False,0.5452,0.6824638891545838,0,0,1,1,0.0095,0.0003,0.9906,0.008,0.0013,0.0001,0.0,-2,12
37,3,james rowswell|tottenham,James Rowswell,Tottenham,MID,0.0,0.0,0.0,0.0,0.12,0.0,0.0,0.0,0.0,0.0,0.0,0.0,0.0,0.0,0.0,0.0,1,1,0.0,0.0,0.0,0.0,0.0,0.0,2.120263536200091,True,0.0,0.0,0,0,0,0,0.0,0.0,1.0,0.0,0.0,0.0,0.0,0,0
37,3,james tarkowski|everton,James Tarkowski,Everton,DEF,90.0,0.061606,0.054101,0.115708,0.39,4.70303,0.109264,2.0,0.369638,0.162304,1.56,0.0,1.129917,-0.26,0.0,-0.258829,1,1,10.7,0.0,0.02,0.2,0.2,0.02,0.941608539858445,False,4.7198,3.1761750518508896,1,2,7,9,0.0977,0.0052,0.3207,0.3987,0.2239,0.0484,0.0083,-3,23
37,3,james trafford|manchester city,James Trafford,Manchester City,GK,0.0,0.0,0.0,0.0,0.26,0.0,0.0,0.0,0.0,0.0,0.0,0.0,0.0,0.0,0.0,0.0,1,1,0.0,0.0,0.01,0.1,0.1,0.01,1.3470736479666092,True,0.0,0.0,0,0,0,0,0.0,0.0,1.0,0.0,0.0,0.0,0.0,0,0
37,3,james ward-prowse|burnley,James Ward-Prowse,Burnley,MID,30.0,0.00243,0.04546,0.04789,0.07,1.118531,0.046761,1.0,0.012151,0.136379,0.0,0.0,1e-06,-0.03,0.0,0.0,1,1,5.6,0.0,0.01,0.06,0.06,0.01,2.659260036932778,False,0.6408,0.8727974335434311,0,0,1,1,0.0306,0.0006,0.9694,0.0292,0.0013,0.0001,0.0,-2,13
37,3,jamie bynoe-gittens|chelsea,Jamie Bynoe-Gittens,Chelsea,MID,0.0,0.0,0.0,0.0,0.34,0.0,0.0,0.0,0.0,0.0,0.0,0.0,0.0,0.0,0.0,0.0,1,1,4.0,0.0,0.02,0.03,0.03,0.02,1.0788096613719298,True,0.0,0.0,0,0,0,0,0.0,0.0,1.0,0.0,0.0,0.0,0.0,0,0
37,3,jan paul van hecke|brighton,Jan Paul van Hecke,Brighton,DEF,90.0,0.076887,0.037652,0.114539,0.27,3.525049,0.108223,2.0,0.46132,0.112956,1.08,0.0,0.583664,-0.29,0.0,-0.422892,1,1,8.5,0.0,0.03,0.2,0.2,0.03,1.3093333199837622,False,3.5209,3.1012841195221057,1,1,6,8,0.0938,0.0052,0.5276,0.31,0.1249,0.0314,0.0061,-4,23
37,3,jarrad branthwaite|everton,Jarrad Branthwaite,Everton,DEF,90.0,0.041512,0.018337,0.059849,0.39,3.935033,0.058093,2.0,0.249073,0.05501,1.56,0.0,0.559779,-0.23,0.0,-0.258829,1,1,8.4,0.0,0.03,0.14,0.14,0.03,0.941608539858445,False,3.9923,2.9745992520001745,1,2,6,8,0.0506,0.0018,0.4642,0.3541,0.1515,0.0261,0.0041,-2,26
37,3,jarrod bowen|west ham,Jarrod Bowen,West Ham,FWD,90.0,0.251221,0.197304,0.448525,0.15,3.469058,0.36143,2.0,1.004883,0.591912,0.0,0.0,0.103863,-0.17,-0.0616,0.0,1,1,7.3,0.0,0.01,0.14,0.14,0.01,1.8971199848858813,False,3.6231,2.8052533557595116,2,2,5,8,0.3325,0.0631,0.6451,0.1991,0.1101,0.0409,0.0048,-1,22
37,3,jaydee canvot|crystal palace,Jaydee Canvot,Crystal Palace,DEF,15.0,0.016501,0.001979,0.018479,0.2,1.031354,0.01831,1.0,0.099005,0.005936,0.0,0.0,6.7e-05,-0.043333,0.0,-0.030321,1,1,12.3,0.0,0.02,0.2,0.2,0.02,1.6094379124341003,False,0.3025,0.9818318338697315,0,0,1,1,0.0131,0.0002,0.9849,0.0066,0.008,0.0004,0.0001,-4,15
37,3,jayden bogle|leeds,Jayden Bogle,Leeds,DEF,75.0,0.030984,0.087478,0.118462,0.25,2.806242,0.111715,2.0,0.185907,0.262433,1.0,0.0,0.033341,-0.216667,0.0,-0.458772,1,1,5.7,0.0,0.02,0.2,0.2,0.02,1.3862943611198906,False,2.6097,2.720251074809088,0,1,5,6,0.1013,0.0062,0.7007,0.2114,0.0699,0.0168,0.0012,-4,19
37,3,jaydon banel|burnley,Jaydon Banel,Burnley,FWD,0.0,0.0,0.0,0.0,0.07,0.0,0.0,0.0,0.0,0.0,0.0,0.0,0.0,0.0,0.0,0.0,1,1,0.0,0.0,0.01,0.03,0.03,0.01,2.659260036932778,True,0.0,0.0,0,0,0,0,0.0,0.0,1.0,0.0,0.0,0.0,0.0,0,0
37,3,jean-clair todibo|west ham,Jean-Clair Todibo,West Ham,DEF,15.0,0.002617,0.002874,0.005491,0.15,0.940069,0.005476,1.0,0.015704,0.008621,0.0,0.0,2e-06,-0.043333,0.0,-0.040926,1,1,8.2,0.0,0.02,0.2,0.2,0.02,1.8971199848858813,False,0.146,0.6615769040708721,0,0,0,1,0.004,0.0,0.9961,0.0029,0.001,0.0,0.0,-4,9
37,3,jean-philippe mateta|crystal palace,Jean-Philippe Mateta,Crystal Palace,FWD,30.0,0.177314,0.011655,0.188969,0.2,1.69089,0.172188,1.0,0.709257,0.034966,0.0,0.0,0.0,-0.053333,0.0,0.0,1,1,5.2,0.0,0.02,0.1,0.1,0.02,1.6094379124341003,False,1.0847,1.9684323483422033,0,0,1,5,0.1066,0.0113,0.894,0.0756,0.0214,0.0082,0.0008,-2,20
37,3,jean-ricner bellegarde|wolverhampton wanderers,Jean-Ricner Bellegarde,Wolverhampton Wanderers,MID,60.0,0.031053,0.059208,0.09026,0.25,2.330358,0.086307,2.0,0.155263,0.177623,0.25,0.0,0.007472,-0.26,0.0,0.0,1,1,7.5,0.0,0.02,0.33,0.33,0.02,1.3862943611198906,False,1.5886,1.7159691255963787,0,0,2,3,0.0617,0.003,0.8187,0.1567,0.0209,0.0036,0.0001,-1,15
37,3,jefferson lerma|crystal palace,Jefferson Lerma,Crystal Palace,MID,0.0,0.0,0.0,0.0,0.2,0.0,0.0,0.0,0.0,0.0,0.0,0.0,0.0,0.0,0.0,0.0,1,1,11.4,0.0,0.02,0.06,0.06,0.02,1.6094379124341003,True,0.0,0.0,0,0,0,0,0.0,0.0,1.0,0.0,0.0,0.0,0.0,0,0
37,3,jenson seelt|sunderland,Jenson Seelt,Sunderland,DEF,0.0,0.0,0.0,0.0,0.24,0.0,0.0,0.0,0.0,0.0,0.0,0.0,0.0,0.0,0.0,0.0,1,1,8.1,0.0,0.02,0.33,0.33,0.02,1.4271163556401458,True,0.0,0.0,0,0,0,0,0.0,0.0,1.0,0.0,0.0,0.0,0.0,0,0
37,3,jeremie frimpong|liverpool,Jeremie Frimpong,Liverpool,DEF,60.0,0.025924,0.119524,0.145448,0.25,2.948721,0.135366,2.0,0.155546,0.358572,1.0,0.0,4.1e-05,-0.106667,0.0,-0.458772,1,1,2.9,0.0,0.02,0.1,0.1,0.02,1.3862943611198906,False,2.0934,2.7483952481402674,0,0,2,6,0.0976,0.0082,0.7605,0.1674,0.0531,0.0171,0.0019,-3,21
37,3,jhon arias|wolverhampton wanderers,Jhon Arias,Wolverhampton Wanderers,MID,0.0,0.0,0.0,0.0,0.25,0.0,0.0,0.0,0.0,0.0,0.0,0.0,0.0,0.0,0.0,0.0,1,1,5.0,0.0,0.02,0.06,0.06,0.02,1.3862943611198906,True,0.0,0.0,0,0,0,0,0.0,0.0,1.0,0.0,0.0,0.0,0.0,0,0
37,3,joachim andersen|fulham,Joachim Andersen,Fulham,DEF,90.0,0.04257,0.024425,0.066995,0.34,4.228278,0.0648,2.0,0.255422,0.073275,1.36,0.0,1.057886,-0.2,0.0,-0.318305,1,1,10.4,0.0,0.02,0.14,0.14,0.02,1.0788096613719298,False,4.2653,2.9700026784499705,1,2,6,8,0.0541,0.0022,0.3655,0.4079,0.193,0.0281,0.0055,-3,24
37,3,joe knight|brighton,Joe Knight,Brighton,MID,0.0,0.0,0.0,0.0,0.27,0.0,0.0,0.0,0.0,0.0,0.0,0.0,0.0,0.0,0.0,0.0,1,1,0.0,0.0,0.01,0.06,0.06,0.01,1.3093333199837622,True,0.0,0.0,0,0,0,0,0.0,0.0,1.0,0.0,0.0,0.0,0.0,0,0
37,3,joe rodon|leeds,Joe Rodon,Leeds,DEF,90.0,0.033642,0.022929,0.056571,0.25,3.299687,0.055001,2.0,0.20185,0.068788,1.0,0.0,0.607821,-0.12,0.0,-0.458772,1,1,8.6,0.0,0.02,0.06,0.06,0.02,1.3862943611198906,False,3.2925,2.749535187990872,1,1,6,7,0.0479,0.0014,0.5553,0.3139,0.1093,0.0188,0.0027,-4,22
37,3,joe willock|newcastle united,Joe Willock,Newcastle United,MID,30.0,0.044392,0.063491,0.107882,0.33,1.292539,0.102267,1.0,0.22196,0.190472,0.0,0.0,0.000108,-0.12,0.0,0.0,1,1,9.2,0.0,0.01,0.33,0.33,0.01,1.1086626245216111,False,0.783,1.4625699983248666,0,0,1,1,0.066,0.005,0.9335,0.0483,0.0158,0.0023,0.0001,-2,18
37,3,joe worrall|burnley,Joe Worrall,Burnley,DEF,15.0,0.000984,0.0,0.000984,0.07,0.911353,0.000983,1.0,0.005903,0.0,0.0,0.0,8.8e-05,-0.02,0.0,-0.074637,1,1,12.7,0.0,0.02,0.06,0.06,0.02,2.659260036932778,False,-0.0514,0.6963892876832612,-1,0,0,1,0.0007,0.0,0.9977,0.002,0.0003,0.0,0.0,-5,9
37,3,joelinton|newcastle united,Joelinton,Newcastle United,MID,60.0,0.075125,0.079363,0.154488,0.33,2.657117,0.143146,2.0,0.375624,0.238089,0.33,0.0,0.106736,-0.393333,0.0,0.0,1,1,11.0,0.0,0.03,0.5,0.5,0.03,1.1086626245216111,False,2.0069,2.314919521279304,0,0,3,5,0.1056,0.008,0.7139,0.2256,0.0471,0.0128,0.0006,-1,17
37,3,john mcginn|aston villa,John McGinn,Aston Villa,MID,60.0,0.05979,0.115611,0.175401,0.2,2.677289,0.160879,2.0,0.298949,0.346833,0.2,0.0,0.00484,-0.173333,0.0,0.0,1,1,7.1,0.0,0.02,0.2,0.2,0.02,1.6094379124341003,False,1.9468,2.233018083222794,0,0,2,5,0.124,0.0138,0.7799,0.1611,0.0464,0.0119,0.0007,-1,19
37,3,john stones|manchester city,John Stones,Manchester City,DEF,0.0,0.0,0.0,0.0,0.26,0.0,0.0,0.0,0.0,0.0,0.0,0.0,0.0,0.0,0.0,0.0,1,1,4.9,0.0,0.02,0.14,0.14,0.02,1.3470736479666092,True,0.0,0.0,0,0,0,0,0.0,0.0,1.0,0.0,0.0,0.0,0.0,0,0
37,3,john victor|nottingham forest,John Victor,Nottingham Forest,GK,0.0,0.0,0.0,0.0,0.18,0.0,0.0,0.0,0.0,0.0,0.0,0.0,0.0,0.0,0.0,0.0,1,1,0.0,0.0,0.01,0.06,0.06,0.01,1.7147984280919266,True,0.0,0.0,0,0,0,0,0.0,0.0,1.0,0.0,0.0,0.0,0.0,0,0
37,3,jonah kusi-asare|fulham,Jonah Kusi-Asare,Fulham,FWD,0.0,0.0,0.0,0.0,0.34,0.0,0.0,0.0,0.0,0.0,0.0,0.0,0.0,0.0,0.0,0.0,1,1,3.0,0.0,0.01,0.1,0.1,0.01,1.0788096613719298,True,0.0,0.0,0,0,0,0,0.0,0.0,1.0,0.0,0.0,0.0,0.0,0,0
37,3,jordan henderson|brentford,Jordan Henderson,Brentford,MID,60.0,0.012903,0.080404,0.093307,0.28,2.34336,0.089086,2.0,0.064516,0.241212,0.28,0.0,0.017632,-0.26,0.0,0.0,1,1,8.4,0.0,0.02,0.33,0.33,0.02,1.2729656758128873,False,1.6417,1.6808096590631552,0,0,2,3,0.0662,0.0026,0.7865,0.1957,0.0156,0.002,0.0002,-1,18
37,3,jordan pickford|everton,Jordan Pickford,Everton,GK,90.0,0.0,0.000943,0.000943,0.39,4.083999,0.000942,2.0,0.0,0.002828,1.56,0.9,0.0,-0.12,0.0,-0.258829,1,1,0.0,2.7,0.02,0.06,0.06,0.02,0.941608539858445,False,3.8437,2.514810193632911,1,2,6,7,0.0004,0.0,0.4402,0.3518,0.2034,0.0046,0.0,-4,12
37,3,jorge cuenca|fulham,Jorge Cuenca,Fulham,DEF,0.0,0.0,0.0,0.0,0.34,0.0,0.0,0.0,0.0,0.0,0.0,0.0,0.0,0.0,0.0,0.0,1,1,6.0,0.0,0.01,0.5,0.5,0.01,1.0788096613719298,True,0.0,0.0,0,0,0,0,0.0,0.0,1.0,0.0,0.0,0.0,0.0,0,0
37,3,jorrel hato|chelsea,Jorrel Hato,Chelsea,DEF,15.0,0.00798,0.015175,0.023154,0.34,0.985684,0.022888,1.0,0.047878,0.045524,0.0,0.0,5e-06,-0.093333,0.0,-0.014389,1,1,9.0,0.0,0.02,0.5,0.5,0.02,1.0788096613719298,False,0.4034,0.9225337067012782,0,0,1,1,0.02,0.0006,0.9803,0.0143,0.0049,0.0005,0.0,-5,12
37,3,joseph gomez|liverpool,Joseph Gomez,Liverpool,DEF,90.0,0.023444,0.135255,0.158699,0.25,3.020011,0.146747,2.0,0.140662,0.405766,1.0,0.0,0.322355,-0.39,0.0,-0.458772,1,1,7.3,0.0,0.02,0.33,0.33,0.02,1.3862943611198906,False,3.1006,2.8240537601115174,0,1,5,7,0.129,0.0085,0.5816,0.2991,0.0965,0.0214,0.0014,-4,20
37,3,josh acheampong|chelsea,Josh Acheampong,Chelsea,DEF,15.0,0.012749,0.006133,0.018882,0.34,1.037169,0.018705,1.0,0.076493,0.018399,0.0,0.0,0.0,-0.043333,0.0,-0.014389,1,1,6.3,0.0,0.02,0.2,0.2,0.02,1.0788096613719298,False,0.4288,0.909247249102245,0,0,1,1,0.0134,0.0004,0.9869,0.0054,0.0068,0.0009,0.0,-3,13
37,3,josh cullen|burnley,Josh Cullen,Burnley,MID,0.0,0.0,0.0,0.0,0.07,0.0,0.0,0.0,0.0,0.0,0.0,0.0,0.0,0.0,0.0,0.0,1,1,10.3,0.0,0.01,0.14,0.14,0.01,2.659260036932778,True,0.0,0.0,0,0,0,0,0.0,0.0,1.0,0.0,0.0,0.0,0.0,0,0
37,3,josh laurent|burnley,Josh Laurent,Burnley,MID,15.0,0.002529,0.003141,0.00567,0.07,0.962068,0.005654,1.0,0.012644,0.009424,0.0,0.0,0.0,-0.06,0.0,0.0,1,1,9.5,0.0,0.01,0.33,0.33,0.01,2.659260036932778,False,0.5291,0.5925818002605211,0,0,1,1,0.0038,0.0002,0.9961,0.0031,0.0007,0.0001,0.0,-2,10
37,3,joshua king|fulham,Joshua King,Fulham,MID,0.0,0.0,0.0,0.0,0.34,0.0,0.0,0.0,0.0,0.0,0.0,0.0,0.0,0.0,0.0,0.0,1,1,7.5,0.0,0.01,0.33,0.33,0.01,1.0788096613719298,True,0.0,0.0,0,0,0,0,0.0,0.0,1.0,0.0,0.0,0.0,0.0,0,0
37,3,joshua zirkzee|manchester united,Joshua Zirkzee,Manchester United,FWD,15.0,0.105642,0.029766,0.135408,0.36,1.451867,0.126641,1.0,0.422568,0.089299,0.0,0.0,0.0,-0.06,0.0,0.0,1,1,6.5,0.0,0.01,0.33,0.33,0.01,1.0216512475319814,False,0.9283,1.680285425158476,0,0,1,1,0.0875,0.0083,0.9127,0.0684,0.0134,0.0052,0.0003,-2,15
37,3,josko gvardiol|manchester city,Josko Gvardiol,Manchester City,DEF,0.0,0.0,0.0,0.0,0.26,0.0,0.0,0.0,0.0,0.0,0.0,0.0,0.0,0.0,0.0,0.0,1,1,6.8,0.0,0.01,0.14,0.14,0.01,1.3470736479666092,True,0.0,0.0,0,0,0,0,0.0,0.0,1.0,0.0,0.0,0.0,0.0,0,0
37,3,josé sá|wolverhampton wanderers,José Sá,Wolverhampton Wanderers,GK,90.0,0.0,0.0,0.0,0.25,3.347894,0.0,2.0,0.0,0.0,1.0,0.866667,0.0,-0.06,0.0,-0.458772,1,1,0.0,2.6,0.01,0.03,0.03,0.01,1.3862943611198906,False,3.0769,2.3370037205789806,1,1,5,7,0.0,0.0,0.5836,0.2825,0.132,0.0019,0.0,-4,11
37,3,jota silva|nottingham forest,Jota Silva,Nottingham Forest,MID,0.0,0.0,0.0,0.0,0.18,0.0,0.0,0.0,0.0,0.0,0.0,0.0,0.0,0.0,0.0,0.0,1,1,4.0,0.0,0.01,0.14,0.14,0.01,1.7147984280919266,True,0.0,0.0,0,0,0,0,0.0,0.0,1.0,0.0,0.0,0.0,0.0,0,0
37,3,joão gomes|wolverhampton wanderers,João Gomes,Wolverhampton Wanderers,MID,90.0,0.036481,0.065581,0.102061,0.25,3.336509,0.097026,2.0,0.182403,0.196742,0.25,0.0,1.097364,-0.39,0.0,0.0,1,1,12.6,0.0,0.02,0.33,0.33,0.02,1.3862943611198906,False,3.2474,1.888701469264002,1,2,4,5,0.0869,0.004,0.429,0.5166,0.0408,0.0127,0.0009,-1,18
37,3,joão palhinha|tottenham,João Palhinha,Tottenham,MID,75.0,0.104924,0.021851,0.126775,0.12,2.967913,0.119068,2.0,0.524621,0.065554,0.12,0.0,0.582739,-0.325,0.0,0.0,1,1,12.4,0.0,0.02,0.33,0.33,0.02,2.120263536200091,False,2.9066,2.3522067171063004,1,1,4,6,0.1105,0.0072,0.6032,0.3063,0.0649,0.0229,0.0027,-2,18
37,3,joão pedro|chelsea,João Pedro,Chelsea,FWD,90.0,0.657559,0.138866,0.796424,0.34,4.794303,0.549061,2.0,2.630234,0.416597,0.0,0.0,0.007472,-0.26,0.0,0.0,1,1,5.0,0.0,0.02,0.2,0.2,0.02,1.0788096613719298,False,4.9884,3.9304535921442962,2,2,7,11,0.5049,0.1561,0.4942,0.1977,0.1705,0.1095,0.0281,-1,30
37,3,joél drakes-thomas|crystal palace,Joél Drakes-Thomas,Crystal Palace,FWD,0.0,0.0,0.0,0.0,0.2,0.0,0.0,0.0,0.0,0.0,0.0,0.0,0.0,0.0,0.0,0.0,1,1,0.0,0.0,0.01,0.06,0.06,0.01,1.6094379124341003,True,0.0,0.0,0,0,0,0,0.0,0.0,1.0,0.0,0.0,0.0,0.0,0,0
37,3,joël piroe|leeds,Joël Piroe,Leeds,FWD,15.0,0.076111,0.020753,0.096864,0.25,1.345036,0.09232,1.0,0.304444,0.062258,0.0,0.0,0.0,-0.021667,0.0,0.0,1,1,2.0,0.0,0.01,0.1,0.1,0.01,1.3862943611198906,False,0.8668,1.5202163530234767,0,0,1,1,0.0668,0.0059,0.9333,0.0506,0.0124,0.0035,0.0002,-2,16
37,3,joël veltman|brighton,Joël Veltman,Brighton,DEF,90.0,0.073965,0.022732,0.096697,0.27,3.391268,0.092169,2.0,0.443792,0.068195,1.08,0.0,0.782173,-0.56,0.0,-0.422892,1,1,9.3,0.0,0.02,0.5,0.5,0.02,1.3093333199837622,False,3.4027,3.0972782745500926,0,1,6,8,0.0814,0.0037,0.5137,0.3263,0.1241,0.0299,0.006,-3,23
37,3,julio soler|bournemouth,Julio Soler,Bournemouth,DEF,0.0,0.0,0.0,0.0,0.15,0.0,0.0,0.0,0.0,0.0,0.0,0.0,0.0,0.0,0.0,0.0,1,1,0.0,0.0,0.01,0.06,0.06,0.01,1.8971199848858813,True,0.0,0.0,0,0,0,0,0.0,0.0,1.0,0.0,0.0,0.0,0.0,0,0
37,3,jun'ai byfield|tottenham,Jun'ai Byfield,Tottenham,DEF,0.0,0.0,0.0,0.0,0.12,0.0,0.0,0.0,0.0,0.0,0.0,0.0,0.0,0.0,0.0,0.0,1,1,1.0,0.0,0.02,0.06,0.06,0.02,2.120263536200091,True,0.0,0.0,0,0,0,0,0.0,0.0,1.0,0.0,0.0,0.0,0.0,0,0
37,3,jurriën timber|arsenal,Jurriën Timber,Arsenal,DEF,0.0,0.0,0.0,0.0,0.63,0.0,0.0,0.0,0.0,0.0,0.0,0.0,0.0,0.0,0.0,0.0,1,1,5.0,0.0,0.02,0.2,0.2,0.02,0.4620354595965587,True,0.0,0.0,0,0,0,0,0.0,0.0,1.0,0.0,0.0,0.0,0.0,0,0
37,3,justin devenny|crystal palace,Justin Devenny,Crystal Palace,MID,0.0,0.0,0.0,0.0,0.2,0.0,0.0,0.0,0.0,0.0,0.0,0.0,0.0,0.0,0.0,0.0,1,1,7.3,0.0,0.02,0.06,0.06,0.02,1.6094379124341003,True,0.0,0.0,0,0,0,0,0.0,0.0,1.0,0.0,0.0,0.0,0.0,0,0
37,3,justin kluivert|bournemouth,Justin Kluivert,Bournemouth,MID,0.0,0.0,0.0,0.0,0.15,0.0,0.0,0.0,0.0,0.0,0.0,0.0,0.0,0.0,0.0,0.0,1,1,6.1,0.0,0.01,0.5,0.5,0.01,1.8971199848858813,True,0.0,0.0,0,0,0,0,0.0,0.0,1.0,0.0,0.0,0.0,0.0,0,0
37,3,jéremy doku|manchester city,Jéremy Doku,Manchester City,MID,60.0,0.100236,0.180881,0.281117,0.26,3.245012,0.24506,2.0,0.50118,0.542644,0.26,0.0,0.001189,-0.06,0.0,0.0,1,1,6.0,0.0,0.01,0.06,0.06,0.01,1.3470736479666092,False,2.3657,2.7062083271618245,0,0,3,6,0.1782,0.0275,0.6993,0.2083,0.0671,0.0223,0.003,-1,21
37,3,jørgen strand larsen|crystal palace,Jørgen Strand Larsen,Crystal Palace,FWD,75.0,0.198914,0.024041,0.222955,0.2,2.715959,0.199849,2.0,0.795656,0.072123,0.0,0.0,0.000113,-0.141667,-0.010267,0.0,1,1,3.7,0.0,0.01,0.14,0.14,0.01,1.6094379124341003,False,2.662,2.2214310702787965,1,2,2,6,0.1831,0.0178,0.8169,0.0935,0.0736,0.0149,0.0011,-2,17
37,3,kaden rodney|crystal palace,Kaden Rodney,Crystal Palace,MID,0.0,0.0,0.0,0.0,0.2,0.0,0.0,0.0,0.0,0.0,0.0,0.0,0.0,0.0,0.0,0.0,1,1,0.0,0.0,0.01,0.06,0.06,0.01,1.6094379124341003,True,0.0,0.0,0,0,0,0,0.0,0.0,1.0,0.0,0.0,0.0,0.0,0,0
37,3,kai havertz|arsenal,Kai Havertz,Arsenal,FWD,0.0,0.0,0.0,0.0,0.63,0.0,0.0,0.0,0.0,0.0,0.0,0.0,0.0,0.0,0.0,0.0,1,1,6.4,0.0,0.02,0.03,0.03,0.02,0.4620354595965587,True,0.0,0.0,0,0,0,0,0.0,0.0,1.0,0.0,0.0,0.0,0.0,0,0
37,3,kaoru mitoma|brighton,Kaoru Mitoma,Brighton,MID,75.0,0.168103,0.16251,0.330613,0.27,3.408726,0.281517,2.0,0.840516,0.48753,0.27,0.0,0.002347,-0.191667,0.0,0.0,1,1,5.2,0.0,0.01,0.2,0.2,0.01,1.3093333199837622,False,3.366,2.871627413157912,1,2,5,8,0.266,0.0442,0.5939,0.2502,0.1145,0.0353,0.0061,-2,23
37,3,karl darlow|leeds,Karl Darlow,Leeds,GK,90.0,0.0,0.000315,0.000315,0.25,3.415506,0.000315,2.0,0.0,0.000945,1.0,0.933333,0.0,-0.06,0.0,-0.458772,1,1,0.0,2.8,0.01,0.03,0.03,0.01,1.3862943611198906,False,3.12,2.3287765028014173,1,1,5,7,0.0005,0.0,0.5622,0.3013,0.1335,0.003,0.0,-3,11
37,3,keane lewis-potter|brentford,Keane Lewis-Potter,Brentford,DEF,15.0,0.02228,0.022306,0.044586,0.28,1.160964,0.043607,1.0,0.133681,0.066917,0.0,0.0,0.0,-0.02,0.0,-0.019634,1,1,3.2,0.0,0.02,0.06,0.06,0.02,1.2729656758128873,False,0.4754,1.1106731472399969,0,0,1,1,0.0322,0.0008,0.9685,0.0196,0.0114,0.0005,0.0,-3,13
37,3,kenny tete|fulham,Kenny Tete,Fulham,DEF,75.0,0.033485,0.043244,0.076729,0.34,3.507028,0.073859,2.0,0.20091,0.129732,1.36,0.0,0.268025,-0.133333,0.0,-0.318305,1,1,8.4,0.0,0.02,0.1,0.1,0.02,1.0788096613719298,False,3.3381,2.9204431838335774,1,1,6,7,0.0734,0.0025,0.5749,0.2908,0.1079,0.0227,0.0037,-3,23
37,3,kevin danso|tottenham,Kevin Danso,Tottenham,DEF,90.0,0.015395,0.003804,0.019199,0.12,2.745166,0.019016,2.0,0.092371,0.011413,0.48,0.0,1.535114,-0.56,0.0,-0.813732,1,1,12.7,0.0,0.02,0.5,0.5,0.02,2.120263536200091,False,2.7896,2.345406540453062,0,1,4,6,0.0187,0.0003,0.5046,0.3968,0.0894,0.0079,0.0013,-4,18
37,3,kevin schade|brentford,Kevin Schade,Brentford,MID,75.0,0.279456,0.099369,0.378825,0.28,3.691622,0.315335,2.0,1.397279,0.298108,0.28,0.0,0.021367,-0.3,-0.005133,0.0,1,1,6.9,0.0,0.01,0.33,0.33,0.01,1.2729656758128873,False,3.6733,3.3247506838859366,1,2,6,8,0.2956,0.049,0.5764,0.2088,0.1546,0.0487,0.0115,-2,25
37,3,kevin|fulham,Kevin,Fulham,MID,60.0,0.093913,0.054429,0.148342,0.34,2.873658,0.137864,2.0,0.469567,0.163286,0.34,0.0,0.007472,-0.106667,0.0,0.0,1,1,7.5,0.0,0.02,0.1,0.1,0.02,1.0788096613719298,False,2.0963,2.365380795981907,0,0,3,5,0.1059,0.0086,0.7091,0.2171,0.0582,0.0141,0.0015,-1,22
37,3,ki-jana hoever|wolverhampton wanderers,Ki-Jana Hoever,Wolverhampton Wanderers,DEF,15.0,0.0,0.012705,0.012705,0.25,0.988437,0.012625,1.0,0.0,0.038116,0.0,0.0,3e-06,-0.026667,0.0,-0.023015,1,1,8.5,0.0,0.02,0.1,0.1,0.02,1.3862943611198906,False,0.3168,0.6723375342787282,0,0,1,1,0.0114,0.0003,0.9887,0.011,0.0003,0.0,0.0,-3,8
37,3,kieran trippier|newcastle united,Kieran Trippier,Newcastle United,DEF,0.0,0.0,0.0,0.0,0.33,0.0,0.0,0.0,0.0,0.0,0.0,0.0,0.0,0.0,0.0,0.0,1,1,4.0,0.0,0.02,0.2,0.2,0.02,1.1086626245216111,True,0.0,0.0,0,0,0,0,0.0,0.0,1.0,0.0,0.0,0.0,0.0,0,0
37,3,kiernan dewsbury-hall|everton,Kiernan Dewsbury-Hall,Everton,MID,90.0,0.161341,0.227351,0.388692,0.39,3.629117,0.322057,2.0,0.806705,0.682053,0.39,0.0,0.152679,-0.39,-0.01232,0.0,1,1,7.8,0.0,0.02,0.33,0.33,0.02,0.941608539858445,False,3.6774,2.856383944780533,1,2,5,8,0.2859,0.0459,0.494,0.3431,0.1137,0.0429,0.0063,-1,23
37,3,kobbie mainoo|manchester united,Kobbie Mainoo,Manchester United,MID,90.0,0.014583,0.073043,0.087625,0.36,2.943622,0.083896,2.0,0.072914,0.219128,0.36,0.0,0.411581,-0.12,0.0,0.0,1,1,9.5,0.0,0.02,0.06,0.06,0.02,1.0216512475319814,False,2.8781,1.5105761781518996,2,2,3,5,0.0751,0.0027,0.5211,0.4479,0.0258,0.0051,0.0001,-1,16
37,3,konstantinos mavropanos|west ham,Konstantinos Mavropanos,West Ham,DEF,90.0,0.081376,0.009213,0.090589,0.15,3.327857,0.086607,2.0,0.488259,0.027638,0.6,0.0,1.106145,-0.19,0.0,-0.704185,1,1,10.6,0.0,0.03,0.1,0.1,0.03,1.8971199848858813,False,3.2836,2.9397909857675257,1,1,4,8,0.0742,0.002,0.4894,0.3615,0.1161,0.028,0.005,-4,27
37,3,kristoffer ajer|brentford,Kristoffer Ajer,Brentford,DEF,90.0,0.040193,0.038067,0.07826,0.28,3.69145,0.075276,2.0,0.24116,0.1142,1.12,0.0,0.782173,-0.16,0.0,-0.406083,1,1,9.3,0.0,0.02,0.1,0.1,0.02,1.2729656758128873,False,3.7355,2.877905444937342,1,1,6,8,0.0686,0.0019,0.4676,0.3631,0.1388,0.0277,0.0028,-3,19
37,3,kyle walker-peters|west ham,Kyle Walker-Peters,West Ham,DEF,30.0,0.019194,0.007485,0.026679,0.15,0.914343,0.026326,1.0,0.115165,0.022455,0.0,0.0,0.000154,-0.086667,0.0,-0.136764,1,1,6.8,0.0,0.02,0.2,0.2,0.02,1.8971199848858813,False,0.2145,1.043019534812268,0,0,0,1,0.0182,0.0002,0.9828,0.0083,0.0085,0.0004,0.0,-5,13
37,3,kyle walker|burnley,Kyle Walker,Burnley,DEF,90.0,0.0,0.020659,0.020659,0.07,0.997667,0.020447,2.0,0.0,0.061977,0.28,0.0,0.126545,-0.39,0.0,-1.080855,1,1,6.0,0.0,0.02,0.33,0.33,0.02,2.659260036932778,False,1.0267,1.8453690985816362,-1,0,1,3,0.019,0.0003,0.888,0.0953,0.0159,0.0008,0.0,-5,12
37,3,ladislav krejcí|wolverhampton wanderers,Ladislav Krejcí,Wolverhampton Wanderers,DEF,90.0,0.048138,0.040493,0.088631,0.25,2.959559,0.084816,2.0,0.288828,0.121478,1.0,0.0,0.268025,-0.26,0.0,-0.458772,1,1,7.0,0.0,0.02,0.2,0.2,0.02,1.3862943611198906,False,3.0112,2.809568393899675,0,1,6,7,0.0726,0.0032,0.6353,0.2501,0.0924,0.0201,0.0021,-3,27
37,3,lamare bogarde|aston villa,Lamare Bogarde,Aston Villa,MID,30.0,0.0,0.001309,0.001309,0.2,0.817261,0.001308,1.0,0.0,0.003927,0.0,0.0,0.0,-0.186667,0.0,0.0,1,1,5.3,0.0,0.02,0.5,0.5,0.02,1.6094379124341003,False,0.4423,0.5333579567232497,0,0,1,1,0.0009,0.0,0.9991,0.0009,0.0,0.0,0.0,-2,4
37,3,leandro trossard|arsenal,Leandro Trossard,Arsenal,MID,60.0,0.251121,0.163825,0.414946,0.63,3.891782,0.339624,2.0,1.255604,0.491474,0.63,0.0,0.001371,-0.486667,0.0,0.0,1,1,6.1,0.0,0.02,0.67,0.67,0.02,0.4620354595965587,False,2.9293,3.53959058508184,0,0,3,8,0.2464,0.0551,0.6145,0.2173,0.1113,0.0443,0.0126,-1,25
37,3,leny yoro|manchester united,Leny Yoro,Manchester United,DEF,45.0,0.036613,0.013484,0.050098,0.36,1.11177,0.048863,1.0,0.21968,0.040453,0.0,0.0,0.00705,-0.06,0.0,-0.095413,1,1,7.5,0.0,0.02,0.06,0.06,0.02,1.0216512475319814,False,1.0778,2.0641577362207566,0,0,1,2,0.0381,0.0012,0.9025,0.0544,0.036,0.0062,0.0009,-5,26
37,3,leon bailey|aston villa,Leon Bailey,Aston Villa,MID,60.0,0.045424,0.098274,0.143698,0.2,2.620229,0.133851,2.0,0.22712,0.294822,0.2,0.0,0.051621,-0.153333,0.0,0.0,1,1,9.8,0.0,0.01,0.2,0.2,0.01,1.6094379124341003,False,1.9728,2.1631597629393906,0,0,2,5,0.1049,0.0084,0.7578,0.1901,0.0414,0.01,0.0007,-1,17
37,3,lewis cook|bournemouth,Lewis Cook,Bournemouth,DEF,15.0,0.001311,0.005878,0.007189,0.15,0.958215,0.007164,1.0,0.007869,0.017634,0.0,0.0,0.000305,-0.026667,0.0,-0.040926,1,1,14.8,0.0,0.02,0.1,0.1,0.02,1.8971199848858813,False,0.1855,0.7067458878550338,0,0,0,1,0.0061,0.0,0.9897,0.0094,0.0009,0.0,0.0,-4,9
37,3,lewis dunk|brighton,Lewis Dunk,Brighton,DEF,0.0,0.0,0.0,0.0,0.27,0.0,0.0,0.0,0.0,0.0,0.0,0.0,0.0,0.0,0.0,0.0,1,1,7.6,0.0,0.03,0.33,0.33,0.03,1.3093333199837622,True,0.0,0.0,0,0,0,0,0.0,0.0,1.0,0.0,0.0,0.0,0.0,0,0
37,3,lewis hall|newcastle united,Lewis Hall,Newcastle United,DEF,90.0,0.051221,0.119045,0.170266,0.33,3.950397,0.15656,2.0,0.307329,0.357134,1.32,0.0,0.46749,-0.17,0.0,-0.331556,1,1,8.0,0.0,0.01,0.14,0.14,0.01,1.1086626245216111,False,3.9352,3.046473528524415,1,2,6,8,0.1411,0.009,0.4836,0.3402,0.1332,0.0384,0.0046,-3,23
37,3,lewis miley|newcastle united,Lewis Miley,Newcastle United,MID,60.0,0.075125,0.111108,0.186233,0.33,3.01057,0.16992,2.0,0.375624,0.333325,0.33,0.0,0.051621,-0.08,0.0,0.0,1,1,9.8,0.0,0.02,0.06,0.06,0.02,1.1086626245216111,False,2.233,2.454610152345989,0,0,3,5,0.1244,0.0126,0.6779,0.2508,0.052,0.018,0.0013,-1,20
37,3,liam delap|chelsea,Liam Delap,Chelsea,FWD,15.0,0.081483,0.001899,0.083382,0.34,1.293296,0.080001,1.0,0.325932,0.005698,0.0,0.0,0.0,-0.038333,0.0,0.0,1,1,3.1,0.0,0.01,0.2,0.2,0.01,1.0788096613719298,False,0.8188,1.418367568721169,0,0,1,1,0.0591,0.0027,0.9409,0.0476,0.0093,0.002,0.0002,-2,16
37,3,lisandro martínez|manchester united,Lisandro Martínez,Manchester United,DEF,0.0,0.0,0.0,0.0,0.36,0.0,0.0,0.0,0.0,0.0,0.0,0.0,0.0,0.0,0.0,0.0,1,1,7.5,0.0,0.02,0.1,0.1,0.02,1.0216512475319814,True,0.0,0.0,0,0,0,0,0.0,0.0,1.0,0.0,0.0,0.0,0.0,0,0
37,3,lorenzo lucca|nottingham forest,Lorenzo Lucca,Nottingham Forest,FWD,15.0,0.064501,0.006198,0.0707,0.18,1.2616,0.068258,1.0,0.258006,0.018595,0.0,0.0,0.0,-0.015,0.0,0.0,1,1,3.0,0.0,0.01,0.06,0.06,0.01,1.7147984280919266,False,0.786,1.3455868608157557,0,0,1,1,0.0495,0.0029,0.9505,0.0365,0.0105,0.0025,0.0,-2,13
37,3,loum tchaouna|burnley,Loum Tchaouna,Burnley,MID,15.0,0.005618,0.004529,0.010146,0.07,1.010008,0.010095,1.0,0.028088,0.013587,0.0,0.0,0.0,-0.031667,0.0,0.0,1,1,5.3,0.0,0.03,0.1,0.1,0.03,2.659260036932778,False,0.553,0.676159004968506,0,0,1,1,0.0066,0.0,0.9934,0.0045,0.0021,0.0,0.0,-2,8
37,3,luca netz|nottingham forest,Luca Netz,Nottingham Forest,DEF,0.0,0.0,0.0,0.0,0.18,0.0,0.0,0.0,0.0,0.0,0.0,0.0,0.0,0.0,0.0,0.0,1,1,3.0,0.0,0.01,0.14,0.14,0.01,1.7147984280919266,True,0.0,0.0,0,0,0,0,0.0,0.0,1.0,0.0,0.0,0.0,0.0,0,0
37,3,lucas bergvall|tottenham,Lucas Bergvall,Tottenham,MID,0.0,0.0,0.0,0.0,0.12,0.0,0.0,0.0,0.0,0.0,0.0,0.0,0.0,0.0,0.0,0.0,1,1,7.7,0.0,0.01,0.2,0.2,0.01,2.120263536200091,True,0.0,0.0,0,0,0,0,0.0,0.0,1.0,0.0,0.0,0.0,0.0,0,0
37,3,lucas digne|aston villa,Lucas Digne,Aston Villa,DEF,30.0,0.00989,0.037679,0.047569,0.2,0.971987,0.046455,1.0,0.05934,0.113036,0.0,0.0,1.6e-05,-0.096667,0.0,-0.103738,1,1,5.2,0.0,0.03,0.2,0.2,0.03,1.6094379124341003,False,0.2953,1.030581345649144,0,0,1,1,0.0296,0.001,0.9731,0.0208,0.0056,0.0005,0.0,-4,14
37,3,lucas paquetá|west ham,Lucas Paquetá,West Ham,MID,0.0,0.0,0.0,0.0,0.15,0.0,0.0,0.0,0.0,0.0,0.0,0.0,0.0,0.0,0.0,0.0,1,1,8.7,0.0,0.02,0.2,0.2,0.02,1.8971199848858813,True,0.0,0.0,0,0,0,0,0.0,0.0,1.0,0.0,0.0,0.0,0.0,0,0
37,3,lucas perri|leeds,Lucas Perri,Leeds,GK,0.0,0.0,0.0,0.0,0.25,0.0,0.0,0.0,0.0,0.0,0.0,0.0,0.0,0.0,0.0,0.0,1,1,0.0,2.4,0.01,0.1,0.1,0.01,1.3862943611198906,True,0.0,0.0,0,0,0,0,0.0,0.0,1.0,0.0,0.0,0.0,0.0,0,0
37,3,lucas pires|burnley,Lucas Pires,Burnley,DEF,0.0,0.0,0.0,0.0,0.07,0.0,0.0,0.0,0.0,0.0,0.0,0.0,0.0,0.0,0.0,0.0,1,1,6.4,0.0,0.01,0.06,0.06,0.01,2.659260036932778,True,0.0,0.0,0,0,0,0,0.0,0.0,1.0,0.0,0.0,0.0,0.0,0,0
37,3,luis guilherme|west ham,Luis Guilherme,West Ham,MID,0.0,0.0,0.0,0.0,0.15,0.0,0.0,0.0,0.0,0.0,0.0,0.0,0.0,0.0,0.0,0.0,1,1,8.2,0.0,0.01,0.1,0.1,0.01,1.8971199848858813,True,0.0,0.0,0,0,0,0,0.0,0.0,1.0,0.0,0.0,0.0,0.0,0,0
37,3,lukas nmecha|leeds,Lukas Nmecha,Leeds,FWD,30.0,0.110468,0.026989,0.137457,0.25,1.4754,0.128428,1.0,0.441872,0.080967,0.0,0.0,0.0,-0.043333,-0.004107,0.0,1,1,4.6,0.0,0.01,0.1,0.1,0.01,1.3862943611198906,False,0.9844,1.727065904938199,0,0,1,1,0.0914,0.0079,0.9087,0.0685,0.0175,0.0053,0.0,-2,14
37,3,luke o'nien|sunderland,Luke O'Nien,Sunderland,MID,0.0,0.0,0.0,0.0,0.24,0.0,0.0,0.0,0.0,0.0,0.0,0.0,0.0,0.0,0.0,0.0,1,1,3.0,0.0,0.01,0.5,0.5,0.01,1.4271163556401458,True,0.0,0.0,0,0,0,0,0.0,0.0,1.0,0.0,0.0,0.0,0.0,0,0
37,3,luke shaw|manchester united,Luke Shaw,Manchester United,DEF,90.0,0.013128,0.03877,0.051897,0.36,3.160878,0.050574,2.0,0.078766,0.116309,1.44,0.0,0.079029,-0.26,0.0,-0.293226,1,1,5.5,0.0,0.02,0.2,0.2,0.02,1.0216512475319814,False,3.2531,2.6120567356012767,1,1,6,6,0.0451,0.0007,0.5947,0.3121,0.0812,0.0116,0.0004,-3,19
37,3,lutsharel geertruida|sunderland,Lutsharel Geertruida,Sunderland,DEF,30.0,0.010413,0.013939,0.024352,0.24,0.980013,0.024058,1.0,0.062477,0.041817,0.0,0.0,0.000121,-0.04,0.0,-0.084402,1,1,6.6,0.0,0.02,0.06,0.06,0.02,1.4271163556401458,False,0.3244,0.8428313235754827,0,0,1,1,0.0139,0.0002,0.986,0.0097,0.004,0.0003,0.0,-5,11
37,3,lyle foster|burnley,Lyle Foster,Burnley,FWD,15.0,0.01615,0.004396,0.020545,0.07,1.012785,0.020336,1.0,0.064598,0.013187,0.0,0.0,0.0,-0.065,0.0,0.0,1,1,5.3,0.0,0.02,0.33,0.33,0.02,2.659260036932778,False,0.5707,0.7988751529494456,0,0,1,1,0.0147,0.0004,0.9853,0.0121,0.0024,0.0002,0.0,-2,10
37,3,mads hermansen|west ham,Mads Hermansen,West Ham,GK,90.0,0.0,0.0,0.0,0.15,2.732482,0.0,2.0,0.0,0.0,0.6,0.966667,0.0,-0.13,0.0,-0.704185,1,1,0.0,2.9,0.01,0.1,0.1,0.01,1.8971199848858813,False,2.4744,2.1577638054244956,0,1,3,6,0.0,0.0,0.6667,0.2465,0.0853,0.0015,0.0,-5,12
37,3,malick thiaw|newcastle united,Malick Thiaw,Newcastle United,DEF,90.0,0.204886,0.035713,0.240599,0.33,4.831503,0.213843,2.0,1.229315,0.10714,1.32,0.0,0.706603,-0.2,0.0,-0.331556,1,1,9.0,0.0,0.02,0.14,0.14,0.02,1.1086626245216111,False,4.7982,3.903008680492525,1,2,7,10,0.1886,0.0198,0.4046,0.3154,0.1754,0.0792,0.0254,-3,32
37,3,malo gusto|chelsea,Malo Gusto,Chelsea,DEF,75.0,0.063744,0.153544,0.217288,0.34,3.686769,0.195302,2.0,0.382465,0.460631,1.36,0.0,0.018644,-0.216667,0.0,-0.318305,1,1,5.2,0.0,0.02,0.2,0.2,0.02,1.0788096613719298,False,3.4603,3.211109451575888,0,1,6,7,0.177,0.0174,0.5798,0.2779,0.0965,0.0396,0.0062,-4,23
37,3,mamadou sarr|chelsea,Mamadou Sarr,Chelsea,DEF,0.0,0.0,0.0,0.0,0.34,0.0,0.0,0.0,0.0,0.0,0.0,0.0,0.0,0.0,0.0,0.0,1,1,5.0,0.0,0.02,0.06,0.06,0.02,1.0788096613719298,True,0.0,0.0,0,0,0,0,0.0,0.0,1.0,0.0,0.0,0.0,0.0,0,0
37,3,manuel ugarte|manchester united,Manuel Ugarte,Manchester United,MID,15.0,0.012339,0.001658,0.013997,0.36,1.018347,0.013899,1.0,0.061694,0.004974,0.0,0.0,1.2e-05,-0.048333,0.0,0.0,1,1,14.7,0.0,0.03,0.2,0.2,0.03,1.0216512475319814,False,0.5711,0.8135998955260504,0,0,1,1,0.0105,0.0001,0.9878,0.0066,0.0055,0.0001,0.0,-2,10
37,3,marc cucurella|chelsea,Marc Cucurella,Chelsea,DEF,90.0,0.065565,0.198392,0.263958,0.34,3.989294,0.231994,2.0,0.393393,0.595177,1.36,0.0,0.219028,-0.26,0.0,-0.318305,1,1,6.7,0.0,0.02,0.2,0.2,0.02,1.0788096613719298,False,4.0843,3.2496759084561035,1,1,6,8,0.2064,0.0242,0.479,0.3306,0.1331,0.0511,0.0062,-3,24
37,3,marc guehi|manchester city,Marc Guehi,Manchester City,DEF,90.0,0.124738,0.06027,0.185008,0.26,3.864991,0.168902,2.0,0.748426,0.18081,1.04,0.0,0.536192,-0.2,0.0,-0.440437,1,1,8.3,0.0,0.02,0.14,0.14,0.02,1.3470736479666092,False,3.9048,3.4516281607380597,1,1,6,8,0.147,0.012,0.5123,0.2887,0.1372,0.0495,0.0123,-4,27
37,3,marc guiu|chelsea,Marc Guiu,Chelsea,FWD,0.0,0.0,0.0,0.0,0.34,0.0,0.0,0.0,0.0,0.0,0.0,0.0,0.0,0.0,0.0,0.0,1,1,2.0,0.0,0.01,0.06,0.06,0.01,1.0788096613719298,True,0.0,0.0,0,0,0,0,0.0,0.0,1.0,0.0,0.0,0.0,0.0,0,0
37,3,marco bizot|aston villa,Marco Bizot,Aston Villa,GK,0.0,0.0,0.0,0.0,0.2,0.0,0.0,0.0,0.0,0.0,0.0,0.0,0.0,0.0,0.0,0.0,1,1,0.0,0.0,0.01,0.03,0.03,0.01,1.6094379124341003,True,0.0,0.0,0,0,0,0,0.0,0.0,1.0,0.0,0.0,0.0,0.0,0,0
37,3,marcos senesi|bournemouth,Marcos Senesi,Bournemouth,DEF,90.0,0.047213,0.105802,0.153015,0.15,3.684528,0.141884,2.0,0.283279,0.317407,0.6,0.0,1.448027,-0.26,0.0,-0.704185,1,1,12.2,0.0,0.02,0.2,0.2,0.02,1.8971199848858813,False,3.6868,2.8958773730943785,1,2,5,8,0.1293,0.0087,0.3793,0.4518,0.1259,0.0391,0.0039,-3,21
37,3,marcus edwards|burnley,Marcus Edwards,Burnley,MID,75.0,0.053309,0.067375,0.120683,0.07,2.466418,0.113686,2.0,0.266544,0.202124,0.07,0.0,0.00275,-0.075,0.0,0.0,1,1,5.3,0.0,0.01,0.06,0.06,0.01,2.659260036932778,False,2.3496,1.7611302734323773,1,2,2,5,0.1054,0.0058,0.8446,0.1013,0.047,0.0059,0.0012,-2,21
37,3,marcus tavernier|bournemouth,Marcus Tavernier,Bournemouth,MID,90.0,0.319508,0.158806,0.478314,0.15,4.128794,0.380173,2.0,1.597539,0.476419,0.15,0.0,0.214117,-0.26,-0.04928,0.0,1,1,8.3,0.0,0.02,0.2,0.2,0.02,1.8971199848858813,False,4.1766,3.493281042229497,2,2,6,9,0.337,0.0679,0.5403,0.2122,0.1661,0.0655,0.0159,-1,30
37,3,marshall munetsi|wolverhampton wanderers,Marshall Munetsi,Wolverhampton Wanderers,MID,0.0,0.0,0.0,0.0,0.25,0.0,0.0,0.0,0.0,0.0,0.0,0.0,0.0,0.0,0.0,0.0,1,1,5.0,0.0,0.01,0.14,0.14,0.01,1.3862943611198906,True,0.0,0.0,0,0,0,0,0.0,0.0,1.0,0.0,0.0,0.0,0.0,0,0
37,3,martin dubravka|burnley,Martin Dubravka,Burnley,GK,90.0,0.0,9.5e-05,9.5e-05,0.07,2.372763,9.5e-05,2.0,0.0,0.000284,0.28,1.233333,0.0,-0.06,0.0,-1.080855,1,1,0.0,3.7,0.01,0.03,0.03,0.01,2.659260036932778,False,2.0553,1.842835291066459,0,1,3,4,0.0001,0.0,0.7091,0.2439,0.0453,0.0017,0.0,-4,12
37,3,martin odegaard|arsenal,Martin Odegaard,Arsenal,MID,75.0,0.093541,0.369136,0.462677,0.63,4.169202,0.370404,2.0,0.467703,1.107409,0.63,0.0,0.019223,-0.05,-0.005133,0.0,1,1,6.8,0.0,0.01,0.03,0.03,0.01,0.4620354595965587,False,4.0485,2.899232269067106,1,2,6,8,0.3461,0.0714,0.3202,0.5122,0.1102,0.0501,0.0073,-2,24
37,3,martín zubimendi|arsenal,Martín Zubimendi,Arsenal,MID,90.0,0.122789,0.048023,0.170812,0.63,3.526437,0.15702,2.0,0.613945,0.144068,0.63,0.0,0.338424,-0.2,0.0,0.0,1,1,9.1,0.0,0.02,0.14,0.14,0.02,0.4620354595965587,False,3.4922,2.2929760487192183,2,2,3,7,0.1386,0.0107,0.3379,0.5533,0.0784,0.027,0.0034,-1,21
37,3,mason mount|manchester united,Mason Mount,Manchester United,MID,0.0,0.0,0.0,0.0,0.36,0.0,0.0,0.0,0.0,0.0,0.0,0.0,0.0,0.0,0.0,0.0,1,1,7.0,0.0,0.02,0.1,0.1,0.02,1.0216512475319814,True,0.0,0.0,0,0,0,0,0.0,0.0,1.0,0.0,0.0,0.0,0.0,0,0
37,3,mateo kovacic|manchester city,Mateo Kovacic,Manchester City,MID,0.0,0.0,0.0,0.0,0.26,0.0,0.0,0.0,0.0,0.0,0.0,0.0,0.0,0.0,0.0,0.0,1,1,3.0,0.0,0.02,0.14,0.14,0.02,1.3470736479666092,True,0.0,0.0,0,0,0,0,0.0,0.0,1.0,0.0,0.0,0.0,0.0,0,0
37,3,mateus fernandes|west ham,Mateus Fernandes,West Ham,MID,90.0,0.029913,0.099763,0.129676,0.15,3.232323,0.12162,2.0,0.149565,0.29929,0.15,0.0,0.893468,-0.26,0.0,0.0,1,1,11.7,0.0,0.02,0.2,0.2,0.02,1.8971199848858813,False,3.1378,1.827296133635706,2,2,4,5,0.1046,0.0056,0.5018,0.4427,0.0457,0.0095,0.0003,-1,17
37,3,mateus mané|wolverhampton wanderers,Mateus Mané,Wolverhampton Wanderers,FWD,90.0,0.070738,0.112651,0.18339,0.25,2.532097,0.167556,2.0,0.282954,0.337954,0.0,0.0,0.001189,-0.09,0.0,0.0,1,1,4.0,0.0,0.01,0.06,0.06,0.01,1.3862943611198906,False,2.5418,1.6745306088573002,2,2,2,5,0.1454,0.0108,0.8542,0.1018,0.0373,0.0064,0.0003,-1,17
37,3,matheus cunha|manchester united,Matheus Cunha,Manchester United,MID,80.0,0.197421,0.097277,0.294699,0.36,3.586246,0.255244,2.0,0.987106,0.291832,0.36,0.0,0.053974,-0.106667,0.0,0.0,1,1,7.4,0.0,0.02,0.06,0.06,0.02,1.0216512475319814,False,3.4899,2.8747692063885752,1,2,4,8,0.2349,0.0317,0.5338,0.3002,0.1218,0.0376,0.0066,-2,22
37,3,matheus nunes|manchester city,Matheus Nunes,Manchester City,DEF,90.0,0.020544,0.069499,0.090044,0.26,2.950355,0.086109,2.0,0.123266,0.208498,1.04,0.0,0.219028,-0.2,0.0,-0.440437,1,1,6.7,0.0,0.02,0.14,0.14,0.02,1.3470736479666092,False,3.0688,2.6923347785890224,1,1,6,7,0.0797,0.0047,0.6258,0.2704,0.0844,0.0181,0.0013,-3,20
37,3,mathias jensen|brentford,Mathias Jensen,Brentford,MID,75.0,0.052558,0.169442,0.222001,0.28,2.764468,0.199085,2.0,0.262792,0.508327,0.28,0.0,0.038349,-0.325,0.0,0.0,1,1,7.5,0.0,0.02,0.33,0.33,0.02,1.2729656758128873,False,2.6799,2.1241082811382284,1,1,3,6,0.1811,0.0206,0.6576,0.2735,0.054,0.0143,0.0006,-2,18
37,3,mathys tel|tottenham,Mathys Tel,Tottenham,MID,60.0,0.082256,0.082594,0.16485,0.12,2.735207,0.151979,2.0,0.411279,0.247783,0.12,0.0,0.016145,-0.06,0.0,0.0,1,1,8.3,0.0,0.01,0.06,0.06,0.01,2.120263536200091,False,1.9886,2.2931790248473845,0,0,2,5,0.1143,0.0115,0.8097,0.1219,0.0535,0.0141,0.0008,-1,19
37,3,mats wieffer|brighton,Mats Wieffer,Brighton,MID,0.0,0.0,0.0,0.0,0.27,0.0,0.0,0.0,0.0,0.0,0.0,0.0,0.0,0.0,0.0,0.0,1,1,13.6,0.0,0.01,0.33,0.33,0.01,1.3093333199837622,True,0.0,0.0,0,0,0,0,0.0,0.0,1.0,0.0,0.0,0.0,0.0,0,0
37,3,matt doherty|wolverhampton wanderers,Matt Doherty,Wolverhampton Wanderers,DEF,15.0,0.000953,0.002541,0.003494,0.25,0.896995,0.003488,1.0,0.005719,0.007623,0.0,0.0,1e-06,-0.093333,0.0,-0.023015,1,1,7.3,0.0,0.02,0.5,0.5,0.02,1.3862943611198906,False,0.2411,0.6169041983971255,0,0,1,1,0.0022,0.0001,0.9978,0.0016,0.0006,0.0,0.0,-4,9
37,3,matt o'riley|brighton,Matt O'Riley,Brighton,DEF,0.0,0.0,0.0,0.0,0.27,0.0,0.0,0.0,0.0,0.0,0.0,0.0,0.0,0.0,0.0,0.0,1,1,0.0,0.0,0.01,0.06,0.06,0.01,1.3093333199837622,True,0.0,0.0,0,0,0,0,0.0,0.0,1.0,0.0,0.0,0.0,0.0,0,0
37,3,matthew cash|aston villa,Matthew Cash,Aston Villa,DEF,90.0,0.034939,0.089908,0.124847,0.2,2.400382,0.117368,2.0,0.209632,0.269724,0.8,0.0,0.105745,-0.42,0.0,-0.564719,1,1,5.8,0.0,0.03,0.33,0.33,0.03,1.6094379124341003,False,2.4524,2.6947605162611388,0,1,4,6,0.1044,0.0042,0.7025,0.2173,0.0626,0.0165,0.0011,-4,24
37,3,matthijs de ligt|manchester united,Matthijs de Ligt,Manchester United,DEF,0.0,0.0,0.0,0.0,0.36,0.0,0.0,0.0,0.0,0.0,0.0,0.0,0.0,0.0,0.0,0.0,1,1,8.2,0.0,0.02,0.06,0.06,0.02,1.0216512475319814,True,0.0,0.0,0,0,0,0,0.0,0.0,1.0,0.0,0.0,0.0,0.0,0,0
37,3,matz sels|nottingham forest,Matz Sels,Nottingham Forest,GK,0.0,0.0,0.0,0.0,0.18,0.0,0.0,0.0,0.0,0.0,0.0,0.0,0.0,0.0,0.0,0.0,1,1,0.0,3.1,0.01,0.06,0.06,0.01,1.7147984280919266,True,0.0,0.0,0,0,0,0,0.0,0.0,1.0,0.0,0.0,0.0,0.0,0,0
37,3,max alleyne|manchester city,Max Alleyne,Manchester City,DEF,0.0,0.0,0.0,0.0,0.26,0.0,0.0,0.0,0.0,0.0,0.0,0.0,0.0,0.0,0.0,0.0,1,1,7.3,0.0,0.02,0.1,0.1,0.02,1.3470736479666092,True,0.0,0.0,0,0,0,0,0.0,0.0,1.0,0.0,0.0,0.0,0.0,0,0
37,3,max dowman|arsenal,Max Dowman,Arsenal,MID,0.0,0.0,0.0,0.0,0.63,0.0,0.0,0.0,0.0,0.0,0.0,0.0,0.0,0.0,0.0,0.0,1,1,0.0,0.0,0.02,0.06,0.06,0.02,0.4620354595965587,True,0.0,0.0,0,0,0,0,0.0,0.0,1.0,0.0,0.0,0.0,0.0,0,0
37,3,max kilman|west ham,Max Kilman,West Ham,DEF,15.0,0.008725,0.001663,0.010387,0.15,0.973082,0.010334,1.0,0.052348,0.004988,0.0,0.0,6e-06,-0.043333,0.0,-0.040926,1,1,9.2,0.0,0.02,0.2,0.2,0.02,1.8971199848858813,False,0.1856,0.8507365279568052,0,0,0,1,0.0085,0.0003,0.9913,0.0043,0.004,0.0003,0.0001,-5,16
37,3,maxence lacroix|crystal palace,Maxence Lacroix,Crystal Palace,DEF,90.0,0.099551,0.027979,0.12753,0.2,3.768655,0.119733,2.0,0.597307,0.083938,0.8,0.0,1.082129,-0.23,0.0,-0.564719,1,1,10.5,0.0,0.03,0.14,0.14,0.03,1.6094379124341003,False,3.7724,3.2464439376031122,1,1,6,8,0.1063,0.007,0.4428,0.3673,0.1349,0.045,0.01,-4,23
37,3,maxim de cuyper|brighton,Maxim De Cuyper,Brighton,DEF,15.0,0.013448,0.036363,0.049811,0.27,1.125751,0.048591,1.0,0.080689,0.109089,0.0,0.0,0.0,-0.043333,0.0,-0.020694,1,1,4.0,0.0,0.02,0.2,0.2,0.02,1.3093333199837622,False,0.4388,1.0949221707500494,0,0,1,1,0.0349,0.0017,0.9666,0.0243,0.0083,0.0008,0.0,-3,13
37,3,maxime estève|burnley,Maxime Estève,Burnley,DEF,90.0,0.008324,0.011017,0.019342,0.07,2.096092,0.019156,2.0,0.049945,0.033052,0.28,0.0,0.93395,-0.12,0.0,-1.080855,1,1,9.9,0.0,0.03,0.03,0.03,0.03,2.659260036932778,False,2.0181,2.116783500975005,0,1,3,4,0.0177,0.0001,0.6704,0.286,0.0392,0.0041,0.0003,-5,17
37,3,melker ellborg|sunderland,Melker Ellborg,Sunderland,MID,0.0,0.0,0.0,0.0,0.24,0.0,0.0,0.0,0.0,0.0,0.0,0.0,0.0,0.0,0.0,0.0,1,1,0.0,0.0,0.0,0.0,0.0,0.0,1.4271163556401458,True,0.0,0.0,0,0,0,0,0.0,0.0,1.0,0.0,0.0,0.0,0.0,0,0
37,3,merlin röhl|everton,Merlin Röhl,Everton,MID,15.0,0.012062,0.043979,0.056041,0.39,1.172248,0.0545,1.0,0.060309,0.131938,0.0,0.0,1e-06,-0.02,0.0,0.0,1,1,11.0,0.0,0.02,0.06,0.06,0.02,0.941608539858445,False,0.6939,1.0346993717983983,0,0,1,1,0.0375,0.0018,0.9624,0.0318,0.0053,0.0003,0.0002,-2,15
37,3,michael kayode|brentford,Michael Kayode,Brentford,DEF,90.0,0.066438,0.06168,0.128118,0.28,3.197038,0.12025,2.0,0.398625,0.185041,1.12,0.0,0.189455,-0.29,0.0,-0.406083,1,1,6.5,0.0,0.03,0.2,0.2,0.03,1.2729656758128873,False,3.2893,3.0285649258353367,1,1,6,7,0.1061,0.0054,0.6025,0.2643,0.1005,0.0281,0.0046,-5,27
37,3,michael keane|everton,Michael Keane,Everton,DEF,90.0,0.103479,0.002302,0.105781,0.39,4.812388,0.100379,2.0,0.620877,0.006906,1.56,0.0,1.033435,-0.15,0.0,-0.258829,1,1,10.3,0.0,0.03,0.06,0.06,0.03,0.941608539858445,False,4.8574,3.4303447698445706,1,2,7,9,0.0933,0.0052,0.3377,0.3808,0.2103,0.0553,0.0159,-3,23
37,3,micky van de ven|tottenham,Micky van de Ven,Tottenham,DEF,0.0,0.0,0.0,0.0,0.12,0.0,0.0,0.0,0.0,0.0,0.0,0.0,0.0,0.0,0.0,0.0,1,1,6.7,0.0,0.02,0.33,0.33,0.02,2.120263536200091,True,0.0,0.0,0,0,0,0,0.0,0.0,1.0,0.0,0.0,0.0,0.0,0,0
37,3,mike trésor|burnley,Mike Trésor,Burnley,FWD,0.0,0.0,0.0,0.0,0.07,0.0,0.0,0.0,0.0,0.0,0.0,0.0,0.0,0.0,0.0,0.0,1,1,0.0,0.0,0.01,0.03,0.03,0.01,2.659260036932778,True,0.0,0.0,0,0,0,0,0.0,0.0,1.0,0.0,0.0,0.0,0.0,0,0
37,3,mikel merino|arsenal,Mikel Merino,Arsenal,MID,0.0,0.0,0.0,0.0,0.63,0.0,0.0,0.0,0.0,0.0,0.0,0.0,0.0,0.0,0.0,0.0,1,1,10.0,0.0,0.02,0.2,0.2,0.02,0.4620354595965587,True,0.0,0.0,0,0,0,0,0.0,0.0,1.0,0.0,0.0,0.0,0.0,0,0
37,3,mikkel damsgaard|brentford,Mikkel Damsgaard,Brentford,MID,75.0,0.091676,0.193464,0.285139,0.28,3.224055,0.248091,2.0,0.458378,0.580391,0.28,0.0,0.230286,-0.325,0.0,0.0,1,1,10.1,0.0,0.02,0.33,0.33,0.02,1.2729656758128873,False,3.1561,2.5631099839843,1,2,4,7,0.2297,0.0276,0.5648,0.322,0.0829,0.0275,0.0028,-2,21
37,3,milos kerkez|liverpool,Milos Kerkez,Liverpool,DEF,75.0,0.073545,0.03803,0.111576,0.25,2.917019,0.105576,2.0,0.441272,0.114091,1.0,0.0,0.037095,-0.216667,0.0,-0.458772,1,1,5.8,0.0,0.02,0.2,0.2,0.02,1.3862943611198906,False,2.7694,3.022287815546362,0,1,5,7,0.099,0.0056,0.6945,0.1903,0.0862,0.0247,0.0043,-4,21
37,3,mohamadou kanté|west ham,Mohamadou Kanté,West Ham,MID,0.0,0.0,0.0,0.0,0.15,0.0,0.0,0.0,0.0,0.0,0.0,0.0,0.0,0.0,0.0,0.0,1,1,3.0,0.0,0.02,0.14,0.14,0.02,1.8971199848858813,True,0.0,0.0,0,0,0,0,0.0,0.0,1.0,0.0,0.0,0.0,0.0,0,0
37,3,mohamed salah|liverpool,Mohamed Salah,Liverpool,MID,0.0,0.0,0.0,0.0,0.25,0.0,0.0,0.0,0.0,0.0,0.0,0.0,0.0,0.0,0.0,0.0,1,1,3.9,0.0,0.01,0.06,0.06,0.01,1.3862943611198906,True,0.0,0.0,0,0,0,0,0.0,0.0,1.0,0.0,0.0,0.0,0.0,0,0
37,3,mohammed kudus|tottenham,Mohammed Kudus,Tottenham,MID,0.0,0.0,0.0,0.0,0.12,0.0,0.0,0.0,0.0,0.0,0.0,0.0,0.0,0.0,0.0,0.0,1,1,7.8,0.0,0.01,0.14,0.14,0.01,2.120263536200091,True,0.0,0.0,0,0,0,0,0.0,0.0,1.0,0.0,0.0,0.0,0.0,0,0
37,3,moisés caicedo|chelsea,Moisés Caicedo,Chelsea,MID,90.0,0.065565,0.105031,0.170597,0.34,3.797671,0.156838,2.0,0.327827,0.315094,0.34,0.0,1.20475,-0.39,0.0,0.0,1,1,13.1,0.0,0.02,0.33,0.33,0.02,1.0788096613719298,False,3.7033,2.2149196621999634,2,2,5,6,0.1382,0.0118,0.3415,0.5611,0.0685,0.0275,0.0014,-1,20
37,3,morato|nottingham forest,Morato,Nottingham Forest,DEF,30.0,0.019276,0.0,0.019276,0.18,0.872091,0.019092,1.0,0.115658,0.0,0.0,0.0,0.001932,-0.13,0.0,-0.115499,1,1,9.4,0.0,0.02,0.33,0.33,0.02,1.7147984280919266,False,0.2224,0.9793560333198544,0,0,0,1,0.0121,0.0001,0.9854,0.0072,0.0072,0.0002,0.0,-5,14
37,3,morgan gibbs-white|nottingham forest,Morgan Gibbs-White,Nottingham Forest,MID,90.0,0.280815,0.080038,0.360852,0.18,3.692379,0.302918,2.0,1.404074,0.240113,0.18,0.0,0.007472,-0.09,-0.04928,0.0,1,1,5.0,0.0,0.01,0.06,0.06,0.01,1.7147984280919266,False,3.7767,3.0968430877265964,2,2,5,8,0.2708,0.0413,0.6019,0.1794,0.1643,0.0445,0.0099,-1,24
37,3,morgan rogers|aston villa,Morgan Rogers,Aston Villa,MID,90.0,0.200591,0.14798,0.348571,0.2,3.497794,0.294304,2.0,1.002954,0.44394,0.2,0.0,0.036301,-0.17,-0.0154,0.0,1,1,6.2,0.0,0.01,0.14,0.14,0.01,1.6094379124341003,False,3.5651,2.861636243480292,2,2,5,8,0.2647,0.0391,0.6039,0.2191,0.1331,0.0368,0.0071,-1,25
37,3,murillo|nottingham forest,Murillo,Nottingham Forest,DEF,90.0,0.016756,0.007672,0.024428,0.18,2.8009,0.024132,2.0,0.100537,0.023016,0.72,0.0,0.832846,-0.26,0.0,-0.615499,1,1,9.5,0.0,0.02,0.2,0.2,0.02,1.7147984280919266,False,2.8276,2.5229503047028095,0,1,4,7,0.0212,0.0002,0.5737,0.3245,0.0921,0.009,0.0007,-4,18
37,3,myles lewis-skelly|arsenal,Myles Lewis-Skelly,Arsenal,DEF,0.0,0.0,0.0,0.0,0.63,0.0,0.0,0.0,0.0,0.0,0.0,0.0,0.0,0.0,0.0,0.0,1,1,4.1,0.0,0.02,0.5,0.5,0.02,0.4620354595965587,True,0.0,0.0,0,0,0,0,0.0,0.0,1.0,0.0,0.0,0.0,0.0,0,0
37,3,myles peart-harris|brentford,Myles Peart-Harris,Brentford,MID,0.0,0.0,0.0,0.0,0.28,0.0,0.0,0.0,0.0,0.0,0.0,0.0,0.0,0.0,0.0,0.0,1,1,0.0,0.0,0.02,0.03,0.03,0.02,1.2729656758128873,True,0.0,0.0,0,0,0,0,0.0,0.0,1.0,0.0,0.0,0.0,0.0,0,0
37,3,naif aguerd|west ham,Naif Aguerd,West Ham,DEF,15.0,0.004985,0.0,0.004985,0.15,0.945654,0.004973,1.0,0.029913,0.0,0.0,0.0,0.0,-0.043333,0.0,-0.040926,1,1,2.0,0.0,0.02,0.2,0.2,0.02,1.8971199848858813,False,0.1568,0.709516567812197,0,0,0,1,0.0033,0.0,0.9967,0.0006,0.0027,0.0,0.0,-6,9
37,3,nathan aké|manchester city,Nathan Aké,Manchester City,DEF,15.0,0.003932,0.011732,0.015665,0.26,1.003639,0.015543,1.0,0.023594,0.035197,0.0,0.0,0.0,-0.033333,0.0,-0.021819,1,1,7.0,0.0,0.02,0.14,0.14,0.02,1.3470736479666092,False,0.3446,0.785780401893557,0,0,1,1,0.0124,0.0001,0.9877,0.0096,0.0024,0.0003,0.0,-4,12
37,3,nathan collins|brentford,Nathan Collins,Brentford,DEF,15.0,0.014742,0.009251,0.023993,0.28,1.053251,0.023707,1.0,0.08845,0.027753,0.0,0.0,1.5e-05,-0.043333,0.0,-0.019634,1,1,10.3,0.0,0.02,0.2,0.2,0.02,1.2729656758128873,False,0.4059,1.0009721224889332,0,0,1,1,0.018,0.0002,0.9817,0.0082,0.0098,0.0001,0.0002,-4,17
37,3,nathan patterson|everton,Nathan Patterson,Everton,DEF,0.0,0.0,0.0,0.0,0.39,0.0,0.0,0.0,0.0,0.0,0.0,0.0,0.0,0.0,0.0,0.0,1,1,11.4,0.0,0.01,0.1,0.1,0.01,0.941608539858445,True,0.0,0.0,0,0,0,0,0.0,0.0,1.0,0.0,0.0,0.0,0.0,0,0
37,3,nathaniel clyne|crystal palace,Nathaniel Clyne,Crystal Palace,DEF,0.0,0.0,0.0,0.0,0.2,0.0,0.0,0.0,0.0,0.0,0.0,0.0,0.0,0.0,0.0,0.0,1,1,7.3,0.0,0.02,0.06,0.06,0.02,1.6094379124341003,True,0.0,0.0,0,0,0,0,0.0,0.0,1.0,0.0,0.0,0.0,0.0,0,0
37,3,neco williams|nottingham forest,Neco Williams,Nottingham Forest,DEF,90.0,0.033074,0.108572,0.141646,0.18,2.696687,0.132072,2.0,0.198445,0.325716,0.72,0.0,0.268025,-0.2,0.0,-0.615499,1,1,7.0,0.0,0.02,0.14,0.14,0.02,1.7147984280919266,False,2.7571,2.738740511622085,0,1,5,6,0.1178,0.0081,0.6588,0.2445,0.0752,0.02,0.0015,-3,23
37,3,nehemiah oriola|brighton,Nehemiah Oriola,Brighton,FWD,0.0,0.0,0.0,0.0,0.27,0.0,0.0,0.0,0.0,0.0,0.0,0.0,0.0,0.0,0.0,0.0,1,1,0.0,0.0,0.01,0.03,0.03,0.01,1.3093333199837622,True,0.0,0.0,0,0,0,0,0.0,0.0,1.0,0.0,0.0,0.0,0.0,0,0
37,3,nick pope|newcastle united,Nick Pope,Newcastle United,GK,90.0,0.010244,0.0,0.010244,0.33,4.06422,0.010192,2.0,0.102443,0.0,1.32,1.033333,0.0,-0.06,0.0,-0.331556,1,1,0.0,3.1,0.01,0.03,0.03,0.01,1.1086626245216111,False,3.7634,2.6291482346950312,1,2,6,7,0.0086,0.0,0.449,0.3525,0.1866,0.0087,0.0032,-3,22
37,3,nick woltemade|newcastle united,Nick Woltemade,Newcastle United,FWD,30.0,0.129761,0.027777,0.157538,0.33,1.572376,0.145756,1.0,0.519044,0.083331,0.0,0.0,0.0,-0.03,0.0,0.0,1,1,4.6,0.0,0.01,0.06,0.06,0.01,1.1086626245216111,False,0.9745,1.716056453034107,0,0,1,1,0.0895,0.0082,0.9105,0.0689,0.0151,0.0051,0.0004,-2,16
37,3,niclas füllkrug|west ham,Niclas Füllkrug,West Ham,FWD,0.0,0.0,0.0,0.0,0.15,0.0,0.0,0.0,0.0,0.0,0.0,0.0,0.0,0.0,0.0,0.0,1,1,4.2,0.0,0.01,0.1,0.1,0.01,1.8971199848858813,True,0.0,0.0,0,0,0,0,0.0,0.0,1.0,0.0,0.0,0.0,0.0,0,0
37,3,nico gonzález|manchester city,Nico González,Manchester City,MID,15.0,0.004213,0.006446,0.010659,0.26,0.975406,0.010603,1.0,0.021066,0.019339,0.0,0.0,2e-06,-0.065,0.0,0.0,1,1,12.0,0.0,0.02,0.33,0.33,0.02,1.3470736479666092,False,0.5388,0.6879640688291795,0,0,1,1,0.0083,0.0,0.9914,0.0065,0.0021,0.0,0.0,-2,9
37,3,nico o'reilly|manchester city,Nico O'Reilly,Manchester City,DEF,90.0,0.236289,0.102234,0.338523,0.26,4.201871,0.287178,2.0,1.417736,0.306702,1.04,0.0,0.13787,-0.26,0.0,-0.440437,1,1,6.1,0.0,0.02,0.2,0.2,0.02,1.3470736479666092,False,4.3833,4.075264544787246,1,1,7,10,0.2641,0.0396,0.5135,0.2287,0.1547,0.0778,0.0253,-3,27
37,3,nicolás domínguez|nottingham forest,Nicolás Domínguez,Nottingham Forest,DEF,30.0,0.011908,0.037233,0.049141,0.18,0.982914,0.047953,1.0,0.071449,0.111699,0.0,0.0,0.001932,-0.086667,0.0,-0.115499,1,1,9.4,0.0,0.02,0.2,0.2,0.02,1.7147984280919266,False,0.3023,1.025628933874235,0,0,1,1,0.0305,0.0009,0.9681,0.0263,0.0051,0.0004,0.0001,-4,15
37,3,nicolò savona|nottingham forest,Nicolò Savona,Nottingham Forest,DEF,0.0,0.0,0.0,0.0,0.18,0.0,0.0,0.0,0.0,0.0,0.0,0.0,0.0,0.0,0.0,0.0,1,1,5.0,0.0,0.02,0.2,0.2,0.02,1.7147984280919266,True,0.0,0.0,0,0,0,0,0.0,0.0,1.0,0.0,0.0,0.0,0.0,0,0
37,3,nikola milenkovic|nottingham forest,Nikola Milenkovic,Nottingham Forest,DEF,90.0,0.009665,0.001162,0.010828,0.18,2.41891,0.010769,2.0,0.057992,0.003486,0.72,0.0,0.512931,-0.26,0.0,-0.615499,1,1,8.2,0.0,0.02,0.2,0.2,0.02,1.7147984280919266,False,2.4608,2.3505027887666925,0,1,4,6,0.0069,0.0,0.6678,0.2642,0.0641,0.0038,0.0001,-3,15
37,3,nilson angulo|sunderland,Nilson Angulo,Sunderland,FWD,0.0,0.0,0.0,0.0,0.24,0.0,0.0,0.0,0.0,0.0,0.0,0.0,0.0,0.0,0.0,0.0,1,1,7.0,0.0,0.01,0.2,0.2,0.01,1.4271163556401458,True,0.0,0.0,0,0,0,0,0.0,0.0,1.0,0.0,0.0,0.0,0.0,0,0
37,3,noah okafor|leeds,Noah Okafor,Leeds,MID,75.0,0.175268,0.062721,0.237989,0.25,3.107468,0.211788,2.0,0.87634,0.188162,0.25,0.0,0.009633,-0.216667,0.0,0.0,1,1,6.2,0.0,0.02,0.2,0.2,0.02,1.3862943611198906,False,3.0212,2.697359924073908,1,2,3,7,0.1955,0.023,0.6667,0.1941,0.1078,0.0269,0.0045,-2,23
37,3,noah sadiki|sunderland,Noah Sadiki,Sunderland,MID,60.0,0.021056,0.025821,0.046877,0.24,2.28056,0.045795,2.0,0.105278,0.077464,0.24,0.0,0.011152,-0.153333,0.0,0.0,1,1,7.9,0.0,0.01,0.2,0.2,0.01,1.4271163556401458,False,1.5705,1.5182983073164509,0,0,2,3,0.0319,0.0007,0.8249,0.1584,0.0143,0.0023,0.0001,-1,16
37,3,noni madueke|arsenal,Noni Madueke,Arsenal,MID,5.0,0.01089,0.01651,0.0274,0.63,1.100645,0.027028,1.0,0.054449,0.049529,0.0,0.0,0.0,-0.003333,0.0,0.0,1,1,5.0,0.0,0.01,0.03,0.03,0.01,0.4620354595965587,False,0.3415,0.7027643630691585,0,0,1,1,0.01,0.0,0.99,0.0069,0.0031,0.0,0.0,0,9
37,3,nordi mukiele|sunderland,Nordi Mukiele,Sunderland,DEF,90.0,0.051247,0.086842,0.13809,0.24,3.657551,0.128979,2.0,0.307485,0.260526,0.96,0.0,0.807498,-0.2,0.0,-0.477958,1,1,9.4,0.0,0.02,0.14,0.14,0.02,1.4271163556401458,False,3.6325,3.0069326148086524,1,1,6,8,0.1146,0.0057,0.4813,0.3484,0.1316,0.0346,0.0041,-3,19
37,3,noussair mazraoui|manchester united,Noussair Mazraoui,Manchester United,DEF,75.0,0.015347,0.009971,0.025318,0.36,3.180323,0.025,2.0,0.092082,0.029913,1.44,0.0,0.378221,-0.466667,0.0,-0.293226,1,1,9.1,0.0,0.02,0.5,0.5,0.02,1.0216512475319814,False,2.9987,2.77569780595799,0,1,5,7,0.0254,0.0008,0.5756,0.3064,0.1062,0.0101,0.0017,-3,18
37,3,odsonne edouard|crystal palace,Odsonne Edouard,Crystal Palace,DEF,0.0,0.0,0.0,0.0,0.2,0.0,0.0,0.0,0.0,0.0,0.0,0.0,0.0,0.0,0.0,0.0,1,1,0.0,0.0,0.01,0.03,0.03,0.01,1.6094379124341003,True,0.0,0.0,0,0,0,0,0.0,0.0,1.0,0.0,0.0,0.0,0.0,0,0
37,3,ola aina|nottingham forest,Ola Aina,Nottingham Forest,DEF,90.0,0.017174,0.02048,0.037655,0.18,2.243737,0.036954,2.0,0.103046,0.061441,0.72,0.0,0.23475,-0.26,0.0,-0.615499,1,1,6.8,0.0,0.02,0.2,0.2,0.02,1.7147984280919266,False,2.3351,2.4380336318434983,0,1,3,6,0.0338,0.0008,0.7262,0.2031,0.064,0.0061,0.0006,-4,18
37,3,oleksandr zinchenko|nottingham forest,Oleksandr Zinchenko,Nottingham Forest,DEF,0.0,0.0,0.0,0.0,0.18,0.0,0.0,0.0,0.0,0.0,0.0,0.0,0.0,0.0,0.0,0.0,1,1,6.1,0.0,0.02,0.14,0.14,0.02,1.7147984280919266,True,0.0,0.0,0,0,0,0,0.0,0.0,1.0,0.0,0.0,0.0,0.0,0,0
37,3,oliver scarles|west ham,Oliver Scarles,West Ham,DEF,15.0,0.003739,0.021615,0.025355,0.15,1.013033,0.025036,1.0,0.022435,0.064846,0.0,0.0,1.1e-05,-0.033333,0.0,-0.040926,1,1,9.9,0.0,0.02,0.14,0.14,0.02,1.8971199848858813,False,0.22,0.8357032966310471,0,0,0,1,0.0192,0.0004,0.9819,0.016,0.0018,0.0003,0.0,-4,11
37,3,oliver sonne|burnley,Oliver Sonne,Burnley,DEF,0.0,0.0,0.0,0.0,0.07,0.0,0.0,0.0,0.0,0.0,0.0,0.0,0.0,0.0,0.0,0.0,1,1,0.0,0.0,0.03,0.03,0.03,0.03,2.659260036932778,True,0.0,0.0,0,0,0,0,0.0,0.0,1.0,0.0,0.0,0.0,0.0,0,0
37,3,olivier boscagli|brighton,Olivier Boscagli,Brighton,DEF,90.0,0.0,0.018058,0.018058,0.27,2.734948,0.017896,2.0,0.0,0.054175,1.08,0.0,0.583664,-0.56,0.0,-0.422892,1,1,8.5,0.0,0.02,0.5,0.5,0.02,1.3093333199837622,False,2.7974,2.4989904441594013,0,1,5,6,0.0174,0.0005,0.587,0.3222,0.0863,0.0045,0.0,-3,13
37,3,ollie watkins|aston villa,Ollie Watkins,Aston Villa,FWD,75.0,0.376422,0.034388,0.41081,0.2,3.487707,0.336887,2.0,1.505689,0.103164,0.0,0.0,2.1e-05,-0.108333,-0.012833,0.0,1,1,3.1,0.0,0.01,0.1,0.1,0.01,1.6094379124341003,False,3.6042,3.095955807178132,1,2,6,8,0.3248,0.0591,0.6753,0.1401,0.1304,0.0464,0.0078,-2,24
37,3,omar alderete|sunderland,Omar Alderete,Sunderland,DEF,75.0,0.034903,0.014615,0.049518,0.24,3.043155,0.048312,2.0,0.209416,0.043845,0.96,0.0,0.524519,-0.216667,0.0,-0.477958,1,1,9.9,0.0,0.02,0.2,0.2,0.02,1.4271163556401458,False,2.8586,2.8223405251670113,0,1,4,7,0.0455,0.0018,0.6052,0.279,0.0956,0.0172,0.003,-3,20
37,3,omar marmoush|manchester city,Omar Marmoush,Manchester City,FWD,0.0,0.0,0.0,0.0,0.26,0.0,0.0,0.0,0.0,0.0,0.0,0.0,0.0,0.0,0.0,0.0,1,1,5.3,0.0,0.01,0.14,0.14,0.01,1.3470736479666092,True,0.0,0.0,0,0,0,0,0.0,0.0,1.0,0.0,0.0,0.0,0.0,0,0
37,3,omari hutchinson|nottingham forest,Omari Hutchinson,Nottingham Forest,MID,15.0,0.012675,0.031282,0.043957,0.18,1.142223,0.043005,1.0,0.063376,0.093846,0.0,0.0,0.0,-0.015,0.0,0.0,1,1,7.0,0.0,0.01,0.06,0.06,0.01,1.7147984280919266,False,0.674,0.9987612327278227,0,0,1,1,0.0317,0.001,0.9683,0.0257,0.0057,0.0003,0.0,-2,12
37,3,oscar bobb|fulham,Oscar Bobb,Fulham,MID,15.0,0.023212,0.021965,0.045177,0.34,1.153621,0.044171,1.0,0.11606,0.065894,0.0,0.0,0.0,-0.028333,0.0,0.0,1,1,7.0,0.0,0.01,0.14,0.14,0.01,1.0788096613719298,False,0.7028,1.1513783739501102,0,0,1,1,0.0351,0.0009,0.9649,0.0219,0.0127,0.0005,0.0,-2,13
37,3,pablo|west ham,Pablo,West Ham,FWD,0.0,0.0,0.0,0.0,0.15,0.0,0.0,0.0,0.0,0.0,0.0,0.0,0.0,0.0,0.0,0.0,1,1,9.0,0.0,0.01,0.14,0.14,0.01,1.8971199848858813,True,0.0,0.0,0,0,0,0,0.0,0.0,1.0,0.0,0.0,0.0,0.0,0,0
37,3,pape sarr|tottenham,Pape Sarr,Tottenham,MID,60.0,0.060545,0.060283,0.120828,0.12,2.697717,0.113814,2.0,0.302727,0.180849,0.12,0.0,0.200807,-0.106667,0.0,0.0,1,1,12.3,0.0,0.02,0.1,0.1,0.02,2.120263536200091,False,2.0715,2.254592590691276,0,0,3,5,0.0801,0.0059,0.7371,0.2082,0.0411,0.0122,0.0014,-1,17
37,3,pascal groß|brighton,Pascal Groß,Brighton,MID,90.0,0.12008,0.176144,0.296224,0.27,3.338841,0.25638,2.0,0.6004,0.528433,0.27,0.0,0.200807,-0.23,-0.0308,0.0,1,1,8.2,0.0,0.01,0.2,0.2,0.01,1.3093333199837622,False,3.3789,2.5322983216832884,1,2,4,7,0.2306,0.028,0.5579,0.3146,0.0952,0.029,0.0033,-1,24
37,3,pascal struijk|leeds,Pascal Struijk,Leeds,DEF,90.0,0.061353,0.024881,0.086234,0.25,3.616836,0.082621,2.0,0.36812,0.074643,1.0,0.0,0.832846,-0.2,0.0,-0.458772,1,1,9.5,0.0,0.02,0.14,0.14,0.02,1.3862943611198906,False,3.6189,3.0206394670665353,1,1,6,8,0.0744,0.0025,0.4866,0.3434,0.1354,0.0282,0.0064,-3,23
37,3,patrick dorgu|manchester united,Patrick Dorgu,Manchester United,DEF,15.0,0.021593,0.029846,0.051439,0.36,1.172782,0.050139,1.0,0.129558,0.089539,0.0,0.0,0.0,-0.033333,0.0,-0.012982,1,1,6.4,0.0,0.02,0.14,0.14,0.02,1.0216512475319814,False,0.5436,1.214865852676747,0,0,1,1,0.0377,0.0021,0.9629,0.0229,0.012,0.0021,0.0001,-3,15
37,3,patrick roberts|sunderland,Patrick Roberts,Sunderland,MID,0.0,0.0,0.0,0.0,0.24,0.0,0.0,0.0,0.0,0.0,0.0,0.0,0.0,0.0,0.0,0.0,1,1,3.0,0.0,0.02,0.2,0.2,0.02,1.4271163556401458,True,0.0,0.0,0,0,0,0,0.0,0.0,1.0,0.0,0.0,0.0,0.0,0,0
37,3,pau torres|aston villa,Pau Torres,Aston Villa,DEF,60.0,0.02114,0.002659,0.023798,0.2,2.308738,0.023517,2.0,0.126838,0.007976,0.8,0.0,0.018644,-0.08,0.0,-0.564719,1,1,6.5,0.0,0.02,0.06,0.06,0.02,1.6094379124341003,False,1.5804,2.2614897390879314,0,0,2,6,0.0166,0.0002,0.8439,0.1115,0.0392,0.0047,0.0007,-3,21
37,3,pedro lima|wolverhampton wanderers,Pedro Lima,Wolverhampton Wanderers,DEF,0.0,0.0,0.0,0.0,0.25,0.0,0.0,0.0,0.0,0.0,0.0,0.0,0.0,0.0,0.0,0.0,1,1,5.0,0.0,0.01,0.1,0.1,0.01,1.3862943611198906,True,0.0,0.0,0,0,0,0,0.0,0.0,1.0,0.0,0.0,0.0,0.0,0,0
37,3,pedro neto|chelsea,Pedro Neto,Chelsea,MID,75.0,0.182126,0.282028,0.464155,0.34,3.905501,0.371334,2.0,0.910631,0.846085,0.34,0.0,0.000451,-0.191667,0.0,0.0,1,1,4.3,0.0,0.01,0.2,0.2,0.01,1.0788096613719298,False,3.894,3.165306304293473,1,2,6,8,0.3544,0.0745,0.4907,0.3142,0.1326,0.0528,0.0097,-2,24
37,3,pedro porro|tottenham,Pedro Porro,Tottenham,DEF,90.0,0.026695,0.101749,0.128444,0.12,1.976433,0.120537,2.0,0.160168,0.305247,0.48,0.0,0.23475,-0.39,0.0,-0.813732,1,1,6.8,0.0,0.02,0.33,0.33,0.02,2.120263536200091,False,2.0385,2.499803542280873,0,1,3,6,0.1096,0.0069,0.7378,0.1999,0.0499,0.0118,0.0006,-4,16
37,3,phil foden|manchester city,Phil Foden,Manchester City,MID,15.0,0.03504,0.032032,0.067072,0.26,1.232963,0.064872,1.0,0.175202,0.096095,0.0,0.0,0.0,-0.038333,0.0,0.0,1,1,6.7,0.0,0.01,0.2,0.2,0.01,1.3470736479666092,False,0.7454,1.296834160561789,0,0,1,1,0.0479,0.0025,0.9521,0.033,0.0133,0.0016,0.0,-2,14
37,3,piero hincapié|arsenal,Piero Hincapié,Arsenal,DEF,75.0,0.025694,0.141287,0.16698,0.63,5.052585,0.153784,2.0,0.154161,0.423861,2.52,0.0,0.201472,-0.166667,0.0,-0.080243,1,1,7.9,0.0,0.02,0.14,0.14,0.02,0.4620354595965587,False,4.8483,3.120558781692792,1,2,6,9,0.1467,0.0105,0.3531,0.3989,0.1871,0.0564,0.0045,-3,23
37,3,quilindschy hartman|burnley,Quilindschy Hartman,Burnley,DEF,30.0,0.002325,0.017635,0.01996,0.07,0.801376,0.019762,1.0,0.013949,0.052905,0.0,0.0,0.000195,-0.03,0.0,-0.235672,1,1,7.0,0.0,0.01,0.06,0.06,0.01,2.659260036932778,False,-0.0164,0.8323046557601369,-1,0,0,1,0.0143,0.0004,0.9874,0.0114,0.0012,0.0,0.0,-5,9
37,3,radu dragusin|tottenham,Radu Dragusin,Tottenham,DEF,15.0,0.00427,0.000208,0.004478,0.12,0.942969,0.004468,1.0,0.025618,0.000624,0.0,0.0,5.9e-05,-0.033333,0.0,-0.049999,1,1,12.1,0.0,0.02,0.14,0.14,0.02,2.120263536200091,False,0.1137,0.7082176995811387,0,0,0,1,0.0032,0.0,0.9955,0.0027,0.0018,0.0,0.0,-5,9
37,3,randal kolo muani|tottenham,Randal Kolo Muani,Tottenham,FWD,60.0,0.057531,0.047576,0.105107,0.12,2.260888,0.099771,2.0,0.230123,0.142728,0.0,0.0,0.001371,-0.113333,0.0,0.0,1,1,6.1,0.0,0.01,0.14,0.14,0.01,2.120263536200091,False,1.6089,1.7097195062348676,0,0,2,2,0.0774,0.0046,0.9182,0.0542,0.0245,0.0031,0.0,-1,14
37,3,rayan ait nouri|manchester city,Rayan Ait Nouri,Manchester City,DEF,75.0,0.029876,0.112072,0.141948,0.26,3.015951,0.132334,2.0,0.179257,0.336217,1.04,0.0,0.117581,-0.216667,0.0,-0.440437,1,1,7.1,0.0,0.02,0.2,0.2,0.02,1.3470736479666092,False,2.8602,2.8286844928340806,0,1,5,7,0.1202,0.0091,0.6425,0.2545,0.0799,0.0212,0.0019,-3,19
37,3,rayan cherki|manchester city,Rayan Cherki,Manchester City,MID,80.0,0.175227,0.340954,0.516181,0.26,4.066118,0.403204,2.0,0.876135,1.022861,0.26,0.0,0.049344,-0.142222,0.0,0.0,1,1,7.3,0.0,0.02,0.1,0.1,0.02,1.3470736479666092,False,3.991,3.2303125235803423,1,2,6,9,0.3727,0.0864,0.4941,0.3101,0.1253,0.0613,0.0092,-2,27
37,3,rayan|bournemouth,Rayan,Bournemouth,MID,75.0,0.122844,0.128572,0.251416,0.15,3.042279,0.222301,2.0,0.61422,0.385715,0.15,0.0,0.000676,-0.108333,0.0,0.0,1,1,4.5,0.0,0.01,0.1,0.1,0.01,1.8971199848858813,False,2.95,2.442560132320185,1,2,3,7,0.2073,0.0245,0.7035,0.181,0.0907,0.0222,0.0026,-2,21
37,3,raúl jiménez|fulham,Raúl Jiménez,Fulham,FWD,60.0,0.298357,0.045357,0.343715,0.34,3.143785,0.290869,2.0,1.193429,0.136072,0.0,0.0,0.00047,-0.153333,-0.032853,0.0,1,1,5.4,0.0,0.01,0.2,0.2,0.01,1.0788096613719298,False,2.4256,2.9867481715069317,0,0,2,7,0.2127,0.0403,0.7864,0.0942,0.083,0.0322,0.0042,-1,21
37,3,reece james|chelsea,Reece James,Chelsea,DEF,0.0,0.0,0.0,0.0,0.34,0.0,0.0,0.0,0.0,0.0,0.0,0.0,0.0,0.0,0.0,0.0,1,1,6.2,0.0,0.01,0.2,0.2,0.01,1.0788096613719298,True,0.0,0.0,0,0,0,0,0.0,0.0,1.0,0.0,0.0,0.0,0.0,0,0
37,3,reinildo|sunderland,Reinildo,Sunderland,DEF,60.0,0.003427,0.021539,0.024966,0.24,2.360424,0.024657,2.0,0.020562,0.064617,0.96,0.0,0.053204,-0.26,0.0,-0.477958,1,1,7.7,0.0,0.02,0.33,0.33,0.02,1.4271163556401458,False,1.6859,2.29935669046801,0,0,2,6,0.0175,0.0004,0.7947,0.1622,0.0401,0.0028,0.0002,-4,16
37,3,reiss nelson|brentford,Reiss Nelson,Brentford,MID,0.0,0.0,0.0,0.0,0.28,0.0,0.0,0.0,0.0,0.0,0.0,0.0,0.0,0.0,0.0,0.0,1,1,30.6,0.0,0.01,0.06,0.06,0.01,1.2729656758128873,True,0.0,0.0,0,0,0,0,0.0,0.0,1.0,0.0,0.0,0.0,0.0,0,0
37,3,riccardo calafiori|arsenal,Riccardo Calafiori,Arsenal,DEF,15.0,0.038293,0.011179,0.049472,0.63,1.195479,0.048269,1.0,0.22976,0.033537,0.0,0.0,0.0,-0.065,0.0,-0.002818,1,1,6.1,0.0,0.02,0.33,0.33,0.02,0.4620354595965587,False,0.7,1.420915198032592,0,0,1,1,0.0364,0.0012,0.9636,0.0092,0.0243,0.0026,0.0003,-3,16
37,3,richarlison|tottenham,Richarlison,Tottenham,FWD,60.0,0.181133,0.061321,0.242455,0.12,2.671907,0.215301,2.0,0.724534,0.183963,0.0,0.0,0.00341,-0.24,0.0,0.0,1,1,6.8,0.0,0.01,0.33,0.33,0.01,2.120263536200091,False,1.9705,2.4586235478413525,0,0,2,6,0.1524,0.0226,0.8411,0.0884,0.0519,0.0168,0.0018,-1,20
37,3,rico henry|brentford,Rico Henry,Brentford,DEF,15.0,0.001075,0.004106,0.005181,0.28,0.97247,0.005168,1.0,0.006452,0.012318,0.0,0.0,0.0,-0.026667,0.0,-0.019634,1,1,4.6,0.0,0.02,0.1,0.1,0.02,1.2729656758128873,False,0.3239,0.6344988494867425,0,0,1,1,0.0051,0.0,0.995,0.0042,0.0007,0.0001,0.0,-4,10
37,3,rico lewis|manchester city,Rico Lewis,Manchester City,DEF,0.0,0.0,0.0,0.0,0.26,0.0,0.0,0.0,0.0,0.0,0.0,0.0,0.0,0.0,0.0,0.0,1,1,4.0,0.0,0.02,0.2,0.2,0.02,1.3470736479666092,True,0.0,0.0,0,0,0,0,0.0,0.0,1.0,0.0,0.0,0.0,0.0,0,0
37,3,rio ngumoha|liverpool,Rio Ngumoha,Liverpool,MID,30.0,0.113965,0.164576,0.278541,0.25,2.033551,0.243112,1.0,0.569824,0.493727,0.0,0.0,0.0,-0.03,0.0,0.0,1,1,3.0,0.0,0.01,0.06,0.06,0.01,1.3862943611198906,False,1.3319,2.330481149891584,0,0,1,5,0.1524,0.0251,0.8478,0.097,0.0402,0.0133,0.0017,-2,20
37,3,robert sánchez|chelsea,Robert Sánchez,Chelsea,GK,90.0,0.0,0.024507,0.024507,0.34,3.855217,0.024209,2.0,0.0,0.073522,1.36,0.9,0.0,-0.16,0.0,-0.318305,1,1,0.0,2.7,0.02,0.1,0.1,0.02,1.0788096613719298,False,3.6411,2.540175346309778,1,2,6,7,0.0225,0.0004,0.4764,0.3445,0.1713,0.0078,0.0,-2,14
37,3,robin roefs|sunderland,Robin Roefs,Sunderland,GK,90.0,0.0,0.020822,0.020822,0.24,3.414509,0.020607,2.0,0.0,0.062467,0.96,1.0,0.0,-0.13,0.0,-0.477958,1,1,0.0,3.0,0.01,0.1,0.1,0.01,1.4271163556401458,False,3.1408,2.405654871339611,1,1,5,7,0.0182,0.0002,0.5489,0.3065,0.1376,0.007,0.0,-3,13
37,3,rodrigo bentancur|tottenham,Rodrigo Bentancur,Tottenham,MID,0.0,0.0,0.0,0.0,0.12,0.0,0.0,0.0,0.0,0.0,0.0,0.0,0.0,0.0,0.0,0.0,1,1,13.2,0.0,0.02,0.33,0.33,0.02,2.120263536200091,True,0.0,0.0,0,0,0,0,0.0,0.0,1.0,0.0,0.0,0.0,0.0,0,0
37,3,rodrigo gomes|wolverhampton wanderers,Rodrigo Gomes,Wolverhampton Wanderers,DEF,90.0,0.220582,0.02178,0.242362,0.25,3.834117,0.215228,2.0,1.323493,0.065341,1.0,0.0,0.064056,-0.16,0.0,-0.458772,1,1,5.3,0.0,0.02,0.1,0.1,0.02,1.3862943611198906,False,3.8694,3.761082774946598,1,1,6,9,0.1916,0.0183,0.5941,0.1908,0.1407,0.059,0.0154,-4,28
37,3,rodrigo muniz|fulham,Rodrigo Muniz,Fulham,FWD,30.0,0.11235,0.028348,0.140699,0.34,1.47778,0.131249,1.0,0.449401,0.085045,0.0,0.0,1e-06,-0.056667,0.0,0.0,1,1,5.6,0.0,0.01,0.14,0.14,0.01,1.0788096613719298,False,0.9375,1.6615034607246535,0,0,1,1,0.0854,0.0077,0.9147,0.0642,0.0175,0.0035,0.0001,-2,15
37,3,rodri|manchester city,Rodri,Manchester City,MID,75.0,0.050042,0.10849,0.158532,0.26,3.256827,0.146604,2.0,0.250209,0.32547,0.26,0.0,0.637815,-0.216667,0.0,0.0,1,1,12.7,0.0,0.02,0.2,0.2,0.02,1.3470736479666092,False,3.1125,2.146588863755703,1,2,4,6,0.1308,0.0096,0.5091,0.4138,0.0609,0.0148,0.0014,-2,20
37,3,romain esse|crystal palace,Romain Esse,Crystal Palace,MID,0.0,0.0,0.0,0.0,0.2,0.0,0.0,0.0,0.0,0.0,0.0,0.0,0.0,0.0,0.0,0.0,1,1,3.3,0.0,0.01,0.06,0.06,0.01,1.6094379124341003,True,0.0,0.0,0,0,0,0,0.0,0.0,1.0,0.0,0.0,0.0,0.0,0,0
37,3,romaine mundle|sunderland,Romaine Mundle,Sunderland,MID,30.0,0.081844,0.033948,0.115792,0.24,1.434412,0.10934,1.0,0.409222,0.101843,0.0,0.0,1.3e-05,-0.076667,0.0,0.0,1,1,7.4,0.0,0.01,0.2,0.2,0.01,1.4271163556401458,False,0.8535,1.6009490154280368,0,0,1,1,0.0648,0.0031,0.9351,0.037,0.0258,0.0019,0.0002,-2,19
37,3,romelle donovan|brentford,Romelle Donovan,Brentford,MID,0.0,0.0,0.0,0.0,0.28,0.0,0.0,0.0,0.0,0.0,0.0,0.0,0.0,0.0,0.0,0.0,1,1,0.0,0.0,0.01,0.03,0.03,0.01,1.2729656758128873,True,0.0,0.0,0,0,0,0,0.0,0.0,1.0,0.0,0.0,0.0,0.0,0,0
37,3,romeo lavia|chelsea,Romeo Lavia,Chelsea,MID,0.0,0.0,0.0,0.0,0.34,0.0,0.0,0.0,0.0,0.0,0.0,0.0,0.0,0.0,0.0,0.0,1,1,5.0,0.0,0.02,0.06,0.06,0.02,1.0788096613719298,True,0.0,0.0,0,0,0,0,0.0,0.0,1.0,0.0,0.0,0.0,0.0,0,0
37,3,ross barkley|aston villa,Ross Barkley,Aston Villa,MID,0.0,0.0,0.0,0.0,0.2,0.0,0.0,0.0,0.0,0.0,0.0,0.0,0.0,0.0,0.0,0.0,1,1,10.8,0.0,0.02,0.1,0.1,0.02,1.6094379124341003,True,0.0,0.0,0,0,0,0,0.0,0.0,1.0,0.0,0.0,0.0,0.0,0,0
37,3,ryan christie|bournemouth,Ryan Christie,Bournemouth,MID,15.0,0.024027,0.018847,0.042874,0.15,1.111678,0.041968,1.0,0.120135,0.056542,0.0,0.0,0.0,-0.065,0.0,0.0,1,1,10.7,0.0,0.02,0.33,0.33,0.02,1.8971199848858813,False,0.6623,1.1199369223308964,0,0,1,1,0.0322,0.0014,0.9675,0.0224,0.0092,0.0009,0.0,-2,14
37,3,ryan gravenberch|liverpool,Ryan Gravenberch,Liverpool,MID,75.0,0.038587,0.045775,0.084363,0.25,2.539317,0.080902,2.0,0.192937,0.137325,0.25,0.0,0.175721,-0.216667,0.0,0.0,1,1,9.6,0.0,0.02,0.2,0.2,0.02,1.3862943611198906,False,2.4534,1.7321167512612998,1,2,3,4,0.0792,0.0031,0.6862,0.2733,0.0329,0.0074,0.0002,-2,17
37,3,ryan sessegnon|fulham,Ryan Sessegnon,Fulham,MID,30.0,0.032756,0.026363,0.05912,0.34,1.203269,0.057406,1.0,0.163782,0.079089,0.0,0.0,0.000398,-0.04,0.0,0.0,1,1,10.6,0.0,0.02,0.06,0.06,0.02,1.0788096613719298,False,0.699,1.1452506275920569,0,0,1,1,0.0347,0.0013,0.9635,0.0247,0.0109,0.0009,0.0,-2,12
37,3,ryan yates|nottingham forest,Ryan Yates,Nottingham Forest,MID,30.0,0.019246,0.009934,0.02918,0.18,1.039436,0.028758,1.0,0.096231,0.029801,0.0,0.0,7.1e-05,-0.086667,0.0,0.0,1,1,8.8,0.0,0.02,0.2,0.2,0.02,1.7147984280919266,False,0.587,0.951226050946882,0,0,1,1,0.0205,0.0002,0.9788,0.0143,0.0068,0.0001,0.0,-2,14
37,3,rúben dias|manchester city,Rúben Dias,Manchester City,DEF,0.0,0.0,0.0,0.0,0.26,0.0,0.0,0.0,0.0,0.0,0.0,0.0,0.0,0.0,0.0,0.0,1,1,7.4,0.0,0.02,0.14,0.14,0.02,1.3470736479666092,True,0.0,0.0,0,0,0,0,0.0,0.0,1.0,0.0,0.0,0.0,0.0,0,0
37,3,sam byram|leeds,Sam Byram,Leeds,DEF,0.0,0.0,0.0,0.0,0.25,0.0,0.0,0.0,0.0,0.0,0.0,0.0,0.0,0.0,0.0,0.0,1,1,3.0,0.0,0.02,0.06,0.06,0.02,1.3862943611198906,True,0.0,0.0,0,0,0,0,0.0,0.0,1.0,0.0,0.0,0.0,0.0,0,0
37,3,sam johnstone|wolverhampton wanderers,Sam Johnstone,Wolverhampton Wanderers,GK,0.0,0.0,0.0,0.0,0.25,0.0,0.0,0.0,0.0,0.0,0.0,0.0,0.0,0.0,0.0,0.0,1,1,0.0,3.3,0.02,0.03,0.03,0.02,1.3862943611198906,True,0.0,0.0,0,0,0,0,0.0,0.0,1.0,0.0,0.0,0.0,0.0,0,0
37,3,samuel chukwueze|fulham,Samuel Chukwueze,Fulham,MID,60.0,0.10191,0.15868,0.260589,0.34,3.273871,0.229403,2.0,0.509549,0.476039,0.34,0.0,0.008284,-0.06,0.0,0.0,1,1,7.6,0.0,0.01,0.06,0.06,0.01,1.0788096613719298,False,2.4514,2.7554016113808166,0,0,3,7,0.1753,0.0278,0.6552,0.2437,0.0737,0.0247,0.0027,-1,23
37,3,sander berge|fulham,Sander Berge,Fulham,MID,90.0,0.026758,0.057562,0.08432,0.34,2.734669,0.080863,2.0,0.133792,0.172685,0.34,0.0,0.288192,-0.2,0.0,0.0,1,1,8.8,0.0,0.02,0.14,0.14,0.02,1.0788096613719298,False,2.7251,1.5665024704736343,2,2,3,5,0.0731,0.003,0.5823,0.382,0.0301,0.0053,0.0003,-1,19
37,3,sandro tonali|newcastle united,Sandro Tonali,Newcastle United,MID,75.0,0.042685,0.119045,0.161729,0.33,2.881126,0.149329,2.0,0.213423,0.357134,0.33,0.0,0.147236,-0.166667,0.0,0.0,1,1,9.3,0.0,0.02,0.14,0.14,0.02,1.1086626245216111,False,2.7621,1.9704069605033372,1,2,3,5,0.1363,0.0107,0.6064,0.3335,0.0489,0.0106,0.0006,-2,18
37,3,santiago bueno|wolverhampton wanderers,Santiago Bueno,Wolverhampton Wanderers,DEF,90.0,0.040849,0.01089,0.051739,0.25,2.920344,0.050423,2.0,0.245091,0.03267,1.0,0.0,0.361354,-0.26,0.0,-0.458772,1,1,7.5,0.0,0.02,0.2,0.2,0.02,1.3862943611198906,False,2.9362,2.7012829470457183,0,1,5,7,0.0413,0.0012,0.6331,0.2623,0.0897,0.0128,0.0021,-4,20
37,3,sasa kalajdzic|wolverhampton wanderers,Sasa Kalajdzic,Wolverhampton Wanderers,FWD,0.0,0.0,0.0,0.0,0.25,0.0,0.0,0.0,0.0,0.0,0.0,0.0,0.0,0.0,0.0,0.0,1,1,2.0,0.0,0.01,0.1,0.1,0.01,1.3862943611198906,True,0.0,0.0,0,0,0,0,0.0,0.0,1.0,0.0,0.0,0.0,0.0,0,0
37,3,sasa lukic|fulham,Sasa Lukic,Fulham,MID,0.0,0.0,0.0,0.0,0.34,0.0,0.0,0.0,0.0,0.0,0.0,0.0,0.0,0.0,0.0,0.0,1,1,9.5,0.0,0.02,0.5,0.5,0.02,1.0788096613719298,True,0.0,0.0,0,0,0,0,0.0,0.0,1.0,0.0,0.0,0.0,0.0,0,0
37,3,seamus coleman|everton,Seamus Coleman,Everton,DEF,0.0,0.0,0.0,0.0,0.39,0.0,0.0,0.0,0.0,0.0,0.0,0.0,0.0,0.0,0.0,0.0,1,1,3.0,0.0,0.02,0.14,0.14,0.02,0.941608539858445,True,0.0,0.0,0,0,0,0,0.0,0.0,1.0,0.0,0.0,0.0,0.0,0,0
37,3,sean longstaff|leeds,Sean Longstaff,Leeds,MID,0.0,0.0,0.0,0.0,0.25,0.0,0.0,0.0,0.0,0.0,0.0,0.0,0.0,0.0,0.0,0.0,1,1,9.5,0.0,0.02,0.2,0.2,0.02,1.3862943611198906,True,0.0,0.0,0,0,0,0,0.0,0.0,1.0,0.0,0.0,0.0,0.0,0,0
37,3,sebastiaan bornauw|leeds,Sebastiaan Bornauw,Leeds,DEF,0.0,0.0,0.0,0.0,0.25,0.0,0.0,0.0,0.0,0.0,0.0,0.0,0.0,0.0,0.0,0.0,1,1,11.3,0.0,0.02,0.2,0.2,0.02,1.3862943611198906,True,0.0,0.0,0,0,0,0,0.0,0.0,1.0,0.0,0.0,0.0,0.0,0,0
37,3,senne lammens|manchester united,Senne Lammens,Manchester United,GK,90.0,0.0,0.0,0.0,0.36,3.853441,0.0,2.0,0.0,0.0,1.44,0.766667,0.0,-0.06,0.0,-0.293226,1,1,0.0,2.3,0.01,0.03,0.03,0.01,1.0216512475319814,False,3.5962,2.4475182450801056,1,2,6,7,0.0,0.0,0.5063,0.3228,0.1685,0.0024,0.0,-2,11
37,3,sepp van den berg|brentford,Sepp van den Berg,Brentford,DEF,90.0,0.099766,0.05126,0.151026,0.28,4.077992,0.140175,2.0,0.598595,0.153781,1.12,0.0,0.731698,-0.12,0.0,-0.406083,1,1,9.1,0.0,0.02,0.06,0.06,0.02,1.2729656758128873,False,4.1169,3.3266851955061814,1,2,6,8,0.1251,0.0097,0.4565,0.3346,0.1476,0.0504,0.0109,-3,23
37,3,shea lacey|manchester united,Shea Lacey,Manchester United,MID,0.0,0.0,0.0,0.0,0.36,0.0,0.0,0.0,0.0,0.0,0.0,0.0,0.0,0.0,0.0,0.0,1,1,3.0,0.0,0.01,0.1,0.1,0.01,1.0216512475319814,True,0.0,0.0,0,0,0,0,0.0,0.0,1.0,0.0,0.0,0.0,0.0,0,0
37,3,simon adingra|sunderland,Simon Adingra,Sunderland,MID,0.0,0.0,0.0,0.0,0.24,0.0,0.0,0.0,0.0,0.0,0.0,0.0,0.0,0.0,0.0,0.0,1,1,6.2,0.0,0.02,0.2,0.2,0.02,1.4271163556401458,True,0.0,0.0,0,0,0,0,0.0,0.0,1.0,0.0,0.0,0.0,0.0,0,0
37,3,solly march|brighton,Solly March,Brighton,MID,0.0,0.0,0.0,0.0,0.27,0.0,0.0,0.0,0.0,0.0,0.0,0.0,0.0,0.0,0.0,0.0,1,1,4.0,0.0,0.03,0.2,0.2,0.03,1.3093333199837622,True,0.0,0.0,0,0,0,0,0.0,0.0,1.0,0.0,0.0,0.0,0.0,0,0
37,3,soungoutou magassa|west ham,Soungoutou Magassa,West Ham,MID,0.0,0.0,0.0,0.0,0.15,0.0,0.0,0.0,0.0,0.0,0.0,0.0,0.0,0.0,0.0,0.0,1,1,2.0,0.0,0.02,0.33,0.33,0.02,1.8971199848858813,True,0.0,0.0,0,0,0,0,0.0,0.0,1.0,0.0,0.0,0.0,0.0,0,0
37,3,souza|tottenham,Souza,Tottenham,DEF,60.0,0.005486,0.058147,0.063633,0.12,1.700289,0.06165,2.0,0.032913,0.174441,0.48,0.0,0.0,-0.173333,0.0,-0.813732,1,1,1.0,0.0,0.02,0.2,0.2,0.02,2.120263536200091,False,1.1631,1.9072751217378157,0,0,2,4,0.0467,0.0014,0.883,0.095,0.0193,0.0027,0.0,-4,14
37,3,stefan ortega moreno|nottingham forest,Stefan Ortega Moreno,Nottingham Forest,GK,90.0,0.0,0.0,0.0,0.18,3.047834,0.0,2.0,0.0,0.0,0.72,1.033333,0.0,-0.09,0.0,-0.615499,1,1,0.0,3.1,0.01,0.06,0.06,0.01,1.7147984280919266,False,2.8089,2.2337369563133436,1,1,3,7,0.0,0.0,0.5971,0.2928,0.1074,0.0027,0.0,-3,12
37,3,stefanos tzimas|brighton,Stefanos Tzimas,Brighton,FWD,0.0,0.0,0.0,0.0,0.27,0.0,0.0,0.0,0.0,0.0,0.0,0.0,0.0,0.0,0.0,0.0,1,1,10.2,0.0,0.01,0.06,0.06,0.01,1.3093333199837622,True,0.0,0.0,0,0,0,0,0.0,0.0,1.0,0.0,0.0,0.0,0.0,0,0
37,3,sven botman|newcastle united,Sven Botman,Newcastle United,DEF,60.0,0.054636,0.039682,0.094318,0.33,3.474645,0.090006,2.0,0.327817,0.119045,1.32,0.0,0.119339,-0.08,0.0,-0.331556,1,1,8.9,0.0,0.02,0.06,0.06,0.02,1.1086626245216111,False,2.5709,3.101092257576353,0,0,5,7,0.0679,0.0043,0.6828,0.1989,0.0906,0.0243,0.0034,-3,23
37,3,sávio|manchester city,Sávio,Manchester City,MID,15.0,0.05758,0.012893,0.070473,0.26,1.288246,0.068047,1.0,0.287902,0.038678,0.0,0.0,0.0,-0.038333,0.0,0.0,1,1,7.5,0.0,0.01,0.2,0.2,0.01,1.3470736479666092,False,0.8291,1.5200964410194504,0,0,1,1,0.054,0.0032,0.9462,0.0286,0.0224,0.0028,0.0,-2,14
37,3,taiwo awoniyi|nottingham forest,Taiwo Awoniyi,Nottingham Forest,FWD,30.0,0.232756,0.067241,0.299997,0.18,2.089415,0.25918,1.0,0.931025,0.201723,0.0,0.0,1e-06,-0.043333,0.0,0.0,1,1,5.5,0.0,0.01,0.1,0.1,0.01,1.7147984280919266,False,1.3776,2.365421366268598,0,0,1,5,0.1605,0.0272,0.8397,0.1117,0.033,0.0143,0.0013,-2,23
37,3,tammy abraham|aston villa,Tammy Abraham,Aston Villa,FWD,15.0,0.123976,0.015174,0.139149,0.2,1.526424,0.129902,1.0,0.495903,0.045521,0.0,0.0,0.0,-0.015,0.0,0.0,1,1,3.5,0.0,0.01,0.06,0.06,0.01,1.6094379124341003,False,1.0089,1.7970032804644516,0,0,1,1,0.0916,0.0098,0.9084,0.0666,0.0181,0.0066,0.0003,-2,16
37,3,tawanda chirewa|wolverhampton wanderers,Tawanda Chirewa,Wolverhampton Wanderers,MID,0.0,0.0,0.0,0.0,0.25,0.0,0.0,0.0,0.0,0.0,0.0,0.0,0.0,0.0,0.0,0.0,1,1,4.0,0.0,0.01,0.06,0.06,0.01,1.3862943611198906,True,0.0,0.0,0,0,0,0,0.0,0.0,1.0,0.0,0.0,0.0,0.0,0,0
37,3,thiago|brentford,Thiago,Brentford,FWD,90.0,0.590792,0.081286,0.672078,0.28,4.305051,0.489354,2.0,2.363167,0.243858,0.0,0.0,0.013466,-0.26,-0.05544,0.0,1,1,5.4,0.0,0.02,0.2,0.2,0.02,1.2729656758128873,False,4.5768,3.6669744695047988,2,2,7,10,0.4505,0.1255,0.5468,0.1829,0.1578,0.095,0.0175,-1,25
37,3,thierno barry|everton,Thierno Barry,Everton,FWD,30.0,0.140895,0.013836,0.154731,0.39,1.52842,0.143354,1.0,0.56358,0.041507,0.0,0.0,0.0,-0.076667,0.0,0.0,1,1,3.1,0.0,0.01,0.2,0.2,0.01,0.941608539858445,False,0.9623,1.7711235727639107,0,0,1,1,0.0918,0.0084,0.9086,0.0688,0.016,0.0062,0.0004,-2,16
37,3,tijjani reijnders|manchester city,Tijjani Reijnders,Manchester City,MID,15.0,0.030327,0.03685,0.067177,0.26,1.235517,0.06497,1.0,0.151633,0.11055,0.0,0.0,0.0,-0.026667,0.0,0.0,1,1,5.6,0.0,0.02,0.1,0.1,0.02,1.3470736479666092,False,0.775,1.294903471305873,0,0,1,1,0.0492,0.002,0.951,0.0351,0.0125,0.0014,0.0,-2,14
37,3,tim iroegbunam|everton,Tim Iroegbunam,Everton,MID,0.0,0.0,0.0,0.0,0.39,0.0,0.0,0.0,0.0,0.0,0.0,0.0,0.0,0.0,0.0,0.0,1,1,11.8,0.0,0.03,0.5,0.5,0.03,0.941608539858445,True,0.0,0.0,0,0,0,0,0.0,0.0,1.0,0.0,0.0,0.0,0.0,0,0
37,3,timothy castagne|fulham,Timothy Castagne,Fulham,DEF,0.0,0.0,0.0,0.0,0.34,0.0,0.0,0.0,0.0,0.0,0.0,0.0,0.0,0.0,0.0,0.0,1,1,7.9,0.0,0.02,0.2,0.2,0.02,1.0788096613719298,True,0.0,0.0,0,0,0,0,0.0,0.0,1.0,0.0,0.0,0.0,0.0,0,0
37,3,tolu arokodare|wolverhampton wanderers,Tolu Arokodare,Wolverhampton Wanderers,FWD,60.0,0.243281,0.044947,0.288228,0.25,3.047967,0.250409,2.0,0.973123,0.134842,0.0,0.0,2e-06,-0.06,0.0,0.0,1,1,3.0,0.0,0.01,0.06,0.06,0.01,1.3862943611198906,False,2.2586,2.759660493611488,0,0,2,6,0.1814,0.0304,0.8187,0.0825,0.0717,0.0241,0.003,-1,21
37,3,tom cairney|fulham,Tom Cairney,Fulham,MID,0.0,0.0,0.0,0.0,0.34,0.0,0.0,0.0,0.0,0.0,0.0,0.0,0.0,0.0,0.0,0.0,1,1,7.2,0.0,0.02,0.5,0.5,0.02,1.0788096613719298,True,0.0,0.0,0,0,0,0,0.0,0.0,1.0,0.0,0.0,0.0,0.0,0,0
37,3,tom edozie|wolverhampton wanderers,Tom Edozie,Wolverhampton Wanderers,MID,0.0,0.0,0.0,0.0,0.25,0.0,0.0,0.0,0.0,0.0,0.0,0.0,0.0,0.0,0.0,0.0,1,1,2.0,0.0,0.01,0.14,0.14,0.01,1.3862943611198906,True,0.0,0.0,0,0,0,0,0.0,0.0,1.0,0.0,0.0,0.0,0.0,0,0
37,3,tom watson|brighton,Tom Watson,Brighton,FWD,0.0,0.0,0.0,0.0,0.27,0.0,0.0,0.0,0.0,0.0,0.0,0.0,0.0,0.0,0.0,0.0,1,1,0.0,0.0,0.01,0.03,0.03,0.01,1.3093333199837622,True,0.0,0.0,0,0,0,0,0.0,0.0,1.0,0.0,0.0,0.0,0.0,0,0
37,3,tomas soucek|west ham,Tomas Soucek,West Ham,MID,75.0,0.155797,0.033254,0.189051,0.15,3.009316,0.172256,2.0,0.778983,0.099763,0.15,0.0,0.147236,-0.166667,0.0,0.0,1,1,9.3,0.0,0.02,0.14,0.14,0.02,1.8971199848858813,False,3.0011,2.593433783615845,1,2,3,7,0.166,0.0139,0.6778,0.189,0.1055,0.0236,0.0041,-2,24
37,3,tosin adarabioyo|chelsea,Tosin Adarabioyo,Chelsea,DEF,15.0,0.001275,0.006808,0.008082,0.34,0.970383,0.00805,1.0,0.007649,0.020423,0.0,0.0,3.3e-05,-0.043333,0.0,-0.014389,1,1,11.3,0.0,0.02,0.2,0.2,0.02,1.0788096613719298,False,0.3783,0.6655742708368465,0,0,1,1,0.0079,0.0003,0.9914,0.0079,0.0005,0.0002,0.0,-3,10
37,3,toti|wolverhampton wanderers,Toti,Wolverhampton Wanderers,DEF,0.0,0.0,0.0,0.0,0.25,0.0,0.0,0.0,0.0,0.0,0.0,0.0,0.0,0.0,0.0,0.0,1,1,8.3,0.0,0.02,0.14,0.14,0.02,1.3862943611198906,True,0.0,0.0,0,0,0,0,0.0,0.0,1.0,0.0,0.0,0.0,0.0,0,0
37,3,trai hume|sunderland,Trai Hume,Sunderland,DEF,90.0,0.055517,0.075621,0.131138,0.24,2.801825,0.122903,2.0,0.333099,0.226863,0.96,0.0,0.14982,-0.39,0.0,-0.477958,1,1,6.2,0.0,0.02,0.33,0.33,0.02,1.4271163556401458,False,2.8975,2.9180804906650533,0,1,5,7,0.1123,0.0065,0.6443,0.2435,0.0843,0.0255,0.0024,-4,19
37,3,trevoh chalobah|chelsea,Trevoh Chalobah,Chelsea,DEF,90.0,0.06101,0.029064,0.090073,0.34,4.066641,0.086136,2.0,0.366058,0.087191,1.36,0.0,0.731698,-0.16,0.0,-0.318305,1,1,9.1,0.0,0.02,0.1,0.1,0.02,1.0788096613719298,False,4.0963,3.086976888478435,1,2,6,8,0.0735,0.0037,0.4392,0.3601,0.1612,0.0331,0.0064,-3,21
37,3,treymaurice nyoni|liverpool,Treymaurice Nyoni,Liverpool,MID,0.0,0.0,0.0,0.0,0.25,0.0,0.0,0.0,0.0,0.0,0.0,0.0,0.0,0.0,0.0,0.0,1,1,4.0,0.0,0.01,0.1,0.1,0.01,1.3862943611198906,True,0.0,0.0,0,0,0,0,0.0,0.0,1.0,0.0,0.0,0.0,0.0,0,0
37,3,tyler adams|bournemouth,Tyler Adams,Bournemouth,MID,75.0,0.028153,0.033293,0.061446,0.15,2.342938,0.059596,2.0,0.140764,0.09988,0.15,0.0,0.443961,-0.491667,0.0,0.0,1,1,11.6,0.0,0.03,0.5,0.5,0.03,1.8971199848858813,False,2.2743,1.6839416587281164,1,1,3,4,0.0581,0.0019,0.6909,0.2799,0.0238,0.0052,0.0002,-2,15
37,3,tyler dibling|everton,Tyler Dibling,Everton,MID,0.0,0.0,0.0,0.0,0.39,0.0,0.0,0.0,0.0,0.0,0.0,0.0,0.0,0.0,0.0,0.0,1,1,10.3,0.0,0.01,0.14,0.14,0.01,0.941608539858445,True,0.0,0.0,0,0,0,0,0.0,0.0,1.0,0.0,0.0,0.0,0.0,0,0
37,3,tyler fletcher|manchester united,Tyler Fletcher,Manchester United,MID,0.0,0.0,0.0,0.0,0.36,0.0,0.0,0.0,0.0,0.0,0.0,0.0,0.0,0.0,0.0,0.0,1,1,3.0,0.0,0.01,0.1,0.1,0.01,1.0216512475319814,True,0.0,0.0,0,0,0,0,0.0,0.0,1.0,0.0,0.0,0.0,0.0,0,0
37,3,tyler fredricson|manchester united,Tyler Fredricson,Manchester United,DEF,0.0,0.0,0.0,0.0,0.36,0.0,0.0,0.0,0.0,0.0,0.0,0.0,0.0,0.0,0.0,0.0,1,1,4.0,0.0,0.02,0.14,0.14,0.02,1.0216512475319814,True,0.0,0.0,0,0,0,0,0.0,0.0,1.0,0.0,0.0,0.0,0.0,0,0
37,3,tyrell malacia|manchester united,Tyrell Malacia,Manchester United,DEF,0.0,0.0,0.0,0.0,0.36,0.0,0.0,0.0,0.0,0.0,0.0,0.0,0.0,0.0,0.0,0.0,1,1,0.0,0.0,0.02,0.03,0.03,0.02,1.0216512475319814,True,0.0,0.0,0,0,0,0,0.0,0.0,1.0,0.0,0.0,0.0,0.0,0,0
37,3,tyrick mitchell|crystal palace,Tyrick Mitchell,Crystal Palace,DEF,90.0,0.039904,0.080765,0.120669,0.2,2.676026,0.113672,2.0,0.239421,0.242295,0.8,0.0,0.219028,-0.26,0.0,-0.564719,1,1,6.7,0.0,0.02,0.2,0.2,0.02,1.6094379124341003,False,2.7691,2.779637600479602,0,1,5,6,0.1047,0.0058,0.662,0.2387,0.0785,0.0186,0.0022,-4,19
37,3,tyrique george|everton,Tyrique George,Everton,FWD,15.0,0.038056,0.05491,0.092966,0.39,1.295288,0.088776,1.0,0.152225,0.164729,0.0,0.0,0.0,-0.021667,0.0,0.0,1,1,3.0,0.0,0.01,0.1,0.1,0.01,0.941608539858445,False,0.786,1.291357425347452,0,0,1,1,0.0638,0.0037,0.9366,0.0559,0.0065,0.0009,0.0001,-2,15
37,3,tyrone mings|aston villa,Tyrone Mings,Aston Villa,DEF,0.0,0.0,0.0,0.0,0.2,0.0,0.0,0.0,0.0,0.0,0.0,0.0,0.0,0.0,0.0,0.0,1,1,7.5,0.0,0.02,0.1,0.1,0.02,1.6094379124341003,True,0.0,0.0,0,0,0,0,0.0,0.0,1.0,0.0,0.0,0.0,0.0,0,0
37,3,valentino livramento|newcastle united,Valentino Livramento,Newcastle United,DEF,0.0,0.0,0.0,0.0,0.33,0.0,0.0,0.0,0.0,0.0,0.0,0.0,0.0,0.0,0.0,0.0,1,1,5.0,0.0,0.01,0.06,0.06,0.01,1.1086626245216111,True,0.0,0.0,0,0,0,0,0.0,0.0,1.0,0.0,0.0,0.0,0.0,0,0
37,3,valentín castellanos|west ham,Valentín Castellanos,West Ham,FWD,75.0,0.223964,0.045602,0.269566,0.15,2.848467,0.236289,2.0,0.895855,0.136807,0.0,0.0,0.007472,-0.191667,0.0,0.0,1,1,6.0,0.0,0.01,0.2,0.2,0.01,1.8971199848858813,False,2.8259,2.4658850723421804,1,2,2,7,0.2189,0.0275,0.7759,0.1165,0.0845,0.0207,0.0024,-2,20
37,3,veljko milosavljevic|bournemouth,Veljko Milosavljevic,Bournemouth,DEF,0.0,0.0,0.0,0.0,0.15,0.0,0.0,0.0,0.0,0.0,0.0,0.0,0.0,0.0,0.0,0.0,1,1,9.6,0.0,0.01,0.06,0.06,0.01,1.8971199848858813,True,0.0,0.0,0,0,0,0,0.0,0.0,1.0,0.0,0.0,0.0,0.0,0,0
37,3,victor lindelöf|aston villa,Victor Lindelöf,Aston Villa,DEF,0.0,0.0,0.0,0.0,0.2,0.0,0.0,0.0,0.0,0.0,0.0,0.0,0.0,0.0,0.0,0.0,1,1,5.7,0.0,0.02,0.14,0.14,0.02,1.6094379124341003,True,0.0,0.0,0,0,0,0,0.0,0.0,1.0,0.0,0.0,0.0,0.0,0,0
37,3,viktor gyokeres|arsenal,Viktor Gyokeres,Arsenal,FWD,75.0,0.566668,0.101352,0.66802,0.63,4.366267,0.487277,2.0,2.266673,0.304056,0.0,0.0,3.8e-05,-0.191667,-0.012833,0.0,1,1,3.3,0.0,0.01,0.2,0.2,0.01,0.4620354595965587,False,4.51,3.7578584326714597,1,2,7,10,0.4594,0.1294,0.5407,0.1967,0.1499,0.0925,0.0202,-2,28
37,3,virgil van dijk|liverpool,Virgil van Dijk,Liverpool,DEF,90.0,0.103565,0.014172,0.117737,0.25,3.86798,0.11107,2.0,0.621389,0.042517,1.0,0.0,0.832846,-0.17,0.0,-0.458772,1,1,9.5,0.0,0.01,0.14,0.14,0.01,1.3862943611198906,False,3.8601,3.2448309647807543,1,1,6,8,0.0975,0.0052,0.4715,0.3333,0.1423,0.0433,0.0096,-3,22
37,3,vitalii mykolenko|everton,Vitalii Mykolenko,Everton,DEF,90.0,0.006579,0.029497,0.036076,0.39,3.390222,0.035433,2.0,0.039475,0.088491,1.56,0.0,0.251085,-0.29,0.0,-0.258829,1,1,6.9,0.0,0.03,0.2,0.2,0.03,0.941608539858445,False,3.4881,2.6263774271798788,1,1,6,7,0.0315,0.001,0.5369,0.3524,0.1003,0.0098,0.0006,-4,16
37,3,vitaly janelt|brentford,Vitaly Janelt,Brentford,MID,60.0,0.047312,0.114366,0.161678,0.28,2.646457,0.149285,2.0,0.23656,0.343098,0.28,0.0,0.160133,-0.373333,0.0,0.0,1,1,11.8,0.0,0.02,0.5,0.5,0.02,1.2729656758128873,False,2.0674,2.2982291530654644,0,0,3,5,0.1187,0.0092,0.6968,0.2454,0.045,0.0122,0.0006,-1,19
37,3,walter benítez|crystal palace,Walter Benítez,Crystal Palace,MID,0.0,0.0,0.0,0.0,0.2,0.0,0.0,0.0,0.0,0.0,0.0,0.0,0.0,0.0,0.0,0.0,1,1,0.0,0.0,0.0,0.0,0.0,0.0,1.6094379124341003,True,0.0,0.0,0,0,0,0,0.0,0.0,1.0,0.0,0.0,0.0,0.0,0,0
37,3,wataru endo|liverpool,Wataru Endo,Liverpool,MID,0.0,0.0,0.0,0.0,0.25,0.0,0.0,0.0,0.0,0.0,0.0,0.0,0.0,0.0,0.0,0.0,1,1,12.2,0.0,0.02,0.33,0.33,0.02,1.3862943611198906,True,0.0,0.0,0,0,0,0,0.0,0.0,1.0,0.0,0.0,0.0,0.0,0,0
37,3,wesley fofana|chelsea,Wesley Fofana,Chelsea,DEF,15.0,0.006397,0.007497,0.013894,0.34,0.981526,0.013798,1.0,0.038382,0.022492,0.0,0.0,4.1e-05,-0.065,0.0,-0.014389,1,1,11.6,0.0,0.02,0.33,0.33,0.02,1.0788096613719298,False,0.3813,0.7773739833567883,0,0,1,1,0.0102,0.0,0.9889,0.0075,0.0036,0.0,0.0,-3,9
37,3,wilfried gnonto|leeds,Wilfried Gnonto,Leeds,MID,0.0,0.0,0.0,0.0,0.25,0.0,0.0,0.0,0.0,0.0,0.0,0.0,0.0,0.0,0.0,0.0,1,1,9.5,0.0,0.02,0.33,0.33,0.02,1.3862943611198906,True,0.0,0.0,0,0,0,0,0.0,0.0,1.0,0.0,0.0,0.0,0.0,0,0
37,3,will hughes|crystal palace,Will Hughes,Crystal Palace,MID,60.0,0.042174,0.054679,0.096852,0.2,2.226245,0.09231,2.0,0.210868,0.164036,0.2,0.0,0.024674,-0.373333,0.0,0.0,1,1,8.8,0.0,0.02,0.5,0.5,0.02,1.6094379124341003,False,1.5845,1.8428401314275744,0,0,2,3,0.0682,0.0046,0.8258,0.142,0.0267,0.0051,0.0004,-1,18
37,3,william osula|newcastle united,William Osula,Newcastle United,FWD,15.0,0.063173,0.005952,0.069125,0.33,1.255549,0.06679,1.0,0.252693,0.017857,0.0,0.0,0.0,-0.015,0.0,0.0,1,1,3.0,0.0,0.01,0.06,0.06,0.01,1.1086626245216111,False,0.7944,1.3347391655301046,0,0,1,1,0.0496,0.003,0.9504,0.0371,0.0101,0.0023,0.0001,-2,16
37,3,william saliba|arsenal,William Saliba,Arsenal,DEF,90.0,0.090197,0.028164,0.118361,0.63,5.107831,0.111625,2.0,0.541181,0.084493,2.52,0.0,0.1624,-0.12,0.0,-0.080243,1,1,6.3,0.0,0.02,0.06,0.06,0.02,0.4620354595965587,False,5.2836,3.0306057216338784,2,2,6,8,0.0952,0.0046,0.3038,0.4568,0.1771,0.0529,0.0094,-2,22
37,3,wilson isidor|sunderland,Wilson Isidor,Sunderland,FWD,30.0,0.154466,0.005824,0.160289,0.24,1.605334,0.148103,1.0,0.617863,0.017471,0.0,0.0,0.0,-0.03,0.0,0.0,1,1,3.8,0.0,0.01,0.06,0.06,0.01,1.4271163556401458,False,1.028,1.8682655057566095,0,0,1,1,0.0909,0.0097,0.9091,0.0629,0.0193,0.0077,0.001,-2,20
37,3,wilson odobert|tottenham,Wilson Odobert,Tottenham,MID,15.0,0.024867,0.028634,0.053501,0.12,1.195238,0.052095,1.0,0.124334,0.085903,0.0,0.0,0.0,-0.015,0.0,0.0,1,1,4.0,0.0,0.01,0.06,0.06,0.01,2.120263536200091,False,0.7461,1.2313548594942079,0,0,1,1,0.0421,0.0018,0.9579,0.0282,0.0126,0.0013,0.0,-2,13
37,3,xavi simons|tottenham,Xavi Simons,Tottenham,MID,0.0,0.0,0.0,0.0,0.12,0.0,0.0,0.0,0.0,0.0,0.0,0.0,0.0,0.0,0.0,0.0,1,1,7.8,0.0,0.01,0.33,0.33,0.01,2.120263536200091,True,0.0,0.0,0,0,0,0,0.0,0.0,1.0,0.0,0.0,0.0,0.0,0,0
37,3,yankuba minteh|brighton,Yankuba Minteh,Brighton,MID,60.0,0.084186,0.167326,0.251512,0.27,3.156749,0.222376,2.0,0.420929,0.501978,0.27,0.0,0.003842,-0.04,0.0,0.0,1,1,6.9,0.0,0.01,0.03,0.03,0.01,1.3093333199837622,False,2.2491,2.5221913468252164,0,0,3,6,0.1596,0.02,0.709,0.2129,0.0582,0.0185,0.0014,-1,20
37,3,yasin ayari|brighton,Yasin Ayari,Brighton,MID,15.0,0.014567,0.007532,0.022099,0.27,1.075431,0.021856,1.0,0.072835,0.022596,0.0,0.0,0.0,-0.02,0.0,0.0,1,1,10.6,0.0,0.02,0.06,0.06,0.02,1.3093333199837622,False,0.6094,0.8714537509242817,0,0,1,1,0.0154,0.0002,0.9844,0.0093,0.0061,0.0002,0.0,-2,11
37,3,yehor yarmolyuk|brentford,Yehor Yarmolyuk,Brentford,MID,0.0,0.0,0.0,0.0,0.28,0.0,0.0,0.0,0.0,0.0,0.0,0.0,0.0,0.0,0.0,0.0,1,1,11.3,0.0,0.01,0.33,0.33,0.01,1.2729656758128873,True,0.0,0.0,0,0,0,0,0.0,0.0,1.0,0.0,0.0,0.0,0.0,0,0
37,3,yeremi pino|crystal palace,Yeremi Pino,Crystal Palace,MID,60.0,0.124655,0.185847,0.310502,0.2,3.230148,0.266921,2.0,0.623276,0.55754,0.2,0.0,0.002666,-0.153333,0.0,0.0,1,1,6.6,0.0,0.01,0.2,0.2,0.01,1.6094379124341003,False,2.3867,2.8077683504876254,0,0,3,7,0.1965,0.0331,0.7206,0.1749,0.0759,0.0259,0.0027,-1,21
37,3,yerson mosquera|wolverhampton wanderers,Yerson Mosquera,Wolverhampton Wanderers,DEF,90.0,0.089867,0.065341,0.155208,0.25,3.393055,0.143763,2.0,0.539201,0.196023,1.0,0.0,0.706603,-0.59,0.0,-0.458772,1,1,9.0,0.0,0.03,0.5,0.5,0.03,1.3862943611198906,False,3.5051,3.3233377784992,0,1,6,8,0.1343,0.0088,0.5149,0.3034,0.1319,0.0437,0.0061,-3,26
37,3,yoane wissa|newcastle united,Yoane Wissa,Newcastle United,FWD,15.0,0.090491,0.005952,0.096444,0.33,1.358155,0.091939,1.0,0.361965,0.017857,0.0,0.0,0.0,-0.021667,0.0,0.0,1,1,3.8,0.0,0.01,0.1,0.1,0.01,1.1086626245216111,False,0.892,1.5738284531676254,0,0,1,1,0.0724,0.0056,0.9277,0.0552,0.0132,0.0039,0.0,-2,13
37,3,youri tielemans|aston villa,Youri Tielemans,Aston Villa,MID,90.0,0.101552,0.127774,0.229326,0.2,3.386567,0.204931,2.0,0.507762,0.383321,0.2,0.0,0.430883,-0.12,-0.0154,0.0,1,1,9.6,0.0,0.02,0.06,0.06,0.02,1.6094379124341003,False,3.3948,2.3727479765031934,2,2,4,7,0.188,0.021,0.5545,0.3306,0.0846,0.0279,0.0024,-1,19
37,3,yves bissouma|tottenham,Yves Bissouma,Tottenham,MID,30.0,0.006816,0.001145,0.007961,0.12,0.910353,0.007929,1.0,0.03408,0.003435,0.0,0.0,0.002838,-0.13,0.0,0.0,1,1,13.3,0.0,0.02,0.33,0.33,0.02,2.120263536200091,False,0.5306,0.7415279091173844,0,0,1,1,0.0055,0.0,0.9829,0.015,0.002,0.0001,0.0,-2,10
37,3,zach abbott|nottingham forest,Zach Abbott,Nottingham Forest,DEF,0.0,0.0,0.0,0.0,0.18,0.0,0.0,0.0,0.0,0.0,0.0,0.0,0.0,0.0,0.0,0.0,1,1,3.0,0.0,0.02,0.1,0.1,0.02,1.7147984280919266,True,0.0,0.0,0,0,0,0,0.0,0.0,1.0,0.0,0.0,0.0,0.0,0,0
37,3,zian flemming|burnley,Zian Flemming,Burnley,FWD,15.0,0.063892,0.002819,0.066711,0.07,1.198892,0.064535,1.0,0.255568,0.008457,0.0,0.0,0.0,-0.06,-0.005133,0.0,1,1,4.9,0.0,0.01,0.33,0.33,0.01,2.659260036932778,False,0.7571,1.3353275216215683,0,0,1,1,0.0492,0.0028,0.9508,0.0374,0.0095,0.0021,0.0002,-2,16
38,4,aaron hickey|brentford,Aaron Hickey,Brentford,DEF,75.0,0.031182,0.034587,0.065769,0.13,1.911251,0.063653,2.0,0.187092,0.103761,0.52,0.0,0.0664,-0.191667,0.0,-0.774335,1,1,6.4,0.0,0.01,0.2,0.2,0.01,2.0402208285265546,False,1.7833,2.3659968533368763,0,0,2,6,0.0602,0.0026,0.8092,0.1389,0.0417,0.0097,0.0005,-4,19
38,4,aaron ramsdale|newcastle united,Aaron Ramsdale,Newcastle United,GK,0.0,0.0,0.0,0.0,0.24,0.0,0.0,0.0,0.0,0.0,0.0,0.0,0.0,0.0,0.0,0.0,1,1,0.0,0.0,0.01,0.03,0.03,0.01,1.4271163556401458,True,0.0,0.0,0,0,0,0,0.0,0.0,1.0,0.0,0.0,0.0,0.0,0,0
38,4,aaron wan-bissaka|west ham,Aaron Wan-Bissaka,West Ham,DEF,90.0,0.0,0.053814,0.053814,0.28,3.09902,0.052391,2.0,0.0,0.161441,1.12,0.0,0.423661,-0.2,0.0,-0.406083,1,1,7.8,0.0,0.02,0.14,0.14,0.02,1.2729656758128873,False,3.1552,2.5545866514956974,1,1,6,7,0.0474,0.0015,0.5822,0.3083,0.1013,0.0081,0.0001,-3,16
38,4,abduqodir khusanov|manchester city,Abduqodir Khusanov,Manchester City,DEF,75.0,0.024878,0.025701,0.050579,0.37,3.476379,0.049321,2.0,0.149268,0.077104,1.48,0.0,0.268025,-0.216667,0.0,-0.281351,1,1,8.4,0.0,0.02,0.2,0.2,0.02,0.9942522733438669,False,3.2955,2.835415269409403,1,1,6,7,0.049,0.0014,0.5686,0.3034,0.1086,0.0181,0.0013,-4,21
38,4,adam armstrong|wolverhampton wanderers,Adam Armstrong,Wolverhampton Wanderers,FWD,60.0,0.08391,0.096418,0.180328,0.32,2.564923,0.165004,2.0,0.335641,0.289254,0.0,0.0,2.8e-05,-0.06,0.0,0.0,1,1,4.0,0.0,0.01,0.06,0.06,0.01,1.1394342831883648,False,1.8331,2.0157986977870586,0,0,2,5,0.1187,0.0128,0.8813,0.0766,0.0345,0.0074,0.0002,-1,16
38,4,adam smith|bournemouth,Adam Smith,Bournemouth,DEF,15.0,0.0,0.01113,0.01113,0.26,0.968238,0.011068,1.0,0.0,0.03339,0.0,0.0,0.0,-0.043333,0.0,-0.021819,1,1,5.1,0.0,0.02,0.2,0.2,0.02,1.3470736479666092,False,0.3129,0.6354475509434278,0,0,1,1,0.0086,0.0,0.992,0.008,0.0,0.0,0.0,-4,6
38,4,adam wharton|crystal palace,Adam Wharton,Crystal Palace,MID,75.0,0.022889,0.12944,0.152328,0.2,2.632993,0.141294,2.0,0.114443,0.388319,0.2,0.0,0.280231,-0.35,0.0,0.0,1,1,10.5,0.0,0.03,0.33,0.33,0.03,1.6094379124341003,False,2.5879,1.9218411979141252,1,1,3,5,0.1322,0.01,0.6481,0.305,0.0374,0.0091,0.0004,-2,16
38,4,adama traoré|west ham,Adama Traoré,West Ham,MID,15.0,0.021247,0.027862,0.049109,0.28,1.124821,0.047922,1.0,0.106235,0.083585,0.0,0.0,0.0,-0.065,0.0,0.0,1,1,4.4,0.0,0.02,0.33,0.33,0.02,1.2729656758128873,False,0.6649,1.10932771983756,0,0,1,1,0.0341,0.0016,0.966,0.0245,0.0084,0.0011,0.0,-2,14
38,4,adrien truffert|bournemouth,Adrien Truffert,Bournemouth,DEF,90.0,0.03492,0.102714,0.137633,0.26,3.517001,0.128582,2.0,0.209518,0.308141,1.04,0.0,0.559779,-0.16,0.0,-0.440437,1,1,8.4,0.0,0.02,0.1,0.1,0.02,1.3470736479666092,False,3.5596,2.937115564631395,1,1,6,8,0.1162,0.0078,0.5213,0.326,0.1184,0.0309,0.0034,-4,19
38,4,alejandro garnacho|chelsea,Alejandro Garnacho,Chelsea,MID,15.0,0.044947,0.053285,0.098232,0.33,1.357923,0.093561,1.0,0.224736,0.159854,0.0,0.0,0.0,-0.026667,0.0,0.0,1,1,4.9,0.0,0.02,0.1,0.1,0.02,1.1086626245216111,False,0.8609,1.5153056424365348,0,0,1,1,0.0674,0.0052,0.9328,0.0463,0.0179,0.0029,0.0001,-2,16
38,4,alejandro jiménez|bournemouth,Alejandro Jiménez,Bournemouth,DEF,90.0,0.041902,0.075072,0.116973,0.26,2.57354,0.110391,2.0,0.25141,0.225215,1.04,0.0,0.087352,-0.59,0.0,-0.440437,1,1,5.6,0.0,0.03,0.5,0.5,0.03,1.3470736479666092,False,2.7334,2.813134273368408,0,1,5,6,0.0996,0.0045,0.6493,0.2603,0.0703,0.0192,0.0009,-3,21
38,4,alex iwobi|fulham,Alex Iwobi,Fulham,MID,90.0,0.062328,0.143711,0.206039,0.24,2.907953,0.186199,2.0,0.311639,0.431134,0.24,0.0,0.05518,-0.13,0.0,0.0,1,1,6.6,0.0,0.01,0.1,0.1,0.01,1.4271163556401458,False,2.9256,1.948451857244618,2,2,3,6,0.1664,0.0138,0.6394,0.2832,0.0663,0.0102,0.0009,-1,17
38,4,alex murphy|newcastle united,Alex Murphy,Newcastle United,DEF,0.0,0.0,0.0,0.0,0.24,0.0,0.0,0.0,0.0,0.0,0.0,0.0,0.0,0.0,0.0,0.0,1,1,4.0,0.0,0.01,0.06,0.06,0.01,1.4271163556401458,True,0.0,0.0,0,0,0,0,0.0,0.0,1.0,0.0,0.0,0.0,0.0,0,0
38,4,alex scott|bournemouth,Alex Scott,Bournemouth,MID,90.0,0.103151,0.107652,0.210803,0.26,3.878228,0.190066,2.0,0.515754,0.322956,0.26,0.0,0.939519,-0.16,0.0,0.0,1,1,11.9,0.0,0.02,0.1,0.1,0.02,1.3470736479666092,False,3.8343,2.4630151258163235,2,2,5,7,0.1736,0.017,0.3957,0.4756,0.087,0.0382,0.0035,-1,21
38,4,alex tóth|bournemouth,Alex Tóth,Bournemouth,MID,0.0,0.0,0.0,0.0,0.26,0.0,0.0,0.0,0.0,0.0,0.0,0.0,0.0,0.0,0.0,0.0,1,1,0.0,0.0,0.01,0.06,0.06,0.01,1.3470736479666092,True,0.0,0.0,0,0,0,0,0.0,0.0,1.0,0.0,0.0,0.0,0.0,0,0
38,4,alexander isak|liverpool,Alexander Isak,Liverpool,FWD,75.0,0.420788,0.083756,0.504544,0.3,3.859653,0.396219,2.0,1.683151,0.251268,0.0,0.0,0.000234,-0.075,0.0,0.0,1,1,4.0,0.0,0.01,0.06,0.06,0.01,1.2039728043259361,False,3.9192,3.2824185229796643,1,2,6,8,0.3673,0.0842,0.6333,0.1556,0.1372,0.0649,0.009,-2,25
38,4,alexis mac allister|liverpool,Alexis Mac Allister,Liverpool,MID,75.0,0.135402,0.05435,0.189752,0.3,2.969194,0.172835,2.0,0.677009,0.16305,0.3,0.0,0.045802,-0.216667,0.0,0.0,1,1,7.7,0.0,0.02,0.2,0.2,0.02,1.2039728043259361,False,2.9187,2.477638050644202,1,2,3,7,0.1625,0.015,0.6373,0.2465,0.0897,0.0237,0.0028,-2,24
38,4,alisson|liverpool,Alisson,Liverpool,GK,0.0,0.0,0.0,0.0,0.3,0.0,0.0,0.0,0.0,0.0,0.0,0.0,0.0,0.0,0.0,0.0,1,1,0.0,2.1,0.01,0.03,0.03,0.01,1.2039728043259361,True,0.0,0.0,0,0,0,0,0.0,0.0,1.0,0.0,0.0,0.0,0.0,0,0
38,4,alphonse areola|west ham,Alphonse Areola,West Ham,GK,0.0,0.0,0.0,0.0,0.28,0.0,0.0,0.0,0.0,0.0,0.0,0.0,0.0,0.0,0.0,0.0,1,1,0.0,3.8,0.01,0.03,0.03,0.01,1.2729656758128873,True,0.0,0.0,0,0,0,0,0.0,0.0,1.0,0.0,0.0,0.0,0.0,0,0
38,4,altay bayindir|manchester united,Altay Bayindir,Manchester United,GK,0.0,0.0,0.0,0.0,0.2,0.0,0.0,0.0,0.0,0.0,0.0,0.0,0.0,0.0,0.0,0.0,1,1,0.0,0.0,0.01,0.03,0.03,0.01,1.6094379124341003,True,0.0,0.0,0,0,0,0,0.0,0.0,1.0,0.0,0.0,0.0,0.0,0,0
38,4,alysson edward|aston villa,Alysson Edward,Aston Villa,FWD,0.0,0.0,0.0,0.0,0.11,0.0,0.0,0.0,0.0,0.0,0.0,0.0,0.0,0.0,0.0,0.0,1,1,0.0,0.0,0.01,0.06,0.06,0.01,2.2072749131897207,True,0.0,0.0,0,0,0,0,0.0,0.0,1.0,0.0,0.0,0.0,0.0,0,0
38,4,amad diallo traore|manchester united,Amad Diallo Traore,Manchester United,MID,30.0,0.054106,0.051602,0.105708,0.2,1.382029,0.100313,1.0,0.270532,0.154805,0.0,0.0,2.5e-05,-0.043333,0.0,0.0,1,1,7.9,0.0,0.01,0.1,0.1,0.01,1.6094379124341003,False,0.872,1.566849067396091,0,0,1,1,0.0666,0.0051,0.9333,0.0429,0.0204,0.003,0.0004,-2,18
38,4,amadou onana|aston villa,Amadou Onana,Aston Villa,MID,75.0,0.063753,0.016695,0.080448,0.11,2.806052,0.077297,2.0,0.318765,0.050085,0.11,0.0,0.460535,-0.133333,0.0,0.0,1,1,11.7,0.0,0.02,0.1,0.1,0.02,2.2072749131897207,False,2.7194,1.9614442739981168,1,2,4,5,0.0717,0.0037,0.6595,0.2825,0.0421,0.0148,0.0011,-2,17
38,4,amine adli|bournemouth,Amine Adli,Bournemouth,MID,15.0,0.036333,0.017339,0.053673,0.26,1.195352,0.052258,1.0,0.181667,0.052018,0.0,0.0,0.0,-0.038333,0.0,0.0,1,1,10.4,0.0,0.01,0.2,0.2,0.01,1.3470736479666092,False,0.7292,1.2858722176017336,0,0,1,1,0.0398,0.0019,0.9601,0.023,0.0155,0.0014,0.0,-2,14
38,4,andrew robertson|liverpool,Andrew Robertson,Liverpool,DEF,15.0,0.018496,0.019201,0.037697,0.3,1.124225,0.036996,1.0,0.110978,0.057603,0.0,0.0,0.0,-0.026667,0.0,-0.017689,1,1,4.7,0.0,0.02,0.1,0.1,0.02,1.2039728043259361,False,0.4667,1.1111665536723108,0,0,1,1,0.0275,0.0012,0.9731,0.0154,0.0105,0.0009,0.0001,-4,22
38,4,andrey santos|chelsea,Andrey Santos,Chelsea,MID,60.0,0.070015,0.033491,0.103506,0.33,2.568782,0.09833,2.0,0.350075,0.100474,0.33,0.0,0.048233,-0.26,0.0,0.0,1,1,9.7,0.0,0.02,0.33,0.33,0.02,1.1086626245216111,False,1.8804,2.1362808429604945,0,0,3,4,0.0757,0.0043,0.7421,0.2045,0.0423,0.0101,0.001,-1,18
38,4,andrés garcía|aston villa,Andrés García,Aston Villa,DEF,0.0,0.0,0.0,0.0,0.11,0.0,0.0,0.0,0.0,0.0,0.0,0.0,0.0,0.0,0.0,0.0,1,1,0.0,0.0,0.01,0.06,0.06,0.01,2.2072749131897207,True,0.0,0.0,0,0,0,0,0.0,0.0,1.0,0.0,0.0,0.0,0.0,0,0
38,4,andré|wolverhampton wanderers,André,Wolverhampton Wanderers,MID,75.0,0.016221,0.034725,0.050946,0.32,2.639561,0.04967,2.0,0.081104,0.104175,0.32,0.0,0.600948,-0.466667,0.0,0.0,1,1,12.5,0.0,0.02,0.5,0.5,0.02,1.1394342831883648,False,2.5252,1.662698096468508,1,1,3,5,0.0453,0.0016,0.5755,0.4,0.0203,0.004,0.0002,-2,16
38,4,andy irving|west ham,Andy Irving,West Ham,MID,0.0,0.0,0.0,0.0,0.28,0.0,0.0,0.0,0.0,0.0,0.0,0.0,0.0,0.0,0.0,0.0,1,1,12.7,0.0,0.01,0.14,0.14,0.01,1.2729656758128873,True,0.0,0.0,0,0,0,0,0.0,0.0,1.0,0.0,0.0,0.0,0.0,0,0
38,4,angel gomes|wolverhampton wanderers,Angel Gomes,Wolverhampton Wanderers,MID,60.0,0.025422,0.038854,0.064276,0.32,2.410368,0.062254,2.0,0.127111,0.116562,0.32,0.0,2.8e-05,-0.153333,0.0,0.0,1,1,4.0,0.0,0.01,0.2,0.2,0.01,1.1394342831883648,False,1.6498,1.6300183925342682,0,0,2,3,0.0503,0.0008,0.7833,0.1936,0.0209,0.0022,0.0,-1,13
38,4,angus gunn|nottingham forest,Angus Gunn,Nottingham Forest,GK,0.0,0.0,0.0,0.0,0.24,0.0,0.0,0.0,0.0,0.0,0.0,0.0,0.0,0.0,0.0,0.0,1,1,0.0,0.0,0.01,0.06,0.06,0.01,1.4271163556401458,True,0.0,0.0,0,0,0,0,0.0,0.0,1.0,0.0,0.0,0.0,0.0,0,0
38,4,anthony elanga|newcastle united,Anthony Elanga,Newcastle United,MID,60.0,0.050605,0.082735,0.13334,0.24,2.68124,0.124832,2.0,0.253027,0.248204,0.24,0.0,1e-05,-0.06,0.0,0.0,1,1,3.6,0.0,0.01,0.06,0.06,0.01,1.4271163556401458,False,1.8802,2.0044570237348567,0,0,2,3,0.0925,0.0071,0.7767,0.1773,0.0379,0.0076,0.0005,-1,17
38,4,anthony gordon|newcastle united,Anthony Gordon,Newcastle United,MID,75.0,0.280096,0.140353,0.420449,0.24,3.82917,0.343248,2.0,1.400479,0.42106,0.24,0.0,0.000365,-0.191667,-0.041067,0.0,1,1,4.2,0.0,0.01,0.2,0.2,0.01,1.4271163556401458,False,3.7942,3.3362323600133132,1,2,6,8,0.3216,0.057,0.5756,0.2001,0.1601,0.0527,0.0115,-2,24
38,4,antoine semenyo|manchester city,Antoine Semenyo,Manchester City,MID,90.0,0.33113,0.096772,0.427902,0.37,4.253669,0.348125,2.0,1.65565,0.290316,0.37,0.0,0.103863,-0.16,-0.00616,0.0,1,1,7.3,0.0,0.02,0.1,0.1,0.02,0.9942522733438669,False,4.2347,3.374465277640296,2,2,6,9,0.3027,0.0521,0.4468,0.3037,0.1739,0.0591,0.0165,-1,26
38,4,anton stach|leeds,Anton Stach,Leeds,MID,90.0,0.063815,0.192956,0.25677,0.26,3.511891,0.226454,2.0,0.319073,0.578867,0.26,0.0,0.553952,-0.2,0.0,0.0,1,1,10.2,0.0,0.02,0.14,0.14,0.02,1.3470736479666092,False,3.4849,2.2912380910765253,2,2,5,7,0.205,0.0235,0.4801,0.4133,0.0795,0.026,0.0011,-1,18
38,4,antonee robinson|fulham,Antonee Robinson,Fulham,DEF,90.0,0.006338,0.0636,0.069938,0.24,2.932503,0.067548,2.0,0.038025,0.190801,0.96,0.0,0.381636,-0.16,0.0,-0.477958,1,1,7.6,0.0,0.02,0.1,0.1,0.02,1.4271163556401458,False,2.9779,2.587472046225814,1,1,5,7,0.0609,0.0017,0.6192,0.2786,0.0892,0.0124,0.0006,-3,16
38,4,antoni milambo|brentford,Antoni Milambo,Brentford,MID,0.0,0.0,0.0,0.0,0.13,0.0,0.0,0.0,0.0,0.0,0.0,0.0,0.0,0.0,0.0,0.0,1,1,0.0,0.0,0.02,0.03,0.03,0.02,2.0402208285265546,True,0.0,0.0,0,0,0,0,0.0,0.0,1.0,0.0,0.0,0.0,0.0,0,0
38,4,ao tanaka|leeds,Ao Tanaka,Leeds,MID,60.0,0.055187,0.061484,0.116672,0.26,2.676549,0.110123,2.0,0.275937,0.184453,0.26,0.0,0.062826,-0.106667,0.0,0.0,1,1,10.1,0.0,0.02,0.1,0.1,0.02,1.3470736479666092,False,2.0024,2.20943301324118,0,0,3,5,0.0856,0.0075,0.7315,0.2141,0.0414,0.0121,0.0009,-1,18
38,4,archie gray|tottenham,Archie Gray,Tottenham,MID,75.0,0.051525,0.096015,0.14754,0.3,2.58971,0.137172,2.0,0.257625,0.288045,0.3,0.0,0.06904,-0.325,0.0,0.0,1,1,8.2,0.0,0.02,0.33,0.33,0.02,1.2039728043259361,False,2.484,1.9005641267792044,1,1,3,5,0.1255,0.0081,0.6807,0.2634,0.0464,0.0092,0.0003,-2,18
38,4,armando broja|burnley,Armando Broja,Burnley,FWD,60.0,0.143045,0.043811,0.186855,0.31,2.663719,0.170436,2.0,0.572179,0.131432,0.0,0.0,0.000108,-0.04,0.0,0.0,1,1,4.6,0.0,0.01,0.03,0.03,0.01,1.171182981502945,False,1.9384,2.216259335005721,0,0,2,6,0.1267,0.0121,0.8732,0.0628,0.053,0.0101,0.0009,-1,18
38,4,arnaud kalimuendo muinga|nottingham forest,Arnaud Kalimuendo Muinga,Nottingham Forest,FWD,0.0,0.0,0.0,0.0,0.24,0.0,0.0,0.0,0.0,0.0,0.0,0.0,0.0,0.0,0.0,0.0,1,1,3.0,0.0,0.01,0.1,0.1,0.01,1.4271163556401458,True,0.0,0.0,0,0,0,0,0.0,0.0,1.0,0.0,0.0,0.0,0.0,0,0
38,4,arthur masuaku|sunderland,Arthur Masuaku,Sunderland,FWD,0.0,0.0,0.0,0.0,0.18,0.0,0.0,0.0,0.0,0.0,0.0,0.0,0.0,0.0,0.0,0.0,1,1,1.0,0.0,0.02,0.2,0.2,0.02,1.7147984280919266,True,0.0,0.0,0,0,0,0,0.0,0.0,1.0,0.0,0.0,0.0,0.0,0,0
38,4,ashley barnes|burnley,Ashley Barnes,Burnley,FWD,15.0,0.095926,0.0,0.095926,0.31,1.344343,0.091469,1.0,0.383703,0.0,0.0,0.0,0.0,-0.038333,-0.001027,0.0,1,1,5.0,0.0,0.01,0.2,0.2,0.01,1.171182981502945,False,0.8628,1.6000550490530006,0,0,1,1,0.0646,0.007,0.9354,0.0443,0.0141,0.006,0.0002,-2,16
38,4,axel disasi|west ham,Axel Disasi,West Ham,DEF,90.0,0.093121,0.000226,0.093346,0.28,3.205718,0.089122,2.0,0.558724,0.000677,1.12,0.0,0.1624,-0.23,0.0,-0.406083,1,1,6.3,0.0,0.03,0.14,0.14,0.03,1.2729656758128873,False,3.2809,3.0803888050049784,1,1,6,7,0.0786,0.0035,0.6256,0.2387,0.1016,0.0293,0.0048,-4,20
38,4,axel tuanzebe|burnley,Axel Tuanzebe,Burnley,DEF,75.0,0.045614,0.0,0.045614,0.31,3.451579,0.044589,2.0,0.273683,0.0,1.24,0.0,0.430846,-0.133333,0.0,-0.359616,1,1,9.4,0.0,0.02,0.1,0.1,0.02,1.171182981502945,False,3.2632,2.9023310906924453,1,1,6,8,0.0393,0.0007,0.571,0.2847,0.1238,0.0177,0.0028,-3,20
38,4,ayden heaven|manchester united,Ayden Heaven,Manchester United,DEF,15.0,0.00247,0.004723,0.007193,0.2,0.955348,0.007167,1.0,0.01482,0.014169,0.0,0.0,1.3e-05,-0.043333,0.0,-0.030321,1,1,10.1,0.0,0.02,0.2,0.2,0.02,1.6094379124341003,False,0.2343,0.6967090569240506,0,0,1,1,0.0062,0.0,0.9934,0.0049,0.0017,0.0,0.0,-5,8
38,4,bafode diakite|bournemouth,Bafode Diakite,Bournemouth,DEF,0.0,0.0,0.0,0.0,0.26,0.0,0.0,0.0,0.0,0.0,0.0,0.0,0.0,0.0,0.0,0.0,1,1,8.3,0.0,0.02,0.1,0.1,0.02,1.3470736479666092,True,0.0,0.0,0,0,0,0,0.0,0.0,1.0,0.0,0.0,0.0,0.0,0,0
38,4,bart verbruggen|brighton,Bart Verbruggen,Brighton,GK,90.0,0.0,0.001043,0.001043,0.27,3.503571,0.001043,2.0,0.0,0.00313,1.08,0.933333,0.0,-0.09,0.0,-0.422892,1,1,0.0,2.8,0.01,0.06,0.06,0.01,1.3093333199837622,False,3.2572,2.409947750470952,1,2,6,7,0.0008,0.0,0.544,0.3011,0.1505,0.0044,0.0,-5,11
38,4,bashir humphreys|burnley,Bashir Humphreys,Burnley,DEF,15.0,0.005088,0.008583,0.013671,0.31,0.946151,0.013578,1.0,0.030528,0.02575,0.0,0.0,3e-06,-0.093333,0.0,-0.016796,1,1,8.5,0.0,0.02,0.5,0.5,0.02,1.171182981502945,False,0.333,0.7753134849852672,0,0,1,1,0.0101,0.0002,0.99,0.0063,0.0036,0.0001,0.0,-4,10
38,4,ben davies|tottenham,Ben Davies,Tottenham,DEF,0.0,0.0,0.0,0.0,0.3,0.0,0.0,0.0,0.0,0.0,0.0,0.0,0.0,0.0,0.0,0.0,1,1,9.3,0.0,0.02,0.2,0.2,0.02,1.2039728043259361,True,0.0,0.0,0,0,0,0,0.0,0.0,1.0,0.0,0.0,0.0,0.0,0,0
38,4,ben doak|bournemouth,Ben Doak,Bournemouth,FWD,0.0,0.0,0.0,0.0,0.26,0.0,0.0,0.0,0.0,0.0,0.0,0.0,0.0,0.0,0.0,0.0,1,1,0.0,0.0,0.01,0.06,0.06,0.01,1.3470736479666092,True,0.0,0.0,0,0,0,0,0.0,0.0,1.0,0.0,0.0,0.0,0.0,0,0
38,4,ben white|arsenal,Ben White,Arsenal,DEF,15.0,0.00877,0.035419,0.044188,0.41,1.128851,0.043226,1.0,0.052617,0.106256,0.0,0.0,1e-06,-0.02,0.0,-0.010024,1,1,7.9,0.0,0.02,0.06,0.06,0.02,0.8915981192837836,False,0.527,0.9678176481135277,0,0,1,1,0.0289,0.0014,0.971,0.0229,0.0056,0.0005,0.0,-3,12
38,4,ben winterburn|bournemouth,Ben Winterburn,Bournemouth,MID,0.0,0.0,0.0,0.0,0.26,0.0,0.0,0.0,0.0,0.0,0.0,0.0,0.0,0.0,0.0,0.0,1,1,0.0,0.0,0.01,0.06,0.06,0.01,1.3470736479666092,True,0.0,0.0,0,0,0,0,0.0,0.0,1.0,0.0,0.0,0.0,0.0,0,0
38,4,bendito mantato|manchester united,Bendito Mantato,Manchester United,MID,0.0,0.0,0.0,0.0,0.2,0.0,0.0,0.0,0.0,0.0,0.0,0.0,0.0,0.0,0.0,0.0,1,1,2.0,0.0,0.01,0.1,0.1,0.01,1.6094379124341003,True,0.0,0.0,0,0,0,0,0.0,0.0,1.0,0.0,0.0,0.0,0.0,0,0
38,4,benjamin sesko|manchester united,Benjamin Sesko,Manchester United,FWD,60.0,0.274837,0.016958,0.291795,0.2,3.090245,0.253079,2.0,1.09935,0.050873,0.0,0.0,2.2e-05,-0.06,0.0,0.0,1,1,3.9,0.0,0.01,0.06,0.06,0.01,1.6094379124341003,False,2.3075,2.7665038857735227,0,0,2,7,0.1839,0.0286,0.8161,0.0773,0.0796,0.0246,0.0024,-1,21
38,4,benoit badiashile mukinayi|chelsea,Benoit Badiashile Mukinayi,Chelsea,DEF,0.0,0.0,0.0,0.0,0.33,0.0,0.0,0.0,0.0,0.0,0.0,0.0,0.0,0.0,0.0,0.0,1,1,9.2,0.0,0.02,0.33,0.33,0.02,1.1086626245216111,True,0.0,0.0,0,0,0,0,0.0,0.0,1.0,0.0,0.0,0.0,0.0,0,0
38,4,bernardo silva|manchester city,Bernardo Silva,Manchester City,MID,75.0,0.064815,0.133357,0.198172,0.37,2.832977,0.179771,2.0,0.324073,0.400072,0.37,0.0,0.063832,-0.325,0.0,0.0,1,1,8.1,0.0,0.02,0.33,0.33,0.02,0.9942522733438669,False,2.7494,2.1663793850570126,1,2,3,6,0.1692,0.0165,0.6176,0.3075,0.0581,0.0158,0.001,-2,19
38,4,bernd leno|fulham,Bernd Leno,Fulham,GK,90.0,0.0,0.0,0.0,0.24,3.152042,0.0,2.0,0.0,0.0,0.96,0.8,0.0,-0.13,0.0,-0.477958,1,1,0.0,2.4,0.01,0.1,0.1,0.01,1.4271163556401458,False,2.8822,2.322568225047436,1,1,4,7,0.0,0.0,0.6206,0.264,0.113,0.0024,0.0,-4,12
38,4,bertrand traoré|sunderland,Bertrand Traoré,Sunderland,MID,0.0,0.0,0.0,0.0,0.18,0.0,0.0,0.0,0.0,0.0,0.0,0.0,0.0,0.0,0.0,0.0,1,1,5.7,0.0,0.02,0.14,0.14,0.02,1.7147984280919266,True,0.0,0.0,0,0,0,0,0.0,0.0,1.0,0.0,0.0,0.0,0.0,0,0
38,4,beto|everton,Beto,Everton,FWD,60.0,0.309821,0.022956,0.332777,0.26,3.15547,0.28307,2.0,1.239284,0.068869,0.0,0.0,0.00065,-0.153333,0.0,0.0,1,1,5.6,0.0,0.01,0.2,0.2,0.01,1.3470736479666092,False,2.3916,2.970126165670408,0,0,2,7,0.2066,0.0382,0.7916,0.0889,0.0846,0.0312,0.0037,-1,21
38,4,borna sosa|crystal palace,Borna Sosa,Crystal Palace,DEF,0.0,0.0,0.0,0.0,0.2,0.0,0.0,0.0,0.0,0.0,0.0,0.0,0.0,0.0,0.0,0.0,1,1,5.0,0.0,0.01,0.06,0.06,0.01,1.6094379124341003,True,0.0,0.0,0,0,0,0,0.0,0.0,1.0,0.0,0.0,0.0,0.0,0,0
38,4,boubacar kamara|aston villa,Boubacar Kamara,Aston Villa,MID,0.0,0.0,0.0,0.0,0.11,0.0,0.0,0.0,0.0,0.0,0.0,0.0,0.0,0.0,0.0,0.0,1,1,9.5,0.0,0.02,0.33,0.33,0.02,2.2072749131897207,True,0.0,0.0,0,0,0,0,0.0,0.0,1.0,0.0,0.0,0.0,0.0,0,0
38,4,bradley burrowes|aston villa,Bradley Burrowes,Aston Villa,MID,0.0,0.0,0.0,0.0,0.11,0.0,0.0,0.0,0.0,0.0,0.0,0.0,0.0,0.0,0.0,0.0,1,1,0.0,0.0,0.01,0.06,0.06,0.01,2.2072749131897207,True,0.0,0.0,0,0,0,0,0.0,0.0,1.0,0.0,0.0,0.0,0.0,0,0
38,4,brajan gruda|brighton,Brajan Gruda,Brighton,MID,0.0,0.0,0.0,0.0,0.27,0.0,0.0,0.0,0.0,0.0,0.0,0.0,0.0,0.0,0.0,0.0,1,1,7.4,0.0,0.01,0.1,0.1,0.01,1.3093333199837622,True,0.0,0.0,0,0,0,0,0.0,0.0,1.0,0.0,0.0,0.0,0.0,0,0
38,4,brenden aaronson|leeds,Brenden Aaronson,Leeds,MID,75.0,0.107249,0.113386,0.220635,0.26,3.130441,0.19799,2.0,0.536243,0.340159,0.26,0.0,0.06904,-0.075,0.0,0.0,1,1,8.2,0.0,0.01,0.06,0.06,0.01,1.3470736479666092,False,3.0459,2.3325079185288953,1,2,3,7,0.1838,0.0188,0.6108,0.2812,0.083,0.0234,0.0016,-2,20
38,4,brennan johnson|crystal palace,Brennan Johnson,Crystal Palace,MID,75.0,0.085226,0.038006,0.123232,0.2,2.555029,0.115941,2.0,0.426129,0.114018,0.2,0.0,0.006549,-0.191667,0.0,0.0,1,1,5.9,0.0,0.01,0.2,0.2,0.01,1.6094379124341003,False,2.4373,1.9397599619540555,1,2,2,5,0.1094,0.0065,0.7561,0.1731,0.0611,0.0088,0.0009,-2,17
38,4,brian brobbey|sunderland,Brian Brobbey,Sunderland,FWD,60.0,0.151739,0.043418,0.195158,0.18,2.583897,0.177295,2.0,0.606958,0.130255,0.0,0.0,1.7e-05,-0.153333,0.0,0.0,1,1,3.8,0.0,0.01,0.2,0.2,0.01,1.7147984280919266,False,1.9194,2.2807243673885718,0,0,2,6,0.1368,0.015,0.8633,0.0699,0.0541,0.012,0.0007,-1,17
38,4,bruno fernandes|manchester united,Bruno Fernandes,Manchester United,MID,90.0,0.249426,0.365643,0.615069,0.2,4.629249,0.459396,2.0,1.247129,1.096929,0.2,0.0,0.304471,-0.17,-0.04928,0.0,1,1,8.9,0.0,0.01,0.14,0.14,0.01,1.6094379124341003,False,4.6509,3.4885282269174778,2,2,7,9,0.4161,0.1014,0.429,0.3131,0.159,0.0803,0.0186,-1,25
38,4,bruno guimarães|newcastle united,Bruno Guimarães,Newcastle United,MID,90.0,0.169425,0.124102,0.293527,0.24,3.491582,0.254371,2.0,0.847126,0.372305,0.24,0.0,0.304471,-0.26,-0.01232,0.0,1,1,8.9,0.0,0.02,0.2,0.2,0.02,1.4271163556401458,False,3.5172,2.719835318544121,1,2,4,8,0.2335,0.0288,0.5552,0.2893,0.1131,0.0381,0.0043,-1,19
38,4,bryan mbeumo|manchester united,Bryan Mbeumo,Manchester United,MID,80.0,0.212564,0.107388,0.319952,0.2,3.424646,0.273816,2.0,1.062818,0.322165,0.2,0.0,0.001725,-0.151111,-0.010951,0.0,1,1,4.7,0.0,0.01,0.14,0.14,0.01,1.6094379124341003,False,3.3001,2.8723579146756766,1,2,3,8,0.2472,0.0367,0.6414,0.1954,0.1239,0.0326,0.0067,-2,20
38,4,bukayo saka|arsenal,Bukayo Saka,Arsenal,MID,90.0,0.342515,0.203222,0.545737,0.41,4.724108,0.420585,2.0,1.712575,0.609666,0.41,0.0,0.121907,-0.09,-0.04004,0.0,1,1,7.5,0.0,0.01,0.06,0.06,0.01,0.8915981192837836,False,4.8702,3.644166840307946,2,2,7,10,0.393,0.0886,0.3558,0.346,0.1898,0.0848,0.0236,-1,23
38,4,callum hudson-odoi|nottingham forest,Callum Hudson-Odoi,Nottingham Forest,MID,60.0,0.075318,0.156662,0.23198,0.24,3.026973,0.207038,2.0,0.376588,0.469987,0.24,0.0,0.000398,-0.06,0.0,0.0,1,1,5.3,0.0,0.01,0.06,0.06,0.01,1.4271163556401458,False,2.1971,2.47767059755731,0,0,3,6,0.1553,0.0209,0.7314,0.1894,0.0614,0.0164,0.0014,-1,22
38,4,callum marshall|west ham,Callum Marshall,West Ham,FWD,0.0,0.0,0.0,0.0,0.28,0.0,0.0,0.0,0.0,0.0,0.0,0.0,0.0,0.0,0.0,0.0,1,1,1.0,0.0,0.01,0.14,0.14,0.01,1.2729656758128873,True,0.0,0.0,0,0,0,0,0.0,0.0,1.0,0.0,0.0,0.0,0.0,0,0
38,4,callum olusesi|tottenham,Callum Olusesi,Tottenham,DEF,0.0,0.0,0.0,0.0,0.3,0.0,0.0,0.0,0.0,0.0,0.0,0.0,0.0,0.0,0.0,0.0,1,1,0.0,0.0,0.0,0.0,0.0,0.0,1.2039728043259361,True,0.0,0.0,0,0,0,0,0.0,0.0,1.0,0.0,0.0,0.0,0.0,0,0
38,4,callum wilson|west ham,Callum Wilson,West Ham,FWD,15.0,0.104433,0.012038,0.116472,0.28,1.438848,0.109945,1.0,0.417734,0.036114,0.0,0.0,0.0,-0.015,0.0,0.0,1,1,3.1,0.0,0.01,0.06,0.06,0.01,1.2729656758128873,False,0.948,1.682407798365188,0,0,1,1,0.0811,0.0067,0.9191,0.0594,0.0161,0.0053,0.0001,-2,15
38,4,calvin bassey|fulham,Calvin Bassey,Fulham,DEF,90.0,0.056952,0.008776,0.065728,0.24,3.103012,0.063614,2.0,0.341711,0.026328,0.96,0.0,0.512931,-0.26,0.0,-0.477958,1,1,8.2,0.0,0.02,0.2,0.2,0.02,1.4271163556401458,False,3.1399,2.914846134875733,1,1,6,7,0.0577,0.0019,0.5977,0.2725,0.1028,0.023,0.004,-3,21
38,4,caoimhin kelleher|brentford,Caoimhin Kelleher,Brentford,GK,90.0,0.0,0.003737,0.003737,0.13,2.596876,0.00373,2.0,0.0,0.011212,0.52,0.9,0.0,-0.06,0.0,-0.774335,1,1,0.0,2.7,0.01,0.03,0.03,0.01,2.0402208285265546,False,2.2913,2.0655372932968312,0,1,3,6,0.0026,0.0,0.7062,0.2212,0.0706,0.002,0.0,-3,12
38,4,carlos alcaraz|everton,Carlos Alcaraz,Everton,MID,15.0,0.011034,0.026272,0.037306,0.26,1.068986,0.036619,1.0,0.05517,0.078816,0.0,0.0,0.0,-0.065,0.0,0.0,1,1,8.6,0.0,0.02,0.33,0.33,0.02,1.3470736479666092,False,0.6176,0.9564362184693761,0,0,1,1,0.0281,0.0011,0.972,0.0225,0.0049,0.0006,0.0,-2,12
38,4,carlos baleba|brighton,Carlos Baleba,Brighton,MID,60.0,0.025956,0.059432,0.085388,0.27,2.280305,0.081844,2.0,0.129781,0.178296,0.27,0.0,0.095561,-0.393333,0.0,0.0,1,1,10.8,0.0,0.03,0.5,0.5,0.03,1.3093333199837622,False,1.7045,1.8498593865480695,0,0,2,4,0.0623,0.0026,0.7627,0.2109,0.0224,0.0037,0.0003,-1,16
38,4,casemiro|manchester united,Casemiro,Manchester United,MID,75.0,0.116651,0.067295,0.183946,0.2,3.12954,0.16802,2.0,0.583256,0.201886,0.2,0.0,0.494398,-0.35,0.0,0.0,1,1,11.9,0.0,0.03,0.33,0.33,0.03,1.6094379124341003,False,3.046,2.51298308788579,1,1,4,7,0.1526,0.0128,0.5754,0.3174,0.0769,0.0279,0.0024,-2,21
38,4,chadi riad|crystal palace,Chadi Riad,Crystal Palace,DEF,60.0,0.012526,0.036598,0.049124,0.2,2.161625,0.047937,2.0,0.075155,0.109794,0.8,0.0,0.001395,-0.26,0.0,-0.564719,1,1,4.5,0.0,0.02,0.33,0.33,0.02,1.6094379124341003,False,1.5143,2.264949339389294,0,0,2,6,0.0366,0.0013,0.8334,0.1293,0.0317,0.0052,0.0004,-3,15
38,4,charalampos kostoulas|brighton,Charalampos Kostoulas,Brighton,FWD,15.0,0.148698,0.06574,0.214438,0.27,1.732015,0.193006,1.0,0.594793,0.197221,0.0,0.0,1e-06,-0.06,0.0,0.0,1,1,11.7,0.0,0.01,0.33,0.33,0.01,1.3093333199837622,False,1.2317,2.190756743684702,0,0,1,5,0.1398,0.023,0.86,0.1001,0.0267,0.0121,0.0011,-2,20
38,4,chemsdine talbi|sunderland,Chemsdine Talbi,Sunderland,MID,75.0,0.114281,0.064532,0.178812,0.18,2.782649,0.163737,2.0,0.571404,0.193595,0.18,0.0,0.004317,-0.166667,0.0,0.0,1,1,5.6,0.0,0.02,0.14,0.14,0.02,1.7147984280919266,False,2.6895,2.243677728641081,1,2,3,6,0.1559,0.0125,0.7308,0.1701,0.0824,0.0148,0.0019,-2,22
38,4,chimuanya ugochukwu|burnley,Chimuanya Ugochukwu,Burnley,MID,90.0,0.12042,0.024555,0.144975,0.31,3.073957,0.134956,2.0,0.602102,0.073664,0.31,0.0,0.288192,-0.2,0.0,0.0,1,1,8.8,0.0,0.02,0.14,0.14,0.02,1.171182981502945,False,3.1149,2.279451247559377,2,2,3,7,0.1278,0.0079,0.5711,0.3204,0.0843,0.0218,0.0024,-1,20
38,4,chris richards|crystal palace,Chris Richards,Crystal Palace,DEF,90.0,0.049707,0.013419,0.063126,0.2,3.33281,0.061175,2.0,0.298242,0.040256,0.8,0.0,0.959031,-0.2,0.0,-0.564719,1,1,10.0,0.0,0.02,0.14,0.14,0.02,1.6094379124341003,False,3.3083,2.8248276248295223,1,1,5,8,0.052,0.0015,0.5053,0.3514,0.1181,0.0223,0.0029,-4,22
38,4,chris rigg|sunderland,Chris Rigg,Sunderland,MID,15.0,0.014163,0.019248,0.033412,0.18,1.106895,0.03286,1.0,0.070816,0.057745,0.0,0.0,0.0,-0.021667,0.0,0.0,1,1,6.5,0.0,0.01,0.1,0.1,0.01,1.7147984280919266,False,0.6365,0.9723002365524755,0,0,1,1,0.0234,0.001,0.9766,0.0161,0.0068,0.0005,0.0,-2,13
38,4,chris wood|nottingham forest,Chris Wood,Nottingham Forest,FWD,0.0,0.0,0.0,0.0,0.24,0.0,0.0,0.0,0.0,0.0,0.0,0.0,0.0,0.0,0.0,0.0,1,1,2.3,0.0,0.01,0.1,0.1,0.01,1.4271163556401458,True,0.0,0.0,0,0,0,0,0.0,0.0,1.0,0.0,0.0,0.0,0.0,0,0
38,4,christantus uche|crystal palace,Christantus Uche,Crystal Palace,MID,0.0,0.0,0.0,0.0,0.2,0.0,0.0,0.0,0.0,0.0,0.0,0.0,0.0,0.0,0.0,0.0,1,1,7.2,0.0,0.01,0.06,0.06,0.01,1.6094379124341003,True,0.0,0.0,0,0,0,0,0.0,0.0,1.0,0.0,0.0,0.0,0.0,0,0
38,4,christian nørgaard|arsenal,Christian Nørgaard,Arsenal,MID,0.0,0.0,0.0,0.0,0.41,0.0,0.0,0.0,0.0,0.0,0.0,0.0,0.0,0.0,0.0,0.0,1,1,7.5,0.0,0.02,0.06,0.06,0.02,0.8915981192837836,True,0.0,0.0,0,0,0,0,0.0,0.0,1.0,0.0,0.0,0.0,0.0,0,0
38,4,cody gakpo|liverpool,Cody Gakpo,Liverpool,MID,75.0,0.292766,0.153885,0.446651,0.3,4.1199,0.360233,2.0,1.463829,0.461654,0.3,0.0,0.00275,-0.108333,0.0,0.0,1,1,5.3,0.0,0.01,0.1,0.1,0.01,1.2039728043259361,False,4.0676,3.448453311268691,1,2,6,9,0.3342,0.0672,0.5106,0.2462,0.1654,0.0646,0.0132,-2,25
38,4,cole palmer|chelsea,Cole Palmer,Chelsea,MID,90.0,0.332218,0.116872,0.449089,0.33,3.987602,0.361791,2.0,1.661088,0.350615,0.33,0.0,0.05518,-0.36,-0.04928,0.0,1,1,6.6,0.0,0.01,0.33,0.33,0.01,1.1086626245216111,False,4.1789,3.5053523061170333,1,2,7,9,0.3373,0.0648,0.4983,0.2511,0.172,0.0615,0.0171,-1,29
38,4,conor bradley|liverpool,Conor Bradley,Liverpool,DEF,0.0,0.0,0.0,0.0,0.3,0.0,0.0,0.0,0.0,0.0,0.0,0.0,0.0,0.0,0.0,0.0,1,1,6.3,0.0,0.02,0.5,0.5,0.02,1.2039728043259361,True,0.0,0.0,0,0,0,0,0.0,0.0,1.0,0.0,0.0,0.0,0.0,0,0
38,4,conor gallagher|tottenham,Conor Gallagher,Tottenham,MID,60.0,0.048471,0.034754,0.083225,0.3,2.555237,0.079856,2.0,0.242355,0.104263,0.3,0.0,0.041953,-0.133333,0.0,0.0,1,1,9.5,0.0,0.02,0.14,0.14,0.02,1.2039728043259361,False,1.8725,1.9880250878698689,0,0,3,4,0.0627,0.0032,0.739,0.2188,0.0336,0.0085,0.0001,-1,16
38,4,cristhian mosquera|arsenal,Cristhian Mosquera,Arsenal,DEF,75.0,0.01229,0.01513,0.02742,0.41,3.557659,0.027047,2.0,0.07374,0.045389,1.64,0.0,0.361354,-0.325,0.0,-0.237824,1,1,9.0,0.0,0.02,0.33,0.33,0.02,0.8915981192837836,False,3.3419,2.7741312856460127,0,1,6,7,0.0268,0.0004,0.5379,0.3233,0.1279,0.0098,0.0011,-4,21
38,4,cristian romero|tottenham,Cristian Romero,Tottenham,DEF,0.0,0.0,0.0,0.0,0.3,0.0,0.0,0.0,0.0,0.0,0.0,0.0,0.0,0.0,0.0,0.0,1,1,9.6,0.0,0.05,0.5,0.5,0.05,1.2039728043259361,True,0.0,0.0,0,0,0,0,0.0,0.0,1.0,0.0,0.0,0.0,0.0,0,0
38,4,crysencio summerville|west ham,Crysencio Summerville,West Ham,MID,75.0,0.166971,0.165386,0.332356,0.28,3.46925,0.282768,2.0,0.834854,0.496157,0.28,0.0,0.049906,-0.191667,0.0,0.0,1,1,7.8,0.0,0.01,0.2,0.2,0.01,1.2729656758128873,False,3.4475,2.937863807258601,1,2,5,8,0.2687,0.0439,0.5713,0.269,0.1144,0.0378,0.0075,-2,25
38,4,curtis jones|liverpool,Curtis Jones,Liverpool,MID,15.0,0.018541,0.022582,0.041122,0.3,1.140448,0.040288,1.0,0.092703,0.067745,0.0,0.0,0.0,-0.02,0.0,0.0,1,1,9.8,0.0,0.02,0.06,0.06,0.02,1.2039728043259361,False,0.6753,1.0267764654490283,0,0,1,1,0.0286,0.001,0.9714,0.0206,0.0074,0.0006,0.0,-2,14
38,4,daichi kamada|crystal palace,Daichi Kamada,Crystal Palace,MID,15.0,0.007313,0.011386,0.018699,0.2,1.03739,0.018525,1.0,0.036564,0.034158,0.0,0.0,0.0,-0.033333,0.0,0.0,1,1,10.0,0.0,0.02,0.14,0.14,0.02,1.6094379124341003,False,0.594,0.7872509129877209,0,0,1,1,0.0142,0.0001,0.9857,0.0114,0.0028,0.0001,0.0,-2,13
38,4,dan ballard|sunderland,Dan Ballard,Sunderland,DEF,90.0,0.116705,0.069015,0.18572,0.18,4.011378,0.169494,2.0,0.700231,0.207045,0.72,0.0,1.199601,-0.2,0.0,-0.615499,1,1,11.0,0.0,0.02,0.14,0.14,0.02,1.7147984280919266,False,3.9423,3.3455598500101598,1,2,6,9,0.1479,0.0122,0.4056,0.3913,0.137,0.0538,0.0123,-3,24
38,4,dan burn|newcastle united,Dan Burn,Newcastle United,DEF,75.0,0.006326,0.014774,0.0211,0.24,2.459006,0.020879,2.0,0.037954,0.044322,0.96,0.0,0.361354,-0.466667,0.0,-0.477958,1,1,9.0,0.0,0.02,0.5,0.5,0.02,1.4271163556401458,False,2.2668,2.45434670737449,0,1,4,6,0.017,0.0,0.6862,0.2425,0.066,0.0051,0.0002,-3,16
38,4,dan ndoye|nottingham forest,Dan Ndoye,Nottingham Forest,MID,60.0,0.040907,0.066635,0.107542,0.24,2.592725,0.101961,2.0,0.204536,0.199905,0.24,0.0,0.008284,-0.06,0.0,0.0,1,1,7.6,0.0,0.01,0.06,0.06,0.01,1.4271163556401458,False,1.8699,1.9485312391645149,0,0,2,3,0.077,0.0066,0.773,0.1895,0.0288,0.0083,0.0004,-1,18
38,4,dan neil|sunderland,Dan Neil,Sunderland,MID,0.0,0.0,0.0,0.0,0.18,0.0,0.0,0.0,0.0,0.0,0.0,0.0,0.0,0.0,0.0,0.0,1,1,3.0,0.0,0.01,0.14,0.14,0.01,1.7147984280919266,True,0.0,0.0,0,0,0,0,0.0,0.0,1.0,0.0,0.0,0.0,0.0,0,0
38,4,dane scarlett|tottenham,Dane Scarlett,Tottenham,FWD,0.0,0.0,0.0,0.0,0.3,0.0,0.0,0.0,0.0,0.0,0.0,0.0,0.0,0.0,0.0,0.0,1,1,1.0,0.0,0.01,0.06,0.06,0.01,1.2039728043259361,True,0.0,0.0,0,0,0,0,0.0,0.0,1.0,0.0,0.0,0.0,0.0,0,0
38,4,dango ouattara|brentford,Dango Ouattara,Brentford,MID,75.0,0.172399,0.140338,0.312737,0.13,3.267143,0.268557,2.0,0.861995,0.421013,0.13,0.0,0.045802,-0.191667,0.0,0.0,1,1,7.7,0.0,0.01,0.2,0.2,0.01,2.0402208285265546,False,3.2262,2.792961431885517,1,2,4,8,0.249,0.0348,0.6584,0.1935,0.1093,0.0343,0.0045,-2,27
38,4,daniel james|leeds,Daniel James,Leeds,MID,15.0,0.010401,0.01176,0.022161,0.26,1.065617,0.021917,1.0,0.052004,0.035281,0.0,0.0,0.0,-0.021667,0.0,0.0,1,1,4.7,0.0,0.01,0.1,0.1,0.01,1.3470736479666092,False,0.6212,0.8824457830371224,0,0,1,1,0.0178,0.0003,0.9822,0.0119,0.0057,0.0002,0.0,-2,12
38,4,daniel muñoz|crystal palace,Daniel Muñoz,Crystal Palace,DEF,90.0,0.069175,0.118955,0.188129,0.2,2.902751,0.171492,2.0,0.415048,0.356864,0.8,0.0,0.285559,-0.39,0.0,-0.564719,1,1,7.1,0.0,0.02,0.33,0.33,0.02,1.6094379124341003,False,2.9993,3.0466866445369796,0,1,5,7,0.1545,0.0113,0.6118,0.2583,0.096,0.0298,0.0041,-3,22
38,4,danny welbeck|brighton,Danny Welbeck,Brighton,FWD,60.0,0.391322,0.057984,0.449306,0.27,3.56543,0.361929,2.0,1.565286,0.173953,0.0,0.0,5.7e-05,-0.153333,-0.020533,0.0,1,1,4.3,0.0,0.01,0.2,0.2,0.01,1.3093333199837622,False,2.7834,3.409293833039329,0,0,5,7,0.2619,0.064,0.7381,0.1075,0.0973,0.0484,0.0087,-1,24
38,4,david brooks|bournemouth,David Brooks,Bournemouth,MID,15.0,0.058724,0.041253,0.099977,0.26,1.319044,0.095141,1.0,0.293619,0.123759,0.0,0.0,0.0,-0.098333,0.0,0.0,1,1,7.0,0.0,0.03,0.5,0.5,0.03,1.3470736479666092,False,0.8498,1.6368384037527957,0,0,1,1,0.0718,0.006,0.9283,0.0456,0.0224,0.0035,0.0002,-2,17
38,4,david møller wolfe|wolverhampton wanderers,David Møller Wolfe,Wolverhampton Wanderers,DEF,15.0,0.001052,0.019768,0.02082,0.32,1.023,0.020605,1.0,0.006314,0.059303,0.0,0.0,0.0,-0.026667,0.0,-0.01595,1,1,2.0,0.0,0.02,0.1,0.1,0.02,1.1394342831883648,False,0.401,0.7464576344307827,0,0,1,1,0.0161,0.0005,0.9841,0.0151,0.0008,0.0,0.0,-4,9
38,4,david raya|arsenal,David Raya,Arsenal,GK,90.0,0.0,0.0,0.0,0.41,3.875509,0.0,2.0,0.0,0.0,1.64,0.533333,0.0,-0.06,0.0,-0.237824,1,1,0.0,1.6,0.01,0.03,0.03,0.01,0.8915981192837836,False,3.6552,2.4227077743714776,1,2,6,7,0.0,0.0,0.5247,0.3355,0.1391,0.0007,0.0,-3,11
38,4,dean henderson|crystal palace,Dean Henderson,Crystal Palace,GK,90.0,0.0,0.000108,0.000108,0.2,3.105605,0.000108,2.0,0.0,0.000324,0.8,1.0,0.0,-0.13,0.0,-0.564719,1,1,0.0,3.0,0.01,0.1,0.1,0.01,1.6094379124341003,False,2.8701,2.2830300019929655,1,1,4,7,0.0,0.0,0.5937,0.29,0.1134,0.0029,0.0,-4,12
38,4,declan rice|arsenal,Declan Rice,Arsenal,MID,90.0,0.087114,0.185914,0.273028,0.41,3.921281,0.238928,2.0,0.43557,0.557742,0.41,0.0,0.777969,-0.26,0.0,0.0,1,1,11.2,0.0,0.02,0.2,0.2,0.02,0.8915981192837836,False,3.8341,2.4590602249640003,2,2,5,7,0.2091,0.023,0.3684,0.5017,0.0931,0.0337,0.0031,-1,24
38,4,dennis cirkin|sunderland,Dennis Cirkin,Sunderland,DEF,15.0,0.069614,0.0,0.069614,0.18,1.340296,0.067246,1.0,0.417684,0.0,0.0,0.0,1e-06,-0.043333,0.0,-0.034055,1,1,7.9,0.0,0.02,0.2,0.2,0.02,1.7147984280919266,False,0.5051,1.6813607554596959,0,0,1,1,0.0468,0.0021,0.9532,0.0138,0.0293,0.0031,0.0006,-4,16
38,4,diego coppola|brighton,Diego Coppola,Brighton,DEF,0.0,0.0,0.0,0.0,0.27,0.0,0.0,0.0,0.0,0.0,0.0,0.0,0.0,0.0,0.0,0.0,1,1,8.4,0.0,0.01,0.5,0.5,0.01,1.3093333199837622,True,0.0,0.0,0,0,0,0,0.0,0.0,1.0,0.0,0.0,0.0,0.0,0,0
38,4,diego gómez|brighton,Diego Gómez,Brighton,MID,0.0,0.0,0.0,0.0,0.27,0.0,0.0,0.0,0.0,0.0,0.0,0.0,0.0,0.0,0.0,0.0,1,1,9.5,0.0,0.02,0.5,0.5,0.02,1.3093333199837622,True,0.0,0.0,0,0,0,0,0.0,0.0,1.0,0.0,0.0,0.0,0.0,0,0
38,4,dilane bakwa|nottingham forest,Dilane Bakwa,Nottingham Forest,MID,0.0,0.0,0.0,0.0,0.24,0.0,0.0,0.0,0.0,0.0,0.0,0.0,0.0,0.0,0.0,0.0,1,1,6.8,0.0,0.01,0.14,0.14,0.01,1.4271163556401458,True,0.0,0.0,0,0,0,0,0.0,0.0,1.0,0.0,0.0,0.0,0.0,0,0
38,4,diogo dalot|manchester united,Diogo Dalot,Manchester United,DEF,90.0,0.056459,0.092883,0.149342,0.2,2.719229,0.138726,2.0,0.338754,0.278649,0.8,0.0,0.126545,-0.26,0.0,-0.564719,1,1,6.0,0.0,0.02,0.2,0.2,0.02,1.6094379124341003,False,2.7957,2.889976039693063,0,1,5,7,0.1234,0.0082,0.6756,0.2169,0.0808,0.0235,0.0032,-3,21
38,4,divine mukasa|manchester city,Divine Mukasa,Manchester City,MID,0.0,0.0,0.0,0.0,0.37,0.0,0.0,0.0,0.0,0.0,0.0,0.0,0.0,0.0,0.0,0.0,1,1,2.0,0.0,0.01,0.06,0.06,0.01,0.9942522733438669,True,0.0,0.0,0,0,0,0,0.0,0.0,1.0,0.0,0.0,0.0,0.0,0,0
38,4,djed spence|tottenham,Djed Spence,Tottenham,DEF,75.0,0.024276,0.066722,0.090998,0.3,2.965643,0.086981,2.0,0.145659,0.200165,1.2,0.0,0.010972,-0.216667,0.0,-0.374486,1,1,4.8,0.0,0.02,0.2,0.2,0.02,1.2039728043259361,False,2.769,2.687906062346674,0,1,5,6,0.0818,0.003,0.6787,0.2371,0.0676,0.0155,0.0011,-4,21
38,4,djiamgone jocelin ta bi|sunderland,Djiamgone Jocelin Ta Bi,Sunderland,FWD,0.0,0.0,0.0,0.0,0.18,0.0,0.0,0.0,0.0,0.0,0.0,0.0,0.0,0.0,0.0,0.0,1,1,1.0,0.0,0.01,0.1,0.1,0.01,1.7147984280919266,True,0.0,0.0,0,0,0,0,0.0,0.0,1.0,0.0,0.0,0.0,0.0,0,0
38,4,djordje petrovic|bournemouth,Djordje Petrovic,Bournemouth,GK,90.0,0.0,0.0,0.0,0.26,3.542897,0.0,2.0,0.0,0.0,1.04,1.033333,0.0,-0.09,0.0,-0.440437,1,1,0.0,3.1,0.01,0.06,0.06,0.01,1.3470736479666092,False,3.2919,2.3852241802396685,1,2,6,7,0.0,0.0,0.5165,0.3255,0.1543,0.0037,0.0,-3,11
38,4,dominic calvert-lewin|leeds,Dominic Calvert-Lewin,Leeds,FWD,90.0,0.424038,0.043285,0.467323,0.26,3.686815,0.373322,2.0,1.696153,0.129855,0.0,0.0,8.8e-05,-0.09,-0.04928,0.0,1,1,3.0,0.0,0.01,0.06,0.06,0.01,1.3470736479666092,False,3.8964,3.1057474205092728,2,2,6,8,0.344,0.0677,0.6562,0.1362,0.1436,0.0573,0.0067,-1,25
38,4,dominic solanke|tottenham,Dominic Solanke,Tottenham,FWD,90.0,0.331355,0.031362,0.362716,0.3,3.268386,0.304216,2.0,1.325419,0.094085,0.0,0.0,0.040482,-0.13,-0.0616,0.0,1,1,6.3,0.0,0.01,0.1,0.1,0.01,1.2039728043259361,False,3.4118,2.7168034084195347,2,2,5,7,0.274,0.0406,0.7155,0.1291,0.1172,0.0347,0.0035,-1,23
38,4,dominik szoboszlai|liverpool,Dominik Szoboszlai,Liverpool,MID,90.0,0.215268,0.191081,0.406349,0.3,4.033339,0.333922,2.0,1.07634,0.573243,0.3,0.0,0.356076,-0.26,-0.01232,0.0,1,1,9.2,0.0,0.02,0.2,0.2,0.02,1.2039728043259361,False,4.0545,3.11828955518887,2,2,5,8,0.2997,0.052,0.4609,0.3347,0.1368,0.0574,0.0102,-1,24
38,4,donyell malen|aston villa,Donyell Malen,Aston Villa,MID,0.0,0.0,0.0,0.0,0.11,0.0,0.0,0.0,0.0,0.0,0.0,0.0,0.0,0.0,0.0,0.0,1,1,2.3,0.0,0.01,0.06,0.06,0.01,2.2072749131897207,True,0.0,0.0,0,0,0,0,0.0,0.0,1.0,0.0,0.0,0.0,0.0,0,0
38,4,douglas luiz|aston villa,Douglas Luiz,Aston Villa,MID,90.0,0.072023,0.08325,0.155273,0.11,3.1084,0.143819,2.0,0.360113,0.249751,0.11,0.0,0.663936,-0.26,-0.0154,0.0,1,1,10.7,0.0,0.02,0.2,0.2,0.02,2.2072749131897207,False,3.0705,2.109390848088614,1,2,4,5,0.1276,0.0094,0.5882,0.3343,0.058,0.018,0.0015,-1,21
38,4,dwight mcneil|everton,Dwight McNeil,Everton,MID,60.0,0.064943,0.104089,0.169032,0.26,2.739793,0.155518,2.0,0.324715,0.312267,0.26,0.0,0.016145,-0.173333,0.0,0.0,1,1,8.3,0.0,0.02,0.2,0.2,0.02,1.3470736479666092,False,2.0015,2.24693073992057,0,0,3,5,0.1166,0.0107,0.7442,0.1981,0.0454,0.0113,0.001,-1,18
38,4,eberechi eze|arsenal,Eberechi Eze,Arsenal,MID,60.0,0.129822,0.081351,0.211173,0.41,3.24405,0.190366,2.0,0.649112,0.244053,0.41,0.0,0.000886,-0.06,0.0,0.0,1,1,5.8,0.0,0.01,0.06,0.06,0.01,0.8915981192837836,False,2.3531,2.6822043900493493,0,0,3,6,0.142,0.0167,0.6507,0.2518,0.0744,0.0199,0.0032,-1,23
38,4,eddie nketiah|crystal palace,Eddie Nketiah,Crystal Palace,FWD,0.0,0.0,0.0,0.0,0.2,0.0,0.0,0.0,0.0,0.0,0.0,0.0,0.0,0.0,0.0,0.0,1,1,8.3,0.0,0.01,0.2,0.2,0.01,1.6094379124341003,True,0.0,0.0,0,0,0,0,0.0,0.0,1.0,0.0,0.0,0.0,0.0,0,0
38,4,el hadji malick diouf|west ham,El Hadji Malick Diouf,West Ham,DEF,90.0,0.015741,0.145229,0.160969,0.28,3.365683,0.148682,2.0,0.094444,0.435686,1.12,0.0,0.381636,-0.26,0.0,-0.406083,1,1,7.6,0.0,0.02,0.2,0.2,0.02,1.2729656758128873,False,3.4165,2.8402865612469457,1,1,6,7,0.1316,0.0094,0.5416,0.3244,0.1072,0.0255,0.0013,-3,18
38,4,eli junior kroupi|bournemouth,Eli Junior Kroupi,Bournemouth,FWD,60.0,0.251069,0.083248,0.334317,0.26,2.987381,0.284173,2.0,1.004275,0.249745,0.0,0.0,0.001575,-0.26,-0.008213,0.0,1,1,6.2,0.0,0.02,0.33,0.33,0.02,1.3470736479666092,False,2.2062,2.773604434666198,0,0,2,6,0.198,0.0348,0.8003,0.105,0.0665,0.0248,0.0034,-1,22
38,4,eliezer mayenda|sunderland,Eliezer Mayenda,Sunderland,FWD,15.0,0.039021,0.018033,0.057054,0.18,1.178516,0.055457,1.0,0.156085,0.054098,0.0,0.0,0.0,-0.031667,0.0,0.0,1,1,3.3,0.0,0.03,0.1,0.1,0.03,1.7147984280919266,False,0.7154,1.1874354045589175,0,0,1,1,0.0425,0.0023,0.9577,0.0335,0.0076,0.0011,0.0001,-2,16
38,4,elliot anderson|nottingham forest,Elliot Anderson,Nottingham Forest,MID,90.0,0.080305,0.11901,0.199315,0.24,4.107735,0.180708,2.0,0.401524,0.35703,0.24,0.0,1.381502,-0.26,-0.01232,0.0,1,1,14.0,0.0,0.02,0.2,0.2,0.02,1.4271163556401458,False,3.9983,2.25519336421514,2,2,5,7,0.1554,0.0111,0.2873,0.5952,0.0824,0.0333,0.0018,-1,18
38,4,emil krafth|newcastle united,Emil Krafth,Newcastle United,DEF,0.0,0.0,0.0,0.0,0.24,0.0,0.0,0.0,0.0,0.0,0.0,0.0,0.0,0.0,0.0,0.0,1,1,3.0,0.0,0.02,0.33,0.33,0.02,1.4271163556401458,True,0.0,0.0,0,0,0,0,0.0,0.0,1.0,0.0,0.0,0.0,0.0,0,0
38,4,emile smith-rowe|fulham,Emile Smith-Rowe,Fulham,MID,75.0,0.152738,0.045552,0.19829,0.24,3.091551,0.179868,2.0,0.76369,0.136655,0.24,0.0,0.026206,-0.075,0.0,0.0,1,1,7.1,0.0,0.01,0.06,0.06,0.01,1.4271163556401458,False,2.9976,2.47842575842005,1,2,3,7,0.1656,0.016,0.6631,0.211,0.0996,0.0224,0.0039,-2,21
38,4,emiliano buendía|aston villa,Emiliano Buendía,Aston Villa,MID,75.0,0.092656,0.062437,0.155093,0.11,2.621518,0.143665,2.0,0.463282,0.187311,0.11,0.0,0.185925,-0.325,0.0,0.0,1,1,9.7,0.0,0.02,0.33,0.33,0.02,2.2072749131897207,False,2.5928,2.1823354829173263,1,1,3,6,0.136,0.0081,0.7217,0.1962,0.0666,0.0146,0.0009,-2,17
38,4,emiliano martinez|aston villa,Emiliano Martinez,Aston Villa,GK,90.0,0.0,0.0,0.0,0.11,2.350004,0.0,2.0,0.0,0.0,0.44,0.966667,0.0,-0.2,0.0,-0.856662,1,1,0.0,2.9,0.02,0.14,0.14,0.02,2.2072749131897207,False,2.0565,2.011692757356351,0,1,3,6,0.0,0.0,0.7321,0.2104,0.0563,0.0012,0.0,-4,11
38,4,emmanuel agbadou|wolverhampton wanderers,Emmanuel Agbadou,Wolverhampton Wanderers,DEF,0.0,0.0,0.0,0.0,0.32,0.0,0.0,0.0,0.0,0.0,0.0,0.0,0.0,0.0,0.0,0.0,1,1,10.2,0.0,0.02,0.06,0.06,0.02,1.1394342831883648,True,0.0,0.0,0,0,0,0,0.0,0.0,1.0,0.0,0.0,0.0,0.0,0,0
38,4,enes ünal|bournemouth,Enes Ünal,Bournemouth,FWD,0.0,0.0,0.0,0.0,0.26,0.0,0.0,0.0,0.0,0.0,0.0,0.0,0.0,0.0,0.0,0.0,1,1,0.0,0.0,0.01,0.2,0.2,0.01,1.3470736479666092,True,0.0,0.0,0,0,0,0,0.0,0.0,1.0,0.0,0.0,0.0,0.0,0,0
38,4,enzo fernández|chelsea,Enzo Fernández,Chelsea,MID,90.0,0.253115,0.22841,0.481525,0.33,3.991126,0.382159,2.0,1.265574,0.68523,0.33,0.0,0.112643,-0.39,-0.01232,0.0,1,1,7.4,0.0,0.02,0.33,0.33,0.02,1.1086626245216111,False,4.1074,3.3604263479505097,1,2,6,9,0.351,0.0729,0.484,0.2902,0.15,0.063,0.0128,-1,24
38,4,enzo le fée|sunderland,Enzo Le Fée,Sunderland,MID,90.0,0.152288,0.221412,0.3737,0.18,3.707974,0.311816,2.0,0.761438,0.664236,0.18,0.0,0.411581,-0.26,-0.04928,0.0,1,1,9.5,0.0,0.02,0.2,0.2,0.02,1.7147984280919266,False,3.7396,2.8364752493191263,2,2,5,8,0.2825,0.0453,0.5231,0.3114,0.1166,0.0437,0.0052,-1,21
38,4,erling haaland|manchester city,Erling Haaland,Manchester City,FWD,90.0,0.787646,0.126152,0.913798,0.37,5.38992,0.599002,2.0,3.150583,0.378456,0.0,0.0,0.00016,-0.09,-0.04928,0.0,1,1,3.2,0.0,0.01,0.06,0.06,0.01,0.9942522733438669,False,5.5823,4.178376085275235,2,2,7,12,0.549,0.191,0.4518,0.189,0.1824,0.1379,0.0389,-1,28
38,4,estêvão|chelsea,Estêvão,Chelsea,MID,15.0,0.050043,0.036958,0.087002,0.33,1.339425,0.083324,1.0,0.250217,0.110874,0.0,0.0,0.0,-0.021667,0.0,0.0,1,1,6.2,0.0,0.01,0.1,0.1,0.01,1.1086626245216111,False,0.8228,1.4718016714217985,0,0,1,1,0.0566,0.0041,0.9435,0.035,0.0187,0.0026,0.0002,-2,17
38,4,ethan ampadu|leeds,Ethan Ampadu,Leeds,MID,90.0,0.05059,0.045361,0.095951,0.26,3.289586,0.091491,2.0,0.252951,0.136082,0.26,0.0,1.030552,-0.39,0.0,0.0,1,1,12.3,0.0,0.02,0.33,0.33,0.02,1.3470736479666092,False,3.2265,1.9524338016946952,1,2,4,5,0.0802,0.004,0.4384,0.5025,0.0435,0.0144,0.0012,-1,19
38,4,ethan nwaneri|arsenal,Ethan Nwaneri,Arsenal,MID,0.0,0.0,0.0,0.0,0.41,0.0,0.0,0.0,0.0,0.0,0.0,0.0,0.0,0.0,0.0,0.0,1,1,7.1,0.0,0.01,0.03,0.03,0.01,0.8915981192837836,True,0.0,0.0,0,0,0,0,0.0,0.0,1.0,0.0,0.0,0.0,0.0,0,0
38,4,ethan pinnock|brentford,Ethan Pinnock,Brentford,DEF,0.0,0.0,0.0,0.0,0.13,0.0,0.0,0.0,0.0,0.0,0.0,0.0,0.0,0.0,0.0,0.0,1,1,11.4,0.0,0.02,0.14,0.14,0.02,2.0402208285265546,True,0.0,0.0,0,0,0,0,0.0,0.0,1.0,0.0,0.0,0.0,0.0,0,0
38,4,evanilson|bournemouth,Evanilson,Bournemouth,FWD,75.0,0.275195,0.065335,0.34053,0.26,3.2219,0.288607,2.0,1.100782,0.196005,0.0,0.0,0.000113,-0.075,0.0,0.0,1,1,3.7,0.0,0.01,0.06,0.06,0.01,1.3470736479666092,False,3.2076,2.702240226182713,1,2,5,7,0.2658,0.0417,0.7346,0.1271,0.1028,0.0318,0.0037,-2,21
38,4,evann guessand|crystal palace,Evann Guessand,Crystal Palace,MID,15.0,0.016841,0.011049,0.02789,0.2,1.10235,0.027504,1.0,0.084204,0.033146,0.0,0.0,0.0,-0.015,0.0,0.0,1,1,9.1,0.0,0.01,0.06,0.06,0.01,1.6094379124341003,False,0.6444,0.9840470720448286,0,0,1,1,0.021,0.0007,0.979,0.0124,0.0081,0.0005,0.0,-2,13
38,4,ezra mayers|west ham,Ezra Mayers,West Ham,DEF,0.0,0.0,0.0,0.0,0.28,0.0,0.0,0.0,0.0,0.0,0.0,0.0,0.0,0.0,0.0,0.0,1,1,2.0,0.0,0.02,0.14,0.14,0.02,1.2729656758128873,True,0.0,0.0,0,0,0,0,0.0,0.0,1.0,0.0,0.0,0.0,0.0,0,0
38,4,ezri konsa ngoyo|aston villa,Ezri Konsa Ngoyo,Aston Villa,DEF,90.0,0.020912,0.00959,0.030503,0.11,1.785453,0.030042,2.0,0.125474,0.028771,0.44,0.0,0.13787,-0.09,0.0,-0.856662,1,1,6.1,0.0,0.02,0.03,0.03,0.02,2.2072749131897207,False,1.804,2.1487168263873206,0,1,2,6,0.0262,0.0005,0.8259,0.1297,0.04,0.004,0.0004,-4,17
38,4,fabian schär|newcastle united,Fabian Schär,Newcastle United,DEF,0.0,0.0,0.0,0.0,0.24,0.0,0.0,0.0,0.0,0.0,0.0,0.0,0.0,0.0,0.0,0.0,1,1,9.5,0.0,0.02,0.1,0.1,0.02,1.4271163556401458,True,0.0,0.0,0,0,0,0,0.0,0.0,1.0,0.0,0.0,0.0,0.0,0,0
38,4,fabio carvalho|brentford,Fabio Carvalho,Brentford,MID,0.0,0.0,0.0,0.0,0.13,0.0,0.0,0.0,0.0,0.0,0.0,0.0,0.0,0.0,0.0,0.0,1,1,0.0,0.0,0.01,0.06,0.06,0.01,2.0402208285265546,True,0.0,0.0,0,0,0,0,0.0,0.0,1.0,0.0,0.0,0.0,0.0,0,0
38,4,facundo buonanotte|leeds,Facundo Buonanotte,Leeds,MID,0.0,0.0,0.0,0.0,0.26,0.0,0.0,0.0,0.0,0.0,0.0,0.0,0.0,0.0,0.0,0.0,1,1,3.0,0.0,0.01,0.33,0.33,0.01,1.3470736479666092,True,0.0,0.0,0,0,0,0,0.0,0.0,1.0,0.0,0.0,0.0,0.0,0,0
38,4,federico chiesa|liverpool,Federico Chiesa,Liverpool,MID,15.0,0.116915,0.086812,0.203728,0.3,1.806682,0.184316,1.0,0.584577,0.260437,0.0,0.0,0.0,-0.038333,0.0,0.0,1,1,9.6,0.0,0.01,0.2,0.2,0.01,1.2039728043259361,False,1.2467,2.2746074628383686,0,0,1,4,0.1295,0.0189,0.8708,0.0738,0.0419,0.0122,0.0013,-2,20
38,4,ferdi kadioglu|brighton,Ferdi Kadioglu,Brighton,DEF,90.0,0.077451,0.04882,0.12627,0.27,3.04383,0.118624,2.0,0.464704,0.146459,1.08,0.0,0.035558,-0.26,0.0,-0.422892,1,1,4.8,0.0,0.02,0.2,0.2,0.02,1.3093333199837622,False,3.1455,3.017106188055038,0,1,6,7,0.105,0.0068,0.6447,0.2284,0.095,0.0284,0.0035,-3,24
38,4,fernando lópez|wolverhampton wanderers,Fernando López,Wolverhampton Wanderers,FWD,0.0,0.0,0.0,0.0,0.32,0.0,0.0,0.0,0.0,0.0,0.0,0.0,0.0,0.0,0.0,0.0,1,1,4.7,0.0,0.01,0.2,0.2,0.01,1.1394342831883648,True,0.0,0.0,0,0,0,0,0.0,0.0,1.0,0.0,0.0,0.0,0.0,0,0
38,4,filip jorgensen|chelsea,Filip Jorgensen,Chelsea,GK,0.0,0.0,0.0,0.0,0.33,0.0,0.0,0.0,0.0,0.0,0.0,0.0,0.0,0.0,0.0,0.0,1,1,0.0,0.0,0.01,0.03,0.03,0.01,1.1086626245216111,True,0.0,0.0,0,0,0,0,0.0,0.0,1.0,0.0,0.0,0.0,0.0,0,0
38,4,florentino luís|burnley,Florentino Luís,Burnley,MID,60.0,0.036491,0.01637,0.052861,0.31,2.709449,0.051488,2.0,0.182455,0.049109,0.31,0.0,0.321218,-0.153333,0.0,0.0,1,1,13.5,0.0,0.01,0.2,0.2,0.01,1.171182981502945,False,2.0866,2.0431104815941796,0,0,3,5,0.0377,0.0007,0.6438,0.3251,0.0229,0.0082,0.0,-1,14
38,4,florian wirtz|liverpool,Florian Wirtz,Liverpool,MID,90.0,0.254473,0.18834,0.442813,0.3,4.09729,0.357772,2.0,1.272365,0.565019,0.3,0.0,0.049906,-0.09,0.0,0.0,1,1,6.5,0.0,0.01,0.06,0.06,0.01,1.2039728043259361,False,4.1802,3.1776607685528675,2,2,6,9,0.33,0.0629,0.4664,0.3037,0.158,0.0614,0.0105,-1,22
38,4,frank onyeka|brentford,Frank Onyeka,Brentford,MID,0.0,0.0,0.0,0.0,0.13,0.0,0.0,0.0,0.0,0.0,0.0,0.0,0.0,0.0,0.0,0.0,1,1,0.0,0.0,0.02,0.06,0.06,0.02,2.0402208285265546,True,0.0,0.0,0,0,0,0,0.0,0.0,1.0,0.0,0.0,0.0,0.0,0,0
38,4,freddie potts|west ham,Freddie Potts,West Ham,MID,75.0,0.010624,0.072952,0.083575,0.28,2.565418,0.080178,2.0,0.053118,0.218855,0.28,0.0,0.138445,-0.125,0.0,0.0,1,1,9.2,0.0,0.03,0.06,0.06,0.03,1.2729656758128873,False,2.4583,1.51098018186871,1,2,3,4,0.0763,0.0032,0.6647,0.3098,0.0224,0.0031,0.0,-2,14
38,4,gabriel gudmundsson|leeds,Gabriel Gudmundsson,Leeds,DEF,90.0,0.015146,0.110474,0.12562,0.26,2.984259,0.11805,2.0,0.090874,0.331422,1.04,0.0,0.1624,-0.2,0.0,-0.440437,1,1,6.3,0.0,0.02,0.14,0.14,0.02,1.3470736479666092,False,3.1142,2.7049507130445094,1,1,6,7,0.1039,0.006,0.6156,0.2815,0.0831,0.0188,0.001,-3,18
38,4,gabriel jesus|arsenal,Gabriel Jesus,Arsenal,FWD,15.0,0.121312,0.00425,0.125562,0.41,1.404665,0.117999,1.0,0.485248,0.012751,0.0,0.0,0.0,-0.093333,0.0,0.0,1,1,7.7,0.0,0.02,0.5,0.5,0.02,0.8915981192837836,False,0.9175,1.7473104332087068,0,0,1,1,0.0828,0.0088,0.9174,0.0603,0.0154,0.0068,0.0001,-2,20
38,4,gabriel martinelli|arsenal,Gabriel Martinelli,Arsenal,MID,30.0,0.119316,0.045866,0.165182,0.41,1.647521,0.152261,1.0,0.596582,0.137597,0.0,0.0,9e-06,-0.086667,0.0,0.0,1,1,7.1,0.0,0.02,0.2,0.2,0.02,0.8915981192837836,False,1.0308,1.9895354633682707,0,0,1,1,0.0939,0.0096,0.9061,0.0512,0.0353,0.0068,0.0006,-2,19
38,4,gabriel|arsenal,Gabriel,Arsenal,DEF,90.0,0.085644,0.082238,0.167883,0.41,4.644397,0.154547,2.0,0.513865,0.246715,1.64,0.0,0.68164,-0.2,0.0,-0.237824,1,1,8.9,0.0,0.02,0.14,0.14,0.02,0.8915981192837836,False,4.6788,3.365357419353849,1,2,6,9,0.1379,0.0104,0.3823,0.3691,0.1809,0.0549,0.0128,-3,26
38,4,george earthy|west ham,George Earthy,West Ham,MID,0.0,0.0,0.0,0.0,0.28,0.0,0.0,0.0,0.0,0.0,0.0,0.0,0.0,0.0,0.0,0.0,1,1,1.0,0.0,0.01,0.06,0.06,0.01,1.2729656758128873,True,0.0,0.0,0,0,0,0,0.0,0.0,1.0,0.0,0.0,0.0,0.0,0,0
38,4,george hemmings|aston villa,George Hemmings,Aston Villa,MID,0.0,0.0,0.0,0.0,0.11,0.0,0.0,0.0,0.0,0.0,0.0,0.0,0.0,0.0,0.0,0.0,1,1,0.0,0.0,0.01,0.06,0.06,0.01,2.2072749131897207,True,0.0,0.0,0,0,0,0,0.0,0.0,1.0,0.0,0.0,0.0,0.0,0,0
38,4,georginio rutter|brighton,Georginio Rutter,Brighton,MID,30.0,0.05697,0.065939,0.122909,0.27,1.429332,0.115655,1.0,0.284848,0.197817,0.0,0.0,0.0,-0.053333,0.0,0.0,1,1,5.0,0.0,0.02,0.1,0.1,0.02,1.3093333199837622,False,0.9016,1.6049664918620576,0,0,1,1,0.0803,0.0054,0.9197,0.0566,0.0208,0.0028,0.0001,-2,16
38,4,gianluigi donnarumma|manchester city,Gianluigi Donnarumma,Manchester City,GK,90.0,0.0,0.0,0.0,0.37,3.771982,0.0,2.0,0.0,0.0,1.48,0.833333,0.0,-0.26,0.0,-0.281351,1,1,0.0,2.5,0.02,0.2,0.2,0.02,0.9942522733438669,False,3.5577,2.504490109782828,1,2,6,7,0.0,0.0,0.4925,0.3381,0.1664,0.003,0.0,-2,12
38,4,giorgi mamardashvili|liverpool,Giorgi Mamardashvili,Liverpool,GK,0.0,0.0,0.0,0.0,0.3,0.0,0.0,0.0,0.0,0.0,0.0,0.0,0.0,0.0,0.0,0.0,1,1,0.0,0.0,0.01,0.06,0.06,0.01,1.2039728043259361,True,0.0,0.0,0,0,0,0,0.0,0.0,1.0,0.0,0.0,0.0,0.0,0,0
38,4,granit xhaka|sunderland,Granit Xhaka,Sunderland,MID,90.0,0.028268,0.16248,0.190748,0.18,3.363745,0.17366,2.0,0.14134,0.487441,0.18,0.0,0.754964,-0.2,0.0,0.0,1,1,11.1,0.0,0.02,0.14,0.14,0.02,1.7147984280919266,False,3.2875,2.030232437431734,2,2,4,6,0.155,0.0124,0.5109,0.4122,0.0614,0.015,0.0005,-1,18
38,4,guglielmo vicario|tottenham,Guglielmo Vicario,Tottenham,GK,90.0,0.0,0.001493,0.001493,0.3,3.669992,0.001492,2.0,0.0,0.004478,1.2,0.9,0.0,-0.06,0.0,-0.374486,1,1,0.0,2.7,0.01,0.03,0.03,0.01,1.2039728043259361,False,3.4229,2.410571631377089,1,2,6,7,0.0012,0.0,0.5175,0.3172,0.1625,0.0028,0.0,-2,13
38,4,guido rodríguez|west ham,Guido Rodríguez,West Ham,MID,0.0,0.0,0.0,0.0,0.28,0.0,0.0,0.0,0.0,0.0,0.0,0.0,0.0,0.0,0.0,0.0,1,1,7.7,0.0,0.01,0.33,0.33,0.01,1.2729656758128873,True,0.0,0.0,0,0,0,0,0.0,0.0,1.0,0.0,0.0,0.0,0.0,0,0
38,4,habib diarra|sunderland,Habib Diarra,Sunderland,MID,75.0,0.14739,0.019293,0.166684,0.18,2.642315,0.153533,2.0,0.736952,0.057879,0.18,0.0,0.00275,-0.325,-0.010267,0.0,1,1,5.3,0.0,0.02,0.33,0.33,0.02,1.7147984280919266,False,2.5668,2.383220040197715,1,1,2,7,0.1423,0.0103,0.7665,0.1193,0.0969,0.0154,0.0019,-2,20
38,4,hamed junior traore|bournemouth,Hamed Junior Traore,Bournemouth,MID,0.0,0.0,0.0,0.0,0.26,0.0,0.0,0.0,0.0,0.0,0.0,0.0,0.0,0.0,0.0,0.0,1,1,0.0,0.0,0.02,0.03,0.03,0.02,1.3470736479666092,True,0.0,0.0,0,0,0,0,0.0,0.0,1.0,0.0,0.0,0.0,0.0,0,0
38,4,hannibal mejbri|burnley,Hannibal Mejbri,Burnley,MID,60.0,0.029012,0.121103,0.150114,0.31,2.464256,0.13939,2.0,0.145058,0.363308,0.31,0.0,0.019223,-0.373333,0.0,0.0,1,1,8.5,0.0,0.02,0.5,0.5,0.02,1.171182981502945,False,1.7947,2.0157261495550434,0,0,2,5,0.1078,0.0085,0.7654,0.1978,0.0298,0.0064,0.0006,-1,17
38,4,harrison armstrong|everton,Harrison Armstrong,Everton,MID,15.0,0.010861,0.003785,0.014646,0.26,1.050661,0.014539,1.0,0.054307,0.011355,0.0,0.0,0.0,-0.015,0.0,0.0,1,1,9.2,0.0,0.01,0.06,0.06,0.01,1.3470736479666092,False,0.5962,0.7399632153019501,0,0,1,1,0.009,0.0001,0.991,0.0056,0.0033,0.0001,0.0,-2,12
38,4,harrison reed|fulham,Harrison Reed,Fulham,MID,15.0,0.141236,0.158991,0.300227,0.24,2.156488,0.25935,1.0,0.706182,0.476973,0.0,0.0,0.0,-0.026667,0.0,0.0,1,1,5.0,0.0,0.02,0.1,0.1,0.02,1.4271163556401458,False,1.5358,2.685203597494983,0,0,1,6,0.1802,0.0366,0.8202,0.1064,0.0507,0.0195,0.0032,-2,23
38,4,harry howell|brighton,Harry Howell,Brighton,MID,0.0,0.0,0.0,0.0,0.27,0.0,0.0,0.0,0.0,0.0,0.0,0.0,0.0,0.0,0.0,0.0,1,1,0.0,0.0,0.01,0.03,0.03,0.01,1.3093333199837622,True,0.0,0.0,0,0,0,0,0.0,0.0,1.0,0.0,0.0,0.0,0.0,0,0
38,4,harry maguire|manchester united,Harry Maguire,Manchester United,DEF,90.0,0.045729,0.033358,0.079087,0.2,2.711084,0.07604,2.0,0.274376,0.100073,0.8,0.0,0.361354,-0.26,0.0,-0.564719,1,1,7.5,0.0,0.02,0.2,0.2,0.02,1.6094379124341003,False,2.7434,2.7323536447539145,0,1,4,7,0.0633,0.0022,0.6601,0.2346,0.0871,0.0159,0.0023,-4,19
38,4,harry wilson|fulham,Harry Wilson,Fulham,MID,90.0,0.211398,0.142549,0.353947,0.24,3.511239,0.298088,2.0,1.056992,0.427647,0.24,0.0,0.028919,-0.23,-0.01232,0.0,1,1,6.0,0.0,0.01,0.2,0.2,0.01,1.4271163556401458,False,3.58,2.934518699889302,1,2,5,8,0.2641,0.0419,0.5855,0.2387,0.1278,0.0397,0.0083,-1,24
38,4,harvey barnes|newcastle united,Harvey Barnes,Newcastle United,MID,60.0,0.1923,0.082735,0.275035,0.24,3.3899,0.240454,2.0,0.961502,0.248204,0.24,0.0,0.000194,-0.06,0.0,0.0,1,1,4.9,0.0,0.01,0.06,0.06,0.01,1.4271163556401458,False,2.5515,3.067791999142054,0,0,3,8,0.184,0.0272,0.7069,0.1523,0.1049,0.0293,0.0066,-1,23
38,4,harvey elliott|aston villa,Harvey Elliott,Aston Villa,MID,0.0,0.0,0.0,0.0,0.11,0.0,0.0,0.0,0.0,0.0,0.0,0.0,0.0,0.0,0.0,0.0,1,1,5.5,0.0,0.02,0.06,0.06,0.02,2.2072749131897207,True,0.0,0.0,0,0,0,0,0.0,0.0,1.0,0.0,0.0,0.0,0.0,0,0
38,4,hee-chan hwang|wolverhampton wanderers,Hee-Chan Hwang,Wolverhampton Wanderers,MID,30.0,0.148287,0.031679,0.179965,0.32,1.739269,0.164701,1.0,0.741434,0.095036,0.0,0.0,0.0,-0.076667,-0.020533,0.0,1,1,5.3,0.0,0.01,0.2,0.2,0.01,1.1394342831883648,False,1.1105,2.138665413289325,0,0,1,4,0.1011,0.0094,0.8989,0.0467,0.0461,0.0076,0.0007,-2,19
38,4,hjalmar ekdal|burnley,Hjalmar Ekdal,Burnley,DEF,15.0,0.006006,0.003103,0.009109,0.31,1.018562,0.009068,1.0,0.036036,0.009309,0.0,0.0,1.3e-05,-0.01,0.0,-0.016796,1,1,10.1,0.0,0.01,0.03,0.03,0.01,1.171182981502945,False,0.3832,0.7171873953158964,0,0,1,1,0.0063,0.0,0.9926,0.0039,0.0033,0.0002,0.0,-3,10
38,4,hugo bueno|wolverhampton wanderers,Hugo Bueno,Wolverhampton Wanderers,DEF,90.0,0.031782,0.157382,0.189164,0.32,3.682272,0.172349,2.0,0.190693,0.472146,1.28,0.0,0.23475,-0.15,0.0,-0.345317,1,1,6.8,0.0,0.03,0.06,0.06,0.03,1.1394342831883648,False,3.7825,3.0296524140567676,1,1,6,8,0.1605,0.0137,0.523,0.3198,0.1178,0.0351,0.0043,-3,29
38,4,hugo ekitike|liverpool,Hugo Ekitike,Liverpool,FWD,0.0,0.0,0.0,0.0,0.3,0.0,0.0,0.0,0.0,0.0,0.0,0.0,0.0,0.0,0.0,0.0,1,1,4.1,0.0,0.01,0.06,0.06,0.01,1.2039728043259361,True,0.0,0.0,0,0,0,0,0.0,0.0,1.0,0.0,0.0,0.0,0.0,0,0
38,4,hákon valdimarsson|brentford,Hákon Valdimarsson,Brentford,GK,0.0,0.0,0.0,0.0,0.13,0.0,0.0,0.0,0.0,0.0,0.0,0.0,0.0,0.0,0.0,0.0,1,1,0.0,0.0,0.0,0.0,0.0,0.0,2.0402208285265546,True,0.0,0.0,0,0,0,0,0.0,0.0,1.0,0.0,0.0,0.0,0.0,0,0
38,4,ian maatsen|aston villa,Ian Maatsen,Aston Villa,DEF,60.0,0.033165,0.066092,0.099257,0.11,1.842828,0.09449,2.0,0.19899,0.198276,0.44,0.0,0.035558,-0.173333,0.0,-0.856662,1,1,7.2,0.0,0.02,0.2,0.2,0.02,2.2072749131897207,False,1.3271,2.2609965922132655,0,0,2,5,0.0684,0.0048,0.849,0.1079,0.0331,0.0092,0.0008,-4,18
38,4,ibrahim sangare|nottingham forest,Ibrahim Sangare,Nottingham Forest,MID,75.0,0.041579,0.062436,0.104015,0.24,2.642433,0.098788,2.0,0.207896,0.187308,0.24,0.0,0.30723,-0.3,0.0,0.0,1,1,10.7,0.0,0.01,0.33,0.33,0.01,1.4271163556401458,False,2.58,1.9170289512680814,1,1,3,5,0.0959,0.0055,0.6533,0.2926,0.043,0.0105,0.0006,-2,17
38,4,ibrahima konaté|liverpool,Ibrahima Konaté,Liverpool,DEF,90.0,0.0573,0.022705,0.080004,0.3,3.734324,0.076888,2.0,0.343799,0.068114,1.2,0.0,0.756897,-0.26,0.0,-0.374486,1,1,9.2,0.0,0.02,0.2,0.2,0.02,1.2039728043259361,False,3.8294,3.018492279267913,1,1,6,8,0.0651,0.0028,0.464,0.3547,0.1459,0.0299,0.0055,-4,21
38,4,idrissa gueye|everton,Idrissa Gueye,Everton,MID,90.0,0.080864,0.07139,0.152255,0.26,3.092655,0.141231,2.0,0.404322,0.214171,0.26,0.0,0.374162,-0.16,0.0,0.0,1,1,9.3,0.0,0.02,0.1,0.1,0.02,1.3470736479666092,False,3.0362,2.053068328137181,2,2,3,6,0.1225,0.0075,0.5787,0.3407,0.063,0.0165,0.0011,-1,23
38,4,igor jesus|nottingham forest,Igor Jesus,Nottingham Forest,FWD,75.0,0.15945,0.084916,0.244365,0.24,2.7931,0.216799,2.0,0.637799,0.254747,0.0,0.0,0.000554,-0.1,0.0,0.0,1,1,4.4,0.0,0.02,0.06,0.06,0.02,1.4271163556401458,False,2.7271,2.1990965394907063,1,2,2,6,0.2017,0.0222,0.7988,0.1159,0.0691,0.0155,0.0007,-2,21
38,4,igor julio|west ham,Igor Julio,West Ham,DEF,0.0,0.0,0.0,0.0,0.28,0.0,0.0,0.0,0.0,0.0,0.0,0.0,0.0,0.0,0.0,0.0,1,1,6.6,0.0,0.02,0.33,0.33,0.02,1.2729656758128873,True,0.0,0.0,0,0,0,0,0.0,0.0,1.0,0.0,0.0,0.0,0.0,0,0
38,4,ilia gruev|leeds,Ilia Gruev,Leeds,MID,60.0,0.01913,0.043016,0.062146,0.26,2.258165,0.060254,2.0,0.09565,0.129049,0.26,0.0,0.013466,-0.24,0.0,0.0,1,1,8.1,0.0,0.01,0.33,0.33,0.01,1.3470736479666092,False,1.615,1.622582817609012,0,0,2,3,0.0482,0.002,0.8049,0.1751,0.0171,0.0027,0.0002,-1,16
38,4,iliman ndiaye|everton,Iliman Ndiaye,Everton,MID,90.0,0.190115,0.114518,0.304633,0.26,3.865821,0.262606,2.0,0.950577,0.343553,0.26,0.0,0.49097,-0.13,-0.04928,0.0,1,1,9.9,0.0,0.01,0.1,0.1,0.01,1.3470736479666092,False,3.8976,2.8777620193476734,2,2,5,8,0.2362,0.0312,0.47,0.3519,0.1204,0.0503,0.0074,-1,22
38,4,ismaila sarr|crystal palace,Ismaila Sarr,Crystal Palace,MID,30.0,0.142392,0.018569,0.160962,0.2,1.707911,0.148675,1.0,0.711961,0.055708,0.0,0.0,2e-06,-0.043333,-0.016427,0.0,1,1,6.2,0.0,0.01,0.1,0.1,0.01,1.6094379124341003,False,1.1113,2.0997886346011114,0,0,1,1,0.0959,0.0091,0.904,0.0427,0.0452,0.0076,0.0005,-2,19
38,4,issa diop|fulham,Issa Diop,Fulham,DEF,15.0,0.001056,0.000245,0.001302,0.24,0.917787,0.001301,1.0,0.006338,0.000736,0.0,0.0,1e-06,-0.065,0.0,-0.024288,1,1,7.9,0.0,0.02,0.33,0.33,0.02,1.4271163556401458,False,0.2528,0.6045594759823056,0,0,1,1,0.0009,0.0,0.9991,0.0001,0.0008,0.0,0.0,-3,9
38,4,iyenoma destiny udogie|tottenham,Iyenoma Destiny Udogie,Tottenham,DEF,30.0,0.004778,0.027877,0.032654,0.3,0.962937,0.032127,1.0,0.028665,0.083631,0.0,0.0,5e-06,-0.086667,0.0,-0.062697,1,1,4.5,0.0,0.02,0.2,0.2,0.02,1.2039728043259361,False,0.3826,0.8555800605437225,0,0,1,1,0.0214,0.0004,0.9795,0.0173,0.0032,0.0,0.0,-4,9
38,4,jack fletcher|manchester united,Jack Fletcher,Manchester United,MID,0.0,0.0,0.0,0.0,0.2,0.0,0.0,0.0,0.0,0.0,0.0,0.0,0.0,0.0,0.0,0.0,1,1,9.3,0.0,0.02,0.06,0.06,0.02,1.6094379124341003,True,0.0,0.0,0,0,0,0,0.0,0.0,1.0,0.0,0.0,0.0,0.0,0,0
38,4,jack grealish|everton,Jack Grealish,Everton,MID,0.0,0.0,0.0,0.0,0.26,0.0,0.0,0.0,0.0,0.0,0.0,0.0,0.0,0.0,0.0,0.0,1,1,7.5,0.0,0.01,0.33,0.33,0.01,1.3470736479666092,True,0.0,0.0,0,0,0,0,0.0,0.0,1.0,0.0,0.0,0.0,0.0,0,0
38,4,jack harrison|leeds,Jack Harrison,Leeds,MID,0.0,0.0,0.0,0.0,0.26,0.0,0.0,0.0,0.0,0.0,0.0,0.0,0.0,0.0,0.0,0.0,1,1,8.2,0.0,0.02,0.14,0.14,0.02,1.3470736479666092,True,0.0,0.0,0,0,0,0,0.0,0.0,1.0,0.0,0.0,0.0,0.0,0,0
38,4,jack hinshelwood|brighton,Jack Hinshelwood,Brighton,MID,80.0,0.255258,0.123754,0.379012,0.27,3.926126,0.315463,2.0,1.27629,0.371262,0.27,0.0,0.088574,-0.08,0.0,0.0,1,1,8.0,0.0,0.01,0.06,0.06,0.01,1.3093333199837622,False,3.839,3.2430662959612775,1,2,5,8,0.2917,0.0476,0.5349,0.2537,0.1482,0.0515,0.0117,-2,29
38,4,jackson tchatchoua|wolverhampton wanderers,Jackson Tchatchoua,Wolverhampton Wanderers,DEF,0.0,0.0,0.0,0.0,0.32,0.0,0.0,0.0,0.0,0.0,0.0,0.0,0.0,0.0,0.0,0.0,1,1,3.0,0.0,0.02,0.2,0.2,0.02,1.1394342831883648,True,0.0,0.0,0,0,0,0,0.0,0.0,1.0,0.0,0.0,0.0,0.0,0,0
38,4,jacob bruun larsen|burnley,Jacob Bruun Larsen,Burnley,FWD,30.0,0.100742,0.036573,0.137316,0.31,1.494478,0.128305,1.0,0.40297,0.10972,0.0,0.0,1e-06,-0.01,-0.008213,0.0,1,1,5.7,0.0,0.01,,0.0,0.01,1.171182981502945,False,0.9611,1.6146166077431507,0,0,1,1,0.0857,0.006,0.9145,0.0673,0.0145,0.0036,0.0001,-2,15
38,4,jacob murphy|newcastle united,Jacob Murphy,Newcastle United,MID,30.0,0.055666,0.088644,0.14431,0.24,1.504262,0.134381,1.0,0.27833,0.265932,0.0,0.0,0.0,-0.04,0.0,0.0,1,1,4.5,0.0,0.02,0.06,0.06,0.02,1.4271163556401458,False,0.9227,1.650734597080948,0,0,1,1,0.0876,0.008,0.9131,0.0643,0.0181,0.0042,0.0003,-2,17
38,4,jacob ramsey|newcastle united,Jacob Ramsey,Newcastle United,MID,60.0,0.050605,0.041367,0.091973,0.24,2.295035,0.08787,2.0,0.253027,0.124102,0.24,0.0,0.03124,-0.353333,0.0,0.0,1,1,9.1,0.0,0.01,0.5,0.5,0.01,1.4271163556401458,False,1.6637,1.893938306809385,0,0,2,3,0.0666,0.004,0.8105,0.1527,0.03,0.0064,0.0004,-1,20
38,4,jadon sancho|aston villa,Jadon Sancho,Aston Villa,MID,0.0,0.0,0.0,0.0,0.11,0.0,0.0,0.0,0.0,0.0,0.0,0.0,0.0,0.0,0.0,0.0,1,1,4.8,0.0,0.02,0.1,0.1,0.02,2.2072749131897207,True,0.0,0.0,0,0,0,0,0.0,0.0,1.0,0.0,0.0,0.0,0.0,0,0
38,4,jaidon anthony|burnley,Jaidon Anthony,Burnley,MID,90.0,0.185647,0.145636,0.331282,0.31,3.645948,0.281998,2.0,0.928233,0.436907,0.31,0.0,0.200807,-0.23,0.0,0.0,1,1,8.2,0.0,0.01,0.2,0.2,0.01,1.171182981502945,False,3.6926,2.827703173955852,2,2,5,8,0.2579,0.0351,0.5091,0.3216,0.123,0.0402,0.0061,-1,23
38,4,jair|nottingham forest,Jair,Nottingham Forest,DEF,0.0,0.0,0.0,0.0,0.24,0.0,0.0,0.0,0.0,0.0,0.0,0.0,0.0,0.0,0.0,0.0,1,1,10.2,0.0,0.02,0.14,0.14,0.02,1.4271163556401458,True,0.0,0.0,0,0,0,0,0.0,0.0,1.0,0.0,0.0,0.0,0.0,0,0
38,4,jaka bijol|leeds,Jaka Bijol,Leeds,DEF,15.0,0.004749,0.006573,0.011321,0.26,0.961398,0.011258,1.0,0.028493,0.019718,0.0,0.0,6e-06,-0.065,0.0,-0.021819,1,1,9.2,0.0,0.02,0.33,0.33,0.02,1.3470736479666092,False,0.3222,0.7959818842159664,0,0,1,1,0.0097,0.0001,0.9905,0.0058,0.0034,0.0003,0.0,-4,14
38,4,jake o'brien|everton,Jake O'Brien,Everton,DEF,90.0,0.015579,0.023048,0.038627,0.26,2.893265,0.03789,2.0,0.093473,0.069144,1.04,0.0,0.251085,-0.12,0.0,-0.440437,1,1,6.9,0.0,0.02,0.06,0.06,0.02,1.3470736479666092,False,2.9638,2.5475654181983236,1,1,6,6,0.0344,0.0009,0.6503,0.2567,0.083,0.0089,0.0011,-4,21
38,4,jamaal lascelles|newcastle united,Jamaal Lascelles,Newcastle United,DEF,0.0,0.0,0.0,0.0,0.24,0.0,0.0,0.0,0.0,0.0,0.0,0.0,0.0,0.0,0.0,0.0,1,1,3.0,0.0,0.01,0.14,0.14,0.01,1.4271163556401458,True,0.0,0.0,0,0,0,0,0.0,0.0,1.0,0.0,0.0,0.0,0.0,0,0
38,4,jamaldeen jimoh|aston villa,Jamaldeen Jimoh,Aston Villa,MID,0.0,0.0,0.0,0.0,0.11,0.0,0.0,0.0,0.0,0.0,0.0,0.0,0.0,0.0,0.0,0.0,1,1,2.0,0.0,0.01,0.06,0.06,0.01,2.2072749131897207,True,0.0,0.0,0,0,0,0,0.0,0.0,1.0,0.0,0.0,0.0,0.0,0,0
38,4,james garner|everton,James Garner,Everton,MID,90.0,0.039024,0.129865,0.168889,0.26,3.615265,0.155397,2.0,0.195118,0.389595,0.26,0.0,1.030552,-0.26,0.0,0.0,1,1,12.3,0.0,0.02,0.2,0.2,0.02,1.3470736479666092,False,3.5608,2.0925829398138562,2,2,4,6,0.1428,0.0119,0.4001,0.5126,0.0665,0.0196,0.0012,-1,17
38,4,james hill|bournemouth,James Hill,Bournemouth,DEF,90.0,0.046437,0.055167,0.101604,0.26,4.020343,0.096612,2.0,0.27862,0.165501,1.04,0.0,1.17666,-0.2,0.0,-0.440437,1,1,10.9,0.0,0.02,0.14,0.14,0.02,1.3470736479666092,False,4.0462,2.97292205750504,1,2,6,8,0.086,0.0034,0.3778,0.414,0.1665,0.038,0.0037,-3,20
38,4,james justin|leeds,James Justin,Leeds,DEF,75.0,0.053847,0.066524,0.120371,0.26,3.037343,0.113408,2.0,0.323081,0.199571,1.04,0.0,0.240127,-0.325,0.0,-0.440437,1,1,8.2,0.0,0.02,0.33,0.33,0.02,1.3470736479666092,False,2.9357,3.0112398625815247,0,1,5,7,0.102,0.0063,0.6214,0.2558,0.0946,0.0238,0.0044,-3,24
38,4,james mcatee|nottingham forest,James McAtee,Nottingham Forest,MID,0.0,0.0,0.0,0.0,0.24,0.0,0.0,0.0,0.0,0.0,0.0,0.0,0.0,0.0,0.0,0.0,1,1,5.8,0.0,0.01,0.33,0.33,0.01,1.4271163556401458,True,0.0,0.0,0,0,0,0,0.0,0.0,1.0,0.0,0.0,0.0,0.0,0,0
38,4,james milner|brighton,James Milner,Brighton,MID,15.0,0.004503,0.01234,0.016843,0.27,0.999535,0.016702,1.0,0.022516,0.037019,0.0,0.0,0.0,-0.06,0.0,0.0,1,1,9.2,0.0,0.01,0.33,0.33,0.01,1.3093333199837622,False,0.5616,0.7351227380512726,0,0,1,1,0.0128,0.0,0.9872,0.0109,0.0019,0.0,0.0,-2,9
38,4,james rowswell|tottenham,James Rowswell,Tottenham,MID,0.0,0.0,0.0,0.0,0.3,0.0,0.0,0.0,0.0,0.0,0.0,0.0,0.0,0.0,0.0,0.0,1,1,0.0,0.0,0.0,0.0,0.0,0.0,1.2039728043259361,True,0.0,0.0,0,0,0,0,0.0,0.0,1.0,0.0,0.0,0.0,0.0,0,0
38,4,james tarkowski|everton,James Tarkowski,Everton,DEF,90.0,0.051661,0.045861,0.097521,0.26,3.917026,0.092917,2.0,0.309964,0.137582,1.04,0.0,1.129917,-0.26,0.0,-0.440437,1,1,10.7,0.0,0.02,0.2,0.2,0.02,1.3470736479666092,False,3.9443,3.0141329615662276,1,2,6,8,0.0835,0.0035,0.4001,0.4023,0.1585,0.0339,0.0052,-3,23
38,4,james trafford|manchester city,James Trafford,Manchester City,GK,0.0,0.0,0.0,0.0,0.37,0.0,0.0,0.0,0.0,0.0,0.0,0.0,0.0,0.0,0.0,0.0,1,1,0.0,0.0,0.01,0.1,0.1,0.01,0.9942522733438669,True,0.0,0.0,0,0,0,0,0.0,0.0,1.0,0.0,0.0,0.0,0.0,0,0
38,4,james ward-prowse|burnley,James Ward-Prowse,Burnley,MID,30.0,0.006943,0.11126,0.118203,0.31,1.338495,0.111484,1.0,0.034715,0.333779,0.0,0.0,1e-06,-0.03,0.0,0.0,1,1,5.6,0.0,0.01,0.06,0.06,0.01,1.171182981502945,False,0.8116,1.264478327216406,0,0,1,1,0.0732,0.0054,0.927,0.0657,0.0065,0.0008,0.0,-2,12
38,4,jamie bynoe-gittens|chelsea,Jamie Bynoe-Gittens,Chelsea,MID,0.0,0.0,0.0,0.0,0.33,0.0,0.0,0.0,0.0,0.0,0.0,0.0,0.0,0.0,0.0,0.0,1,1,4.0,0.0,0.02,0.03,0.03,0.02,1.1086626245216111,True,0.0,0.0,0,0,0,0,0.0,0.0,1.0,0.0,0.0,0.0,0.0,0,0
38,4,jan paul van hecke|brighton,Jan Paul van Hecke,Brighton,DEF,90.0,0.090913,0.043881,0.134794,0.27,3.627892,0.126104,2.0,0.545475,0.131644,1.08,0.0,0.583664,-0.29,0.0,-0.422892,1,1,8.5,0.0,0.03,0.2,0.2,0.03,1.3093333199837622,False,3.682,3.2574032602672944,1,1,6,8,0.114,0.0068,0.515,0.3051,0.1315,0.0414,0.007,-3,25
38,4,jarrad branthwaite|everton,Jarrad Branthwaite,Everton,DEF,90.0,0.03481,0.015544,0.050354,0.26,3.184836,0.049107,2.0,0.208863,0.046631,1.04,0.0,0.559779,-0.23,0.0,-0.440437,1,1,8.4,0.0,0.03,0.14,0.14,0.03,1.3470736479666092,False,3.2238,2.741005939431726,1,1,6,7,0.0403,0.0011,0.5644,0.309,0.1095,0.0151,0.002,-4,17
38,4,jarrod bowen|west ham,Jarrod Bowen,West Ham,FWD,90.0,0.282132,0.236155,0.518286,0.28,3.709254,0.40446,2.0,1.128526,0.708465,0.0,0.0,0.103863,-0.17,-0.0616,0.0,1,1,7.3,0.0,0.01,0.14,0.14,0.01,1.2729656758128873,False,3.8025,2.9207693763801346,2,2,6,8,0.3623,0.0767,0.6147,0.2151,0.1137,0.0515,0.005,-1,20
38,4,jaydee canvot|crystal palace,Jaydee Canvot,Crystal Palace,DEF,15.0,0.011099,0.001378,0.012477,0.2,0.99714,0.012399,1.0,0.066594,0.004133,0.0,0.0,6.7e-05,-0.043333,0.0,-0.030321,1,1,12.3,0.0,0.02,0.2,0.2,0.02,1.6094379124341003,False,0.2697,0.8806599286898433,0,0,1,1,0.0096,0.0,0.9888,0.0054,0.0054,0.0004,0.0,-4,10
38,4,jayden bogle|leeds,Jayden Bogle,Leeds,DEF,75.0,0.03021,0.08593,0.11614,0.26,2.85529,0.10965,2.0,0.181262,0.25779,1.04,0.0,0.033341,-0.216667,0.0,-0.440437,1,1,5.7,0.0,0.02,0.2,0.2,0.02,1.3470736479666092,False,2.7267,2.724703123277837,0,1,5,6,0.1014,0.0052,0.6785,0.231,0.0715,0.0181,0.0009,-3,18
38,4,jaydon banel|burnley,Jaydon Banel,Burnley,FWD,0.0,0.0,0.0,0.0,0.31,0.0,0.0,0.0,0.0,0.0,0.0,0.0,0.0,0.0,0.0,0.0,1,1,0.0,0.0,0.01,0.03,0.03,0.01,1.171182981502945,True,0.0,0.0,0,0,0,0,0.0,0.0,1.0,0.0,0.0,0.0,0.0,0,0
38,4,jean-clair todibo|west ham,Jean-Clair Todibo,West Ham,DEF,15.0,0.003187,0.00344,0.006627,0.28,0.966476,0.006605,1.0,0.019122,0.010319,0.0,0.0,2e-06,-0.043333,0.0,-0.019634,1,1,8.2,0.0,0.02,0.2,0.2,0.02,1.2729656758128873,False,0.319,0.6903904692273787,0,0,1,1,0.0058,0.0,0.9942,0.0036,0.0022,0.0,0.0,-3,9
38,4,jean-philippe mateta|crystal palace,Jean-Philippe Mateta,Crystal Palace,FWD,30.0,0.119269,0.008115,0.127383,0.2,1.448085,0.119604,1.0,0.477074,0.024344,0.0,0.0,0.0,-0.053333,0.0,0.0,1,1,5.2,0.0,0.02,0.1,0.1,0.02,1.6094379124341003,False,0.8968,1.6339980905741598,0,0,1,1,0.0738,0.0067,0.9263,0.0548,0.0138,0.0049,0.0002,-2,16
38,4,jean-ricner bellegarde|wolverhampton wanderers,Jean-Ricner Bellegarde,Wolverhampton Wanderers,MID,60.0,0.034285,0.064586,0.098871,0.32,2.432653,0.09414,2.0,0.171423,0.193759,0.32,0.0,0.007472,-0.26,0.0,0.0,1,1,7.5,0.0,0.02,0.33,0.33,0.02,1.1394342831883648,False,1.6951,1.8233858587803078,0,0,2,3,0.0688,0.0041,0.7766,0.1953,0.0221,0.0057,0.0003,-1,15
38,4,jefferson lerma|crystal palace,Jefferson Lerma,Crystal Palace,MID,0.0,0.0,0.0,0.0,0.2,0.0,0.0,0.0,0.0,0.0,0.0,0.0,0.0,0.0,0.0,0.0,1,1,11.4,0.0,0.02,0.06,0.06,0.02,1.6094379124341003,True,0.0,0.0,0,0,0,0,0.0,0.0,1.0,0.0,0.0,0.0,0.0,0,0
38,4,jenson seelt|sunderland,Jenson Seelt,Sunderland,DEF,0.0,0.0,0.0,0.0,0.18,0.0,0.0,0.0,0.0,0.0,0.0,0.0,0.0,0.0,0.0,0.0,1,1,8.1,0.0,0.02,0.33,0.33,0.02,1.7147984280919266,True,0.0,0.0,0,0,0,0,0.0,0.0,1.0,0.0,0.0,0.0,0.0,0,0
38,4,jeremie frimpong|liverpool,Jeremie Frimpong,Liverpool,DEF,60.0,0.032834,0.148738,0.181572,0.3,3.362106,0.166042,2.0,0.197003,0.446215,1.2,0.0,4.1e-05,-0.106667,0.0,-0.374486,1,1,2.9,0.0,0.02,0.1,0.1,0.02,1.2039728043259361,False,2.4395,3.0536436841910684,0,0,5,6,0.1218,0.0138,0.7108,0.1941,0.0665,0.0249,0.0037,-3,20
38,4,jhon arias|wolverhampton wanderers,Jhon Arias,Wolverhampton Wanderers,MID,0.0,0.0,0.0,0.0,0.32,0.0,0.0,0.0,0.0,0.0,0.0,0.0,0.0,0.0,0.0,0.0,1,1,5.0,0.0,0.02,0.06,0.06,0.02,1.1394342831883648,True,0.0,0.0,0,0,0,0,0.0,0.0,1.0,0.0,0.0,0.0,0.0,0,0
38,4,joachim andersen|fulham,Joachim Andersen,Fulham,DEF,90.0,0.044596,0.025368,0.069964,0.24,3.683609,0.067573,2.0,0.267577,0.076104,0.96,0.0,1.057886,-0.2,0.0,-0.477958,1,1,10.4,0.0,0.02,0.14,0.14,0.02,1.4271163556401458,False,3.6626,2.8624746706302924,1,2,6,8,0.0575,0.0022,0.4381,0.3925,0.1391,0.0267,0.0036,-3,20
38,4,joe knight|brighton,Joe Knight,Brighton,MID,0.0,0.0,0.0,0.0,0.27,0.0,0.0,0.0,0.0,0.0,0.0,0.0,0.0,0.0,0.0,0.0,1,1,0.0,0.0,0.01,0.06,0.06,0.01,1.3093333199837622,True,0.0,0.0,0,0,0,0,0.0,0.0,1.0,0.0,0.0,0.0,0.0,0,0
38,4,joe rodon|leeds,Joe Rodon,Leeds,DEF,90.0,0.032801,0.022524,0.055325,0.26,3.351762,0.053822,2.0,0.196807,0.067571,1.04,0.0,0.607821,-0.12,0.0,-0.440437,1,1,8.6,0.0,0.02,0.06,0.06,0.02,1.3470736479666092,False,3.4436,2.762031687001436,1,1,6,7,0.0472,0.0011,0.5326,0.3286,0.1172,0.0192,0.0024,-3,18
38,4,joe willock|newcastle united,Joe Willock,Newcastle United,MID,30.0,0.032893,0.047277,0.08017,0.24,1.186406,0.077041,1.0,0.164467,0.141831,0.0,0.0,0.000108,-0.12,0.0,0.0,1,1,9.2,0.0,0.01,0.33,0.33,0.01,1.4271163556401458,False,0.7023,1.256373634712222,0,0,1,1,0.0521,0.0025,0.9479,0.0404,0.0108,0.0009,0.0,-2,14
38,4,joe worrall|burnley,Joe Worrall,Burnley,DEF,15.0,0.002811,0.0,0.002811,0.31,0.980156,0.002807,1.0,0.016864,0.0,0.0,0.0,8.8e-05,-0.02,0.0,-0.016796,1,1,12.7,0.0,0.02,0.06,0.06,0.02,1.171182981502945,False,0.3665,0.6410754635766369,0,0,1,1,0.0019,0.0,0.9944,0.0042,0.0013,0.0001,0.0,-3,10
38,4,joelinton|newcastle united,Joelinton,Newcastle United,MID,60.0,0.055666,0.059096,0.114762,0.24,2.409021,0.108422,2.0,0.27833,0.177288,0.24,0.0,0.106736,-0.393333,0.0,0.0,1,1,11.0,0.0,0.03,0.5,0.5,0.03,1.4271163556401458,False,1.8275,2.1021759560036832,0,0,2,4,0.0828,0.0051,0.7545,0.1987,0.0377,0.0089,0.0002,-1,17
38,4,john mcginn|aston villa,John McGinn,Aston Villa,MID,60.0,0.041295,0.082773,0.124068,0.11,2.396302,0.116681,2.0,0.206476,0.24832,0.11,0.0,0.00484,-0.173333,0.0,0.0,1,1,7.1,0.0,0.02,0.2,0.2,0.02,2.2072749131897207,False,1.689,1.8710101549697695,0,0,2,3,0.0863,0.006,0.849,0.1154,0.0296,0.0059,0.0001,-1,16
38,4,john stones|manchester city,John Stones,Manchester City,DEF,0.0,0.0,0.0,0.0,0.37,0.0,0.0,0.0,0.0,0.0,0.0,0.0,0.0,0.0,0.0,0.0,1,1,4.9,0.0,0.02,0.14,0.14,0.02,0.9942522733438669,True,0.0,0.0,0,0,0,0,0.0,0.0,1.0,0.0,0.0,0.0,0.0,0,0
38,4,john victor|nottingham forest,John Victor,Nottingham Forest,GK,0.0,0.0,0.0,0.0,0.24,0.0,0.0,0.0,0.0,0.0,0.0,0.0,0.0,0.0,0.0,0.0,1,1,0.0,0.0,0.01,0.06,0.06,0.01,1.4271163556401458,True,0.0,0.0,0,0,0,0,0.0,0.0,1.0,0.0,0.0,0.0,0.0,0,0
38,4,jonah kusi-asare|fulham,Jonah Kusi-Asare,Fulham,FWD,0.0,0.0,0.0,0.0,0.24,0.0,0.0,0.0,0.0,0.0,0.0,0.0,0.0,0.0,0.0,0.0,1,1,3.0,0.0,0.01,0.1,0.1,0.01,1.4271163556401458,True,0.0,0.0,0,0,0,0,0.0,0.0,1.0,0.0,0.0,0.0,0.0,0,0
38,4,jordan henderson|brentford,Jordan Henderson,Brentford,MID,60.0,0.009355,0.059902,0.069257,0.13,2.114112,0.066913,2.0,0.046773,0.179707,0.13,0.0,0.017632,-0.26,0.0,0.0,1,1,8.4,0.0,0.02,0.33,0.33,0.02,2.0402208285265546,False,1.4648,1.4898191031128576,0,0,2,3,0.0473,0.0019,0.8666,0.1231,0.0088,0.0015,0.0,-1,14
38,4,jordan pickford|everton,Jordan Pickford,Everton,GK,90.0,0.0,0.000799,0.000799,0.26,3.38196,0.000799,2.0,0.0,0.002397,1.04,0.9,0.0,-0.12,0.0,-0.440437,1,1,0.0,2.7,0.02,0.06,0.06,0.02,1.3470736479666092,False,3.1473,2.3780249599194705,1,1,6,7,0.0004,0.0,0.5572,0.3067,0.1335,0.0026,0.0,-4,12
38,4,jorge cuenca|fulham,Jorge Cuenca,Fulham,DEF,0.0,0.0,0.0,0.0,0.24,0.0,0.0,0.0,0.0,0.0,0.0,0.0,0.0,0.0,0.0,0.0,1,1,6.0,0.0,0.01,0.5,0.5,0.01,1.4271163556401458,True,0.0,0.0,0,0,0,0,0.0,0.0,1.0,0.0,0.0,0.0,0.0,0,0
38,4,jorrel hato|chelsea,Jorrel Hato,Chelsea,DEF,15.0,0.006353,0.012227,0.018579,0.33,0.966318,0.018408,1.0,0.038116,0.03668,0.0,0.0,5e-06,-0.093333,0.0,-0.015149,1,1,9.0,0.0,0.02,0.5,0.5,0.02,1.1086626245216111,False,0.3575,0.8026791077385782,0,0,1,1,0.0143,0.0002,0.9861,0.01,0.0039,0.0,0.0,-4,9
38,4,joseph gomez|liverpool,Joseph Gomez,Liverpool,DEF,90.0,0.029692,0.168314,0.198006,0.3,3.440964,0.179635,2.0,0.178152,0.504943,1.2,0.0,0.322355,-0.39,0.0,-0.374486,1,1,7.3,0.0,0.02,0.33,0.33,0.02,1.2039728043259361,False,3.6115,3.0181729158548887,1,1,6,7,0.1685,0.0128,0.5108,0.3357,0.1166,0.0333,0.0036,-3,21
38,4,josh acheampong|chelsea,Josh Acheampong,Chelsea,DEF,15.0,0.010149,0.004941,0.015091,0.33,1.017238,0.014978,1.0,0.060896,0.014824,0.0,0.0,0.0,-0.043333,0.0,-0.015149,1,1,6.3,0.0,0.02,0.2,0.2,0.02,1.1086626245216111,False,0.392,0.859032013373192,0,0,1,1,0.009,0.0003,0.9909,0.0028,0.0058,0.0003,0.0002,-4,15
38,4,josh cullen|burnley,Josh Cullen,Burnley,MID,0.0,0.0,0.0,0.0,0.31,0.0,0.0,0.0,0.0,0.0,0.0,0.0,0.0,0.0,0.0,0.0,1,1,10.3,0.0,0.01,0.14,0.14,0.01,1.171182981502945,True,0.0,0.0,0,0,0,0,0.0,0.0,1.0,0.0,0.0,0.0,0.0,0,0
38,4,josh laurent|burnley,Josh Laurent,Burnley,MID,15.0,0.007225,0.007688,0.014913,0.31,0.999188,0.014802,1.0,0.036123,0.023065,0.0,0.0,0.0,-0.06,0.0,0.0,1,1,9.5,0.0,0.01,0.33,0.33,0.01,1.171182981502945,False,0.5451,0.7296341480495551,0,0,1,1,0.0095,0.0,0.9902,0.0069,0.0029,0.0,0.0,-2,9
38,4,joshua king|fulham,Joshua King,Fulham,MID,0.0,0.0,0.0,0.0,0.24,0.0,0.0,0.0,0.0,0.0,0.0,0.0,0.0,0.0,0.0,0.0,1,1,7.5,0.0,0.01,0.33,0.33,0.01,1.4271163556401458,True,0.0,0.0,0,0,0,0,0.0,0.0,1.0,0.0,0.0,0.0,0.0,0,0
38,4,joshua zirkzee|manchester united,Joshua Zirkzee,Manchester United,FWD,15.0,0.080565,0.023158,0.103723,0.2,1.331734,0.098525,1.0,0.322258,0.069475,0.0,0.0,0.0,-0.06,0.0,0.0,1,1,6.5,0.0,0.01,0.33,0.33,0.01,1.6094379124341003,False,0.8488,1.5028434915186613,0,0,1,1,0.0717,0.0055,0.9284,0.0573,0.011,0.0033,0.0,-2,14
38,4,josko gvardiol|manchester city,Josko Gvardiol,Manchester City,DEF,0.0,0.0,0.0,0.0,0.37,0.0,0.0,0.0,0.0,0.0,0.0,0.0,0.0,0.0,0.0,0.0,1,1,6.8,0.0,0.01,0.14,0.14,0.01,0.9942522733438669,True,0.0,0.0,0,0,0,0,0.0,0.0,1.0,0.0,0.0,0.0,0.0,0,0
38,4,josé sá|wolverhampton wanderers,José Sá,Wolverhampton Wanderers,GK,90.0,0.0,0.0,0.0,0.32,3.74135,0.0,2.0,0.0,0.0,1.28,0.866667,0.0,-0.06,0.0,-0.345317,1,1,0.0,2.6,0.01,0.03,0.03,0.01,1.1394342831883648,False,3.5004,2.429362023248079,1,2,6,7,0.0,0.0,0.5081,0.3202,0.1682,0.0035,0.0,-2,12
38,4,jota silva|nottingham forest,Jota Silva,Nottingham Forest,MID,0.0,0.0,0.0,0.0,0.24,0.0,0.0,0.0,0.0,0.0,0.0,0.0,0.0,0.0,0.0,0.0,1,1,4.0,0.0,0.01,0.14,0.14,0.01,1.4271163556401458,True,0.0,0.0,0,0,0,0,0.0,0.0,1.0,0.0,0.0,0.0,0.0,0,0
38,4,joão gomes|wolverhampton wanderers,João Gomes,Wolverhampton Wanderers,MID,90.0,0.040278,0.071538,0.111815,0.32,3.443365,0.105791,2.0,0.201388,0.214614,0.32,0.0,1.097364,-0.39,0.0,0.0,1,1,12.6,0.0,0.02,0.33,0.33,0.02,1.1394342831883648,False,3.3724,1.9492352962123376,1,2,4,5,0.0968,0.0047,0.3989,0.5384,0.0474,0.0146,0.0007,-1,18
38,4,joão palhinha|tottenham,João Palhinha,Tottenham,MID,75.0,0.115911,0.025262,0.141173,0.3,3.21308,0.131661,2.0,0.579556,0.075786,0.3,0.0,0.582739,-0.325,0.0,0.0,1,1,12.4,0.0,0.02,0.33,0.33,0.02,1.2039728043259361,False,3.154,2.4950519032677456,1,2,4,7,0.1236,0.0091,0.5229,0.3768,0.067,0.0296,0.0037,-2,19
38,4,joão pedro|chelsea,João Pedro,Chelsea,FWD,90.0,0.523483,0.11189,0.635373,0.33,4.177075,0.470262,2.0,2.093932,0.33567,0.0,0.0,0.007472,-0.26,0.0,0.0,1,1,5.0,0.0,0.02,0.2,0.2,0.02,1.1086626245216111,False,4.3941,3.569143481285111,1,2,7,9,0.4353,0.1132,0.5638,0.1841,0.1524,0.083,0.0167,-1,25
38,4,joél drakes-thomas|crystal palace,Joél Drakes-Thomas,Crystal Palace,FWD,0.0,0.0,0.0,0.0,0.2,0.0,0.0,0.0,0.0,0.0,0.0,0.0,0.0,0.0,0.0,0.0,1,1,0.0,0.0,0.01,0.06,0.06,0.01,1.6094379124341003,True,0.0,0.0,0,0,0,0,0.0,0.0,1.0,0.0,0.0,0.0,0.0,0,0
38,4,joël piroe|leeds,Joël Piroe,Leeds,FWD,15.0,0.074209,0.020386,0.094595,0.26,1.336328,0.090259,1.0,0.296838,0.061157,0.0,0.0,0.0,-0.021667,0.0,0.0,1,1,2.0,0.0,0.01,0.1,0.1,0.01,1.3470736479666092,False,0.8453,1.4757939930762694,0,0,1,1,0.0637,0.0057,0.9364,0.0481,0.0114,0.004,0.0001,-2,16
38,4,joël veltman|brighton,Joël Veltman,Brighton,DEF,90.0,0.087458,0.026492,0.113951,0.27,3.483509,0.107698,2.0,0.52475,0.079477,1.08,0.0,0.782173,-0.56,0.0,-0.422892,1,1,9.3,0.0,0.02,0.5,0.5,0.02,1.3093333199837622,False,3.5426,3.223536139087012,0,1,6,8,0.0941,0.0052,0.4991,0.3187,0.1377,0.0378,0.0067,-3,21
38,4,julio soler|bournemouth,Julio Soler,Bournemouth,DEF,0.0,0.0,0.0,0.0,0.26,0.0,0.0,0.0,0.0,0.0,0.0,0.0,0.0,0.0,0.0,0.0,1,1,0.0,0.0,0.01,0.06,0.06,0.01,1.3470736479666092,True,0.0,0.0,0,0,0,0,0.0,0.0,1.0,0.0,0.0,0.0,0.0,0,0
38,4,jun'ai byfield|tottenham,Jun'ai Byfield,Tottenham,DEF,0.0,0.0,0.0,0.0,0.3,0.0,0.0,0.0,0.0,0.0,0.0,0.0,0.0,0.0,0.0,0.0,1,1,1.0,0.0,0.02,0.06,0.06,0.02,1.2039728043259361,True,0.0,0.0,0,0,0,0,0.0,0.0,1.0,0.0,0.0,0.0,0.0,0,0
38,4,jurriën timber|arsenal,Jurriën Timber,Arsenal,DEF,0.0,0.0,0.0,0.0,0.41,0.0,0.0,0.0,0.0,0.0,0.0,0.0,0.0,0.0,0.0,0.0,1,1,5.0,0.0,0.02,0.2,0.2,0.02,0.8915981192837836,True,0.0,0.0,0,0,0,0,0.0,0.0,1.0,0.0,0.0,0.0,0.0,0,0
38,4,justin devenny|crystal palace,Justin Devenny,Crystal Palace,MID,0.0,0.0,0.0,0.0,0.2,0.0,0.0,0.0,0.0,0.0,0.0,0.0,0.0,0.0,0.0,0.0,1,1,7.3,0.0,0.02,0.06,0.06,0.02,1.6094379124341003,True,0.0,0.0,0,0,0,0,0.0,0.0,1.0,0.0,0.0,0.0,0.0,0,0
38,4,justin kluivert|bournemouth,Justin Kluivert,Bournemouth,MID,0.0,0.0,0.0,0.0,0.26,0.0,0.0,0.0,0.0,0.0,0.0,0.0,0.0,0.0,0.0,0.0,1,1,6.1,0.0,0.01,0.5,0.5,0.01,1.3470736479666092,True,0.0,0.0,0,0,0,0,0.0,0.0,1.0,0.0,0.0,0.0,0.0,0,0
38,4,jéremy doku|manchester city,Jéremy Doku,Manchester City,MID,60.0,0.11565,0.207887,0.323537,0.37,3.513101,0.276415,2.0,0.57825,0.623662,0.37,0.0,0.001189,-0.06,0.0,0.0,1,1,6.0,0.0,0.01,0.06,0.06,0.01,0.9942522733438669,False,2.5512,2.870153055152286,0,0,3,7,0.1986,0.0332,0.6364,0.255,0.0775,0.0269,0.0042,-1,23
38,4,jørgen strand larsen|crystal palace,Jørgen Strand Larsen,Crystal Palace,FWD,75.0,0.147547,0.016738,0.164284,0.2,2.488579,0.151499,2.0,0.590186,0.050213,0.0,0.0,0.000113,-0.141667,-0.010267,0.0,1,1,3.7,0.0,0.01,0.14,0.14,0.01,1.6094379124341003,False,2.4394,1.9523646278295457,1,2,2,6,0.1414,0.0107,0.8586,0.0702,0.0618,0.0091,0.0003,-2,17
38,4,kaden rodney|crystal palace,Kaden Rodney,Crystal Palace,MID,0.0,0.0,0.0,0.0,0.2,0.0,0.0,0.0,0.0,0.0,0.0,0.0,0.0,0.0,0.0,0.0,1,1,0.0,0.0,0.01,0.06,0.06,0.01,1.6094379124341003,True,0.0,0.0,0,0,0,0,0.0,0.0,1.0,0.0,0.0,0.0,0.0,0,0
38,4,kai havertz|arsenal,Kai Havertz,Arsenal,FWD,0.0,0.0,0.0,0.0,0.41,0.0,0.0,0.0,0.0,0.0,0.0,0.0,0.0,0.0,0.0,0.0,1,1,6.4,0.0,0.02,0.03,0.03,0.02,0.8915981192837836,True,0.0,0.0,0,0,0,0,0.0,0.0,1.0,0.0,0.0,0.0,0.0,0,0
38,4,kaoru mitoma|brighton,Kaoru Mitoma,Brighton,MID,75.0,0.198769,0.189396,0.388165,0.27,3.642713,0.321699,2.0,0.993846,0.568187,0.27,0.0,0.002347,-0.191667,0.0,0.0,1,1,5.2,0.0,0.01,0.2,0.2,0.01,1.3093333199837622,False,3.5482,3.0271565469925736,1,2,5,8,0.2959,0.0534,0.5707,0.2592,0.1172,0.0459,0.007,-2,26
38,4,karl darlow|leeds,Karl Darlow,Leeds,GK,90.0,0.0,0.000309,0.000309,0.26,3.473825,0.000309,2.0,0.0,0.000928,1.04,0.933333,0.0,-0.06,0.0,-0.440437,1,1,0.0,2.8,0.01,0.03,0.03,0.01,1.3470736479666092,False,3.2682,2.3661928830930075,1,2,6,7,0.0005,0.0,0.5375,0.3127,0.1476,0.0022,0.0,-2,11
38,4,keane lewis-potter|brentford,Keane Lewis-Potter,Brentford,DEF,15.0,0.016153,0.016618,0.032771,0.13,1.080107,0.03224,1.0,0.096916,0.049854,0.0,0.0,0.0,-0.02,0.0,-0.046663,1,1,3.2,0.0,0.02,0.06,0.06,0.02,2.0402208285265546,False,0.228,1.0512925377838462,0,0,0,1,0.0243,0.0006,0.977,0.0144,0.0082,0.0004,0.0,-4,11
38,4,kenny tete|fulham,Kenny Tete,Fulham,DEF,75.0,0.035078,0.044914,0.079992,0.24,2.961945,0.076876,2.0,0.210471,0.134741,0.96,0.0,0.268025,-0.133333,0.0,-0.477958,1,1,8.4,0.0,0.02,0.1,0.1,0.02,1.4271163556401458,False,2.8047,2.7578901192759657,0,1,4,7,0.0738,0.0028,0.6474,0.25,0.0839,0.0165,0.0022,-4,21
38,4,kevin danso|tottenham,Kevin Danso,Tottenham,DEF,90.0,0.017007,0.004398,0.021405,0.3,3.915865,0.021178,2.0,0.102043,0.013194,1.2,0.0,1.535114,-0.56,0.0,-0.374486,1,1,12.7,0.0,0.02,0.5,0.5,0.02,1.2039728043259361,False,4.018,2.741947483085699,1,2,6,8,0.0214,0.0002,0.3256,0.447,0.2083,0.0161,0.003,-3,20
38,4,kevin schade|brentford,Kevin Schade,Brentford,MID,75.0,0.205145,0.074032,0.279177,0.13,3.094055,0.243594,2.0,1.025725,0.222096,0.13,0.0,0.021367,-0.3,-0.005133,0.0,1,1,6.9,0.0,0.01,0.33,0.33,0.01,2.0402208285265546,False,3.052,2.809536616597121,1,1,3,7,0.228,0.0282,0.6986,0.1439,0.1233,0.0299,0.0043,-2,20
38,4,kevin|fulham,Kevin,Fulham,MID,60.0,0.098383,0.05653,0.154913,0.24,2.802309,0.14351,2.0,0.491913,0.16959,0.24,0.0,0.007472,-0.106667,0.0,0.0,1,1,7.5,0.0,0.02,0.1,0.1,0.02,1.4271163556401458,False,2.0147,2.3318413132115143,0,0,2,5,0.1087,0.0097,0.7604,0.1659,0.0591,0.0135,0.0011,-1,20
38,4,ki-jana hoever|wolverhampton wanderers,Ki-Jana Hoever,Wolverhampton Wanderers,DEF,15.0,0.0,0.013859,0.013859,0.32,0.998964,0.013764,1.0,0.0,0.041578,0.0,0.0,3e-06,-0.026667,0.0,-0.01595,1,1,8.5,0.0,0.02,0.1,0.1,0.02,1.1394342831883648,False,0.3841,0.6605809488624388,0,0,1,1,0.0098,0.0002,0.9899,0.0099,0.0002,0.0,0.0,-4,9
38,4,kieran trippier|newcastle united,Kieran Trippier,Newcastle United,DEF,15.0,0.001265,0.016251,0.017517,0.24,0.988724,0.017364,1.0,0.007591,0.048754,0.0,0.0,0.0,-0.043333,0.0,-0.024288,1,1,4.0,0.0,0.02,0.2,0.2,0.02,1.4271163556401458,False,0.3002,0.7250379024575199,0,0,1,1,0.0122,0.0004,0.9884,0.0105,0.0011,0.0,0.0,-4,9
38,4,kiernan dewsbury-hall|everton,Kiernan Dewsbury-Hall,Everton,MID,90.0,0.13882,0.192721,0.331541,0.26,3.282622,0.282183,2.0,0.694101,0.578162,0.26,0.0,0.152679,-0.39,-0.01232,0.0,1,1,7.8,0.0,0.02,0.33,0.33,0.02,1.3470736479666092,False,3.3336,2.654827873893146,1,2,4,7,0.254,0.0341,0.5794,0.284,0.1014,0.0317,0.0035,-1,26
38,4,kobbie mainoo|manchester united,Kobbie Mainoo,Manchester United,MID,90.0,0.011121,0.056828,0.067949,0.2,2.717669,0.065692,2.0,0.055606,0.170483,0.2,0.0,0.411581,-0.12,0.0,0.0,1,1,9.5,0.0,0.02,0.06,0.06,0.02,1.6094379124341003,False,2.633,1.3600408082112831,2,2,3,4,0.0555,0.0016,0.6541,0.3258,0.0186,0.0015,0.0,-1,12
38,4,konstantinos mavropanos|west ham,Konstantinos Mavropanos,West Ham,DEF,90.0,0.099088,0.011027,0.110115,0.28,4.257671,0.104269,2.0,0.594528,0.033081,1.12,0.0,1.106145,-0.19,0.0,-0.406083,1,1,10.6,0.0,0.03,0.1,0.1,0.03,1.2729656758128873,False,4.2721,3.293912808499946,1,2,6,9,0.0951,0.0045,0.3802,0.3865,0.1735,0.0488,0.011,-3,24
38,4,kristoffer ajer|brentford,Kristoffer Ajer,Brentford,DEF,90.0,0.029139,0.02836,0.0575,0.13,2.627754,0.055878,2.0,0.174836,0.085081,0.52,0.0,0.782173,-0.16,0.0,-0.774335,1,1,9.3,0.0,0.02,0.1,0.1,0.02,2.0402208285265546,False,2.6138,2.511184891639801,0,1,4,6,0.0506,0.0012,0.6141,0.2998,0.0716,0.0134,0.0011,-5,18
38,4,kyle walker-peters|west ham,Kyle Walker-Peters,West Ham,DEF,30.0,0.023372,0.008959,0.032331,0.28,1.011435,0.031814,1.0,0.14023,0.026877,0.0,0.0,0.000154,-0.086667,0.0,-0.06916,1,1,6.8,0.0,0.02,0.2,0.2,0.02,1.2729656758128873,False,0.4057,1.1220995989661522,0,0,1,1,0.0214,0.0005,0.978,0.0098,0.0115,0.0004,0.0003,-3,16
38,4,kyle walker|burnley,Kyle Walker,Burnley,DEF,90.0,0.0,0.050561,0.050561,0.31,2.768613,0.049304,2.0,0.0,0.151684,1.24,0.0,0.126545,-0.39,0.0,-0.359616,1,1,6.0,0.0,0.02,0.33,0.33,0.02,1.171182981502945,False,2.9031,2.516249270243312,0,1,6,6,0.0416,0.0012,0.6304,0.2927,0.0707,0.0061,0.0001,-3,15
38,4,ladislav krejcí|wolverhampton wanderers,Ladislav Krejcí,Wolverhampton Wanderers,DEF,90.0,0.053148,0.044171,0.097319,0.32,3.39411,0.092734,2.0,0.318889,0.132513,1.28,0.0,0.268025,-0.26,0.0,-0.345317,1,1,7.0,0.0,0.02,0.2,0.2,0.02,1.1394342831883648,False,3.4784,2.941110919363634,1,1,6,7,0.0847,0.0041,0.5643,0.2975,0.1097,0.0244,0.0041,-3,19
38,4,lamare bogarde|aston villa,Lamare Bogarde,Aston Villa,MID,30.0,0.0,0.000937,0.000937,0.11,0.816146,0.000937,1.0,0.0,0.002812,0.0,0.0,0.0,-0.186667,0.0,0.0,1,1,5.3,0.0,0.02,0.5,0.5,0.02,2.2072749131897207,False,0.426,0.530022641025834,0,0,1,1,0.0007,0.0,0.9993,0.0007,0.0,0.0,0.0,-2,6
38,4,leandro trossard|arsenal,Leandro Trossard,Arsenal,MID,60.0,0.148555,0.099589,0.248144,0.41,2.966246,0.219752,2.0,0.742773,0.298768,0.41,0.0,0.001371,-0.486667,0.0,0.0,1,1,6.1,0.0,0.02,0.67,0.67,0.02,0.8915981192837836,False,2.1397,2.72631324502523,0,0,3,6,0.1576,0.023,0.7394,0.162,0.0726,0.0233,0.0027,-1,21
38,4,leny yoro|manchester united,Leny Yoro,Manchester United,DEF,45.0,0.027922,0.010491,0.038413,0.2,0.943696,0.037685,1.0,0.167532,0.031473,0.0,0.0,0.00705,-0.06,0.0,-0.202359,1,1,7.5,0.0,0.02,0.06,0.06,0.02,1.6094379124341003,False,0.734,1.7503268266241023,0,0,1,2,0.03,0.0007,0.9311,0.043,0.0214,0.0039,0.0006,-5,16
38,4,leon bailey|aston villa,Leon Bailey,Aston Villa,MID,60.0,0.031373,0.070361,0.101734,0.11,2.376235,0.09673,2.0,0.156865,0.211082,0.11,0.0,0.051621,-0.153333,0.0,0.0,1,1,9.8,0.0,0.01,0.2,0.2,0.01,2.2072749131897207,False,1.7479,1.859393877047034,0,0,2,4,0.0734,0.0039,0.8242,0.1433,0.0271,0.0053,0.0001,-1,18
38,4,lewis cook|bournemouth,Lewis Cook,Bournemouth,DEF,15.0,0.001397,0.006256,0.007653,0.26,0.978967,0.007623,1.0,0.00838,0.018768,0.0,0.0,0.000305,-0.026667,0.0,-0.021819,1,1,14.8,0.0,0.02,0.1,0.1,0.02,1.3470736479666092,False,0.3381,0.6821938067734126,0,0,1,1,0.006,0.0,0.9867,0.0123,0.001,0.0,0.0,-3,8
38,4,lewis dunk|brighton,Lewis Dunk,Brighton,DEF,0.0,0.0,0.0,0.0,0.27,0.0,0.0,0.0,0.0,0.0,0.0,0.0,0.0,0.0,0.0,0.0,1,1,7.6,0.0,0.03,0.33,0.33,0.03,1.3093333199837622,True,0.0,0.0,0,0,0,0,0.0,0.0,1.0,0.0,0.0,0.0,0.0,0,0
38,4,lewis hall|newcastle united,Lewis Hall,Newcastle United,DEF,90.0,0.037954,0.088644,0.126598,0.24,3.273188,0.118912,2.0,0.227724,0.265932,0.96,0.0,0.46749,-0.17,0.0,-0.477958,1,1,8.0,0.0,0.01,0.14,0.14,0.01,1.4271163556401458,False,3.2749,2.8567341475888157,1,1,6,7,0.1039,0.0069,0.5718,0.2964,0.104,0.0257,0.0021,-3,20
38,4,lewis miley|newcastle united,Lewis Miley,Newcastle United,MID,60.0,0.055666,0.082735,0.1384,0.24,2.738154,0.12925,2.0,0.27833,0.248204,0.24,0.0,0.051621,-0.08,0.0,0.0,1,1,9.8,0.0,0.02,0.06,0.06,0.02,1.4271163556401458,False,2.0163,2.1528665332528165,0,0,3,5,0.0933,0.0056,0.7353,0.2111,0.0436,0.0096,0.0004,-1,16
38,4,liam delap|chelsea,Liam Delap,Chelsea,FWD,15.0,0.064869,0.00153,0.066399,0.33,1.225732,0.064243,1.0,0.259475,0.004591,0.0,0.0,0.0,-0.038333,0.0,0.0,1,1,3.1,0.0,0.01,0.2,0.2,0.01,1.1086626245216111,False,0.7611,1.286245229340035,0,0,1,1,0.0451,0.0027,0.955,0.0348,0.0081,0.002,0.0001,-2,16
38,4,lisandro martínez|manchester united,Lisandro Martínez,Manchester United,DEF,0.0,0.0,0.0,0.0,0.2,0.0,0.0,0.0,0.0,0.0,0.0,0.0,0.0,0.0,0.0,0.0,1,1,7.5,0.0,0.02,0.1,0.1,0.02,1.6094379124341003,True,0.0,0.0,0,0,0,0,0.0,0.0,1.0,0.0,0.0,0.0,0.0,0,0
38,4,lorenzo lucca|nottingham forest,Lorenzo Lucca,Nottingham Forest,FWD,15.0,0.086455,0.008067,0.094522,0.24,1.35502,0.090192,1.0,0.34582,0.0242,0.0,0.0,0.0,-0.015,0.0,0.0,1,1,3.0,0.0,0.01,0.06,0.06,0.01,1.4271163556401458,False,0.8929,1.563595085052393,0,0,1,1,0.0678,0.0063,0.9324,0.049,0.0136,0.005,0.0,-2,12
38,4,loum tchaouna|burnley,Loum Tchaouna,Burnley,MID,15.0,0.016049,0.011084,0.027134,0.31,1.081832,0.026769,1.0,0.080246,0.033253,0.0,0.0,0.0,-0.031667,0.0,0.0,1,1,5.3,0.0,0.03,0.1,0.1,0.03,1.171182981502945,False,0.6178,0.9360145084345648,0,0,1,1,0.019,0.0006,0.981,0.013,0.0055,0.0005,0.0,-2,14
38,4,luca netz|nottingham forest,Luca Netz,Nottingham Forest,DEF,0.0,0.0,0.0,0.0,0.24,0.0,0.0,0.0,0.0,0.0,0.0,0.0,0.0,0.0,0.0,0.0,1,1,3.0,0.0,0.01,0.14,0.14,0.01,1.4271163556401458,True,0.0,0.0,0,0,0,0,0.0,0.0,1.0,0.0,0.0,0.0,0.0,0,0
38,4,lucas bergvall|tottenham,Lucas Bergvall,Tottenham,MID,0.0,0.0,0.0,0.0,0.3,0.0,0.0,0.0,0.0,0.0,0.0,0.0,0.0,0.0,0.0,0.0,1,1,7.7,0.0,0.01,0.2,0.2,0.01,1.2039728043259361,True,0.0,0.0,0,0,0,0,0.0,0.0,1.0,0.0,0.0,0.0,0.0,0,0
38,4,lucas digne|aston villa,Lucas Digne,Aston Villa,DEF,30.0,0.006831,0.026977,0.033807,0.11,0.84999,0.033242,1.0,0.040984,0.08093,0.0,0.0,1.6e-05,-0.096667,0.0,-0.175273,1,1,5.2,0.0,0.03,0.2,0.2,0.03,2.2072749131897207,False,0.0969,0.8951594215557361,-1,0,0,1,0.0198,0.0001,0.9826,0.0147,0.0026,0.0001,0.0,-6,10
38,4,lucas paquetá|west ham,Lucas Paquetá,West Ham,MID,0.0,0.0,0.0,0.0,0.28,0.0,0.0,0.0,0.0,0.0,0.0,0.0,0.0,0.0,0.0,0.0,1,1,8.7,0.0,0.02,0.2,0.2,0.02,1.2729656758128873,True,0.0,0.0,0,0,0,0,0.0,0.0,1.0,0.0,0.0,0.0,0.0,0,0
38,4,lucas perri|leeds,Lucas Perri,Leeds,GK,0.0,0.0,0.0,0.0,0.26,0.0,0.0,0.0,0.0,0.0,0.0,0.0,0.0,0.0,0.0,0.0,1,1,0.0,2.4,0.01,0.1,0.1,0.01,1.3470736479666092,True,0.0,0.0,0,0,0,0,0.0,0.0,1.0,0.0,0.0,0.0,0.0,0,0
38,4,lucas pires|burnley,Lucas Pires,Burnley,DEF,0.0,0.0,0.0,0.0,0.31,0.0,0.0,0.0,0.0,0.0,0.0,0.0,0.0,0.0,0.0,0.0,1,1,6.4,0.0,0.01,0.06,0.06,0.01,1.171182981502945,True,0.0,0.0,0,0,0,0,0.0,0.0,1.0,0.0,0.0,0.0,0.0,0,0
38,4,luis guilherme|west ham,Luis Guilherme,West Ham,MID,0.0,0.0,0.0,0.0,0.28,0.0,0.0,0.0,0.0,0.0,0.0,0.0,0.0,0.0,0.0,0.0,1,1,8.2,0.0,0.01,0.1,0.1,0.01,1.2729656758128873,True,0.0,0.0,0,0,0,0,0.0,0.0,1.0,0.0,0.0,0.0,0.0,0,0
38,4,lukas nmecha|leeds,Lukas Nmecha,Leeds,FWD,30.0,0.107918,0.026512,0.13443,0.26,1.463767,0.125786,1.0,0.431672,0.079535,0.0,0.0,0.0,-0.043333,-0.004107,0.0,1,1,4.6,0.0,0.01,0.1,0.1,0.01,1.3470736479666092,False,0.9438,1.6583852266587522,0,0,1,1,0.0838,0.0069,0.9165,0.0625,0.0164,0.0045,0.0001,-2,18
38,4,luke o'nien|sunderland,Luke O'Nien,Sunderland,MID,0.0,0.0,0.0,0.0,0.18,0.0,0.0,0.0,0.0,0.0,0.0,0.0,0.0,0.0,0.0,0.0,1,1,3.0,0.0,0.01,0.5,0.5,0.01,1.7147984280919266,True,0.0,0.0,0,0,0,0,0.0,0.0,1.0,0.0,0.0,0.0,0.0,0,0
38,4,luke shaw|manchester united,Luke Shaw,Manchester United,DEF,90.0,0.010011,0.030163,0.040175,0.2,2.204868,0.039378,2.0,0.060068,0.09049,0.8,0.0,0.079029,-0.26,0.0,-0.564719,1,1,5.5,0.0,0.02,0.2,0.2,0.02,1.6094379124341003,False,2.2747,2.3671586153023205,0,1,2,6,0.0365,0.0007,0.7555,0.1874,0.0514,0.0054,0.0003,-3,20
38,4,lutsharel geertruida|sunderland,Lutsharel Geertruida,Sunderland,DEF,30.0,0.013279,0.017421,0.030701,0.18,0.976563,0.030234,1.0,0.079677,0.052264,0.0,0.0,0.000121,-0.04,0.0,-0.115499,1,1,6.6,0.0,0.02,0.06,0.06,0.02,1.7147984280919266,False,0.2676,0.9318745838362585,0,0,1,1,0.0187,0.0003,0.982,0.0124,0.0053,0.0003,0.0,-4,14
38,4,lyle foster|burnley,Lyle Foster,Burnley,FWD,15.0,0.046139,0.010758,0.056897,0.31,1.151831,0.055309,1.0,0.184556,0.032274,0.0,0.0,0.0,-0.065,0.0,0.0,1,1,5.3,0.0,0.02,0.33,0.33,0.02,1.171182981502945,False,0.6862,1.1473140633671322,0,0,1,1,0.0383,0.0012,0.9617,0.0308,0.0067,0.0008,0.0,-2,12
38,4,mads hermansen|west ham,Mads Hermansen,West Ham,GK,90.0,0.0,0.0,0.0,0.28,3.550584,0.0,2.0,0.0,0.0,1.12,0.966667,0.0,-0.13,0.0,-0.406083,1,1,0.0,2.9,0.01,0.1,0.1,0.01,1.2729656758128873,False,3.2978,2.4051434801275366,1,2,6,7,0.0,0.0,0.5243,0.3208,0.1519,0.003,0.0,-3,11
38,4,malick thiaw|newcastle united,Malick Thiaw,Newcastle United,DEF,90.0,0.151816,0.026593,0.178409,0.24,3.979322,0.1634,2.0,0.910897,0.07978,0.96,0.0,0.706603,-0.2,0.0,-0.477958,1,1,9.0,0.0,0.02,0.14,0.14,0.02,1.4271163556401458,False,3.9693,3.5206189100781695,1,1,6,9,0.1489,0.0119,0.4876,0.3014,0.1428,0.0539,0.0143,-3,23
38,4,malo gusto|chelsea,Malo Gusto,Chelsea,DEF,75.0,0.050747,0.123717,0.174464,0.33,3.466053,0.160093,2.0,0.304481,0.371151,1.32,0.0,0.018644,-0.216667,0.0,-0.331556,1,1,5.2,0.0,0.02,0.2,0.2,0.02,1.1086626245216111,False,3.2519,3.0871744994411965,0,1,6,7,0.1514,0.0129,0.6141,0.2553,0.0921,0.0341,0.0044,-3,22
38,4,mamadou sarr|chelsea,Mamadou Sarr,Chelsea,DEF,0.0,0.0,0.0,0.0,0.33,0.0,0.0,0.0,0.0,0.0,0.0,0.0,0.0,0.0,0.0,0.0,1,1,5.0,0.0,0.02,0.06,0.06,0.02,1.1086626245216111,True,0.0,0.0,0,0,0,0,0.0,0.0,1.0,0.0,0.0,0.0,0.0,0,0
38,4,manuel ugarte|manchester united,Manuel Ugarte,Manchester United,MID,15.0,0.00941,0.00129,0.0107,0.2,1.002598,0.010643,1.0,0.047049,0.00387,0.0,0.0,1.2e-05,-0.048333,0.0,0.0,1,1,14.7,0.0,0.03,0.2,0.2,0.03,1.6094379124341003,False,0.5611,0.7377443934046534,0,0,1,1,0.0074,0.0,0.9902,0.0064,0.0034,0.0,0.0,-2,9
38,4,marc cucurella|chelsea,Marc Cucurella,Chelsea,DEF,90.0,0.052197,0.159854,0.21205,0.33,3.740213,0.191076,2.0,0.31318,0.479561,1.32,0.0,0.219028,-0.26,0.0,-0.331556,1,1,6.7,0.0,0.02,0.2,0.2,0.02,1.1086626245216111,False,3.7959,3.1374580778075747,1,1,6,8,0.1701,0.0179,0.5207,0.312,0.1222,0.0395,0.0056,-3,24
38,4,marc guehi|manchester city,Marc Guehi,Manchester City,DEF,90.0,0.14392,0.069268,0.213188,0.37,4.606164,0.191996,2.0,0.863518,0.207805,1.48,0.0,0.536192,-0.2,0.0,-0.281351,1,1,8.3,0.0,0.02,0.14,0.14,0.02,0.9942522733438669,False,4.6454,3.637562211151859,1,2,7,9,0.1683,0.0154,0.4175,0.3303,0.168,0.0669,0.0173,-3,29
38,4,marc guiu|chelsea,Marc Guiu,Chelsea,FWD,0.0,0.0,0.0,0.0,0.33,0.0,0.0,0.0,0.0,0.0,0.0,0.0,0.0,0.0,0.0,0.0,1,1,2.0,0.0,0.01,0.06,0.06,0.01,1.1086626245216111,True,0.0,0.0,0,0,0,0,0.0,0.0,1.0,0.0,0.0,0.0,0.0,0,0
38,4,marco bizot|aston villa,Marco Bizot,Aston Villa,GK,0.0,0.0,0.0,0.0,0.11,0.0,0.0,0.0,0.0,0.0,0.0,0.0,0.0,0.0,0.0,0.0,1,1,0.0,0.0,0.01,0.03,0.03,0.01,2.2072749131897207,True,0.0,0.0,0,0,0,0,0.0,0.0,1.0,0.0,0.0,0.0,0.0,0,0
38,4,marcos senesi|bournemouth,Marcos Senesi,Bournemouth,DEF,90.0,0.050282,0.112607,0.162889,0.26,4.427105,0.150315,2.0,0.301692,0.337822,1.04,0.0,1.448027,-0.26,0.0,-0.440437,1,1,12.2,0.0,0.02,0.2,0.2,0.02,1.3470736479666092,False,4.4542,3.1507621871540863,1,2,7,9,0.1342,0.009,0.3016,0.4449,0.1942,0.0503,0.009,-3,21
38,4,marcus edwards|burnley,Marcus Edwards,Burnley,MID,75.0,0.152303,0.164895,0.317198,0.31,3.493948,0.271813,2.0,0.761513,0.494685,0.31,0.0,0.00275,-0.075,0.0,0.0,1,1,5.3,0.0,0.01,0.06,0.06,0.01,1.171182981502945,False,3.3782,2.6898633348183325,1,2,4,8,0.2555,0.035,0.5607,0.2924,0.1094,0.0337,0.0038,-2,21
38,4,marcus tavernier|bournemouth,Marcus Tavernier,Bournemouth,MID,90.0,0.334191,0.169021,0.503212,0.26,4.342856,0.395414,2.0,1.670957,0.507062,0.26,0.0,0.214117,-0.26,-0.04928,0.0,1,1,8.3,0.0,0.02,0.2,0.2,0.02,1.3470736479666092,False,4.4664,3.5757895687526133,2,2,7,9,0.3631,0.0748,0.4637,0.2655,0.1779,0.0751,0.0178,-1,25
38,4,marshall munetsi|wolverhampton wanderers,Marshall Munetsi,Wolverhampton Wanderers,MID,0.0,0.0,0.0,0.0,0.32,0.0,0.0,0.0,0.0,0.0,0.0,0.0,0.0,0.0,0.0,0.0,1,1,5.0,0.0,0.01,0.14,0.14,0.01,1.1394342831883648,True,0.0,0.0,0,0,0,0,0.0,0.0,1.0,0.0,0.0,0.0,0.0,0,0
38,4,martin dubravka|burnley,Martin Dubravka,Burnley,GK,90.0,0.0,0.000232,0.000232,0.31,4.054413,0.000232,2.0,0.0,0.000696,1.24,1.233333,0.0,-0.06,0.0,-0.359616,1,1,0.0,3.7,0.01,0.03,0.03,0.01,1.171182981502945,False,3.8222,2.471150978795104,1,2,6,7,0.0,0.0,0.3991,0.384,0.2089,0.008,0.0,-2,12
38,4,martin odegaard|arsenal,Martin Odegaard,Arsenal,MID,75.0,0.059283,0.224399,0.283681,0.41,3.343698,0.246993,2.0,0.296413,0.673196,0.41,0.0,0.019223,-0.05,-0.005133,0.0,1,1,6.8,0.0,0.01,0.03,0.03,0.01,0.8915981192837836,False,3.196,2.2624287834095465,1,2,3,6,0.2282,0.0295,0.5155,0.3883,0.0748,0.0196,0.0018,-2,18
38,4,martín zubimendi|arsenal,Martín Zubimendi,Arsenal,MID,90.0,0.072638,0.029193,0.101831,0.41,2.999192,0.096818,2.0,0.363189,0.087579,0.41,0.0,0.338424,-0.2,0.0,0.0,1,1,9.1,0.0,0.02,0.14,0.14,0.02,0.8915981192837836,False,2.9377,1.8480851468479478,2,2,3,5,0.077,0.0042,0.5213,0.4174,0.0469,0.0136,0.0008,-1,17
38,4,mason mount|manchester united,Mason Mount,Manchester United,MID,0.0,0.0,0.0,0.0,0.2,0.0,0.0,0.0,0.0,0.0,0.0,0.0,0.0,0.0,0.0,0.0,1,1,7.0,0.0,0.02,0.1,0.1,0.02,1.6094379124341003,True,0.0,0.0,0,0,0,0,0.0,0.0,1.0,0.0,0.0,0.0,0.0,0,0
38,4,mateo kovacic|manchester city,Mateo Kovacic,Manchester City,MID,0.0,0.0,0.0,0.0,0.37,0.0,0.0,0.0,0.0,0.0,0.0,0.0,0.0,0.0,0.0,0.0,1,1,3.0,0.0,0.02,0.14,0.14,0.02,0.9942522733438669,True,0.0,0.0,0,0,0,0,0.0,0.0,1.0,0.0,0.0,0.0,0.0,0,0
38,4,mateus fernandes|west ham,Mateus Fernandes,West Ham,MID,90.0,0.036423,0.119408,0.155831,0.28,3.453808,0.144296,2.0,0.182117,0.358223,0.28,0.0,0.893468,-0.26,0.0,0.0,1,1,11.7,0.0,0.02,0.2,0.2,0.02,1.2729656758128873,False,3.3603,1.9985704666085706,2,2,4,6,0.125,0.0088,0.441,0.4866,0.0569,0.0148,0.0007,-1,18
38,4,mateus mané|wolverhampton wanderers,Mateus Mané,Wolverhampton Wanderers,FWD,90.0,0.078101,0.122885,0.200986,0.32,2.592247,0.182076,2.0,0.312404,0.368654,0.0,0.0,0.001189,-0.09,0.0,0.0,1,1,4.0,0.0,0.01,0.06,0.06,0.01,1.1394342831883648,False,2.6555,1.779893184997347,2,2,2,6,0.1692,0.0146,0.8306,0.1168,0.043,0.0093,0.0003,-1,15
38,4,matheus cunha|manchester united,Matheus Cunha,Manchester United,MID,80.0,0.150557,0.075683,0.22624,0.2,3.127141,0.202473,2.0,0.752786,0.227048,0.2,0.0,0.053974,-0.106667,0.0,0.0,1,1,7.4,0.0,0.02,0.06,0.06,0.02,1.6094379124341003,False,2.9978,2.496356376801998,1,2,3,7,0.1803,0.0197,0.6689,0.207,0.0983,0.0225,0.0033,-2,20
38,4,matheus nunes|manchester city,Matheus Nunes,Manchester City,DEF,90.0,0.023704,0.079876,0.103579,0.37,3.599526,0.098395,2.0,0.142221,0.239627,1.48,0.0,0.219028,-0.2,0.0,-0.281351,1,1,6.7,0.0,0.02,0.14,0.14,0.02,0.9942522733438669,False,3.6869,2.817138333486661,1,1,6,7,0.0867,0.0049,0.5288,0.3331,0.1135,0.0228,0.0018,-3,19
38,4,mathias jensen|brentford,Mathias Jensen,Brentford,MID,75.0,0.038104,0.126238,0.164342,0.13,2.412581,0.151548,2.0,0.190519,0.378713,0.13,0.0,0.038349,-0.325,0.0,0.0,1,1,7.5,0.0,0.02,0.33,0.33,0.02,2.0402208285265546,False,2.3692,1.84918667527105,1,1,2,5,0.1457,0.011,0.7634,0.1896,0.0386,0.0082,0.0002,-2,15
38,4,mathys tel|tottenham,Mathys Tel,Tottenham,MID,60.0,0.090869,0.095486,0.186355,0.3,2.996949,0.170021,2.0,0.454345,0.286459,0.3,0.0,0.016145,-0.06,0.0,0.0,1,1,8.3,0.0,0.01,0.06,0.06,0.01,1.2039728043259361,False,2.1585,2.401703093640011,0,0,3,5,0.1202,0.0134,0.7083,0.2186,0.056,0.0159,0.0012,-1,19
38,4,mats wieffer|brighton,Mats Wieffer,Brighton,MID,0.0,0.0,0.0,0.0,0.27,0.0,0.0,0.0,0.0,0.0,0.0,0.0,0.0,0.0,0.0,0.0,1,1,13.6,0.0,0.01,0.33,0.33,0.01,1.3093333199837622,True,0.0,0.0,0,0,0,0,0.0,0.0,1.0,0.0,0.0,0.0,0.0,0,0
38,4,matt doherty|wolverhampton wanderers,Matt Doherty,Wolverhampton Wanderers,DEF,15.0,0.001052,0.002772,0.003824,0.32,0.905347,0.003817,1.0,0.006314,0.008316,0.0,0.0,1e-06,-0.093333,0.0,-0.01595,1,1,7.3,0.0,0.02,0.5,0.5,0.02,1.1394342831883648,False,0.3131,0.6098101261868321,0,0,1,1,0.0036,0.0,0.9967,0.0027,0.0006,0.0,0.0,-3,9
38,4,matt o'riley|brighton,Matt O'Riley,Brighton,DEF,0.0,0.0,0.0,0.0,0.27,0.0,0.0,0.0,0.0,0.0,0.0,0.0,0.0,0.0,0.0,0.0,1,1,0.0,0.0,0.01,0.06,0.06,0.01,1.3093333199837622,True,0.0,0.0,0,0,0,0,0.0,0.0,1.0,0.0,0.0,0.0,0.0,0,0
38,4,matthew cash|aston villa,Matthew Cash,Aston Villa,DEF,90.0,0.024131,0.064371,0.088502,0.11,1.606982,0.084699,2.0,0.144787,0.193112,0.44,0.0,0.105745,-0.42,0.0,-0.856662,1,1,5.8,0.0,0.03,0.33,0.33,0.03,2.2072749131897207,False,1.6625,2.333536747085848,0,0,2,6,0.0758,0.0033,0.805,0.1474,0.0397,0.0078,0.0001,-4,17
38,4,matthijs de ligt|manchester united,Matthijs de Ligt,Manchester United,DEF,0.0,0.0,0.0,0.0,0.2,0.0,0.0,0.0,0.0,0.0,0.0,0.0,0.0,0.0,0.0,0.0,1,1,8.2,0.0,0.02,0.06,0.06,0.02,1.6094379124341003,True,0.0,0.0,0,0,0,0,0.0,0.0,1.0,0.0,0.0,0.0,0.0,0,0
38,4,matz sels|nottingham forest,Matz Sels,Nottingham Forest,GK,0.0,0.0,0.0,0.0,0.24,0.0,0.0,0.0,0.0,0.0,0.0,0.0,0.0,0.0,0.0,0.0,1,1,0.0,3.1,0.01,0.06,0.06,0.01,1.4271163556401458,True,0.0,0.0,0,0,0,0,0.0,0.0,1.0,0.0,0.0,0.0,0.0,0,0
38,4,max alleyne|manchester city,Max Alleyne,Manchester City,DEF,0.0,0.0,0.0,0.0,0.37,0.0,0.0,0.0,0.0,0.0,0.0,0.0,0.0,0.0,0.0,0.0,1,1,7.3,0.0,0.02,0.1,0.1,0.02,0.9942522733438669,True,0.0,0.0,0,0,0,0,0.0,0.0,1.0,0.0,0.0,0.0,0.0,0,0
38,4,max dowman|arsenal,Max Dowman,Arsenal,MID,0.0,0.0,0.0,0.0,0.41,0.0,0.0,0.0,0.0,0.0,0.0,0.0,0.0,0.0,0.0,0.0,1,1,0.0,0.0,0.02,0.06,0.06,0.02,0.8915981192837836,True,0.0,0.0,0,0,0,0,0.0,0.0,1.0,0.0,0.0,0.0,0.0,0,0
38,4,max kilman|west ham,Max Kilman,West Ham,DEF,15.0,0.010624,0.00199,0.012614,0.28,1.00675,0.012534,1.0,0.063741,0.00597,0.0,0.0,6e-06,-0.043333,0.0,-0.019634,1,1,9.2,0.0,0.02,0.2,0.2,0.02,1.2729656758128873,False,0.343,0.834236776940456,0,0,1,1,0.0085,0.0001,0.9912,0.0031,0.0056,0.0001,0.0,-4,10
38,4,maxence lacroix|crystal palace,Maxence Lacroix,Crystal Palace,DEF,90.0,0.066962,0.01948,0.086442,0.2,3.547621,0.082811,2.0,0.401772,0.058439,0.8,0.0,1.082129,-0.23,0.0,-0.564719,1,1,10.5,0.0,0.03,0.14,0.14,0.03,1.6094379124341003,False,3.5842,3.0334980402169376,1,1,5,8,0.0757,0.0036,0.4565,0.3751,0.1297,0.0316,0.0071,-4,23
38,4,maxim de cuyper|brighton,Maxim De Cuyper,Brighton,DEF,15.0,0.015902,0.042379,0.05828,0.27,1.158518,0.056614,1.0,0.095409,0.127136,0.0,0.0,0.0,-0.043333,0.0,-0.020694,1,1,4.0,0.0,0.02,0.2,0.2,0.02,1.3093333199837622,False,0.4618,1.0993365089907638,0,0,1,1,0.0404,0.0015,0.9611,0.0316,0.0065,0.0008,0.0,-4,12
38,4,maxime estève|burnley,Maxime Estève,Burnley,DEF,90.0,0.023782,0.026964,0.050747,0.31,3.91792,0.049481,2.0,0.142693,0.080893,1.24,0.0,0.93395,-0.12,0.0,-0.359616,1,1,9.9,0.0,0.03,0.03,0.03,0.03,1.171182981502945,False,3.9596,2.839501336502591,1,2,6,8,0.0455,0.0011,0.4212,0.3908,0.1603,0.0249,0.0028,-4,21
38,4,melker ellborg|sunderland,Melker Ellborg,Sunderland,MID,0.0,0.0,0.0,0.0,0.18,0.0,0.0,0.0,0.0,0.0,0.0,0.0,0.0,0.0,0.0,0.0,1,1,0.0,0.0,0.0,0.0,0.0,0.0,1.7147984280919266,True,0.0,0.0,0,0,0,0,0.0,0.0,1.0,0.0,0.0,0.0,0.0,0,0
38,4,merlin röhl|everton,Merlin Röhl,Everton,MID,15.0,0.010115,0.03728,0.047395,0.26,1.142415,0.046289,1.0,0.050573,0.111841,0.0,0.0,1e-06,-0.02,0.0,0.0,1,1,11.0,0.0,0.02,0.06,0.06,0.02,1.3470736479666092,False,0.696,1.0582929651093784,0,0,1,1,0.0382,0.0014,0.9615,0.0331,0.0046,0.0007,0.0001,-2,15
38,4,michael kayode|brentford,Michael Kayode,Brentford,DEF,90.0,0.048166,0.045953,0.094119,0.13,2.071974,0.089826,2.0,0.288995,0.137859,0.52,0.0,0.189455,-0.29,0.0,-0.774335,1,1,6.5,0.0,0.03,0.2,0.2,0.03,2.0402208285265546,False,2.1124,2.5747167300501235,0,1,2,6,0.0803,0.0042,0.7539,0.1749,0.0581,0.0118,0.0013,-4,23
38,4,michael keane|everton,Michael Keane,Everton,DEF,90.0,0.086774,0.001951,0.088725,0.26,4.009495,0.084903,2.0,0.520643,0.005854,1.04,0.0,1.033435,-0.15,0.0,-0.440437,1,1,10.3,0.0,0.03,0.06,0.06,0.03,1.3470736479666092,False,4.0147,3.150029191928227,1,2,6,8,0.0741,0.0027,0.4137,0.382,0.1578,0.0366,0.0099,-3,24
38,4,micky van de ven|tottenham,Micky van de Ven,Tottenham,DEF,0.0,0.0,0.0,0.0,0.3,0.0,0.0,0.0,0.0,0.0,0.0,0.0,0.0,0.0,0.0,0.0,1,1,6.7,0.0,0.02,0.33,0.33,0.02,1.2039728043259361,True,0.0,0.0,0,0,0,0,0.0,0.0,1.0,0.0,0.0,0.0,0.0,0,0
38,4,mike trésor|burnley,Mike Trésor,Burnley,FWD,0.0,0.0,0.0,0.0,0.31,0.0,0.0,0.0,0.0,0.0,0.0,0.0,0.0,0.0,0.0,0.0,1,1,0.0,0.0,0.01,0.03,0.03,0.01,1.171182981502945,True,0.0,0.0,0,0,0,0,0.0,0.0,1.0,0.0,0.0,0.0,0.0,0,0
38,4,mikel merino|arsenal,Mikel Merino,Arsenal,MID,0.0,0.0,0.0,0.0,0.41,0.0,0.0,0.0,0.0,0.0,0.0,0.0,0.0,0.0,0.0,0.0,1,1,10.0,0.0,0.02,0.2,0.2,0.02,0.8915981192837836,True,0.0,0.0,0,0,0,0,0.0,0.0,1.0,0.0,0.0,0.0,0.0,0,0
38,4,mikkel damsgaard|brentford,Mikkel Damsgaard,Brentford,MID,75.0,0.066463,0.144134,0.210597,0.13,2.800003,0.1899,2.0,0.332315,0.432402,0.13,0.0,0.230286,-0.325,0.0,0.0,1,1,10.1,0.0,0.02,0.33,0.33,0.02,2.0402208285265546,False,2.8005,2.2525762473221635,1,1,4,6,0.1839,0.0174,0.6546,0.2619,0.0649,0.0177,0.0009,-2,18
38,4,milos kerkez|liverpool,Milos Kerkez,Liverpool,DEF,75.0,0.093147,0.047326,0.140473,0.3,3.346801,0.131053,2.0,0.558882,0.141977,1.2,0.0,0.037095,-0.216667,0.0,-0.374486,1,1,5.8,0.0,0.02,0.2,0.2,0.02,1.2039728043259361,False,3.2262,3.2019421543806814,0,1,6,7,0.1231,0.0082,0.6328,0.2279,0.0996,0.0336,0.0061,-4,21
38,4,mohamadou kanté|west ham,Mohamadou Kanté,West Ham,MID,0.0,0.0,0.0,0.0,0.28,0.0,0.0,0.0,0.0,0.0,0.0,0.0,0.0,0.0,0.0,0.0,1,1,3.0,0.0,0.02,0.14,0.14,0.02,1.2729656758128873,True,0.0,0.0,0,0,0,0,0.0,0.0,1.0,0.0,0.0,0.0,0.0,0,0
38,4,mohamed salah|liverpool,Mohamed Salah,Liverpool,MID,0.0,0.0,0.0,0.0,0.3,0.0,0.0,0.0,0.0,0.0,0.0,0.0,0.0,0.0,0.0,0.0,1,1,3.9,0.0,0.01,0.06,0.06,0.01,1.2039728043259361,True,0.0,0.0,0,0,0,0,0.0,0.0,1.0,0.0,0.0,0.0,0.0,0,0
38,4,mohammed kudus|tottenham,Mohammed Kudus,Tottenham,MID,0.0,0.0,0.0,0.0,0.3,0.0,0.0,0.0,0.0,0.0,0.0,0.0,0.0,0.0,0.0,0.0,1,1,7.8,0.0,0.01,0.14,0.14,0.01,1.2039728043259361,True,0.0,0.0,0,0,0,0,0.0,0.0,1.0,0.0,0.0,0.0,0.0,0,0
38,4,moisés caicedo|chelsea,Moisés Caicedo,Chelsea,MID,90.0,0.052197,0.084628,0.136825,0.33,3.659619,0.127877,2.0,0.260984,0.253885,0.33,0.0,1.20475,-0.39,0.0,0.0,1,1,13.1,0.0,0.02,0.33,0.33,0.02,1.1086626245216111,False,3.5731,2.0477442198673153,2,2,4,6,0.1139,0.0087,0.348,0.5735,0.0578,0.0198,0.0009,-1,18
38,4,morato|nottingham forest,Morato,Nottingham Forest,DEF,30.0,0.025837,0.0,0.025837,0.24,0.942554,0.025506,1.0,0.155023,0.0,0.0,0.0,0.001932,-0.13,0.0,-0.084402,1,1,9.4,0.0,0.02,0.33,0.33,0.02,1.4271163556401458,False,0.3184,1.0660306937419766,0,0,1,1,0.0148,0.0003,0.9818,0.0075,0.0101,0.0004,0.0002,-4,18
38,4,morgan gibbs-white|nottingham forest,Morgan Gibbs-White,Nottingham Forest,MID,90.0,0.346659,0.104164,0.450823,0.24,4.153981,0.362897,2.0,1.733296,0.312492,0.24,0.0,0.007472,-0.09,-0.04928,0.0,1,1,5.0,0.0,0.01,0.06,0.06,0.01,1.4271163556401458,False,4.2709,3.4751853461362314,2,2,7,9,0.3302,0.0614,0.5162,0.2156,0.1911,0.0585,0.0186,-1,26
38,4,morgan rogers|aston villa,Morgan Rogers,Aston Villa,MID,90.0,0.147354,0.105948,0.253303,0.11,3.015517,0.223767,2.0,0.736772,0.317845,0.11,0.0,0.036301,-0.17,-0.0154,0.0,1,1,6.2,0.0,0.01,0.14,0.14,0.01,2.2072749131897207,False,3.0743,2.461377563479443,2,2,3,7,0.2027,0.0226,0.7136,0.1574,0.1037,0.022,0.0033,-1,23
38,4,murillo|nottingham forest,Murillo,Nottingham Forest,DEF,90.0,0.022459,0.009985,0.032444,0.24,3.219597,0.031923,2.0,0.134756,0.029954,0.96,0.0,0.832846,-0.26,0.0,-0.477958,1,1,9.5,0.0,0.02,0.2,0.2,0.02,1.4271163556401458,False,3.2177,2.655843879071208,1,1,5,7,0.028,0.0005,0.5204,0.3509,0.1141,0.0133,0.0013,-3,23
38,4,myles lewis-skelly|arsenal,Myles Lewis-Skelly,Arsenal,DEF,0.0,0.0,0.0,0.0,0.41,0.0,0.0,0.0,0.0,0.0,0.0,0.0,0.0,0.0,0.0,0.0,1,1,4.1,0.0,0.02,0.5,0.5,0.02,0.8915981192837836,True,0.0,0.0,0,0,0,0,0.0,0.0,1.0,0.0,0.0,0.0,0.0,0,0
38,4,myles peart-harris|brentford,Myles Peart-Harris,Brentford,MID,0.0,0.0,0.0,0.0,0.13,0.0,0.0,0.0,0.0,0.0,0.0,0.0,0.0,0.0,0.0,0.0,1,1,0.0,0.0,0.02,0.03,0.03,0.02,2.0402208285265546,True,0.0,0.0,0,0,0,0,0.0,0.0,1.0,0.0,0.0,0.0,0.0,0,0
38,4,naif aguerd|west ham,Naif Aguerd,West Ham,DEF,15.0,0.006071,0.0,0.006071,0.28,0.973456,0.006052,1.0,0.036423,0.0,0.0,0.0,0.0,-0.043333,0.0,-0.019634,1,1,2.0,0.0,0.02,0.2,0.2,0.02,1.2729656758128873,False,0.3234,0.7373007798720953,0,0,1,1,0.0045,0.0001,0.9955,0.0015,0.0027,0.0003,0.0,-4,14
38,4,nathan aké|manchester city,Nathan Aké,Manchester City,DEF,15.0,0.004537,0.013484,0.018021,0.37,1.02201,0.01786,1.0,0.027222,0.040452,0.0,0.0,0.0,-0.033333,0.0,-0.012331,1,1,7.0,0.0,0.02,0.14,0.14,0.02,0.9942522733438669,False,0.4171,0.7616610729189198,0,0,1,1,0.013,0.0001,0.9871,0.0103,0.0025,0.0001,0.0,-3,10
38,4,nathan collins|brentford,Nathan Collins,Brentford,DEF,15.0,0.010687,0.006892,0.01758,0.13,0.99482,0.017426,1.0,0.064125,0.020677,0.0,0.0,1.5e-05,-0.043333,0.0,-0.046663,1,1,10.3,0.0,0.02,0.2,0.2,0.02,2.0402208285265546,False,0.1693,0.9215408346893805,0,0,0,1,0.0117,0.0004,0.9879,0.0067,0.0047,0.0006,0.0001,-5,15
38,4,nathan patterson|everton,Nathan Patterson,Everton,DEF,0.0,0.0,0.0,0.0,0.26,0.0,0.0,0.0,0.0,0.0,0.0,0.0,0.0,0.0,0.0,0.0,1,1,11.4,0.0,0.01,0.1,0.1,0.01,1.3470736479666092,True,0.0,0.0,0,0,0,0,0.0,0.0,1.0,0.0,0.0,0.0,0.0,0,0
38,4,nathaniel clyne|crystal palace,Nathaniel Clyne,Crystal Palace,DEF,0.0,0.0,0.0,0.0,0.2,0.0,0.0,0.0,0.0,0.0,0.0,0.0,0.0,0.0,0.0,0.0,1,1,7.3,0.0,0.02,0.06,0.06,0.02,1.6094379124341003,True,0.0,0.0,0,0,0,0,0.0,0.0,1.0,0.0,0.0,0.0,0.0,0,0
38,4,neco williams|nottingham forest,Neco Williams,Nottingham Forest,DEF,90.0,0.044331,0.1413,0.185631,0.24,3.239955,0.16942,2.0,0.265987,0.423901,0.96,0.0,0.268025,-0.2,0.0,-0.477958,1,1,7.0,0.0,0.02,0.14,0.14,0.02,1.4271163556401458,False,3.2432,2.9329258019936337,1,1,6,7,0.1462,0.011,0.5926,0.2773,0.0973,0.0303,0.0025,-4,24
38,4,nehemiah oriola|brighton,Nehemiah Oriola,Brighton,FWD,0.0,0.0,0.0,0.0,0.27,0.0,0.0,0.0,0.0,0.0,0.0,0.0,0.0,0.0,0.0,0.0,1,1,0.0,0.0,0.01,0.03,0.03,0.01,1.3093333199837622,True,0.0,0.0,0,0,0,0,0.0,0.0,1.0,0.0,0.0,0.0,0.0,0,0
38,4,nick pope|newcastle united,Nick Pope,Newcastle United,GK,90.0,0.007591,0.0,0.007591,0.24,3.531283,0.007562,2.0,0.075908,0.0,0.96,1.033333,0.0,-0.06,0.0,-0.477958,1,1,0.0,3.1,0.01,0.03,0.03,0.01,1.4271163556401458,False,3.237,2.5074750248008453,1,2,5,7,0.0071,0.0,0.5348,0.3168,0.1375,0.0081,0.0028,-3,20
38,4,nick woltemade|newcastle united,Nick Woltemade,Newcastle United,FWD,30.0,0.09615,0.020684,0.116834,0.24,1.416652,0.110267,1.0,0.384601,0.062051,0.0,0.0,0.0,-0.03,0.0,0.0,1,1,4.6,0.0,0.01,0.06,0.06,0.01,1.4271163556401458,False,0.8973,1.5959801721825997,0,0,1,1,0.0744,0.006,0.9259,0.0547,0.0149,0.0043,0.0002,-2,15
38,4,niclas füllkrug|west ham,Niclas Füllkrug,West Ham,FWD,0.0,0.0,0.0,0.0,0.28,0.0,0.0,0.0,0.0,0.0,0.0,0.0,0.0,0.0,0.0,0.0,1,1,4.2,0.0,0.01,0.1,0.1,0.01,1.2729656758128873,True,0.0,0.0,0,0,0,0,0.0,0.0,1.0,0.0,0.0,0.0,0.0,0,0
38,4,nico gonzález|manchester city,Nico González,Manchester City,MID,15.0,0.004861,0.007409,0.01227,0.37,0.981533,0.012195,1.0,0.024305,0.022226,0.0,0.0,2e-06,-0.065,0.0,0.0,1,1,12.0,0.0,0.02,0.33,0.33,0.02,0.9942522733438669,False,0.5432,0.7081904828504828,0,0,1,1,0.0096,0.0001,0.9903,0.0073,0.0024,0.0,0.0,-2,8
38,4,nico o'reilly|manchester city,Nico O'Reilly,Manchester City,DEF,90.0,0.272626,0.117498,0.390124,0.37,5.064766,0.323027,2.0,1.635753,0.352494,1.48,0.0,0.13787,-0.26,0.0,-0.281351,1,1,6.1,0.0,0.02,0.2,0.2,0.02,0.9942522733438669,False,5.1316,4.284399775931281,1,2,7,11,0.2864,0.0437,0.426,0.2762,0.1658,0.0976,0.0344,-3,30
38,4,nicolás domínguez|nottingham forest,Nicolás Domínguez,Nottingham Forest,DEF,30.0,0.015961,0.048457,0.064418,0.24,1.072001,0.062387,1.0,0.095767,0.14537,0.0,0.0,0.001932,-0.086667,0.0,-0.084402,1,1,9.4,0.0,0.02,0.2,0.2,0.02,1.4271163556401458,False,0.4244,1.1481657720033287,0,0,1,1,0.0405,0.0016,0.9588,0.032,0.0086,0.0006,0.0,-4,14
38,4,nicolò savona|nottingham forest,Nicolò Savona,Nottingham Forest,DEF,0.0,0.0,0.0,0.0,0.24,0.0,0.0,0.0,0.0,0.0,0.0,0.0,0.0,0.0,0.0,0.0,1,1,5.0,0.0,0.02,0.2,0.2,0.02,1.4271163556401458,True,0.0,0.0,0,0,0,0,0.0,0.0,1.0,0.0,0.0,0.0,0.0,0,0
38,4,nikola milenkovic|nottingham forest,Nikola Milenkovic,Nottingham Forest,DEF,90.0,0.012955,0.001512,0.014468,0.24,2.81724,0.014363,2.0,0.077731,0.004537,0.96,0.0,0.512931,-0.26,0.0,-0.477958,1,1,8.2,0.0,0.02,0.2,0.2,0.02,1.4271163556401458,False,2.8254,2.5129892240119136,0,1,5,6,0.0126,0.0001,0.623,0.285,0.0842,0.0073,0.0005,-3,16
38,4,nilson angulo|sunderland,Nilson Angulo,Sunderland,FWD,0.0,0.0,0.0,0.0,0.18,0.0,0.0,0.0,0.0,0.0,0.0,0.0,0.0,0.0,0.0,0.0,1,1,7.0,0.0,0.01,0.2,0.2,0.01,1.7147984280919266,True,0.0,0.0,0,0,0,0,0.0,0.0,1.0,0.0,0.0,0.0,0.0,0,0
38,4,noah okafor|leeds,Noah Okafor,Leeds,MID,75.0,0.170889,0.061611,0.2325,0.26,3.092245,0.20745,2.0,0.854446,0.184833,0.26,0.0,0.009633,-0.216667,0.0,0.0,1,1,6.2,0.0,0.02,0.2,0.2,0.02,1.3470736479666092,False,3.0196,2.6619195780488933,1,2,3,7,0.1947,0.0208,0.6506,0.2103,0.1093,0.0259,0.0039,-2,22
38,4,noah sadiki|sunderland,Noah Sadiki,Sunderland,MID,60.0,0.026852,0.032272,0.059124,0.18,2.268896,0.057411,2.0,0.13426,0.096817,0.18,0.0,0.011152,-0.153333,0.0,0.0,1,1,7.9,0.0,0.01,0.2,0.2,0.01,1.7147984280919266,False,1.5919,1.5994856642058408,0,0,2,3,0.0438,0.001,0.8436,0.1329,0.0209,0.0026,0.0,-1,13
38,4,noni madueke|arsenal,Noni Madueke,Arsenal,MID,5.0,0.006442,0.010036,0.016478,0.41,1.058986,0.016343,1.0,0.03221,0.030109,0.0,0.0,0.0,-0.003333,0.0,0.0,1,1,5.0,0.0,0.01,0.03,0.03,0.01,0.8915981192837836,False,0.3304,0.608141299370467,0,0,1,1,0.0056,0.0,0.9944,0.0043,0.0013,0.0,0.0,0,9
38,4,nordi mukiele|sunderland,Nordi Mukiele,Sunderland,DEF,90.0,0.065355,0.108539,0.173894,0.18,3.429747,0.159614,2.0,0.392131,0.325617,0.72,0.0,0.807498,-0.2,0.0,-0.615499,1,1,9.4,0.0,0.02,0.14,0.14,0.02,1.7147984280919266,False,3.3993,3.085556596466835,1,1,5,8,0.1467,0.0102,0.5138,0.3307,0.1145,0.0356,0.0054,-4,27
38,4,noussair mazraoui|manchester united,Noussair Mazraoui,Manchester United,DEF,75.0,0.011704,0.007757,0.019461,0.2,2.240331,0.019273,2.0,0.070224,0.023272,0.8,0.0,0.378221,-0.466667,0.0,-0.564719,1,1,9.1,0.0,0.02,0.5,0.5,0.02,1.6094379124341003,False,2.1274,2.4417553603913724,0,1,3,6,0.0183,0.0003,0.7001,0.2332,0.0608,0.0056,0.0003,-3,16
38,4,odsonne edouard|crystal palace,Odsonne Edouard,Crystal Palace,DEF,0.0,0.0,0.0,0.0,0.2,0.0,0.0,0.0,0.0,0.0,0.0,0.0,0.0,0.0,0.0,0.0,1,1,0.0,0.0,0.01,0.03,0.03,0.01,1.6094379124341003,True,0.0,0.0,0,0,0,0,0.0,0.0,1.0,0.0,0.0,0.0,0.0,0,0
38,4,ola aina|nottingham forest,Ola Aina,Nottingham Forest,DEF,90.0,0.02302,0.026654,0.049674,0.24,2.674872,0.04846,2.0,0.138119,0.079961,0.96,0.0,0.23475,-0.26,0.0,-0.477958,1,1,6.8,0.0,0.02,0.2,0.2,0.02,1.4271163556401458,False,2.7191,2.5379115804141015,0,1,5,6,0.0452,0.0005,0.6706,0.2487,0.0694,0.0106,0.0007,-3,19
38,4,oleksandr zinchenko|nottingham forest,Oleksandr Zinchenko,Nottingham Forest,DEF,0.0,0.0,0.0,0.0,0.24,0.0,0.0,0.0,0.0,0.0,0.0,0.0,0.0,0.0,0.0,0.0,1,1,6.1,0.0,0.02,0.14,0.14,0.02,1.4271163556401458,True,0.0,0.0,0,0,0,0,0.0,0.0,1.0,0.0,0.0,0.0,0.0,0,0
38,4,oliver scarles|west ham,Oliver Scarles,West Ham,DEF,15.0,0.004553,0.025872,0.030425,0.28,1.051976,0.029966,1.0,0.027318,0.077615,0.0,0.0,1.1e-05,-0.033333,0.0,-0.019634,1,1,9.9,0.0,0.02,0.14,0.14,0.02,1.2729656758128873,False,0.3935,0.885244457762939,0,0,1,1,0.0235,0.0007,0.9766,0.0197,0.0034,0.0003,0.0,-4,10
38,4,oliver sonne|burnley,Oliver Sonne,Burnley,DEF,0.0,0.0,0.0,0.0,0.31,0.0,0.0,0.0,0.0,0.0,0.0,0.0,0.0,0.0,0.0,0.0,1,1,0.0,0.0,0.03,0.03,0.03,0.03,1.171182981502945,True,0.0,0.0,0,0,0,0,0.0,0.0,1.0,0.0,0.0,0.0,0.0,0,0
38,4,olivier boscagli|brighton,Olivier Boscagli,Brighton,DEF,90.0,0.0,0.021046,0.021046,0.27,2.74391,0.020826,2.0,0.0,0.063138,1.08,0.0,0.583664,-0.56,0.0,-0.422892,1,1,8.5,0.0,0.02,0.5,0.5,0.02,1.3093333199837622,False,2.8235,2.5330115968941005,0,1,5,6,0.0183,0.0001,0.5804,0.324,0.0914,0.0042,0.0,-3,12
38,4,ollie watkins|aston villa,Ollie Watkins,Aston Villa,FWD,75.0,0.267328,0.02462,0.291948,0.11,3.022027,0.253193,2.0,1.069311,0.073861,0.0,0.0,2.1e-05,-0.108333,-0.012833,0.0,1,1,3.1,0.0,0.01,0.1,0.1,0.01,2.2072749131897207,False,3.0353,2.6038536652431143,1,2,2,7,0.2342,0.0342,0.7661,0.1051,0.0969,0.0297,0.0022,-2,21
38,4,omar alderete|sunderland,Omar Alderete,Sunderland,DEF,75.0,0.044511,0.018266,0.062777,0.18,2.734218,0.060847,2.0,0.267065,0.054799,0.72,0.0,0.524519,-0.216667,0.0,-0.615499,1,1,9.9,0.0,0.02,0.2,0.2,0.02,1.7147984280919266,False,2.5494,2.738678447718899,0,1,4,7,0.0567,0.0011,0.644,0.2557,0.0806,0.018,0.0017,-5,20
38,4,omar marmoush|manchester city,Omar Marmoush,Manchester City,FWD,0.0,0.0,0.0,0.0,0.37,0.0,0.0,0.0,0.0,0.0,0.0,0.0,0.0,0.0,0.0,0.0,1,1,5.3,0.0,0.01,0.14,0.14,0.01,0.9942522733438669,True,0.0,0.0,0,0,0,0,0.0,0.0,1.0,0.0,0.0,0.0,0.0,0,0
38,4,omari hutchinson|nottingham forest,Omari Hutchinson,Nottingham Forest,MID,15.0,0.016989,0.040712,0.057701,0.24,1.192083,0.056068,1.0,0.084947,0.122136,0.0,0.0,0.0,-0.015,0.0,0.0,1,1,7.0,0.0,0.01,0.06,0.06,0.01,1.4271163556401458,False,0.7105,1.1021296430093874,0,0,1,1,0.0393,0.0017,0.9607,0.031,0.0077,0.0006,0.0,-2,14
38,4,oscar bobb|fulham,Oscar Bobb,Fulham,MID,15.0,0.024317,0.022813,0.047129,0.24,1.161688,0.046036,1.0,0.121584,0.068438,0.0,0.0,0.0,-0.028333,0.0,0.0,1,1,7.0,0.0,0.01,0.14,0.14,0.01,1.4271163556401458,False,0.7173,1.1680670828338586,0,0,1,1,0.038,0.0015,0.962,0.0269,0.0102,0.0009,0.0,-2,14
38,4,pablo|west ham,Pablo,West Ham,FWD,0.0,0.0,0.0,0.0,0.28,0.0,0.0,0.0,0.0,0.0,0.0,0.0,0.0,0.0,0.0,0.0,1,1,9.0,0.0,0.01,0.14,0.14,0.01,1.2729656758128873,True,0.0,0.0,0,0,0,0,0.0,0.0,1.0,0.0,0.0,0.0,0.0,0,0
38,4,pape sarr|tottenham,Pape Sarr,Tottenham,MID,60.0,0.066885,0.069692,0.136578,0.3,2.937645,0.127661,2.0,0.334427,0.209077,0.3,0.0,0.200807,-0.106667,0.0,0.0,1,1,12.3,0.0,0.02,0.1,0.1,0.02,1.2039728043259361,False,2.2869,2.465154840978554,0,0,3,5,0.1002,0.0078,0.6509,0.2801,0.0504,0.0169,0.0017,-1,23
38,4,pascal groß|brighton,Pascal Groß,Brighton,MID,90.0,0.130033,0.205286,0.335319,0.27,3.47603,0.28489,2.0,0.650165,0.615857,0.27,0.0,0.200807,-0.23,-0.0308,0.0,1,1,8.2,0.0,0.01,0.2,0.2,0.01,1.3093333199837622,False,3.5059,2.6230831458419304,2,2,5,7,0.2523,0.0367,0.5376,0.3201,0.1047,0.0335,0.0041,-1,22
38,4,pascal struijk|leeds,Pascal Struijk,Leeds,DEF,90.0,0.05982,0.024441,0.084261,0.26,3.664654,0.080809,2.0,0.358923,0.073322,1.04,0.0,0.832846,-0.2,0.0,-0.440437,1,1,9.5,0.0,0.02,0.14,0.14,0.02,1.3470736479666092,False,3.7216,2.9865186153781127,1,1,6,8,0.0693,0.0024,0.4676,0.3583,0.1404,0.0272,0.0065,-3,20
38,4,patrick dorgu|manchester united,Patrick Dorgu,Manchester United,DEF,15.0,0.016467,0.023221,0.039688,0.2,1.104812,0.038911,1.0,0.098803,0.069662,0.0,0.0,0.0,-0.033333,0.0,-0.030321,1,1,6.4,0.0,0.02,0.14,0.14,0.02,1.6094379124341003,False,0.3482,1.0984337758827338,0,0,1,1,0.027,0.0009,0.9746,0.0156,0.0087,0.0009,0.0002,-4,16
38,4,patrick roberts|sunderland,Patrick Roberts,Sunderland,MID,0.0,0.0,0.0,0.0,0.18,0.0,0.0,0.0,0.0,0.0,0.0,0.0,0.0,0.0,0.0,0.0,1,1,3.0,0.0,0.02,0.2,0.2,0.02,1.7147984280919266,True,0.0,0.0,0,0,0,0,0.0,0.0,1.0,0.0,0.0,0.0,0.0,0,0
38,4,pau torres|aston villa,Pau Torres,Aston Villa,DEF,60.0,0.014601,0.001903,0.016504,0.11,1.615295,0.016369,2.0,0.087603,0.00571,0.44,0.0,0.018644,-0.08,0.0,-0.856662,1,1,6.5,0.0,0.02,0.06,0.06,0.02,2.2072749131897207,False,1.1396,1.8917483553580798,0,0,1,3,0.0125,0.0001,0.8994,0.0744,0.0237,0.0019,0.0006,-5,16
38,4,pedro lima|wolverhampton wanderers,Pedro Lima,Wolverhampton Wanderers,DEF,0.0,0.0,0.0,0.0,0.32,0.0,0.0,0.0,0.0,0.0,0.0,0.0,0.0,0.0,0.0,0.0,1,1,5.0,0.0,0.01,0.1,0.1,0.01,1.1394342831883648,True,0.0,0.0,0,0,0,0,0.0,0.0,1.0,0.0,0.0,0.0,0.0,0,0
38,4,pedro neto|chelsea,Pedro Neto,Chelsea,MID,75.0,0.144991,0.227243,0.372234,0.33,3.545467,0.310807,2.0,0.724954,0.681729,0.33,0.0,0.000451,-0.191667,0.0,0.0,1,1,4.3,0.0,0.01,0.2,0.2,0.01,1.1086626245216111,False,3.434,2.8181632316102627,1,2,5,8,0.2896,0.0488,0.5544,0.2969,0.1051,0.0386,0.005,-2,23
38,4,pedro porro|tottenham,Pedro Porro,Tottenham,DEF,90.0,0.02949,0.117631,0.147121,0.3,3.200096,0.13681,2.0,0.17694,0.352893,1.2,0.0,0.23475,-0.39,0.0,-0.374486,1,1,6.8,0.0,0.02,0.33,0.33,0.02,1.2039728043259361,False,3.3417,2.913716031119025,0,1,6,7,0.1265,0.0083,0.5613,0.3102,0.1008,0.0246,0.0031,-3,24
38,4,phil foden|manchester city,Phil Foden,Manchester City,MID,15.0,0.040429,0.036814,0.077243,0.37,1.274253,0.074335,1.0,0.202144,0.110443,0.0,0.0,0.0,-0.038333,0.0,0.0,1,1,6.7,0.0,0.01,0.2,0.2,0.01,0.9942522733438669,False,0.7891,1.3940664223773556,0,0,1,1,0.0529,0.0033,0.9472,0.0352,0.0151,0.0023,0.0002,-2,16
38,4,piero hincapié|arsenal,Piero Hincapié,Arsenal,DEF,75.0,0.015199,0.085889,0.101088,0.41,3.785844,0.096147,2.0,0.091197,0.257666,1.64,0.0,0.201472,-0.166667,0.0,-0.237824,1,1,7.9,0.0,0.02,0.14,0.14,0.02,0.8915981192837836,False,3.5624,2.882031616759261,1,1,6,7,0.0924,0.0034,0.5416,0.3163,0.1159,0.0247,0.0015,-3,18
38,4,quilindschy hartman|burnley,Quilindschy Hartman,Burnley,DEF,30.0,0.006642,0.04316,0.049802,0.31,1.079819,0.048583,1.0,0.039852,0.129481,0.0,0.0,0.000195,-0.03,0.0,-0.059708,1,1,7.0,0.0,0.01,0.06,0.06,0.01,1.171182981502945,False,0.4667,0.9939271150340955,0,0,1,1,0.0318,0.0012,0.9679,0.0267,0.0049,0.0003,0.0002,-4,16
38,4,radu dragusin|tottenham,Radu Dragusin,Tottenham,DEF,15.0,0.004717,0.000241,0.004957,0.3,0.978059,0.004945,1.0,0.028301,0.000722,0.0,0.0,5.9e-05,-0.033333,0.0,-0.017689,1,1,12.1,0.0,0.02,0.14,0.14,0.02,1.2039728043259361,False,0.3505,0.7230835014021548,0,0,1,1,0.0035,0.0001,0.9942,0.0026,0.0027,0.0005,0.0,-3,11
38,4,randal kolo muani|tottenham,Randal Kolo Muani,Tottenham,FWD,60.0,0.063555,0.055002,0.118557,0.3,2.307263,0.111799,2.0,0.254219,0.165006,0.0,0.0,0.001371,-0.113333,0.0,0.0,1,1,6.1,0.0,0.01,0.14,0.14,0.01,1.2039728043259361,False,1.6148,1.747232371494988,0,0,2,2,0.0819,0.0053,0.9148,0.055,0.027,0.0031,0.0001,-1,19
38,4,rayan ait nouri|manchester city,Rayan Ait Nouri,Manchester City,DEF,75.0,0.03447,0.128805,0.163275,0.37,3.692801,0.150643,2.0,0.206823,0.386415,1.48,0.0,0.117581,-0.216667,0.0,-0.281351,1,1,7.1,0.0,0.02,0.2,0.2,0.02,0.9942522733438669,False,3.488,3.0617733423622333,1,1,6,7,0.1412,0.0105,0.5583,0.298,0.1075,0.0326,0.0036,-3,23
38,4,rayan cherki|manchester city,Rayan Cherki,Manchester City,MID,80.0,0.202173,0.391859,0.594032,0.37,4.463564,0.447903,2.0,1.010866,1.175576,0.37,0.0,0.049344,-0.142222,0.0,0.0,1,1,7.3,0.0,0.02,0.1,0.1,0.02,0.9942522733438669,False,4.378,3.3829448709667145,1,2,6,9,0.4159,0.1049,0.4128,0.3561,0.1452,0.0723,0.0136,-2,28
38,4,rayan|bournemouth,Rayan,Bournemouth,MID,75.0,0.130829,0.136841,0.26767,0.26,3.217011,0.23484,2.0,0.654144,0.410524,0.26,0.0,0.000676,-0.108333,0.0,0.0,1,1,4.5,0.0,0.01,0.1,0.1,0.01,1.3470736479666092,False,3.0894,2.5079488910262904,1,2,3,7,0.2134,0.0266,0.6306,0.2492,0.0923,0.0249,0.003,-2,20
38,4,raúl jiménez|fulham,Raúl Jiménez,Fulham,FWD,60.0,0.308776,0.047108,0.355885,0.24,3.190714,0.299447,2.0,1.235105,0.141325,0.0,0.0,0.00047,-0.153333,-0.032853,0.0,1,1,5.4,0.0,0.01,0.2,0.2,0.01,1.4271163556401458,False,2.4659,3.0613456502002516,0,0,2,7,0.2184,0.0447,0.7807,0.0981,0.0808,0.0345,0.0059,-1,21
38,4,reece james|chelsea,Reece James,Chelsea,DEF,0.0,0.0,0.0,0.0,0.33,0.0,0.0,0.0,0.0,0.0,0.0,0.0,0.0,0.0,0.0,0.0,1,1,6.2,0.0,0.01,0.2,0.2,0.01,1.1086626245216111,True,0.0,0.0,0,0,0,0,0.0,0.0,1.0,0.0,0.0,0.0,0.0,0,0
38,4,reinildo|sunderland,Reinildo,Sunderland,DEF,60.0,0.00437,0.02692,0.031291,0.18,2.004688,0.030806,2.0,0.026222,0.080761,0.72,0.0,0.053204,-0.26,0.0,-0.615499,1,1,7.7,0.0,0.02,0.33,0.33,0.02,1.7147984280919266,False,1.4416,2.1599049608721215,0,0,2,6,0.0221,0.0007,0.8307,0.1337,0.032,0.0033,0.0003,-4,17
38,4,reiss nelson|brentford,Reiss Nelson,Brentford,MID,0.0,0.0,0.0,0.0,0.13,0.0,0.0,0.0,0.0,0.0,0.0,0.0,0.0,0.0,0.0,0.0,1,1,30.6,0.0,0.01,0.06,0.06,0.01,2.0402208285265546,True,0.0,0.0,0,0,0,0,0.0,0.0,1.0,0.0,0.0,0.0,0.0,0,0
38,4,riccardo calafiori|arsenal,Riccardo Calafiori,Arsenal,DEF,15.0,0.022653,0.006796,0.029449,0.41,1.081282,0.029019,1.0,0.135918,0.020387,0.0,0.0,0.0,-0.065,0.0,-0.010024,1,1,6.1,0.0,0.02,0.33,0.33,0.02,0.8915981192837836,False,0.5127,1.17253516365182,0,0,1,1,0.0232,0.0008,0.9769,0.0072,0.0145,0.0013,0.0001,-4,18
38,4,richarlison|tottenham,Richarlison,Tottenham,FWD,60.0,0.2001,0.070893,0.270993,0.3,2.776489,0.237378,2.0,0.800402,0.212678,0.0,0.0,0.00341,-0.24,0.0,0.0,1,1,6.8,0.0,0.01,0.33,0.33,0.01,1.2039728043259361,False,2.1105,2.5860954642085434,0,0,2,6,0.178,0.0287,0.8166,0.1003,0.0597,0.0218,0.0016,-1,21
38,4,rico henry|brentford,Rico Henry,Brentford,DEF,15.0,0.00078,0.003059,0.003839,0.13,0.940525,0.003831,1.0,0.004677,0.009177,0.0,0.0,0.0,-0.026667,0.0,-0.046663,1,1,4.6,0.0,0.02,0.1,0.1,0.02,2.0402208285265546,False,0.1162,0.6328487655040499,0,0,0,1,0.0025,0.0,0.9977,0.0019,0.0004,0.0,0.0,-4,8
38,4,rico lewis|manchester city,Rico Lewis,Manchester City,DEF,0.0,0.0,0.0,0.0,0.37,0.0,0.0,0.0,0.0,0.0,0.0,0.0,0.0,0.0,0.0,0.0,1,1,4.0,0.0,0.02,0.2,0.2,0.02,0.9942522733438669,True,0.0,0.0,0,0,0,0,0.0,0.0,1.0,0.0,0.0,0.0,0.0,0,0
38,4,rio ngumoha|liverpool,Rio Ngumoha,Liverpool,MID,30.0,0.144339,0.204801,0.349141,0.3,2.306101,0.294706,1.0,0.721697,0.614404,0.0,0.0,0.0,-0.03,0.0,0.0,1,1,3.0,0.0,0.01,0.06,0.06,0.01,1.2039728043259361,False,1.506,2.625102664659041,0,0,1,6,0.1782,0.0381,0.8222,0.1071,0.048,0.0204,0.0023,-2,22
38,4,robert sánchez|chelsea,Robert Sánchez,Chelsea,GK,90.0,0.0,0.019747,0.019747,0.33,3.787684,0.019553,2.0,0.0,0.05924,1.32,0.9,0.0,-0.16,0.0,-0.331556,1,1,0.0,2.7,0.02,0.1,0.1,0.02,1.1086626245216111,False,3.5187,2.4889456221460526,1,2,6,7,0.0148,0.0001,0.4938,0.3373,0.1631,0.0058,0.0,-3,12
38,4,robin roefs|sunderland,Robin Roefs,Sunderland,GK,90.0,0.0,0.026025,0.026025,0.18,3.052575,0.025689,2.0,0.0,0.078074,0.72,1.0,0.0,-0.13,0.0,-0.615499,1,1,0.0,3.0,0.01,0.1,0.1,0.01,1.7147984280919266,False,2.7312,2.254095508180609,1,1,3,7,0.0211,0.0002,0.6169,0.2811,0.0982,0.0038,0.0,-4,14
38,4,rodrigo bentancur|tottenham,Rodrigo Bentancur,Tottenham,MID,0.0,0.0,0.0,0.0,0.3,0.0,0.0,0.0,0.0,0.0,0.0,0.0,0.0,0.0,0.0,0.0,1,1,13.2,0.0,0.02,0.33,0.33,0.02,1.2039728043259361,True,0.0,0.0,0,0,0,0,0.0,0.0,1.0,0.0,0.0,0.0,0.0,0,0
38,4,rodrigo gomes|wolverhampton wanderers,Rodrigo Gomes,Wolverhampton Wanderers,DEF,90.0,0.24354,0.023759,0.267299,0.32,4.371257,0.234556,2.0,1.461242,0.071277,1.28,0.0,0.064056,-0.16,0.0,-0.345317,1,1,5.3,0.0,0.02,0.1,0.1,0.02,1.1394342831883648,False,4.5206,4.02789965614835,1,1,7,10,0.2181,0.0254,0.5242,0.2217,0.1498,0.0813,0.023,-2,28
38,4,rodrigo muniz|fulham,Rodrigo Muniz,Fulham,FWD,30.0,0.117697,0.029443,0.14714,0.24,1.50245,0.136827,1.0,0.470788,0.088328,0.0,0.0,1e-06,-0.056667,0.0,0.0,1,1,5.6,0.0,0.01,0.14,0.14,0.01,1.4271163556401458,False,0.9776,1.7533676853415543,0,0,1,1,0.0908,0.0087,0.9093,0.0667,0.0184,0.0053,0.0003,-2,16
38,4,rodri|manchester city,Rodri,Manchester City,MID,75.0,0.057737,0.124688,0.182425,0.37,3.453898,0.166753,2.0,0.288686,0.374064,0.37,0.0,0.637815,-0.216667,0.0,0.0,1,1,12.7,0.0,0.02,0.2,0.2,0.02,0.9942522733438669,False,3.2992,2.2885539888759454,1,2,4,6,0.1508,0.0112,0.4552,0.4535,0.0675,0.0223,0.0015,-2,18
38,4,romain esse|crystal palace,Romain Esse,Crystal Palace,MID,0.0,0.0,0.0,0.0,0.2,0.0,0.0,0.0,0.0,0.0,0.0,0.0,0.0,0.0,0.0,0.0,1,1,3.3,0.0,0.01,0.06,0.06,0.01,1.6094379124341003,True,0.0,0.0,0,0,0,0,0.0,0.0,1.0,0.0,0.0,0.0,0.0,0,0
38,4,romaine mundle|sunderland,Romaine Mundle,Sunderland,MID,30.0,0.104375,0.042429,0.146804,0.18,1.57251,0.136537,1.0,0.521875,0.127288,0.0,0.0,1.3e-05,-0.076667,0.0,0.0,1,1,7.4,0.0,0.01,0.2,0.2,0.01,1.7147984280919266,False,0.9912,1.872304077867695,0,0,1,1,0.0888,0.0069,0.9113,0.0498,0.0331,0.0057,0.0001,-2,17
38,4,romelle donovan|brentford,Romelle Donovan,Brentford,MID,0.0,0.0,0.0,0.0,0.13,0.0,0.0,0.0,0.0,0.0,0.0,0.0,0.0,0.0,0.0,0.0,1,1,0.0,0.0,0.01,0.03,0.03,0.01,2.0402208285265546,True,0.0,0.0,0,0,0,0,0.0,0.0,1.0,0.0,0.0,0.0,0.0,0,0
38,4,romeo lavia|chelsea,Romeo Lavia,Chelsea,MID,0.0,0.0,0.0,0.0,0.33,0.0,0.0,0.0,0.0,0.0,0.0,0.0,0.0,0.0,0.0,0.0,1,1,5.0,0.0,0.02,0.06,0.06,0.02,1.1086626245216111,True,0.0,0.0,0,0,0,0,0.0,0.0,1.0,0.0,0.0,0.0,0.0,0,0
38,4,ross barkley|aston villa,Ross Barkley,Aston Villa,MID,0.0,0.0,0.0,0.0,0.11,0.0,0.0,0.0,0.0,0.0,0.0,0.0,0.0,0.0,0.0,0.0,1,1,10.8,0.0,0.02,0.1,0.1,0.02,2.2072749131897207,True,0.0,0.0,0,0,0,0,0.0,0.0,1.0,0.0,0.0,0.0,0.0,0,0
38,4,ryan christie|bournemouth,Ryan Christie,Bournemouth,MID,15.0,0.025589,0.02006,0.045648,0.26,1.123123,0.044622,1.0,0.127944,0.060179,0.0,0.0,0.0,-0.065,0.0,0.0,1,1,10.7,0.0,0.02,0.33,0.33,0.02,1.3470736479666092,False,0.6629,1.1056507540810525,0,0,1,1,0.0323,0.001,0.9677,0.0226,0.009,0.0006,0.0001,-2,16
38,4,ryan gravenberch|liverpool,Ryan Gravenberch,Liverpool,MID,75.0,0.048872,0.056964,0.105836,0.3,2.674305,0.100427,2.0,0.24436,0.170891,0.3,0.0,0.175721,-0.216667,0.0,0.0,1,1,9.6,0.0,0.02,0.2,0.2,0.02,1.2039728043259361,False,2.6064,1.8723992736593336,1,2,3,5,0.095,0.0041,0.6381,0.3073,0.0447,0.0094,0.0005,-2,20
38,4,ryan sessegnon|fulham,Ryan Sessegnon,Fulham,MID,30.0,0.034315,0.027381,0.061696,0.24,1.214117,0.059832,1.0,0.171576,0.082143,0.0,0.0,0.000398,-0.04,0.0,0.0,1,1,10.6,0.0,0.02,0.06,0.06,0.02,1.4271163556401458,False,0.7174,1.1814978798118938,0,0,1,1,0.0389,0.0008,0.9589,0.03,0.0108,0.0003,0.0,-2,13
38,4,ryan yates|nottingham forest,Ryan Yates,Nottingham Forest,MID,30.0,0.025797,0.012928,0.038725,0.24,1.081172,0.037985,1.0,0.128984,0.038784,0.0,0.0,7.1e-05,-0.086667,0.0,0.0,1,1,8.8,0.0,0.02,0.2,0.2,0.02,1.4271163556401458,False,0.5881,0.926411566205863,0,0,1,1,0.0192,0.0003,0.9803,0.0131,0.0064,0.0002,0.0,-2,11
38,4,rúben dias|manchester city,Rúben Dias,Manchester City,DEF,0.0,0.0,0.0,0.0,0.37,0.0,0.0,0.0,0.0,0.0,0.0,0.0,0.0,0.0,0.0,0.0,1,1,7.4,0.0,0.02,0.14,0.14,0.02,0.9942522733438669,True,0.0,0.0,0,0,0,0,0.0,0.0,1.0,0.0,0.0,0.0,0.0,0,0
38,4,sam byram|leeds,Sam Byram,Leeds,DEF,0.0,0.0,0.0,0.0,0.26,0.0,0.0,0.0,0.0,0.0,0.0,0.0,0.0,0.0,0.0,0.0,1,1,3.0,0.0,0.02,0.06,0.06,0.02,1.3470736479666092,True,0.0,0.0,0,0,0,0,0.0,0.0,1.0,0.0,0.0,0.0,0.0,0,0
38,4,sam johnstone|wolverhampton wanderers,Sam Johnstone,Wolverhampton Wanderers,GK,0.0,0.0,0.0,0.0,0.32,0.0,0.0,0.0,0.0,0.0,0.0,0.0,0.0,0.0,0.0,0.0,1,1,0.0,3.3,0.02,0.03,0.03,0.02,1.1394342831883648,True,0.0,0.0,0,0,0,0,0.0,0.0,1.0,0.0,0.0,0.0,0.0,0,0
38,4,samuel chukwueze|fulham,Samuel Chukwueze,Fulham,MID,60.0,0.106759,0.164806,0.271565,0.24,3.216498,0.237814,2.0,0.533797,0.494417,0.24,0.0,0.008284,-0.06,0.0,0.0,1,1,7.6,0.0,0.01,0.06,0.06,0.01,1.4271163556401458,False,2.3268,2.6541291905255853,0,0,3,6,0.1692,0.0237,0.7103,0.1958,0.0715,0.0199,0.0025,-1,24
38,4,sander berge|fulham,Sander Berge,Fulham,MID,90.0,0.028032,0.059784,0.087816,0.24,2.647702,0.08407,2.0,0.140159,0.179352,0.24,0.0,0.288192,-0.2,0.0,0.0,1,1,8.8,0.0,0.02,0.14,0.14,0.02,1.4271163556401458,False,2.6175,1.5755614078797437,1,2,3,5,0.0759,0.0036,0.6575,0.3077,0.0289,0.0058,0.0001,-1,16
38,4,sandro tonali|newcastle united,Sandro Tonali,Newcastle United,MID,75.0,0.031628,0.088644,0.120273,0.24,2.644644,0.113321,2.0,0.158142,0.265932,0.24,0.0,0.147236,-0.166667,0.0,0.0,1,1,9.3,0.0,0.02,0.14,0.14,0.02,1.4271163556401458,False,2.5425,1.7406302737801616,1,2,3,5,0.1038,0.0049,0.6789,0.2767,0.0372,0.0071,0.0001,-2,17
38,4,santiago bueno|wolverhampton wanderers,Santiago Bueno,Wolverhampton Wanderers,DEF,90.0,0.0451,0.011879,0.056979,0.32,3.342276,0.055387,2.0,0.2706,0.035638,1.28,0.0,0.361354,-0.26,0.0,-0.345317,1,1,7.5,0.0,0.02,0.2,0.2,0.02,1.1394342831883648,False,3.3915,2.8341185137534386,1,1,6,7,0.047,0.0011,0.5669,0.3005,0.1115,0.0182,0.0029,-3,20
38,4,sasa kalajdzic|wolverhampton wanderers,Sasa Kalajdzic,Wolverhampton Wanderers,FWD,0.0,0.0,0.0,0.0,0.32,0.0,0.0,0.0,0.0,0.0,0.0,0.0,0.0,0.0,0.0,0.0,1,1,2.0,0.0,0.01,0.1,0.1,0.01,1.1394342831883648,True,0.0,0.0,0,0,0,0,0.0,0.0,1.0,0.0,0.0,0.0,0.0,0,0
38,4,sasa lukic|fulham,Sasa Lukic,Fulham,MID,0.0,0.0,0.0,0.0,0.24,0.0,0.0,0.0,0.0,0.0,0.0,0.0,0.0,0.0,0.0,0.0,1,1,9.5,0.0,0.02,0.5,0.5,0.02,1.4271163556401458,True,0.0,0.0,0,0,0,0,0.0,0.0,1.0,0.0,0.0,0.0,0.0,0,0
38,4,seamus coleman|everton,Seamus Coleman,Everton,DEF,0.0,0.0,0.0,0.0,0.26,0.0,0.0,0.0,0.0,0.0,0.0,0.0,0.0,0.0,0.0,0.0,1,1,3.0,0.0,0.02,0.14,0.14,0.02,1.3470736479666092,True,0.0,0.0,0,0,0,0,0.0,0.0,1.0,0.0,0.0,0.0,0.0,0,0
38,4,sean longstaff|leeds,Sean Longstaff,Leeds,MID,0.0,0.0,0.0,0.0,0.26,0.0,0.0,0.0,0.0,0.0,0.0,0.0,0.0,0.0,0.0,0.0,1,1,9.5,0.0,0.02,0.2,0.2,0.02,1.3470736479666092,True,0.0,0.0,0,0,0,0,0.0,0.0,1.0,0.0,0.0,0.0,0.0,0,0
38,4,sebastiaan bornauw|leeds,Sebastiaan Bornauw,Leeds,DEF,0.0,0.0,0.0,0.0,0.26,0.0,0.0,0.0,0.0,0.0,0.0,0.0,0.0,0.0,0.0,0.0,1,1,11.3,0.0,0.02,0.2,0.2,0.02,1.3470736479666092,True,0.0,0.0,0,0,0,0,0.0,0.0,1.0,0.0,0.0,0.0,0.0,0,0
38,4,senne lammens|manchester united,Senne Lammens,Manchester United,GK,90.0,0.0,0.0,0.0,0.2,2.941948,0.0,2.0,0.0,0.0,0.8,0.766667,0.0,-0.06,0.0,-0.564719,1,1,0.0,2.3,0.01,0.03,0.03,0.01,1.6094379124341003,False,2.664,2.2220495043990356,1,1,3,6,0.0,0.0,0.6638,0.2405,0.0939,0.0018,0.0,-4,10
38,4,sepp van den berg|brentford,Sepp van den Berg,Brentford,DEF,90.0,0.072328,0.03819,0.110518,0.13,2.905903,0.10463,2.0,0.43397,0.11457,0.52,0.0,0.731698,-0.12,0.0,-0.774335,1,1,9.1,0.0,0.02,0.06,0.06,0.02,2.0402208285265546,False,2.8664,2.8495527789461983,0,1,4,7,0.0891,0.0044,0.6022,0.2802,0.0882,0.0255,0.0039,-4,25
38,4,shea lacey|manchester united,Shea Lacey,Manchester United,MID,0.0,0.0,0.0,0.0,0.2,0.0,0.0,0.0,0.0,0.0,0.0,0.0,0.0,0.0,0.0,0.0,1,1,3.0,0.0,0.01,0.1,0.1,0.01,1.6094379124341003,True,0.0,0.0,0,0,0,0,0.0,0.0,1.0,0.0,0.0,0.0,0.0,0,0
38,4,simon adingra|sunderland,Simon Adingra,Sunderland,MID,0.0,0.0,0.0,0.0,0.18,0.0,0.0,0.0,0.0,0.0,0.0,0.0,0.0,0.0,0.0,0.0,1,1,6.2,0.0,0.02,0.2,0.2,0.02,1.7147984280919266,True,0.0,0.0,0,0,0,0,0.0,0.0,1.0,0.0,0.0,0.0,0.0,0,0
38,4,solly march|brighton,Solly March,Brighton,MID,0.0,0.0,0.0,0.0,0.27,0.0,0.0,0.0,0.0,0.0,0.0,0.0,0.0,0.0,0.0,0.0,1,1,4.0,0.0,0.03,0.2,0.2,0.03,1.3093333199837622,True,0.0,0.0,0,0,0,0,0.0,0.0,1.0,0.0,0.0,0.0,0.0,0,0
38,4,soungoutou magassa|west ham,Soungoutou Magassa,West Ham,MID,0.0,0.0,0.0,0.0,0.28,0.0,0.0,0.0,0.0,0.0,0.0,0.0,0.0,0.0,0.0,0.0,1,1,2.0,0.0,0.02,0.33,0.33,0.02,1.2729656758128873,True,0.0,0.0,0,0,0,0,0.0,0.0,1.0,0.0,0.0,0.0,0.0,0,0
38,4,souza|tottenham,Souza,Tottenham,DEF,60.0,0.00606,0.067223,0.073283,0.3,2.890209,0.070662,2.0,0.036359,0.201669,1.2,0.0,0.0,-0.173333,0.0,-0.374486,1,1,1.0,0.0,0.02,0.2,0.2,0.02,1.2039728043259361,False,2.0083,2.5415017430645217,0,0,2,6,0.0534,0.0025,0.7638,0.1817,0.0458,0.0082,0.0005,-3,18
38,4,stefan ortega moreno|nottingham forest,Stefan Ortega Moreno,Nottingham Forest,GK,90.0,0.0,0.0,0.0,0.24,3.425375,0.0,2.0,0.0,0.0,0.96,1.033333,0.0,-0.09,0.0,-0.477958,1,1,0.0,3.1,0.01,0.06,0.06,0.01,1.4271163556401458,False,3.145,2.3328898388050816,1,2,4,7,0.0,0.0,0.5419,0.318,0.1363,0.0038,0.0,-3,11
38,4,stefanos tzimas|brighton,Stefanos Tzimas,Brighton,FWD,0.0,0.0,0.0,0.0,0.27,0.0,0.0,0.0,0.0,0.0,0.0,0.0,0.0,0.0,0.0,0.0,1,1,10.2,0.0,0.01,0.06,0.06,0.01,1.3093333199837622,True,0.0,0.0,0,0,0,0,0.0,0.0,1.0,0.0,0.0,0.0,0.0,0,0
38,4,sven botman|newcastle united,Sven Botman,Newcastle United,DEF,60.0,0.040484,0.029548,0.070032,0.24,2.852931,0.067636,2.0,0.242906,0.088644,0.96,0.0,0.119339,-0.08,0.0,-0.477958,1,1,8.9,0.0,0.02,0.06,0.06,0.02,1.4271163556401458,False,2.1053,2.739673686773664,0,0,3,6,0.0481,0.0016,0.7394,0.1777,0.0674,0.0137,0.0018,-3,20
38,4,sávio|manchester city,Sávio,Manchester City,MID,15.0,0.066435,0.014817,0.081252,0.37,1.338294,0.078039,1.0,0.332175,0.044452,0.0,0.0,0.0,-0.038333,0.0,0.0,1,1,7.5,0.0,0.01,0.2,0.2,0.01,0.9942522733438669,False,0.8696,1.6256062992003937,0,0,1,1,0.0594,0.0039,0.9406,0.0305,0.0251,0.0037,0.0001,-2,15
38,4,taiwo awoniyi|nottingham forest,Taiwo Awoniyi,Nottingham Forest,FWD,30.0,0.311977,0.08751,0.399487,0.24,2.467106,0.329336,1.0,1.247908,0.26253,0.0,0.0,1e-06,-0.043333,0.0,0.0,1,1,5.5,0.0,0.01,0.1,0.1,0.01,1.4271163556401458,False,1.7185,2.845357227133353,0,0,1,6,0.2089,0.0472,0.7913,0.1346,0.0429,0.0272,0.004,-2,20
38,4,tammy abraham|aston villa,Tammy Abraham,Aston Villa,FWD,15.0,0.085627,0.010864,0.09649,0.11,1.360098,0.091981,1.0,0.342506,0.032591,0.0,0.0,0.0,-0.015,0.0,0.0,1,1,3.5,0.0,0.01,0.06,0.06,0.01,2.2072749131897207,False,0.8992,1.5663458621900845,0,0,1,1,0.0707,0.0048,0.9293,0.0539,0.013,0.0035,0.0003,-2,18
38,4,tawanda chirewa|wolverhampton wanderers,Tawanda Chirewa,Wolverhampton Wanderers,MID,0.0,0.0,0.0,0.0,0.32,0.0,0.0,0.0,0.0,0.0,0.0,0.0,0.0,0.0,0.0,0.0,1,1,4.0,0.0,0.01,0.06,0.06,0.01,1.1394342831883648,True,0.0,0.0,0,0,0,0,0.0,0.0,1.0,0.0,0.0,0.0,0.0,0,0
38,4,thiago|brentford,Thiago,Brentford,FWD,90.0,0.455799,0.06056,0.516359,0.13,3.702902,0.403311,2.0,1.823197,0.181679,0.0,0.0,0.013466,-0.26,-0.05544,0.0,1,1,5.4,0.0,0.02,0.2,0.2,0.02,2.0402208285265546,False,3.8968,3.2199300861975244,1,2,6,8,0.364,0.0746,0.6334,0.1601,0.1388,0.0593,0.0084,-1,21
38,4,thierno barry|everton,Thierno Barry,Everton,FWD,30.0,0.118149,0.011728,0.129877,0.26,1.431114,0.121797,1.0,0.472596,0.035184,0.0,0.0,0.0,-0.076667,0.0,0.0,1,1,3.1,0.0,0.01,0.2,0.2,0.01,1.3470736479666092,False,0.8911,1.63524945803385,0,0,1,1,0.0761,0.007,0.9239,0.0569,0.0133,0.0058,0.0001,-2,15
38,4,tijjani reijnders|manchester city,Tijjani Reijnders,Manchester City,MID,15.0,0.03499,0.042352,0.077342,0.37,1.27534,0.074427,1.0,0.174951,0.127055,0.0,0.0,0.0,-0.026667,0.0,0.0,1,1,5.6,0.0,0.02,0.1,0.1,0.02,0.9942522733438669,False,0.7933,1.388083250385221,0,0,1,1,0.0542,0.0041,0.9459,0.0351,0.0168,0.0022,0.0,-2,14
38,4,tim iroegbunam|everton,Tim Iroegbunam,Everton,MID,0.0,0.0,0.0,0.0,0.26,0.0,0.0,0.0,0.0,0.0,0.0,0.0,0.0,0.0,0.0,0.0,1,1,11.8,0.0,0.03,0.5,0.5,0.03,1.3470736479666092,True,0.0,0.0,0,0,0,0,0.0,0.0,1.0,0.0,0.0,0.0,0.0,0,0
38,4,timothy castagne|fulham,Timothy Castagne,Fulham,DEF,0.0,0.0,0.0,0.0,0.24,0.0,0.0,0.0,0.0,0.0,0.0,0.0,0.0,0.0,0.0,0.0,1,1,7.9,0.0,0.02,0.2,0.2,0.02,1.4271163556401458,True,0.0,0.0,0,0,0,0,0.0,0.0,1.0,0.0,0.0,0.0,0.0,0,0
38,4,tolu arokodare|wolverhampton wanderers,Tolu Arokodare,Wolverhampton Wanderers,FWD,60.0,0.268601,0.04903,0.317632,0.32,3.161498,0.272129,2.0,1.074406,0.147091,0.0,0.0,2e-06,-0.06,0.0,0.0,1,1,3.0,0.0,0.01,0.06,0.06,0.01,1.1394342831883648,False,2.3241,2.7814131642026863,0,0,2,7,0.1927,0.0324,0.8073,0.085,0.0785,0.027,0.0022,-1,21
38,4,tom cairney|fulham,Tom Cairney,Fulham,MID,0.0,0.0,0.0,0.0,0.24,0.0,0.0,0.0,0.0,0.0,0.0,0.0,0.0,0.0,0.0,0.0,1,1,7.2,0.0,0.02,0.5,0.5,0.02,1.4271163556401458,True,0.0,0.0,0,0,0,0,0.0,0.0,1.0,0.0,0.0,0.0,0.0,0,0
38,4,tom edozie|wolverhampton wanderers,Tom Edozie,Wolverhampton Wanderers,MID,0.0,0.0,0.0,0.0,0.32,0.0,0.0,0.0,0.0,0.0,0.0,0.0,0.0,0.0,0.0,0.0,1,1,2.0,0.0,0.01,0.14,0.14,0.01,1.1394342831883648,True,0.0,0.0,0,0,0,0,0.0,0.0,1.0,0.0,0.0,0.0,0.0,0,0
38,4,tom watson|brighton,Tom Watson,Brighton,FWD,0.0,0.0,0.0,0.0,0.27,0.0,0.0,0.0,0.0,0.0,0.0,0.0,0.0,0.0,0.0,0.0,1,1,0.0,0.0,0.01,0.03,0.03,0.01,1.3093333199837622,True,0.0,0.0,0,0,0,0,0.0,0.0,1.0,0.0,0.0,0.0,0.0,0,0
38,4,tomas soucek|west ham,Tomas Soucek,West Ham,MID,75.0,0.189706,0.039803,0.229508,0.28,3.328505,0.205076,2.0,0.948528,0.119408,0.28,0.0,0.147236,-0.166667,0.0,0.0,1,1,9.3,0.0,0.02,0.14,0.14,0.02,1.2729656758128873,False,3.319,2.84858543842378,1,2,4,8,0.1924,0.0223,0.5899,0.2522,0.117,0.0341,0.0068,-2,23
38,4,tosin adarabioyo|chelsea,Tosin Adarabioyo,Chelsea,DEF,15.0,0.001015,0.005485,0.0065,0.33,0.964096,0.006479,1.0,0.00609,0.016456,0.0,0.0,3.3e-05,-0.043333,0.0,-0.015149,1,1,11.3,0.0,0.02,0.2,0.2,0.02,1.1086626245216111,False,0.3562,0.6231545233728147,0,0,1,1,0.0043,0.0002,0.9947,0.0045,0.0007,0.0001,0.0,-4,11
38,4,toti|wolverhampton wanderers,Toti,Wolverhampton Wanderers,DEF,0.0,0.0,0.0,0.0,0.32,0.0,0.0,0.0,0.0,0.0,0.0,0.0,0.0,0.0,0.0,0.0,1,1,8.3,0.0,0.02,0.14,0.14,0.02,1.1394342831883648,True,0.0,0.0,0,0,0,0,0.0,0.0,1.0,0.0,0.0,0.0,0.0,0,0
38,4,trai hume|sunderland,Trai Hume,Sunderland,DEF,90.0,0.070799,0.094515,0.165314,0.18,2.572662,0.152373,2.0,0.424797,0.283544,0.72,0.0,0.14982,-0.39,0.0,-0.615499,1,1,6.2,0.0,0.02,0.33,0.33,0.02,1.7147984280919266,False,2.6174,2.947578199132298,0,1,5,7,0.1327,0.0103,0.6839,0.2143,0.0736,0.0243,0.0039,-3,20
38,4,trevoh chalobah|chelsea,Trevoh Chalobah,Chelsea,DEF,90.0,0.04857,0.023418,0.071988,0.33,3.921814,0.069458,2.0,0.291419,0.070253,1.32,0.0,0.731698,-0.16,0.0,-0.331556,1,1,9.1,0.0,0.02,0.1,0.1,0.02,1.1086626245216111,False,3.9149,2.964465886125189,1,2,6,8,0.0638,0.0015,0.4612,0.3548,0.151,0.0288,0.0042,-3,23
38,4,treymaurice nyoni|liverpool,Treymaurice Nyoni,Liverpool,MID,0.0,0.0,0.0,0.0,0.3,0.0,0.0,0.0,0.0,0.0,0.0,0.0,0.0,0.0,0.0,0.0,1,1,4.0,0.0,0.01,0.1,0.1,0.01,1.2039728043259361,True,0.0,0.0,0,0,0,0,0.0,0.0,1.0,0.0,0.0,0.0,0.0,0,0
38,4,tyler adams|bournemouth,Tyler Adams,Bournemouth,MID,75.0,0.029983,0.035435,0.065417,0.26,2.468512,0.063324,2.0,0.149913,0.106304,0.26,0.0,0.443961,-0.491667,0.0,0.0,1,1,11.6,0.0,0.03,0.5,0.5,0.03,1.3470736479666092,False,2.3995,1.7889381627099357,1,1,3,4,0.0601,0.0026,0.6505,0.3156,0.0258,0.0078,0.0003,-2,16
38,4,tyler dibling|everton,Tyler Dibling,Everton,MID,0.0,0.0,0.0,0.0,0.26,0.0,0.0,0.0,0.0,0.0,0.0,0.0,0.0,0.0,0.0,0.0,1,1,10.3,0.0,0.01,0.14,0.14,0.01,1.3470736479666092,True,0.0,0.0,0,0,0,0,0.0,0.0,1.0,0.0,0.0,0.0,0.0,0,0
38,4,tyler fletcher|manchester united,Tyler Fletcher,Manchester United,MID,0.0,0.0,0.0,0.0,0.2,0.0,0.0,0.0,0.0,0.0,0.0,0.0,0.0,0.0,0.0,0.0,1,1,3.0,0.0,0.01,0.1,0.1,0.01,1.6094379124341003,True,0.0,0.0,0,0,0,0,0.0,0.0,1.0,0.0,0.0,0.0,0.0,0,0
38,4,tyler fredricson|manchester united,Tyler Fredricson,Manchester United,DEF,0.0,0.0,0.0,0.0,0.2,0.0,0.0,0.0,0.0,0.0,0.0,0.0,0.0,0.0,0.0,0.0,1,1,4.0,0.0,0.02,0.14,0.14,0.02,1.6094379124341003,True,0.0,0.0,0,0,0,0,0.0,0.0,1.0,0.0,0.0,0.0,0.0,0,0
38,4,tyrell malacia|manchester united,Tyrell Malacia,Manchester United,DEF,0.0,0.0,0.0,0.0,0.2,0.0,0.0,0.0,0.0,0.0,0.0,0.0,0.0,0.0,0.0,0.0,1,1,0.0,0.0,0.02,0.03,0.03,0.02,1.6094379124341003,True,0.0,0.0,0,0,0,0,0.0,0.0,1.0,0.0,0.0,0.0,0.0,0,0
38,4,tyrick mitchell|crystal palace,Tyrick Mitchell,Crystal Palace,DEF,90.0,0.026841,0.05623,0.08307,0.2,2.524043,0.079714,2.0,0.161044,0.168689,0.8,0.0,0.219028,-0.26,0.0,-0.564719,1,1,6.7,0.0,0.02,0.2,0.2,0.02,1.6094379124341003,False,2.621,2.6330132927883216,0,1,4,6,0.0702,0.0029,0.6848,0.2289,0.0706,0.0146,0.0011,-4,20
38,4,tyrique george|everton,Tyrique George,Everton,FWD,15.0,0.031913,0.046546,0.078458,0.26,1.245621,0.07546,1.0,0.12765,0.139638,0.0,0.0,0.0,-0.021667,0.0,0.0,1,1,3.0,0.0,0.01,0.1,0.1,0.01,1.3470736479666092,False,0.7687,1.2149898394636887,0,0,1,1,0.0542,0.0027,0.9459,0.0463,0.0071,0.0007,0.0,-2,13
38,4,tyrone mings|aston villa,Tyrone Mings,Aston Villa,DEF,0.0,0.0,0.0,0.0,0.11,0.0,0.0,0.0,0.0,0.0,0.0,0.0,0.0,0.0,0.0,0.0,1,1,7.5,0.0,0.02,0.1,0.1,0.02,2.2072749131897207,True,0.0,0.0,0,0,0,0,0.0,0.0,1.0,0.0,0.0,0.0,0.0,0,0
38,4,valentino livramento|newcastle united,Valentino Livramento,Newcastle United,DEF,0.0,0.0,0.0,0.0,0.24,0.0,0.0,0.0,0.0,0.0,0.0,0.0,0.0,0.0,0.0,0.0,1,1,5.0,0.0,0.01,0.06,0.06,0.01,1.4271163556401458,True,0.0,0.0,0,0,0,0,0.0,0.0,1.0,0.0,0.0,0.0,0.0,0,0
38,4,valentín castellanos|west ham,Valentín Castellanos,West Ham,FWD,75.0,0.272709,0.054582,0.327291,0.28,3.070388,0.279126,2.0,1.090837,0.163746,0.0,0.0,0.007472,-0.191667,0.0,0.0,1,1,6.0,0.0,0.01,0.2,0.2,0.01,1.2729656758128873,False,3.1042,2.6933143819465264,1,2,5,7,0.2616,0.0404,0.7335,0.1355,0.0947,0.0334,0.0029,-2,21
38,4,veljko milosavljevic|bournemouth,Veljko Milosavljevic,Bournemouth,DEF,0.0,0.0,0.0,0.0,0.26,0.0,0.0,0.0,0.0,0.0,0.0,0.0,0.0,0.0,0.0,0.0,1,1,9.6,0.0,0.01,0.06,0.06,0.01,1.3470736479666092,True,0.0,0.0,0,0,0,0,0.0,0.0,1.0,0.0,0.0,0.0,0.0,0,0
38,4,victor lindelöf|aston villa,Victor Lindelöf,Aston Villa,DEF,0.0,0.0,0.0,0.0,0.11,0.0,0.0,0.0,0.0,0.0,0.0,0.0,0.0,0.0,0.0,0.0,1,1,5.7,0.0,0.02,0.14,0.14,0.02,2.2072749131897207,True,0.0,0.0,0,0,0,0,0.0,0.0,1.0,0.0,0.0,0.0,0.0,0,0
38,4,viktor gyokeres|arsenal,Viktor Gyokeres,Arsenal,FWD,75.0,0.34509,0.061612,0.406702,0.41,3.360732,0.334157,2.0,1.380358,0.184836,0.0,0.0,3.8e-05,-0.191667,-0.012833,0.0,1,1,3.3,0.0,0.01,0.2,0.2,0.01,0.8915981192837836,False,3.4132,2.990194936789239,1,2,6,7,0.3098,0.059,0.6903,0.1489,0.1099,0.0455,0.0054,-2,28
38,4,virgil van dijk|liverpool,Virgil van Dijk,Liverpool,DEF,90.0,0.131167,0.017636,0.148804,0.3,4.328273,0.138262,2.0,0.787005,0.052909,1.2,0.0,0.832846,-0.17,0.0,-0.374486,1,1,9.5,0.0,0.01,0.14,0.14,0.01,1.2039728043259361,False,4.3526,3.4657860926491124,1,2,6,9,0.1192,0.0075,0.4212,0.3413,0.1682,0.0542,0.0151,-3,24
38,4,vitalii mykolenko|everton,Vitalii Mykolenko,Everton,DEF,90.0,0.005517,0.025004,0.030521,0.26,2.668762,0.03006,2.0,0.033102,0.075012,1.04,0.0,0.251085,-0.29,0.0,-0.440437,1,1,6.9,0.0,0.03,0.2,0.2,0.03,1.3470736479666092,False,2.7518,2.50894335527927,0,1,5,6,0.0251,0.0001,0.6609,0.2565,0.0755,0.0069,0.0002,-4,17
38,4,vitaly janelt|brentford,Vitaly Janelt,Brentford,MID,60.0,0.0343,0.085205,0.119505,0.13,2.343915,0.11264,2.0,0.171501,0.255614,0.13,0.0,0.160133,-0.373333,0.0,0.0,1,1,11.8,0.0,0.02,0.5,0.5,0.02,2.0402208285265546,False,1.8043,2.0164824596311273,0,0,2,4,0.0855,0.0054,0.7655,0.1975,0.0296,0.0072,0.0002,-1,16
38,4,walter benítez|crystal palace,Walter Benítez,Crystal Palace,MID,0.0,0.0,0.0,0.0,0.2,0.0,0.0,0.0,0.0,0.0,0.0,0.0,0.0,0.0,0.0,0.0,1,1,0.0,0.0,0.0,0.0,0.0,0.0,1.6094379124341003,True,0.0,0.0,0,0,0,0,0.0,0.0,1.0,0.0,0.0,0.0,0.0,0,0
38,4,wataru endo|liverpool,Wataru Endo,Liverpool,MID,0.0,0.0,0.0,0.0,0.3,0.0,0.0,0.0,0.0,0.0,0.0,0.0,0.0,0.0,0.0,0.0,1,1,12.2,0.0,0.02,0.33,0.33,0.02,1.2039728043259361,True,0.0,0.0,0,0,0,0,0.0,0.0,1.0,0.0,0.0,0.0,0.0,0,0
38,4,wesley fofana|chelsea,Wesley Fofana,Chelsea,DEF,15.0,0.005093,0.006041,0.011134,0.33,0.968571,0.011072,1.0,0.030556,0.018123,0.0,0.0,4.1e-05,-0.065,0.0,-0.015149,1,1,11.6,0.0,0.02,0.33,0.33,0.02,1.1086626245216111,False,0.355,0.7402533350144395,0,0,1,1,0.0074,0.0,0.9915,0.0051,0.0033,0.0001,0.0,-3,10
38,4,wilfried gnonto|leeds,Wilfried Gnonto,Leeds,MID,0.0,0.0,0.0,0.0,0.26,0.0,0.0,0.0,0.0,0.0,0.0,0.0,0.0,0.0,0.0,0.0,1,1,9.5,0.0,0.02,0.33,0.33,0.02,1.3470736479666092,True,0.0,0.0,0,0,0,0,0.0,0.0,1.0,0.0,0.0,0.0,0.0,0,0
38,4,will hughes|crystal palace,Will Hughes,Crystal Palace,MID,60.0,0.028368,0.038068,0.066436,0.2,2.107383,0.064277,2.0,0.141838,0.114204,0.2,0.0,0.024674,-0.373333,0.0,0.0,1,1,8.8,0.0,0.02,0.5,0.5,0.02,1.6094379124341003,False,1.501,1.625853314416771,0,0,2,3,0.0467,0.002,0.8434,0.1352,0.0186,0.0027,0.0001,-1,15
38,4,william osula|newcastle united,William Osula,Newcastle United,FWD,15.0,0.04681,0.004432,0.051242,0.24,1.185536,0.049951,1.0,0.18724,0.013297,0.0,0.0,0.0,-0.015,0.0,0.0,1,1,3.0,0.0,0.01,0.06,0.06,0.01,1.4271163556401458,False,0.7115,1.1179748431874483,0,0,1,1,0.0362,0.0011,0.9639,0.0293,0.006,0.0008,0.0,-2,11
38,4,william saliba|arsenal,William Saliba,Arsenal,DEF,90.0,0.053357,0.017121,0.070479,0.41,3.816084,0.068052,2.0,0.320145,0.051363,1.64,0.0,0.1624,-0.12,0.0,-0.237824,1,1,6.3,0.0,0.02,0.06,0.06,0.02,0.8915981192837836,False,3.8986,2.8518972702395855,1,2,6,7,0.0595,0.0011,0.5201,0.326,0.1269,0.0244,0.0026,-3,20
38,4,wilson isidor|sunderland,Wilson Isidor,Sunderland,FWD,30.0,0.196988,0.007279,0.204267,0.18,1.779788,0.184755,1.0,0.787952,0.021836,0.0,0.0,0.0,-0.03,0.0,0.0,1,1,3.8,0.0,0.01,0.06,0.06,0.01,1.7147984280919266,False,1.1639,2.0670357495699005,0,0,1,5,0.1175,0.0134,0.8825,0.0837,0.0239,0.0089,0.001,-2,20
38,4,wilson odobert|tottenham,Wilson Odobert,Tottenham,MID,15.0,0.027471,0.033104,0.060575,0.3,1.221665,0.058776,1.0,0.137354,0.099312,0.0,0.0,0.0,-0.015,0.0,0.0,1,1,4.0,0.0,0.01,0.06,0.06,0.01,1.2039728043259361,False,0.7565,1.2315874918169638,0,0,1,1,0.0463,0.0017,0.9538,0.0339,0.0113,0.001,0.0,-2,14
38,4,xavi simons|tottenham,Xavi Simons,Tottenham,MID,0.0,0.0,0.0,0.0,0.3,0.0,0.0,0.0,0.0,0.0,0.0,0.0,0.0,0.0,0.0,0.0,1,1,7.8,0.0,0.01,0.33,0.33,0.01,1.2039728043259361,True,0.0,0.0,0,0,0,0,0.0,0.0,1.0,0.0,0.0,0.0,0.0,0,0
38,4,yankuba minteh|brighton,Yankuba Minteh,Brighton,MID,60.0,0.099543,0.195008,0.294552,0.27,3.316583,0.255135,2.0,0.497717,0.585025,0.27,0.0,0.003842,-0.04,0.0,0.0,1,1,6.9,0.0,0.01,0.03,0.03,0.01,1.3093333199837622,False,2.3937,2.6907806135023344,0,0,3,6,0.1832,0.0292,0.685,0.2245,0.0647,0.0237,0.0021,-1,21
38,4,yasin ayari|brighton,Yasin Ayari,Brighton,MID,15.0,0.017224,0.008778,0.026002,0.27,1.092456,0.025667,1.0,0.086121,0.026334,0.0,0.0,0.0,-0.02,0.0,0.0,1,1,10.6,0.0,0.02,0.06,0.06,0.02,1.3093333199837622,False,0.6239,0.916650855015147,0,0,1,1,0.0177,0.0,0.9822,0.01,0.0078,0.0,0.0,-2,9
38,4,yehor yarmolyuk|brentford,Yehor Yarmolyuk,Brentford,MID,0.0,0.0,0.0,0.0,0.13,0.0,0.0,0.0,0.0,0.0,0.0,0.0,0.0,0.0,0.0,0.0,1,1,11.3,0.0,0.01,0.33,0.33,0.01,2.0402208285265546,True,0.0,0.0,0,0,0,0,0.0,0.0,1.0,0.0,0.0,0.0,0.0,0,0
38,4,yeremi pino|crystal palace,Yeremi Pino,Crystal Palace,MID,60.0,0.083848,0.129389,0.213237,0.2,2.856739,0.192035,2.0,0.41924,0.388167,0.2,0.0,0.002666,-0.153333,0.0,0.0,1,1,6.6,0.0,0.01,0.2,0.2,0.01,1.6094379124341003,False,2.0906,2.4187582847403335,0,0,2,5,0.1436,0.0173,0.7619,0.1641,0.0573,0.015,0.0017,-1,20
38,4,yerson mosquera|wolverhampton wanderers,Yerson Mosquera,Wolverhampton Wanderers,DEF,90.0,0.09922,0.071277,0.170497,0.32,3.860437,0.156754,2.0,0.595321,0.21383,1.28,0.0,0.706603,-0.59,0.0,-0.345317,1,1,9.0,0.0,0.03,0.5,0.5,0.03,1.1394342831883648,False,3.9601,3.4029557725600847,1,1,6,8,0.1429,0.0112,0.4535,0.3407,0.1478,0.0475,0.0105,-3,23
38,4,yoane wissa|newcastle united,Yoane Wissa,Newcastle United,FWD,15.0,0.067052,0.004432,0.071484,0.24,1.259838,0.068989,1.0,0.268208,0.013297,0.0,0.0,0.0,-0.021667,0.0,0.0,1,1,3.8,0.0,0.01,0.1,0.1,0.01,1.4271163556401458,False,0.7843,1.3144479867990213,0,0,1,1,0.0495,0.0026,0.9505,0.0389,0.0088,0.0017,0.0001,-2,15
38,4,youri tielemans|aston villa,Youri Tielemans,Aston Villa,MID,90.0,0.078951,0.091481,0.170433,0.11,3.074684,0.1567,2.0,0.394756,0.274444,0.11,0.0,0.430883,-0.12,-0.0154,0.0,1,1,9.6,0.0,0.02,0.06,0.06,0.02,2.2072749131897207,False,3.0877,2.138225598481133,2,2,4,6,0.1468,0.0114,0.6406,0.2681,0.0701,0.02,0.0012,-1,16
38,4,yves bissouma|tottenham,Yves Bissouma,Tottenham,MID,30.0,0.00753,0.001324,0.008853,0.3,0.914458,0.008814,1.0,0.037649,0.003971,0.0,0.0,0.002838,-0.13,0.0,0.0,1,1,13.3,0.0,0.02,0.33,0.33,0.02,1.2039728043259361,False,0.5107,0.6915818895835837,0,0,1,1,0.004,0.0,0.9854,0.0131,0.0015,0.0,0.0,-2,9
38,4,zach abbott|nottingham forest,Zach Abbott,Nottingham Forest,DEF,0.0,0.0,0.0,0.0,0.24,0.0,0.0,0.0,0.0,0.0,0.0,0.0,0.0,0.0,0.0,0.0,1,1,3.0,0.0,0.02,0.1,0.1,0.02,1.4271163556401458,True,0.0,0.0,0,0,0,0,0.0,0.0,1.0,0.0,0.0,0.0,0.0,0,0
38,4,zian flemming|burnley,Zian Flemming,Burnley,FWD,15.0,0.110116,0.0069,0.117016,0.31,1.396031,0.110429,1.0,0.440465,0.020699,0.0,0.0,0.0,-0.06,-0.005133,0.0,1,1,4.9,0.0,0.01,0.33,0.33,0.01,1.171182981502945,False,0.9023,1.6134294871484156,0,0,1,1,0.0776,0.0052,0.9224,0.058,0.0162,0.0032,0.0002,-2,16
39,5,aaron hickey|brentford,Aaron Hickey,Brentford,DEF,0.0,0.0,0.0,0.0,1e-09,0.0,0.0,0.0,0.0,0.0,0.0,0.0,0.0,0.0,0.0,0.0,0,1,6.4,0.0,0.01,0.2,0.2,0.01,20.72326583694641,True,0.0,0.0,0,0,0,0,0.0,0.0,1.0,0.0,0.0,0.0,0.0,0,0
39,5,aaron ramsdale|newcastle united,Aaron Ramsdale,Newcastle United,GK,0.0,0.0,0.0,0.0,1e-09,0.0,0.0,0.0,0.0,0.0,0.0,0.0,0.0,0.0,0.0,0.0,0,1,0.0,0.0,0.01,0.03,0.03,0.01,20.72326583694641,True,0.0,0.0,0,0,0,0,0.0,0.0,1.0,0.0,0.0,0.0,0.0,0,0
39,5,aaron wan-bissaka|west ham,Aaron Wan-Bissaka,West Ham,DEF,0.0,0.0,0.0,0.0,1e-09,0.0,0.0,0.0,0.0,0.0,0.0,0.0,0.0,0.0,0.0,0.0,0,1,7.8,0.0,0.02,0.14,0.14,0.02,20.72326583694641,True,0.0,0.0,0,0,0,0,0.0,0.0,1.0,0.0,0.0,0.0,0.0,0,0
39,5,abduqodir khusanov|manchester city,Abduqodir Khusanov,Manchester City,DEF,0.0,0.0,0.0,0.0,1e-09,0.0,0.0,0.0,0.0,0.0,0.0,0.0,0.0,0.0,0.0,0.0,0,1,8.4,0.0,0.02,0.2,0.2,0.02,20.72326583694641,True,0.0,0.0,0,0,0,0,0.0,0.0,1.0,0.0,0.0,0.0,0.0,0,0
39,5,adam armstrong|wolverhampton wanderers,Adam Armstrong,Wolverhampton Wanderers,FWD,0.0,0.0,0.0,0.0,1e-09,0.0,0.0,0.0,0.0,0.0,0.0,0.0,0.0,0.0,0.0,0.0,0,1,4.0,0.0,0.01,0.06,0.06,0.01,20.72326583694641,True,0.0,0.0,0,0,0,0,0.0,0.0,1.0,0.0,0.0,0.0,0.0,0,0
39,5,adam smith|bournemouth,Adam Smith,Bournemouth,DEF,0.0,0.0,0.0,0.0,1e-09,0.0,0.0,0.0,0.0,0.0,0.0,0.0,0.0,0.0,0.0,0.0,0,1,5.1,0.0,0.02,0.2,0.2,0.02,20.72326583694641,True,0.0,0.0,0,0,0,0,0.0,0.0,1.0,0.0,0.0,0.0,0.0,0,0
39,5,adam wharton|crystal palace,Adam Wharton,Crystal Palace,MID,0.0,0.0,0.0,0.0,1e-09,0.0,0.0,0.0,0.0,0.0,0.0,0.0,0.0,0.0,0.0,0.0,0,1,10.5,0.0,0.03,0.33,0.33,0.03,20.72326583694641,True,0.0,0.0,0,0,0,0,0.0,0.0,1.0,0.0,0.0,0.0,0.0,0,0
39,5,adama traoré|west ham,Adama Traoré,West Ham,MID,0.0,0.0,0.0,0.0,1e-09,0.0,0.0,0.0,0.0,0.0,0.0,0.0,0.0,0.0,0.0,0.0,0,1,4.4,0.0,0.02,0.33,0.33,0.02,20.72326583694641,True,0.0,0.0,0,0,0,0,0.0,0.0,1.0,0.0,0.0,0.0,0.0,0,0
39,5,adrien truffert|bournemouth,Adrien Truffert,Bournemouth,DEF,0.0,0.0,0.0,0.0,1e-09,0.0,0.0,0.0,0.0,0.0,0.0,0.0,0.0,0.0,0.0,0.0,0,1,8.4,0.0,0.02,0.1,0.1,0.02,20.72326583694641,True,0.0,0.0,0,0,0,0,0.0,0.0,1.0,0.0,0.0,0.0,0.0,0,0
39,5,alejandro garnacho|chelsea,Alejandro Garnacho,Chelsea,MID,0.0,0.0,0.0,0.0,1e-09,0.0,0.0,0.0,0.0,0.0,0.0,0.0,0.0,0.0,0.0,0.0,0,1,4.9,0.0,0.02,0.1,0.1,0.02,20.72326583694641,True,0.0,0.0,0,0,0,0,0.0,0.0,1.0,0.0,0.0,0.0,0.0,0,0
39,5,alejandro jiménez|bournemouth,Alejandro Jiménez,Bournemouth,DEF,0.0,0.0,0.0,0.0,1e-09,0.0,0.0,0.0,0.0,0.0,0.0,0.0,0.0,0.0,0.0,0.0,0,1,5.6,0.0,0.03,0.5,0.5,0.03,20.72326583694641,True,0.0,0.0,0,0,0,0,0.0,0.0,1.0,0.0,0.0,0.0,0.0,0,0
39,5,alex iwobi|fulham,Alex Iwobi,Fulham,MID,0.0,0.0,0.0,0.0,1e-09,0.0,0.0,0.0,0.0,0.0,0.0,0.0,0.0,0.0,0.0,0.0,0,1,6.6,0.0,0.01,0.1,0.1,0.01,20.72326583694641,True,0.0,0.0,0,0,0,0,0.0,0.0,1.0,0.0,0.0,0.0,0.0,0,0
39,5,alex murphy|newcastle united,Alex Murphy,Newcastle United,DEF,0.0,0.0,0.0,0.0,1e-09,0.0,0.0,0.0,0.0,0.0,0.0,0.0,0.0,0.0,0.0,0.0,0,1,4.0,0.0,0.01,0.06,0.06,0.01,20.72326583694641,True,0.0,0.0,0,0,0,0,0.0,0.0,1.0,0.0,0.0,0.0,0.0,0,0
39,5,alex scott|bournemouth,Alex Scott,Bournemouth,MID,0.0,0.0,0.0,0.0,1e-09,0.0,0.0,0.0,0.0,0.0,0.0,0.0,0.0,0.0,0.0,0.0,0,1,11.9,0.0,0.02,0.1,0.1,0.02,20.72326583694641,True,0.0,0.0,0,0,0,0,0.0,0.0,1.0,0.0,0.0,0.0,0.0,0,0
39,5,alex tóth|bournemouth,Alex Tóth,Bournemouth,MID,0.0,0.0,0.0,0.0,1e-09,0.0,0.0,0.0,0.0,0.0,0.0,0.0,0.0,0.0,0.0,0.0,0,1,0.0,0.0,0.01,0.06,0.06,0.01,20.72326583694641,True,0.0,0.0,0,0,0,0,0.0,0.0,1.0,0.0,0.0,0.0,0.0,0,0
39,5,alexander isak|liverpool,Alexander Isak,Liverpool,FWD,0.0,0.0,0.0,0.0,1e-09,0.0,0.0,0.0,0.0,0.0,0.0,0.0,0.0,0.0,0.0,0.0,0,1,4.0,0.0,0.01,0.06,0.06,0.01,20.72326583694641,True,0.0,0.0,0,0,0,0,0.0,0.0,1.0,0.0,0.0,0.0,0.0,0,0
39,5,alexis mac allister|liverpool,Alexis Mac Allister,Liverpool,MID,0.0,0.0,0.0,0.0,1e-09,0.0,0.0,0.0,0.0,0.0,0.0,0.0,0.0,0.0,0.0,0.0,0,1,7.7,0.0,0.02,0.2,0.2,0.02,20.72326583694641,True,0.0,0.0,0,0,0,0,0.0,0.0,1.0,0.0,0.0,0.0,0.0,0,0
39,5,alisson|liverpool,Alisson,Liverpool,GK,0.0,0.0,0.0,0.0,1e-09,0.0,0.0,0.0,0.0,0.0,0.0,0.0,0.0,0.0,0.0,0.0,0,1,0.0,2.1,0.01,0.03,0.03,0.01,20.72326583694641,True,0.0,0.0,0,0,0,0,0.0,0.0,1.0,0.0,0.0,0.0,0.0,0,0
39,5,alphonse areola|west ham,Alphonse Areola,West Ham,GK,0.0,0.0,0.0,0.0,1e-09,0.0,0.0,0.0,0.0,0.0,0.0,0.0,0.0,0.0,0.0,0.0,0,1,0.0,3.8,0.01,0.03,0.03,0.01,20.72326583694641,True,0.0,0.0,0,0,0,0,0.0,0.0,1.0,0.0,0.0,0.0,0.0,0,0
39,5,altay bayindir|manchester united,Altay Bayindir,Manchester United,GK,0.0,0.0,0.0,0.0,1e-09,0.0,0.0,0.0,0.0,0.0,0.0,0.0,0.0,0.0,0.0,0.0,0,1,0.0,0.0,0.01,0.03,0.03,0.01,20.72326583694641,True,0.0,0.0,0,0,0,0,0.0,0.0,1.0,0.0,0.0,0.0,0.0,0,0
39,5,alysson edward|aston villa,Alysson Edward,Aston Villa,FWD,0.0,0.0,0.0,0.0,1e-09,0.0,0.0,0.0,0.0,0.0,0.0,0.0,0.0,0.0,0.0,0.0,0,1,0.0,0.0,0.01,0.06,0.06,0.01,20.72326583694641,True,0.0,0.0,0,0,0,0,0.0,0.0,1.0,0.0,0.0,0.0,0.0,0,0
39,5,amad diallo traore|manchester united,Amad Diallo Traore,Manchester United,MID,0.0,0.0,0.0,0.0,1e-09,0.0,0.0,0.0,0.0,0.0,0.0,0.0,0.0,0.0,0.0,0.0,0,1,7.9,0.0,0.01,0.1,0.1,0.01,20.72326583694641,True,0.0,0.0,0,0,0,0,0.0,0.0,1.0,0.0,0.0,0.0,0.0,0,0
39,5,amadou onana|aston villa,Amadou Onana,Aston Villa,MID,0.0,0.0,0.0,0.0,1e-09,0.0,0.0,0.0,0.0,0.0,0.0,0.0,0.0,0.0,0.0,0.0,0,1,11.7,0.0,0.02,0.1,0.1,0.02,20.72326583694641,True,0.0,0.0,0,0,0,0,0.0,0.0,1.0,0.0,0.0,0.0,0.0,0,0
39,5,amine adli|bournemouth,Amine Adli,Bournemouth,MID,0.0,0.0,0.0,0.0,1e-09,0.0,0.0,0.0,0.0,0.0,0.0,0.0,0.0,0.0,0.0,0.0,0,1,10.4,0.0,0.01,0.2,0.2,0.01,20.72326583694641,True,0.0,0.0,0,0,0,0,0.0,0.0,1.0,0.0,0.0,0.0,0.0,0,0
39,5,andrew robertson|liverpool,Andrew Robertson,Liverpool,DEF,0.0,0.0,0.0,0.0,1e-09,0.0,0.0,0.0,0.0,0.0,0.0,0.0,0.0,0.0,0.0,0.0,0,1,4.7,0.0,0.02,0.1,0.1,0.02,20.72326583694641,True,0.0,0.0,0,0,0,0,0.0,0.0,1.0,0.0,0.0,0.0,0.0,0,0
39,5,andrey santos|chelsea,Andrey Santos,Chelsea,MID,0.0,0.0,0.0,0.0,1e-09,0.0,0.0,0.0,0.0,0.0,0.0,0.0,0.0,0.0,0.0,0.0,0,1,9.7,0.0,0.02,0.33,0.33,0.02,20.72326583694641,True,0.0,0.0,0,0,0,0,0.0,0.0,1.0,0.0,0.0,0.0,0.0,0,0
39,5,andrés garcía|aston villa,Andrés García,Aston Villa,DEF,0.0,0.0,0.0,0.0,1e-09,0.0,0.0,0.0,0.0,0.0,0.0,0.0,0.0,0.0,0.0,0.0,0,1,0.0,0.0,0.01,0.06,0.06,0.01,20.72326583694641,True,0.0,0.0,0,0,0,0,0.0,0.0,1.0,0.0,0.0,0.0,0.0,0,0
39,5,andré|wolverhampton wanderers,André,Wolverhampton Wanderers,MID,0.0,0.0,0.0,0.0,1e-09,0.0,0.0,0.0,0.0,0.0,0.0,0.0,0.0,0.0,0.0,0.0,0,1,12.5,0.0,0.02,0.5,0.5,0.02,20.72326583694641,True,0.0,0.0,0,0,0,0,0.0,0.0,1.0,0.0,0.0,0.0,0.0,0,0
39,5,andy irving|west ham,Andy Irving,West Ham,MID,0.0,0.0,0.0,0.0,1e-09,0.0,0.0,0.0,0.0,0.0,0.0,0.0,0.0,0.0,0.0,0.0,0,1,12.7,0.0,0.01,0.14,0.14,0.01,20.72326583694641,True,0.0,0.0,0,0,0,0,0.0,0.0,1.0,0.0,0.0,0.0,0.0,0,0
39,5,angel gomes|wolverhampton wanderers,Angel Gomes,Wolverhampton Wanderers,MID,0.0,0.0,0.0,0.0,1e-09,0.0,0.0,0.0,0.0,0.0,0.0,0.0,0.0,0.0,0.0,0.0,0,1,4.0,0.0,0.01,0.2,0.2,0.01,20.72326583694641,True,0.0,0.0,0,0,0,0,0.0,0.0,1.0,0.0,0.0,0.0,0.0,0,0
39,5,angus gunn|nottingham forest,Angus Gunn,Nottingham Forest,GK,0.0,0.0,0.0,0.0,1e-09,0.0,0.0,0.0,0.0,0.0,0.0,0.0,0.0,0.0,0.0,0.0,0,1,0.0,0.0,0.01,0.06,0.06,0.01,20.72326583694641,True,0.0,0.0,0,0,0,0,0.0,0.0,1.0,0.0,0.0,0.0,0.0,0,0
39,5,anthony elanga|newcastle united,Anthony Elanga,Newcastle United,MID,0.0,0.0,0.0,0.0,1e-09,0.0,0.0,0.0,0.0,0.0,0.0,0.0,0.0,0.0,0.0,0.0,0,1,3.6,0.0,0.01,0.06,0.06,0.01,20.72326583694641,True,0.0,0.0,0,0,0,0,0.0,0.0,1.0,0.0,0.0,0.0,0.0,0,0
39,5,anthony gordon|newcastle united,Anthony Gordon,Newcastle United,MID,0.0,0.0,0.0,0.0,1e-09,0.0,0.0,0.0,0.0,0.0,0.0,0.0,0.0,0.0,0.0,0.0,0,1,4.2,0.0,0.01,0.2,0.2,0.01,20.72326583694641,True,0.0,0.0,0,0,0,0,0.0,0.0,1.0,0.0,0.0,0.0,0.0,0,0
39,5,antoine semenyo|manchester city,Antoine Semenyo,Manchester City,MID,0.0,0.0,0.0,0.0,1e-09,0.0,0.0,0.0,0.0,0.0,0.0,0.0,0.0,0.0,0.0,0.0,0,1,7.3,0.0,0.02,0.1,0.1,0.02,20.72326583694641,True,0.0,0.0,0,0,0,0,0.0,0.0,1.0,0.0,0.0,0.0,0.0,0,0
39,5,anton stach|leeds,Anton Stach,Leeds,MID,0.0,0.0,0.0,0.0,1e-09,0.0,0.0,0.0,0.0,0.0,0.0,0.0,0.0,0.0,0.0,0.0,0,1,10.2,0.0,0.02,0.14,0.14,0.02,20.72326583694641,True,0.0,0.0,0,0,0,0,0.0,0.0,1.0,0.0,0.0,0.0,0.0,0,0
39,5,antonee robinson|fulham,Antonee Robinson,Fulham,DEF,0.0,0.0,0.0,0.0,1e-09,0.0,0.0,0.0,0.0,0.0,0.0,0.0,0.0,0.0,0.0,0.0,0,1,7.6,0.0,0.02,0.1,0.1,0.02,20.72326583694641,True,0.0,0.0,0,0,0,0,0.0,0.0,1.0,0.0,0.0,0.0,0.0,0,0
39,5,antoni milambo|brentford,Antoni Milambo,Brentford,MID,0.0,0.0,0.0,0.0,1e-09,0.0,0.0,0.0,0.0,0.0,0.0,0.0,0.0,0.0,0.0,0.0,0,1,0.0,0.0,0.02,0.03,0.03,0.02,20.72326583694641,True,0.0,0.0,0,0,0,0,0.0,0.0,1.0,0.0,0.0,0.0,0.0,0,0
39,5,ao tanaka|leeds,Ao Tanaka,Leeds,MID,0.0,0.0,0.0,0.0,1e-09,0.0,0.0,0.0,0.0,0.0,0.0,0.0,0.0,0.0,0.0,0.0,0,1,10.1,0.0,0.02,0.1,0.1,0.02,20.72326583694641,True,0.0,0.0,0,0,0,0,0.0,0.0,1.0,0.0,0.0,0.0,0.0,0,0
39,5,archie gray|tottenham,Archie Gray,Tottenham,MID,0.0,0.0,0.0,0.0,1e-09,0.0,0.0,0.0,0.0,0.0,0.0,0.0,0.0,0.0,0.0,0.0,0,1,8.2,0.0,0.02,0.33,0.33,0.02,20.72326583694641,True,0.0,0.0,0,0,0,0,0.0,0.0,1.0,0.0,0.0,0.0,0.0,0,0
39,5,armando broja|burnley,Armando Broja,Burnley,FWD,0.0,0.0,0.0,0.0,1e-09,0.0,0.0,0.0,0.0,0.0,0.0,0.0,0.0,0.0,0.0,0.0,0,1,4.6,0.0,0.01,0.03,0.03,0.01,20.72326583694641,True,0.0,0.0,0,0,0,0,0.0,0.0,1.0,0.0,0.0,0.0,0.0,0,0
39,5,arnaud kalimuendo muinga|nottingham forest,Arnaud Kalimuendo Muinga,Nottingham Forest,FWD,0.0,0.0,0.0,0.0,1e-09,0.0,0.0,0.0,0.0,0.0,0.0,0.0,0.0,0.0,0.0,0.0,0,1,3.0,0.0,0.01,0.1,0.1,0.01,20.72326583694641,True,0.0,0.0,0,0,0,0,0.0,0.0,1.0,0.0,0.0,0.0,0.0,0,0
39,5,arthur masuaku|sunderland,Arthur Masuaku,Sunderland,FWD,0.0,0.0,0.0,0.0,1e-09,0.0,0.0,0.0,0.0,0.0,0.0,0.0,0.0,0.0,0.0,0.0,0,1,1.0,0.0,0.02,0.2,0.2,0.02,20.72326583694641,True,0.0,0.0,0,0,0,0,0.0,0.0,1.0,0.0,0.0,0.0,0.0,0,0
39,5,ashley barnes|burnley,Ashley Barnes,Burnley,FWD,0.0,0.0,0.0,0.0,1e-09,0.0,0.0,0.0,0.0,0.0,0.0,0.0,0.0,0.0,0.0,0.0,0,1,5.0,0.0,0.01,0.2,0.2,0.01,20.72326583694641,True,0.0,0.0,0,0,0,0,0.0,0.0,1.0,0.0,0.0,0.0,0.0,0,0
39,5,axel disasi|west ham,Axel Disasi,West Ham,DEF,0.0,0.0,0.0,0.0,1e-09,0.0,0.0,0.0,0.0,0.0,0.0,0.0,0.0,0.0,0.0,0.0,0,1,6.3,0.0,0.03,0.14,0.14,0.03,20.72326583694641,True,0.0,0.0,0,0,0,0,0.0,0.0,1.0,0.0,0.0,0.0,0.0,0,0
39,5,axel tuanzebe|burnley,Axel Tuanzebe,Burnley,DEF,0.0,0.0,0.0,0.0,1e-09,0.0,0.0,0.0,0.0,0.0,0.0,0.0,0.0,0.0,0.0,0.0,0,1,9.4,0.0,0.02,0.1,0.1,0.02,20.72326583694641,True,0.0,0.0,0,0,0,0,0.0,0.0,1.0,0.0,0.0,0.0,0.0,0,0
39,5,ayden heaven|manchester united,Ayden Heaven,Manchester United,DEF,0.0,0.0,0.0,0.0,1e-09,0.0,0.0,0.0,0.0,0.0,0.0,0.0,0.0,0.0,0.0,0.0,0,1,10.1,0.0,0.02,0.2,0.2,0.02,20.72326583694641,True,0.0,0.0,0,0,0,0,0.0,0.0,1.0,0.0,0.0,0.0,0.0,0,0
39,5,bafode diakite|bournemouth,Bafode Diakite,Bournemouth,DEF,0.0,0.0,0.0,0.0,1e-09,0.0,0.0,0.0,0.0,0.0,0.0,0.0,0.0,0.0,0.0,0.0,0,1,8.3,0.0,0.02,0.1,0.1,0.02,20.72326583694641,True,0.0,0.0,0,0,0,0,0.0,0.0,1.0,0.0,0.0,0.0,0.0,0,0
39,5,bart verbruggen|brighton,Bart Verbruggen,Brighton,GK,0.0,0.0,0.0,0.0,1e-09,0.0,0.0,0.0,0.0,0.0,0.0,0.0,0.0,0.0,0.0,0.0,0,1,0.0,2.8,0.01,0.06,0.06,0.01,20.72326583694641,True,0.0,0.0,0,0,0,0,0.0,0.0,1.0,0.0,0.0,0.0,0.0,0,0
39,5,bashir humphreys|burnley,Bashir Humphreys,Burnley,DEF,0.0,0.0,0.0,0.0,1e-09,0.0,0.0,0.0,0.0,0.0,0.0,0.0,0.0,0.0,0.0,0.0,0,1,8.5,0.0,0.02,0.5,0.5,0.02,20.72326583694641,True,0.0,0.0,0,0,0,0,0.0,0.0,1.0,0.0,0.0,0.0,0.0,0,0
39,5,ben davies|tottenham,Ben Davies,Tottenham,DEF,0.0,0.0,0.0,0.0,1e-09,0.0,0.0,0.0,0.0,0.0,0.0,0.0,0.0,0.0,0.0,0.0,0,1,9.3,0.0,0.02,0.2,0.2,0.02,20.72326583694641,True,0.0,0.0,0,0,0,0,0.0,0.0,1.0,0.0,0.0,0.0,0.0,0,0
39,5,ben doak|bournemouth,Ben Doak,Bournemouth,FWD,0.0,0.0,0.0,0.0,1e-09,0.0,0.0,0.0,0.0,0.0,0.0,0.0,0.0,0.0,0.0,0.0,0,1,0.0,0.0,0.01,0.06,0.06,0.01,20.72326583694641,True,0.0,0.0,0,0,0,0,0.0,0.0,1.0,0.0,0.0,0.0,0.0,0,0
39,5,ben white|arsenal,Ben White,Arsenal,DEF,0.0,0.0,0.0,0.0,1e-09,0.0,0.0,0.0,0.0,0.0,0.0,0.0,0.0,0.0,0.0,0.0,0,1,7.9,0.0,0.02,0.06,0.06,0.02,20.72326583694641,True,0.0,0.0,0,0,0,0,0.0,0.0,1.0,0.0,0.0,0.0,0.0,0,0
39,5,ben winterburn|bournemouth,Ben Winterburn,Bournemouth,MID,0.0,0.0,0.0,0.0,1e-09,0.0,0.0,0.0,0.0,0.0,0.0,0.0,0.0,0.0,0.0,0.0,0,1,0.0,0.0,0.01,0.06,0.06,0.01,20.72326583694641,True,0.0,0.0,0,0,0,0,0.0,0.0,1.0,0.0,0.0,0.0,0.0,0,0
39,5,bendito mantato|manchester united,Bendito Mantato,Manchester United,MID,0.0,0.0,0.0,0.0,1e-09,0.0,0.0,0.0,0.0,0.0,0.0,0.0,0.0,0.0,0.0,0.0,0,1,2.0,0.0,0.01,0.1,0.1,0.01,20.72326583694641,True,0.0,0.0,0,0,0,0,0.0,0.0,1.0,0.0,0.0,0.0,0.0,0,0
39,5,benjamin sesko|manchester united,Benjamin Sesko,Manchester United,FWD,0.0,0.0,0.0,0.0,1e-09,0.0,0.0,0.0,0.0,0.0,0.0,0.0,0.0,0.0,0.0,0.0,0,1,3.9,0.0,0.01,0.06,0.06,0.01,20.72326583694641,True,0.0,0.0,0,0,0,0,0.0,0.0,1.0,0.0,0.0,0.0,0.0,0,0
39,5,benoit badiashile mukinayi|chelsea,Benoit Badiashile Mukinayi,Chelsea,DEF,0.0,0.0,0.0,0.0,1e-09,0.0,0.0,0.0,0.0,0.0,0.0,0.0,0.0,0.0,0.0,0.0,0,1,9.2,0.0,0.02,0.33,0.33,0.02,20.72326583694641,True,0.0,0.0,0,0,0,0,0.0,0.0,1.0,0.0,0.0,0.0,0.0,0,0
39,5,bernardo silva|manchester city,Bernardo Silva,Manchester City,MID,0.0,0.0,0.0,0.0,1e-09,0.0,0.0,0.0,0.0,0.0,0.0,0.0,0.0,0.0,0.0,0.0,0,1,8.1,0.0,0.02,0.33,0.33,0.02,20.72326583694641,True,0.0,0.0,0,0,0,0,0.0,0.0,1.0,0.0,0.0,0.0,0.0,0,0
39,5,bernd leno|fulham,Bernd Leno,Fulham,GK,0.0,0.0,0.0,0.0,1e-09,0.0,0.0,0.0,0.0,0.0,0.0,0.0,0.0,0.0,0.0,0.0,0,1,0.0,2.4,0.01,0.1,0.1,0.01,20.72326583694641,True,0.0,0.0,0,0,0,0,0.0,0.0,1.0,0.0,0.0,0.0,0.0,0,0
39,5,bertrand traoré|sunderland,Bertrand Traoré,Sunderland,MID,0.0,0.0,0.0,0.0,1e-09,0.0,0.0,0.0,0.0,0.0,0.0,0.0,0.0,0.0,0.0,0.0,0,1,5.7,0.0,0.02,0.14,0.14,0.02,20.72326583694641,True,0.0,0.0,0,0,0,0,0.0,0.0,1.0,0.0,0.0,0.0,0.0,0,0
39,5,beto|everton,Beto,Everton,FWD,0.0,0.0,0.0,0.0,1e-09,0.0,0.0,0.0,0.0,0.0,0.0,0.0,0.0,0.0,0.0,0.0,0,1,5.6,0.0,0.01,0.2,0.2,0.01,20.72326583694641,True,0.0,0.0,0,0,0,0,0.0,0.0,1.0,0.0,0.0,0.0,0.0,0,0
39,5,borna sosa|crystal palace,Borna Sosa,Crystal Palace,DEF,0.0,0.0,0.0,0.0,1e-09,0.0,0.0,0.0,0.0,0.0,0.0,0.0,0.0,0.0,0.0,0.0,0,1,5.0,0.0,0.01,0.06,0.06,0.01,20.72326583694641,True,0.0,0.0,0,0,0,0,0.0,0.0,1.0,0.0,0.0,0.0,0.0,0,0
39,5,boubacar kamara|aston villa,Boubacar Kamara,Aston Villa,MID,0.0,0.0,0.0,0.0,1e-09,0.0,0.0,0.0,0.0,0.0,0.0,0.0,0.0,0.0,0.0,0.0,0,1,9.5,0.0,0.02,0.33,0.33,0.02,20.72326583694641,True,0.0,0.0,0,0,0,0,0.0,0.0,1.0,0.0,0.0,0.0,0.0,0,0
39,5,bradley burrowes|aston villa,Bradley Burrowes,Aston Villa,MID,0.0,0.0,0.0,0.0,1e-09,0.0,0.0,0.0,0.0,0.0,0.0,0.0,0.0,0.0,0.0,0.0,0,1,0.0,0.0,0.01,0.06,0.06,0.01,20.72326583694641,True,0.0,0.0,0,0,0,0,0.0,0.0,1.0,0.0,0.0,0.0,0.0,0,0
39,5,brajan gruda|brighton,Brajan Gruda,Brighton,MID,0.0,0.0,0.0,0.0,1e-09,0.0,0.0,0.0,0.0,0.0,0.0,0.0,0.0,0.0,0.0,0.0,0,1,7.4,0.0,0.01,0.1,0.1,0.01,20.72326583694641,True,0.0,0.0,0,0,0,0,0.0,0.0,1.0,0.0,0.0,0.0,0.0,0,0
39,5,brenden aaronson|leeds,Brenden Aaronson,Leeds,MID,0.0,0.0,0.0,0.0,1e-09,0.0,0.0,0.0,0.0,0.0,0.0,0.0,0.0,0.0,0.0,0.0,0,1,8.2,0.0,0.01,0.06,0.06,0.01,20.72326583694641,True,0.0,0.0,0,0,0,0,0.0,0.0,1.0,0.0,0.0,0.0,0.0,0,0
39,5,brennan johnson|crystal palace,Brennan Johnson,Crystal Palace,MID,0.0,0.0,0.0,0.0,1e-09,0.0,0.0,0.0,0.0,0.0,0.0,0.0,0.0,0.0,0.0,0.0,0,1,5.9,0.0,0.01,0.2,0.2,0.01,20.72326583694641,True,0.0,0.0,0,0,0,0,0.0,0.0,1.0,0.0,0.0,0.0,0.0,0,0
39,5,brian brobbey|sunderland,Brian Brobbey,Sunderland,FWD,0.0,0.0,0.0,0.0,1e-09,0.0,0.0,0.0,0.0,0.0,0.0,0.0,0.0,0.0,0.0,0.0,0,1,3.8,0.0,0.01,0.2,0.2,0.01,20.72326583694641,True,0.0,0.0,0,0,0,0,0.0,0.0,1.0,0.0,0.0,0.0,0.0,0,0
39,5,bruno fernandes|manchester united,Bruno Fernandes,Manchester United,MID,0.0,0.0,0.0,0.0,1e-09,0.0,0.0,0.0,0.0,0.0,0.0,0.0,0.0,0.0,0.0,0.0,0,1,8.9,0.0,0.01,0.14,0.14,0.01,20.72326583694641,True,0.0,0.0,0,0,0,0,0.0,0.0,1.0,0.0,0.0,0.0,0.0,0,0
39,5,bruno guimarães|newcastle united,Bruno Guimarães,Newcastle United,MID,0.0,0.0,0.0,0.0,1e-09,0.0,0.0,0.0,0.0,0.0,0.0,0.0,0.0,0.0,0.0,0.0,0,1,8.9,0.0,0.02,0.2,0.2,0.02,20.72326583694641,True,0.0,0.0,0,0,0,0,0.0,0.0,1.0,0.0,0.0,0.0,0.0,0,0
39,5,bryan mbeumo|manchester united,Bryan Mbeumo,Manchester United,MID,0.0,0.0,0.0,0.0,1e-09,0.0,0.0,0.0,0.0,0.0,0.0,0.0,0.0,0.0,0.0,0.0,0,1,4.7,0.0,0.01,0.14,0.14,0.01,20.72326583694641,True,0.0,0.0,0,0,0,0,0.0,0.0,1.0,0.0,0.0,0.0,0.0,0,0
39,5,bukayo saka|arsenal,Bukayo Saka,Arsenal,MID,0.0,0.0,0.0,0.0,1e-09,0.0,0.0,0.0,0.0,0.0,0.0,0.0,0.0,0.0,0.0,0.0,0,1,7.5,0.0,0.01,0.06,0.06,0.01,20.72326583694641,True,0.0,0.0,0,0,0,0,0.0,0.0,1.0,0.0,0.0,0.0,0.0,0,0
39,5,callum hudson-odoi|nottingham forest,Callum Hudson-Odoi,Nottingham Forest,MID,0.0,0.0,0.0,0.0,1e-09,0.0,0.0,0.0,0.0,0.0,0.0,0.0,0.0,0.0,0.0,0.0,0,1,5.3,0.0,0.01,0.06,0.06,0.01,20.72326583694641,True,0.0,0.0,0,0,0,0,0.0,0.0,1.0,0.0,0.0,0.0,0.0,0,0
39,5,callum marshall|west ham,Callum Marshall,West Ham,FWD,0.0,0.0,0.0,0.0,1e-09,0.0,0.0,0.0,0.0,0.0,0.0,0.0,0.0,0.0,0.0,0.0,0,1,1.0,0.0,0.01,0.14,0.14,0.01,20.72326583694641,True,0.0,0.0,0,0,0,0,0.0,0.0,1.0,0.0,0.0,0.0,0.0,0,0
39,5,callum olusesi|tottenham,Callum Olusesi,Tottenham,DEF,0.0,0.0,0.0,0.0,1e-09,0.0,0.0,0.0,0.0,0.0,0.0,0.0,0.0,0.0,0.0,0.0,0,1,0.0,0.0,0.0,0.0,0.0,0.0,20.72326583694641,True,0.0,0.0,0,0,0,0,0.0,0.0,1.0,0.0,0.0,0.0,0.0,0,0
39,5,callum wilson|west ham,Callum Wilson,West Ham,FWD,0.0,0.0,0.0,0.0,1e-09,0.0,0.0,0.0,0.0,0.0,0.0,0.0,0.0,0.0,0.0,0.0,0,1,3.1,0.0,0.01,0.06,0.06,0.01,20.72326583694641,True,0.0,0.0,0,0,0,0,0.0,0.0,1.0,0.0,0.0,0.0,0.0,0,0
39,5,calvin bassey|fulham,Calvin Bassey,Fulham,DEF,0.0,0.0,0.0,0.0,1e-09,0.0,0.0,0.0,0.0,0.0,0.0,0.0,0.0,0.0,0.0,0.0,0,1,8.2,0.0,0.02,0.2,0.2,0.02,20.72326583694641,True,0.0,0.0,0,0,0,0,0.0,0.0,1.0,0.0,0.0,0.0,0.0,0,0
39,5,caoimhin kelleher|brentford,Caoimhin Kelleher,Brentford,GK,0.0,0.0,0.0,0.0,1e-09,0.0,0.0,0.0,0.0,0.0,0.0,0.0,0.0,0.0,0.0,0.0,0,1,0.0,2.7,0.01,0.03,0.03,0.01,20.72326583694641,True,0.0,0.0,0,0,0,0,0.0,0.0,1.0,0.0,0.0,0.0,0.0,0,0
39,5,carlos alcaraz|everton,Carlos Alcaraz,Everton,MID,0.0,0.0,0.0,0.0,1e-09,0.0,0.0,0.0,0.0,0.0,0.0,0.0,0.0,0.0,0.0,0.0,0,1,8.6,0.0,0.02,0.33,0.33,0.02,20.72326583694641,True,0.0,0.0,0,0,0,0,0.0,0.0,1.0,0.0,0.0,0.0,0.0,0,0
39,5,carlos baleba|brighton,Carlos Baleba,Brighton,MID,0.0,0.0,0.0,0.0,1e-09,0.0,0.0,0.0,0.0,0.0,0.0,0.0,0.0,0.0,0.0,0.0,0,1,10.8,0.0,0.03,0.5,0.5,0.03,20.72326583694641,True,0.0,0.0,0,0,0,0,0.0,0.0,1.0,0.0,0.0,0.0,0.0,0,0
39,5,casemiro|manchester united,Casemiro,Manchester United,MID,0.0,0.0,0.0,0.0,1e-09,0.0,0.0,0.0,0.0,0.0,0.0,0.0,0.0,0.0,0.0,0.0,0,1,11.9,0.0,0.03,0.33,0.33,0.03,20.72326583694641,True,0.0,0.0,0,0,0,0,0.0,0.0,1.0,0.0,0.0,0.0,0.0,0,0
39,5,chadi riad|crystal palace,Chadi Riad,Crystal Palace,DEF,0.0,0.0,0.0,0.0,1e-09,0.0,0.0,0.0,0.0,0.0,0.0,0.0,0.0,0.0,0.0,0.0,0,1,4.5,0.0,0.02,0.33,0.33,0.02,20.72326583694641,True,0.0,0.0,0,0,0,0,0.0,0.0,1.0,0.0,0.0,0.0,0.0,0,0
39,5,charalampos kostoulas|brighton,Charalampos Kostoulas,Brighton,FWD,0.0,0.0,0.0,0.0,1e-09,0.0,0.0,0.0,0.0,0.0,0.0,0.0,0.0,0.0,0.0,0.0,0,1,11.7,0.0,0.01,0.33,0.33,0.01,20.72326583694641,True,0.0,0.0,0,0,0,0,0.0,0.0,1.0,0.0,0.0,0.0,0.0,0,0
39,5,chemsdine talbi|sunderland,Chemsdine Talbi,Sunderland,MID,0.0,0.0,0.0,0.0,1e-09,0.0,0.0,0.0,0.0,0.0,0.0,0.0,0.0,0.0,0.0,0.0,0,1,5.6,0.0,0.02,0.14,0.14,0.02,20.72326583694641,True,0.0,0.0,0,0,0,0,0.0,0.0,1.0,0.0,0.0,0.0,0.0,0,0
39,5,chimuanya ugochukwu|burnley,Chimuanya Ugochukwu,Burnley,MID,0.0,0.0,0.0,0.0,1e-09,0.0,0.0,0.0,0.0,0.0,0.0,0.0,0.0,0.0,0.0,0.0,0,1,8.8,0.0,0.02,0.14,0.14,0.02,20.72326583694641,True,0.0,0.0,0,0,0,0,0.0,0.0,1.0,0.0,0.0,0.0,0.0,0,0
39,5,chris richards|crystal palace,Chris Richards,Crystal Palace,DEF,0.0,0.0,0.0,0.0,1e-09,0.0,0.0,0.0,0.0,0.0,0.0,0.0,0.0,0.0,0.0,0.0,0,1,10.0,0.0,0.02,0.14,0.14,0.02,20.72326583694641,True,0.0,0.0,0,0,0,0,0.0,0.0,1.0,0.0,0.0,0.0,0.0,0,0
39,5,chris rigg|sunderland,Chris Rigg,Sunderland,MID,0.0,0.0,0.0,0.0,1e-09,0.0,0.0,0.0,0.0,0.0,0.0,0.0,0.0,0.0,0.0,0.0,0,1,6.5,0.0,0.01,0.1,0.1,0.01,20.72326583694641,True,0.0,0.0,0,0,0,0,0.0,0.0,1.0,0.0,0.0,0.0,0.0,0,0
39,5,chris wood|nottingham forest,Chris Wood,Nottingham Forest,FWD,0.0,0.0,0.0,0.0,1e-09,0.0,0.0,0.0,0.0,0.0,0.0,0.0,0.0,0.0,0.0,0.0,0,1,2.3,0.0,0.01,0.1,0.1,0.01,20.72326583694641,True,0.0,0.0,0,0,0,0,0.0,0.0,1.0,0.0,0.0,0.0,0.0,0,0
39,5,christantus uche|crystal palace,Christantus Uche,Crystal Palace,MID,0.0,0.0,0.0,0.0,1e-09,0.0,0.0,0.0,0.0,0.0,0.0,0.0,0.0,0.0,0.0,0.0,0,1,7.2,0.0,0.01,0.06,0.06,0.01,20.72326583694641,True,0.0,0.0,0,0,0,0,0.0,0.0,1.0,0.0,0.0,0.0,0.0,0,0
39,5,christian nørgaard|arsenal,Christian Nørgaard,Arsenal,MID,0.0,0.0,0.0,0.0,1e-09,0.0,0.0,0.0,0.0,0.0,0.0,0.0,0.0,0.0,0.0,0.0,0,1,7.5,0.0,0.02,0.06,0.06,0.02,20.72326583694641,True,0.0,0.0,0,0,0,0,0.0,0.0,1.0,0.0,0.0,0.0,0.0,0,0
39,5,cody gakpo|liverpool,Cody Gakpo,Liverpool,MID,0.0,0.0,0.0,0.0,1e-09,0.0,0.0,0.0,0.0,0.0,0.0,0.0,0.0,0.0,0.0,0.0,0,1,5.3,0.0,0.01,0.1,0.1,0.01,20.72326583694641,True,0.0,0.0,0,0,0,0,0.0,0.0,1.0,0.0,0.0,0.0,0.0,0,0
39,5,cole palmer|chelsea,Cole Palmer,Chelsea,MID,0.0,0.0,0.0,0.0,1e-09,0.0,0.0,0.0,0.0,0.0,0.0,0.0,0.0,0.0,0.0,0.0,0,1,6.6,0.0,0.01,0.33,0.33,0.01,20.72326583694641,True,0.0,0.0,0,0,0,0,0.0,0.0,1.0,0.0,0.0,0.0,0.0,0,0
39,5,conor bradley|liverpool,Conor Bradley,Liverpool,DEF,0.0,0.0,0.0,0.0,1e-09,0.0,0.0,0.0,0.0,0.0,0.0,0.0,0.0,0.0,0.0,0.0,0,1,6.3,0.0,0.02,0.5,0.5,0.02,20.72326583694641,True,0.0,0.0,0,0,0,0,0.0,0.0,1.0,0.0,0.0,0.0,0.0,0,0
39,5,conor gallagher|tottenham,Conor Gallagher,Tottenham,MID,0.0,0.0,0.0,0.0,1e-09,0.0,0.0,0.0,0.0,0.0,0.0,0.0,0.0,0.0,0.0,0.0,0,1,9.5,0.0,0.02,0.14,0.14,0.02,20.72326583694641,True,0.0,0.0,0,0,0,0,0.0,0.0,1.0,0.0,0.0,0.0,0.0,0,0
39,5,cristhian mosquera|arsenal,Cristhian Mosquera,Arsenal,DEF,0.0,0.0,0.0,0.0,1e-09,0.0,0.0,0.0,0.0,0.0,0.0,0.0,0.0,0.0,0.0,0.0,0,1,9.0,0.0,0.02,0.33,0.33,0.02,20.72326583694641,True,0.0,0.0,0,0,0,0,0.0,0.0,1.0,0.0,0.0,0.0,0.0,0,0
39,5,cristian romero|tottenham,Cristian Romero,Tottenham,DEF,0.0,0.0,0.0,0.0,1e-09,0.0,0.0,0.0,0.0,0.0,0.0,0.0,0.0,0.0,0.0,0.0,0,1,9.6,0.0,0.05,0.5,0.5,0.05,20.72326583694641,True,0.0,0.0,0,0,0,0,0.0,0.0,1.0,0.0,0.0,0.0,0.0,0,0
39,5,crysencio summerville|west ham,Crysencio Summerville,West Ham,MID,0.0,0.0,0.0,0.0,1e-09,0.0,0.0,0.0,0.0,0.0,0.0,0.0,0.0,0.0,0.0,0.0,0,1,7.8,0.0,0.01,0.2,0.2,0.01,20.72326583694641,True,0.0,0.0,0,0,0,0,0.0,0.0,1.0,0.0,0.0,0.0,0.0,0,0
39,5,curtis jones|liverpool,Curtis Jones,Liverpool,MID,0.0,0.0,0.0,0.0,1e-09,0.0,0.0,0.0,0.0,0.0,0.0,0.0,0.0,0.0,0.0,0.0,0,1,9.8,0.0,0.02,0.06,0.06,0.02,20.72326583694641,True,0.0,0.0,0,0,0,0,0.0,0.0,1.0,0.0,0.0,0.0,0.0,0,0
39,5,daichi kamada|crystal palace,Daichi Kamada,Crystal Palace,MID,0.0,0.0,0.0,0.0,1e-09,0.0,0.0,0.0,0.0,0.0,0.0,0.0,0.0,0.0,0.0,0.0,0,1,10.0,0.0,0.02,0.14,0.14,0.02,20.72326583694641,True,0.0,0.0,0,0,0,0,0.0,0.0,1.0,0.0,0.0,0.0,0.0,0,0
39,5,dan ballard|sunderland,Dan Ballard,Sunderland,DEF,0.0,0.0,0.0,0.0,1e-09,0.0,0.0,0.0,0.0,0.0,0.0,0.0,0.0,0.0,0.0,0.0,0,1,11.0,0.0,0.02,0.14,0.14,0.02,20.72326583694641,True,0.0,0.0,0,0,0,0,0.0,0.0,1.0,0.0,0.0,0.0,0.0,0,0
39,5,dan burn|newcastle united,Dan Burn,Newcastle United,DEF,0.0,0.0,0.0,0.0,1e-09,0.0,0.0,0.0,0.0,0.0,0.0,0.0,0.0,0.0,0.0,0.0,0,1,9.0,0.0,0.02,0.5,0.5,0.02,20.72326583694641,True,0.0,0.0,0,0,0,0,0.0,0.0,1.0,0.0,0.0,0.0,0.0,0,0
39,5,dan ndoye|nottingham forest,Dan Ndoye,Nottingham Forest,MID,0.0,0.0,0.0,0.0,1e-09,0.0,0.0,0.0,0.0,0.0,0.0,0.0,0.0,0.0,0.0,0.0,0,1,7.6,0.0,0.01,0.06,0.06,0.01,20.72326583694641,True,0.0,0.0,0,0,0,0,0.0,0.0,1.0,0.0,0.0,0.0,0.0,0,0
39,5,dan neil|sunderland,Dan Neil,Sunderland,MID,0.0,0.0,0.0,0.0,1e-09,0.0,0.0,0.0,0.0,0.0,0.0,0.0,0.0,0.0,0.0,0.0,0,1,3.0,0.0,0.01,0.14,0.14,0.01,20.72326583694641,True,0.0,0.0,0,0,0,0,0.0,0.0,1.0,0.0,0.0,0.0,0.0,0,0
39,5,dane scarlett|tottenham,Dane Scarlett,Tottenham,FWD,0.0,0.0,0.0,0.0,1e-09,0.0,0.0,0.0,0.0,0.0,0.0,0.0,0.0,0.0,0.0,0.0,0,1,1.0,0.0,0.01,0.06,0.06,0.01,20.72326583694641,True,0.0,0.0,0,0,0,0,0.0,0.0,1.0,0.0,0.0,0.0,0.0,0,0
39,5,dango ouattara|brentford,Dango Ouattara,Brentford,MID,0.0,0.0,0.0,0.0,1e-09,0.0,0.0,0.0,0.0,0.0,0.0,0.0,0.0,0.0,0.0,0.0,0,1,7.7,0.0,0.01,0.2,0.2,0.01,20.72326583694641,True,0.0,0.0,0,0,0,0,0.0,0.0,1.0,0.0,0.0,0.0,0.0,0,0
39,5,daniel james|leeds,Daniel James,Leeds,MID,0.0,0.0,0.0,0.0,1e-09,0.0,0.0,0.0,0.0,0.0,0.0,0.0,0.0,0.0,0.0,0.0,0,1,4.7,0.0,0.01,0.1,0.1,0.01,20.72326583694641,True,0.0,0.0,0,0,0,0,0.0,0.0,1.0,0.0,0.0,0.0,0.0,0,0
39,5,daniel muñoz|crystal palace,Daniel Muñoz,Crystal Palace,DEF,0.0,0.0,0.0,0.0,1e-09,0.0,0.0,0.0,0.0,0.0,0.0,0.0,0.0,0.0,0.0,0.0,0,1,7.1,0.0,0.02,0.33,0.33,0.02,20.72326583694641,True,0.0,0.0,0,0,0,0,0.0,0.0,1.0,0.0,0.0,0.0,0.0,0,0
39,5,danny welbeck|brighton,Danny Welbeck,Brighton,FWD,0.0,0.0,0.0,0.0,1e-09,0.0,0.0,0.0,0.0,0.0,0.0,0.0,0.0,0.0,0.0,0.0,0,1,4.3,0.0,0.01,0.2,0.2,0.01,20.72326583694641,True,0.0,0.0,0,0,0,0,0.0,0.0,1.0,0.0,0.0,0.0,0.0,0,0
39,5,david brooks|bournemouth,David Brooks,Bournemouth,MID,0.0,0.0,0.0,0.0,1e-09,0.0,0.0,0.0,0.0,0.0,0.0,0.0,0.0,0.0,0.0,0.0,0,1,7.0,0.0,0.03,0.5,0.5,0.03,20.72326583694641,True,0.0,0.0,0,0,0,0,0.0,0.0,1.0,0.0,0.0,0.0,0.0,0,0
39,5,david møller wolfe|wolverhampton wanderers,David Møller Wolfe,Wolverhampton Wanderers,DEF,0.0,0.0,0.0,0.0,1e-09,0.0,0.0,0.0,0.0,0.0,0.0,0.0,0.0,0.0,0.0,0.0,0,1,2.0,0.0,0.02,0.1,0.1,0.02,20.72326583694641,True,0.0,0.0,0,0,0,0,0.0,0.0,1.0,0.0,0.0,0.0,0.0,0,0
39,5,david raya|arsenal,David Raya,Arsenal,GK,0.0,0.0,0.0,0.0,1e-09,0.0,0.0,0.0,0.0,0.0,0.0,0.0,0.0,0.0,0.0,0.0,0,1,0.0,1.6,0.01,0.03,0.03,0.01,20.72326583694641,True,0.0,0.0,0,0,0,0,0.0,0.0,1.0,0.0,0.0,0.0,0.0,0,0
39,5,dean henderson|crystal palace,Dean Henderson,Crystal Palace,GK,0.0,0.0,0.0,0.0,1e-09,0.0,0.0,0.0,0.0,0.0,0.0,0.0,0.0,0.0,0.0,0.0,0,1,0.0,3.0,0.01,0.1,0.1,0.01,20.72326583694641,True,0.0,0.0,0,0,0,0,0.0,0.0,1.0,0.0,0.0,0.0,0.0,0,0
39,5,declan rice|arsenal,Declan Rice,Arsenal,MID,0.0,0.0,0.0,0.0,1e-09,0.0,0.0,0.0,0.0,0.0,0.0,0.0,0.0,0.0,0.0,0.0,0,1,11.2,0.0,0.02,0.2,0.2,0.02,20.72326583694641,True,0.0,0.0,0,0,0,0,0.0,0.0,1.0,0.0,0.0,0.0,0.0,0,0
39,5,dennis cirkin|sunderland,Dennis Cirkin,Sunderland,DEF,0.0,0.0,0.0,0.0,1e-09,0.0,0.0,0.0,0.0,0.0,0.0,0.0,0.0,0.0,0.0,0.0,0,1,7.9,0.0,0.02,0.2,0.2,0.02,20.72326583694641,True,0.0,0.0,0,0,0,0,0.0,0.0,1.0,0.0,0.0,0.0,0.0,0,0
39,5,diego coppola|brighton,Diego Coppola,Brighton,DEF,0.0,0.0,0.0,0.0,1e-09,0.0,0.0,0.0,0.0,0.0,0.0,0.0,0.0,0.0,0.0,0.0,0,1,8.4,0.0,0.01,0.5,0.5,0.01,20.72326583694641,True,0.0,0.0,0,0,0,0,0.0,0.0,1.0,0.0,0.0,0.0,0.0,0,0
39,5,diego gómez|brighton,Diego Gómez,Brighton,MID,0.0,0.0,0.0,0.0,1e-09,0.0,0.0,0.0,0.0,0.0,0.0,0.0,0.0,0.0,0.0,0.0,0,1,9.5,0.0,0.02,0.5,0.5,0.02,20.72326583694641,True,0.0,0.0,0,0,0,0,0.0,0.0,1.0,0.0,0.0,0.0,0.0,0,0
39,5,dilane bakwa|nottingham forest,Dilane Bakwa,Nottingham Forest,MID,0.0,0.0,0.0,0.0,1e-09,0.0,0.0,0.0,0.0,0.0,0.0,0.0,0.0,0.0,0.0,0.0,0,1,6.8,0.0,0.01,0.14,0.14,0.01,20.72326583694641,True,0.0,0.0,0,0,0,0,0.0,0.0,1.0,0.0,0.0,0.0,0.0,0,0
39,5,diogo dalot|manchester united,Diogo Dalot,Manchester United,DEF,0.0,0.0,0.0,0.0,1e-09,0.0,0.0,0.0,0.0,0.0,0.0,0.0,0.0,0.0,0.0,0.0,0,1,6.0,0.0,0.02,0.2,0.2,0.02,20.72326583694641,True,0.0,0.0,0,0,0,0,0.0,0.0,1.0,0.0,0.0,0.0,0.0,0,0
39,5,divine mukasa|manchester city,Divine Mukasa,Manchester City,MID,0.0,0.0,0.0,0.0,1e-09,0.0,0.0,0.0,0.0,0.0,0.0,0.0,0.0,0.0,0.0,0.0,0,1,2.0,0.0,0.01,0.06,0.06,0.01,20.72326583694641,True,0.0,0.0,0,0,0,0,0.0,0.0,1.0,0.0,0.0,0.0,0.0,0,0
39,5,djed spence|tottenham,Djed Spence,Tottenham,DEF,0.0,0.0,0.0,0.0,1e-09,0.0,0.0,0.0,0.0,0.0,0.0,0.0,0.0,0.0,0.0,0.0,0,1,4.8,0.0,0.02,0.2,0.2,0.02,20.72326583694641,True,0.0,0.0,0,0,0,0,0.0,0.0,1.0,0.0,0.0,0.0,0.0,0,0
39,5,djiamgone jocelin ta bi|sunderland,Djiamgone Jocelin Ta Bi,Sunderland,FWD,0.0,0.0,0.0,0.0,1e-09,0.0,0.0,0.0,0.0,0.0,0.0,0.0,0.0,0.0,0.0,0.0,0,1,1.0,0.0,0.01,0.1,0.1,0.01,20.72326583694641,True,0.0,0.0,0,0,0,0,0.0,0.0,1.0,0.0,0.0,0.0,0.0,0,0
39,5,djordje petrovic|bournemouth,Djordje Petrovic,Bournemouth,GK,0.0,0.0,0.0,0.0,1e-09,0.0,0.0,0.0,0.0,0.0,0.0,0.0,0.0,0.0,0.0,0.0,0,1,0.0,3.1,0.01,0.06,0.06,0.01,20.72326583694641,True,0.0,0.0,0,0,0,0,0.0,0.0,1.0,0.0,0.0,0.0,0.0,0,0
39,5,dominic calvert-lewin|leeds,Dominic Calvert-Lewin,Leeds,FWD,0.0,0.0,0.0,0.0,1e-09,0.0,0.0,0.0,0.0,0.0,0.0,0.0,0.0,0.0,0.0,0.0,0,1,3.0,0.0,0.01,0.06,0.06,0.01,20.72326583694641,True,0.0,0.0,0,0,0,0,0.0,0.0,1.0,0.0,0.0,0.0,0.0,0,0
39,5,dominic solanke|tottenham,Dominic Solanke,Tottenham,FWD,0.0,0.0,0.0,0.0,1e-09,0.0,0.0,0.0,0.0,0.0,0.0,0.0,0.0,0.0,0.0,0.0,0,1,6.3,0.0,0.01,0.1,0.1,0.01,20.72326583694641,True,0.0,0.0,0,0,0,0,0.0,0.0,1.0,0.0,0.0,0.0,0.0,0,0
39,5,dominik szoboszlai|liverpool,Dominik Szoboszlai,Liverpool,MID,0.0,0.0,0.0,0.0,1e-09,0.0,0.0,0.0,0.0,0.0,0.0,0.0,0.0,0.0,0.0,0.0,0,1,9.2,0.0,0.02,0.2,0.2,0.02,20.72326583694641,True,0.0,0.0,0,0,0,0,0.0,0.0,1.0,0.0,0.0,0.0,0.0,0,0
39,5,donyell malen|aston villa,Donyell Malen,Aston Villa,MID,0.0,0.0,0.0,0.0,1e-09,0.0,0.0,0.0,0.0,0.0,0.0,0.0,0.0,0.0,0.0,0.0,0,1,2.3,0.0,0.01,0.06,0.06,0.01,20.72326583694641,True,0.0,0.0,0,0,0,0,0.0,0.0,1.0,0.0,0.0,0.0,0.0,0,0
39,5,douglas luiz|aston villa,Douglas Luiz,Aston Villa,MID,0.0,0.0,0.0,0.0,1e-09,0.0,0.0,0.0,0.0,0.0,0.0,0.0,0.0,0.0,0.0,0.0,0,1,10.7,0.0,0.02,0.2,0.2,0.02,20.72326583694641,True,0.0,0.0,0,0,0,0,0.0,0.0,1.0,0.0,0.0,0.0,0.0,0,0
39,5,dwight mcneil|everton,Dwight McNeil,Everton,MID,0.0,0.0,0.0,0.0,1e-09,0.0,0.0,0.0,0.0,0.0,0.0,0.0,0.0,0.0,0.0,0.0,0,1,8.3,0.0,0.02,0.2,0.2,0.02,20.72326583694641,True,0.0,0.0,0,0,0,0,0.0,0.0,1.0,0.0,0.0,0.0,0.0,0,0
39,5,eberechi eze|arsenal,Eberechi Eze,Arsenal,MID,0.0,0.0,0.0,0.0,1e-09,0.0,0.0,0.0,0.0,0.0,0.0,0.0,0.0,0.0,0.0,0.0,0,1,5.8,0.0,0.01,0.06,0.06,0.01,20.72326583694641,True,0.0,0.0,0,0,0,0,0.0,0.0,1.0,0.0,0.0,0.0,0.0,0,0
39,5,eddie nketiah|crystal palace,Eddie Nketiah,Crystal Palace,FWD,0.0,0.0,0.0,0.0,1e-09,0.0,0.0,0.0,0.0,0.0,0.0,0.0,0.0,0.0,0.0,0.0,0,1,8.3,0.0,0.01,0.2,0.2,0.01,20.72326583694641,True,0.0,0.0,0,0,0,0,0.0,0.0,1.0,0.0,0.0,0.0,0.0,0,0
39,5,el hadji malick diouf|west ham,El Hadji Malick Diouf,West Ham,DEF,0.0,0.0,0.0,0.0,1e-09,0.0,0.0,0.0,0.0,0.0,0.0,0.0,0.0,0.0,0.0,0.0,0,1,7.6,0.0,0.02,0.2,0.2,0.02,20.72326583694641,True,0.0,0.0,0,0,0,0,0.0,0.0,1.0,0.0,0.0,0.0,0.0,0,0
39,5,eli junior kroupi|bournemouth,Eli Junior Kroupi,Bournemouth,FWD,0.0,0.0,0.0,0.0,1e-09,0.0,0.0,0.0,0.0,0.0,0.0,0.0,0.0,0.0,0.0,0.0,0,1,6.2,0.0,0.02,0.33,0.33,0.02,20.72326583694641,True,0.0,0.0,0,0,0,0,0.0,0.0,1.0,0.0,0.0,0.0,0.0,0,0
39,5,eliezer mayenda|sunderland,Eliezer Mayenda,Sunderland,FWD,0.0,0.0,0.0,0.0,1e-09,0.0,0.0,0.0,0.0,0.0,0.0,0.0,0.0,0.0,0.0,0.0,0,1,3.3,0.0,0.03,0.1,0.1,0.03,20.72326583694641,True,0.0,0.0,0,0,0,0,0.0,0.0,1.0,0.0,0.0,0.0,0.0,0,0
39,5,elliot anderson|nottingham forest,Elliot Anderson,Nottingham Forest,MID,0.0,0.0,0.0,0.0,1e-09,0.0,0.0,0.0,0.0,0.0,0.0,0.0,0.0,0.0,0.0,0.0,0,1,14.0,0.0,0.02,0.2,0.2,0.02,20.72326583694641,True,0.0,0.0,0,0,0,0,0.0,0.0,1.0,0.0,0.0,0.0,0.0,0,0
39,5,emil krafth|newcastle united,Emil Krafth,Newcastle United,DEF,0.0,0.0,0.0,0.0,1e-09,0.0,0.0,0.0,0.0,0.0,0.0,0.0,0.0,0.0,0.0,0.0,0,1,3.0,0.0,0.02,0.33,0.33,0.02,20.72326583694641,True,0.0,0.0,0,0,0,0,0.0,0.0,1.0,0.0,0.0,0.0,0.0,0,0
39,5,emile smith-rowe|fulham,Emile Smith-Rowe,Fulham,MID,0.0,0.0,0.0,0.0,1e-09,0.0,0.0,0.0,0.0,0.0,0.0,0.0,0.0,0.0,0.0,0.0,0,1,7.1,0.0,0.01,0.06,0.06,0.01,20.72326583694641,True,0.0,0.0,0,0,0,0,0.0,0.0,1.0,0.0,0.0,0.0,0.0,0,0
39,5,emiliano buendía|aston villa,Emiliano Buendía,Aston Villa,MID,0.0,0.0,0.0,0.0,1e-09,0.0,0.0,0.0,0.0,0.0,0.0,0.0,0.0,0.0,0.0,0.0,0,1,9.7,0.0,0.02,0.33,0.33,0.02,20.72326583694641,True,0.0,0.0,0,0,0,0,0.0,0.0,1.0,0.0,0.0,0.0,0.0,0,0
39,5,emiliano martinez|aston villa,Emiliano Martinez,Aston Villa,GK,0.0,0.0,0.0,0.0,1e-09,0.0,0.0,0.0,0.0,0.0,0.0,0.0,0.0,0.0,0.0,0.0,0,1,0.0,2.9,0.02,0.14,0.14,0.02,20.72326583694641,True,0.0,0.0,0,0,0,0,0.0,0.0,1.0,0.0,0.0,0.0,0.0,0,0
39,5,emmanuel agbadou|wolverhampton wanderers,Emmanuel Agbadou,Wolverhampton Wanderers,DEF,0.0,0.0,0.0,0.0,1e-09,0.0,0.0,0.0,0.0,0.0,0.0,0.0,0.0,0.0,0.0,0.0,0,1,10.2,0.0,0.02,0.06,0.06,0.02,20.72326583694641,True,0.0,0.0,0,0,0,0,0.0,0.0,1.0,0.0,0.0,0.0,0.0,0,0
39,5,enes ünal|bournemouth,Enes Ünal,Bournemouth,FWD,0.0,0.0,0.0,0.0,1e-09,0.0,0.0,0.0,0.0,0.0,0.0,0.0,0.0,0.0,0.0,0.0,0,1,0.0,0.0,0.01,0.2,0.2,0.01,20.72326583694641,True,0.0,0.0,0,0,0,0,0.0,0.0,1.0,0.0,0.0,0.0,0.0,0,0
39,5,enzo fernández|chelsea,Enzo Fernández,Chelsea,MID,0.0,0.0,0.0,0.0,1e-09,0.0,0.0,0.0,0.0,0.0,0.0,0.0,0.0,0.0,0.0,0.0,0,1,7.4,0.0,0.02,0.33,0.33,0.02,20.72326583694641,True,0.0,0.0,0,0,0,0,0.0,0.0,1.0,0.0,0.0,0.0,0.0,0,0
39,5,enzo le fée|sunderland,Enzo Le Fée,Sunderland,MID,0.0,0.0,0.0,0.0,1e-09,0.0,0.0,0.0,0.0,0.0,0.0,0.0,0.0,0.0,0.0,0.0,0,1,9.5,0.0,0.02,0.2,0.2,0.02,20.72326583694641,True,0.0,0.0,0,0,0,0,0.0,0.0,1.0,0.0,0.0,0.0,0.0,0,0
39,5,erling haaland|manchester city,Erling Haaland,Manchester City,FWD,0.0,0.0,0.0,0.0,1e-09,0.0,0.0,0.0,0.0,0.0,0.0,0.0,0.0,0.0,0.0,0.0,0,1,3.2,0.0,0.01,0.06,0.06,0.01,20.72326583694641,True,0.0,0.0,0,0,0,0,0.0,0.0,1.0,0.0,0.0,0.0,0.0,0,0
39,5,estêvão|chelsea,Estêvão,Chelsea,MID,0.0,0.0,0.0,0.0,1e-09,0.0,0.0,0.0,0.0,0.0,0.0,0.0,0.0,0.0,0.0,0.0,0,1,6.2,0.0,0.01,0.1,0.1,0.01,20.72326583694641,True,0.0,0.0,0,0,0,0,0.0,0.0,1.0,0.0,0.0,0.0,0.0,0,0
39,5,ethan ampadu|leeds,Ethan Ampadu,Leeds,MID,0.0,0.0,0.0,0.0,1e-09,0.0,0.0,0.0,0.0,0.0,0.0,0.0,0.0,0.0,0.0,0.0,0,1,12.3,0.0,0.02,0.33,0.33,0.02,20.72326583694641,True,0.0,0.0,0,0,0,0,0.0,0.0,1.0,0.0,0.0,0.0,0.0,0,0
39,5,ethan nwaneri|arsenal,Ethan Nwaneri,Arsenal,MID,0.0,0.0,0.0,0.0,1e-09,0.0,0.0,0.0,0.0,0.0,0.0,0.0,0.0,0.0,0.0,0.0,0,1,7.1,0.0,0.01,0.03,0.03,0.01,20.72326583694641,True,0.0,0.0,0,0,0,0,0.0,0.0,1.0,0.0,0.0,0.0,0.0,0,0
39,5,ethan pinnock|brentford,Ethan Pinnock,Brentford,DEF,0.0,0.0,0.0,0.0,1e-09,0.0,0.0,0.0,0.0,0.0,0.0,0.0,0.0,0.0,0.0,0.0,0,1,11.4,0.0,0.02,0.14,0.14,0.02,20.72326583694641,True,0.0,0.0,0,0,0,0,0.0,0.0,1.0,0.0,0.0,0.0,0.0,0,0
39,5,evanilson|bournemouth,Evanilson,Bournemouth,FWD,0.0,0.0,0.0,0.0,1e-09,0.0,0.0,0.0,0.0,0.0,0.0,0.0,0.0,0.0,0.0,0.0,0,1,3.7,0.0,0.01,0.06,0.06,0.01,20.72326583694641,True,0.0,0.0,0,0,0,0,0.0,0.0,1.0,0.0,0.0,0.0,0.0,0,0
39,5,evann guessand|crystal palace,Evann Guessand,Crystal Palace,MID,0.0,0.0,0.0,0.0,1e-09,0.0,0.0,0.0,0.0,0.0,0.0,0.0,0.0,0.0,0.0,0.0,0,1,9.1,0.0,0.01,0.06,0.06,0.01,20.72326583694641,True,0.0,0.0,0,0,0,0,0.0,0.0,1.0,0.0,0.0,0.0,0.0,0,0
39,5,ezra mayers|west ham,Ezra Mayers,West Ham,DEF,0.0,0.0,0.0,0.0,1e-09,0.0,0.0,0.0,0.0,0.0,0.0,0.0,0.0,0.0,0.0,0.0,0,1,2.0,0.0,0.02,0.14,0.14,0.02,20.72326583694641,True,0.0,0.0,0,0,0,0,0.0,0.0,1.0,0.0,0.0,0.0,0.0,0,0
39,5,ezri konsa ngoyo|aston villa,Ezri Konsa Ngoyo,Aston Villa,DEF,0.0,0.0,0.0,0.0,1e-09,0.0,0.0,0.0,0.0,0.0,0.0,0.0,0.0,0.0,0.0,0.0,0,1,6.1,0.0,0.02,0.03,0.03,0.02,20.72326583694641,True,0.0,0.0,0,0,0,0,0.0,0.0,1.0,0.0,0.0,0.0,0.0,0,0
39,5,fabian schär|newcastle united,Fabian Schär,Newcastle United,DEF,0.0,0.0,0.0,0.0,1e-09,0.0,0.0,0.0,0.0,0.0,0.0,0.0,0.0,0.0,0.0,0.0,0,1,9.5,0.0,0.02,0.1,0.1,0.02,20.72326583694641,True,0.0,0.0,0,0,0,0,0.0,0.0,1.0,0.0,0.0,0.0,0.0,0,0
39,5,fabio carvalho|brentford,Fabio Carvalho,Brentford,MID,0.0,0.0,0.0,0.0,1e-09,0.0,0.0,0.0,0.0,0.0,0.0,0.0,0.0,0.0,0.0,0.0,0,1,0.0,0.0,0.01,0.06,0.06,0.01,20.72326583694641,True,0.0,0.0,0,0,0,0,0.0,0.0,1.0,0.0,0.0,0.0,0.0,0,0
39,5,facundo buonanotte|leeds,Facundo Buonanotte,Leeds,MID,0.0,0.0,0.0,0.0,1e-09,0.0,0.0,0.0,0.0,0.0,0.0,0.0,0.0,0.0,0.0,0.0,0,1,3.0,0.0,0.01,0.33,0.33,0.01,20.72326583694641,True,0.0,0.0,0,0,0,0,0.0,0.0,1.0,0.0,0.0,0.0,0.0,0,0
39,5,federico chiesa|liverpool,Federico Chiesa,Liverpool,MID,0.0,0.0,0.0,0.0,1e-09,0.0,0.0,0.0,0.0,0.0,0.0,0.0,0.0,0.0,0.0,0.0,0,1,9.6,0.0,0.01,0.2,0.2,0.01,20.72326583694641,True,0.0,0.0,0,0,0,0,0.0,0.0,1.0,0.0,0.0,0.0,0.0,0,0
39,5,ferdi kadioglu|brighton,Ferdi Kadioglu,Brighton,DEF,0.0,0.0,0.0,0.0,1e-09,0.0,0.0,0.0,0.0,0.0,0.0,0.0,0.0,0.0,0.0,0.0,0,1,4.8,0.0,0.02,0.2,0.2,0.02,20.72326583694641,True,0.0,0.0,0,0,0,0,0.0,0.0,1.0,0.0,0.0,0.0,0.0,0,0
39,5,fernando lópez|wolverhampton wanderers,Fernando López,Wolverhampton Wanderers,FWD,0.0,0.0,0.0,0.0,1e-09,0.0,0.0,0.0,0.0,0.0,0.0,0.0,0.0,0.0,0.0,0.0,0,1,4.7,0.0,0.01,0.2,0.2,0.01,20.72326583694641,True,0.0,0.0,0,0,0,0,0.0,0.0,1.0,0.0,0.0,0.0,0.0,0,0
39,5,filip jorgensen|chelsea,Filip Jorgensen,Chelsea,GK,0.0,0.0,0.0,0.0,1e-09,0.0,0.0,0.0,0.0,0.0,0.0,0.0,0.0,0.0,0.0,0.0,0,1,0.0,0.0,0.01,0.03,0.03,0.01,20.72326583694641,True,0.0,0.0,0,0,0,0,0.0,0.0,1.0,0.0,0.0,0.0,0.0,0,0
39,5,florentino luís|burnley,Florentino Luís,Burnley,MID,0.0,0.0,0.0,0.0,1e-09,0.0,0.0,0.0,0.0,0.0,0.0,0.0,0.0,0.0,0.0,0.0,0,1,13.5,0.0,0.01,0.2,0.2,0.01,20.72326583694641,True,0.0,0.0,0,0,0,0,0.0,0.0,1.0,0.0,0.0,0.0,0.0,0,0
39,5,florian wirtz|liverpool,Florian Wirtz,Liverpool,MID,0.0,0.0,0.0,0.0,1e-09,0.0,0.0,0.0,0.0,0.0,0.0,0.0,0.0,0.0,0.0,0.0,0,1,6.5,0.0,0.01,0.06,0.06,0.01,20.72326583694641,True,0.0,0.0,0,0,0,0,0.0,0.0,1.0,0.0,0.0,0.0,0.0,0,0
39,5,frank onyeka|brentford,Frank Onyeka,Brentford,MID,0.0,0.0,0.0,0.0,1e-09,0.0,0.0,0.0,0.0,0.0,0.0,0.0,0.0,0.0,0.0,0.0,0,1,0.0,0.0,0.02,0.06,0.06,0.02,20.72326583694641,True,0.0,0.0,0,0,0,0,0.0,0.0,1.0,0.0,0.0,0.0,0.0,0,0
39,5,freddie potts|west ham,Freddie Potts,West Ham,MID,0.0,0.0,0.0,0.0,1e-09,0.0,0.0,0.0,0.0,0.0,0.0,0.0,0.0,0.0,0.0,0.0,0,1,9.2,0.0,0.03,0.06,0.06,0.03,20.72326583694641,True,0.0,0.0,0,0,0,0,0.0,0.0,1.0,0.0,0.0,0.0,0.0,0,0
39,5,gabriel gudmundsson|leeds,Gabriel Gudmundsson,Leeds,DEF,0.0,0.0,0.0,0.0,1e-09,0.0,0.0,0.0,0.0,0.0,0.0,0.0,0.0,0.0,0.0,0.0,0,1,6.3,0.0,0.02,0.14,0.14,0.02,20.72326583694641,True,0.0,0.0,0,0,0,0,0.0,0.0,1.0,0.0,0.0,0.0,0.0,0,0
39,5,gabriel jesus|arsenal,Gabriel Jesus,Arsenal,FWD,0.0,0.0,0.0,0.0,1e-09,0.0,0.0,0.0,0.0,0.0,0.0,0.0,0.0,0.0,0.0,0.0,0,1,7.7,0.0,0.02,0.5,0.5,0.02,20.72326583694641,True,0.0,0.0,0,0,0,0,0.0,0.0,1.0,0.0,0.0,0.0,0.0,0,0
39,5,gabriel martinelli|arsenal,Gabriel Martinelli,Arsenal,MID,0.0,0.0,0.0,0.0,1e-09,0.0,0.0,0.0,0.0,0.0,0.0,0.0,0.0,0.0,0.0,0.0,0,1,7.1,0.0,0.02,0.2,0.2,0.02,20.72326583694641,True,0.0,0.0,0,0,0,0,0.0,0.0,1.0,0.0,0.0,0.0,0.0,0,0
39,5,gabriel|arsenal,Gabriel,Arsenal,DEF,0.0,0.0,0.0,0.0,1e-09,0.0,0.0,0.0,0.0,0.0,0.0,0.0,0.0,0.0,0.0,0.0,0,1,8.9,0.0,0.02,0.14,0.14,0.02,20.72326583694641,True,0.0,0.0,0,0,0,0,0.0,0.0,1.0,0.0,0.0,0.0,0.0,0,0
39,5,george earthy|west ham,George Earthy,West Ham,MID,0.0,0.0,0.0,0.0,1e-09,0.0,0.0,0.0,0.0,0.0,0.0,0.0,0.0,0.0,0.0,0.0,0,1,1.0,0.0,0.01,0.06,0.06,0.01,20.72326583694641,True,0.0,0.0,0,0,0,0,0.0,0.0,1.0,0.0,0.0,0.0,0.0,0,0
39,5,george hemmings|aston villa,George Hemmings,Aston Villa,MID,0.0,0.0,0.0,0.0,1e-09,0.0,0.0,0.0,0.0,0.0,0.0,0.0,0.0,0.0,0.0,0.0,0,1,0.0,0.0,0.01,0.06,0.06,0.01,20.72326583694641,True,0.0,0.0,0,0,0,0,0.0,0.0,1.0,0.0,0.0,0.0,0.0,0,0
39,5,georginio rutter|brighton,Georginio Rutter,Brighton,MID,0.0,0.0,0.0,0.0,1e-09,0.0,0.0,0.0,0.0,0.0,0.0,0.0,0.0,0.0,0.0,0.0,0,1,5.0,0.0,0.02,0.1,0.1,0.02,20.72326583694641,True,0.0,0.0,0,0,0,0,0.0,0.0,1.0,0.0,0.0,0.0,0.0,0,0
39,5,gianluigi donnarumma|manchester city,Gianluigi Donnarumma,Manchester City,GK,0.0,0.0,0.0,0.0,1e-09,0.0,0.0,0.0,0.0,0.0,0.0,0.0,0.0,0.0,0.0,0.0,0,1,0.0,2.5,0.02,0.2,0.2,0.02,20.72326583694641,True,0.0,0.0,0,0,0,0,0.0,0.0,1.0,0.0,0.0,0.0,0.0,0,0
39,5,giorgi mamardashvili|liverpool,Giorgi Mamardashvili,Liverpool,GK,0.0,0.0,0.0,0.0,1e-09,0.0,0.0,0.0,0.0,0.0,0.0,0.0,0.0,0.0,0.0,0.0,0,1,0.0,0.0,0.01,0.06,0.06,0.01,20.72326583694641,True,0.0,0.0,0,0,0,0,0.0,0.0,1.0,0.0,0.0,0.0,0.0,0,0
39,5,granit xhaka|sunderland,Granit Xhaka,Sunderland,MID,0.0,0.0,0.0,0.0,1e-09,0.0,0.0,0.0,0.0,0.0,0.0,0.0,0.0,0.0,0.0,0.0,0,1,11.1,0.0,0.02,0.14,0.14,0.02,20.72326583694641,True,0.0,0.0,0,0,0,0,0.0,0.0,1.0,0.0,0.0,0.0,0.0,0,0
39,5,guglielmo vicario|tottenham,Guglielmo Vicario,Tottenham,GK,0.0,0.0,0.0,0.0,1e-09,0.0,0.0,0.0,0.0,0.0,0.0,0.0,0.0,0.0,0.0,0.0,0,1,0.0,2.7,0.01,0.03,0.03,0.01,20.72326583694641,True,0.0,0.0,0,0,0,0,0.0,0.0,1.0,0.0,0.0,0.0,0.0,0,0
39,5,guido rodríguez|west ham,Guido Rodríguez,West Ham,MID,0.0,0.0,0.0,0.0,1e-09,0.0,0.0,0.0,0.0,0.0,0.0,0.0,0.0,0.0,0.0,0.0,0,1,7.7,0.0,0.01,0.33,0.33,0.01,20.72326583694641,True,0.0,0.0,0,0,0,0,0.0,0.0,1.0,0.0,0.0,0.0,0.0,0,0
39,5,habib diarra|sunderland,Habib Diarra,Sunderland,MID,0.0,0.0,0.0,0.0,1e-09,0.0,0.0,0.0,0.0,0.0,0.0,0.0,0.0,0.0,0.0,0.0,0,1,5.3,0.0,0.02,0.33,0.33,0.02,20.72326583694641,True,0.0,0.0,0,0,0,0,0.0,0.0,1.0,0.0,0.0,0.0,0.0,0,0
39,5,hamed junior traore|bournemouth,Hamed Junior Traore,Bournemouth,MID,0.0,0.0,0.0,0.0,1e-09,0.0,0.0,0.0,0.0,0.0,0.0,0.0,0.0,0.0,0.0,0.0,0,1,0.0,0.0,0.02,0.03,0.03,0.02,20.72326583694641,True,0.0,0.0,0,0,0,0,0.0,0.0,1.0,0.0,0.0,0.0,0.0,0,0
39,5,hannibal mejbri|burnley,Hannibal Mejbri,Burnley,MID,0.0,0.0,0.0,0.0,1e-09,0.0,0.0,0.0,0.0,0.0,0.0,0.0,0.0,0.0,0.0,0.0,0,1,8.5,0.0,0.02,0.5,0.5,0.02,20.72326583694641,True,0.0,0.0,0,0,0,0,0.0,0.0,1.0,0.0,0.0,0.0,0.0,0,0
39,5,harrison armstrong|everton,Harrison Armstrong,Everton,MID,0.0,0.0,0.0,0.0,1e-09,0.0,0.0,0.0,0.0,0.0,0.0,0.0,0.0,0.0,0.0,0.0,0,1,9.2,0.0,0.01,0.06,0.06,0.01,20.72326583694641,True,0.0,0.0,0,0,0,0,0.0,0.0,1.0,0.0,0.0,0.0,0.0,0,0
39,5,harrison reed|fulham,Harrison Reed,Fulham,MID,0.0,0.0,0.0,0.0,1e-09,0.0,0.0,0.0,0.0,0.0,0.0,0.0,0.0,0.0,0.0,0.0,0,1,5.0,0.0,0.02,0.1,0.1,0.02,20.72326583694641,True,0.0,0.0,0,0,0,0,0.0,0.0,1.0,0.0,0.0,0.0,0.0,0,0
39,5,harry howell|brighton,Harry Howell,Brighton,MID,0.0,0.0,0.0,0.0,1e-09,0.0,0.0,0.0,0.0,0.0,0.0,0.0,0.0,0.0,0.0,0.0,0,1,0.0,0.0,0.01,0.03,0.03,0.01,20.72326583694641,True,0.0,0.0,0,0,0,0,0.0,0.0,1.0,0.0,0.0,0.0,0.0,0,0
39,5,harry maguire|manchester united,Harry Maguire,Manchester United,DEF,0.0,0.0,0.0,0.0,1e-09,0.0,0.0,0.0,0.0,0.0,0.0,0.0,0.0,0.0,0.0,0.0,0,1,7.5,0.0,0.02,0.2,0.2,0.02,20.72326583694641,True,0.0,0.0,0,0,0,0,0.0,0.0,1.0,0.0,0.0,0.0,0.0,0,0
39,5,harry wilson|fulham,Harry Wilson,Fulham,MID,0.0,0.0,0.0,0.0,1e-09,0.0,0.0,0.0,0.0,0.0,0.0,0.0,0.0,0.0,0.0,0.0,0,1,6.0,0.0,0.01,0.2,0.2,0.01,20.72326583694641,True,0.0,0.0,0,0,0,0,0.0,0.0,1.0,0.0,0.0,0.0,0.0,0,0
39,5,harvey barnes|newcastle united,Harvey Barnes,Newcastle United,MID,0.0,0.0,0.0,0.0,1e-09,0.0,0.0,0.0,0.0,0.0,0.0,0.0,0.0,0.0,0.0,0.0,0,1,4.9,0.0,0.01,0.06,0.06,0.01,20.72326583694641,True,0.0,0.0,0,0,0,0,0.0,0.0,1.0,0.0,0.0,0.0,0.0,0,0
39,5,harvey elliott|aston villa,Harvey Elliott,Aston Villa,MID,0.0,0.0,0.0,0.0,1e-09,0.0,0.0,0.0,0.0,0.0,0.0,0.0,0.0,0.0,0.0,0.0,0,1,5.5,0.0,0.02,0.06,0.06,0.02,20.72326583694641,True,0.0,0.0,0,0,0,0,0.0,0.0,1.0,0.0,0.0,0.0,0.0,0,0
39,5,hee-chan hwang|wolverhampton wanderers,Hee-Chan Hwang,Wolverhampton Wanderers,MID,0.0,0.0,0.0,0.0,1e-09,0.0,0.0,0.0,0.0,0.0,0.0,0.0,0.0,0.0,0.0,0.0,0,1,5.3,0.0,0.01,0.2,0.2,0.01,20.72326583694641,True,0.0,0.0,0,0,0,0,0.0,0.0,1.0,0.0,0.0,0.0,0.0,0,0
39,5,hjalmar ekdal|burnley,Hjalmar Ekdal,Burnley,DEF,0.0,0.0,0.0,0.0,1e-09,0.0,0.0,0.0,0.0,0.0,0.0,0.0,0.0,0.0,0.0,0.0,0,1,10.1,0.0,0.01,0.03,0.03,0.01,20.72326583694641,True,0.0,0.0,0,0,0,0,0.0,0.0,1.0,0.0,0.0,0.0,0.0,0,0
39,5,hugo bueno|wolverhampton wanderers,Hugo Bueno,Wolverhampton Wanderers,DEF,0.0,0.0,0.0,0.0,1e-09,0.0,0.0,0.0,0.0,0.0,0.0,0.0,0.0,0.0,0.0,0.0,0,1,6.8,0.0,0.03,0.06,0.06,0.03,20.72326583694641,True,0.0,0.0,0,0,0,0,0.0,0.0,1.0,0.0,0.0,0.0,0.0,0,0
39,5,hugo ekitike|liverpool,Hugo Ekitike,Liverpool,FWD,0.0,0.0,0.0,0.0,1e-09,0.0,0.0,0.0,0.0,0.0,0.0,0.0,0.0,0.0,0.0,0.0,0,1,4.1,0.0,0.01,0.06,0.06,0.01,20.72326583694641,True,0.0,0.0,0,0,0,0,0.0,0.0,1.0,0.0,0.0,0.0,0.0,0,0
39,5,hákon valdimarsson|brentford,Hákon Valdimarsson,Brentford,GK,0.0,0.0,0.0,0.0,1e-09,0.0,0.0,0.0,0.0,0.0,0.0,0.0,0.0,0.0,0.0,0.0,0,1,0.0,0.0,0.0,0.0,0.0,0.0,20.72326583694641,True,0.0,0.0,0,0,0,0,0.0,0.0,1.0,0.0,0.0,0.0,0.0,0,0
39,5,ian maatsen|aston villa,Ian Maatsen,Aston Villa,DEF,0.0,0.0,0.0,0.0,1e-09,0.0,0.0,0.0,0.0,0.0,0.0,0.0,0.0,0.0,0.0,0.0,0,1,7.2,0.0,0.02,0.2,0.2,0.02,20.72326583694641,True,0.0,0.0,0,0,0,0,0.0,0.0,1.0,0.0,0.0,0.0,0.0,0,0
39,5,ibrahim sangare|nottingham forest,Ibrahim Sangare,Nottingham Forest,MID,0.0,0.0,0.0,0.0,1e-09,0.0,0.0,0.0,0.0,0.0,0.0,0.0,0.0,0.0,0.0,0.0,0,1,10.7,0.0,0.01,0.33,0.33,0.01,20.72326583694641,True,0.0,0.0,0,0,0,0,0.0,0.0,1.0,0.0,0.0,0.0,0.0,0,0
39,5,ibrahima konaté|liverpool,Ibrahima Konaté,Liverpool,DEF,0.0,0.0,0.0,0.0,1e-09,0.0,0.0,0.0,0.0,0.0,0.0,0.0,0.0,0.0,0.0,0.0,0,1,9.2,0.0,0.02,0.2,0.2,0.02,20.72326583694641,True,0.0,0.0,0,0,0,0,0.0,0.0,1.0,0.0,0.0,0.0,0.0,0,0
39,5,idrissa gueye|everton,Idrissa Gueye,Everton,MID,0.0,0.0,0.0,0.0,1e-09,0.0,0.0,0.0,0.0,0.0,0.0,0.0,0.0,0.0,0.0,0.0,0,1,9.3,0.0,0.02,0.1,0.1,0.02,20.72326583694641,True,0.0,0.0,0,0,0,0,0.0,0.0,1.0,0.0,0.0,0.0,0.0,0,0
39,5,igor jesus|nottingham forest,Igor Jesus,Nottingham Forest,FWD,0.0,0.0,0.0,0.0,1e-09,0.0,0.0,0.0,0.0,0.0,0.0,0.0,0.0,0.0,0.0,0.0,0,1,4.4,0.0,0.02,0.06,0.06,0.02,20.72326583694641,True,0.0,0.0,0,0,0,0,0.0,0.0,1.0,0.0,0.0,0.0,0.0,0,0
39,5,igor julio|west ham,Igor Julio,West Ham,DEF,0.0,0.0,0.0,0.0,1e-09,0.0,0.0,0.0,0.0,0.0,0.0,0.0,0.0,0.0,0.0,0.0,0,1,6.6,0.0,0.02,0.33,0.33,0.02,20.72326583694641,True,0.0,0.0,0,0,0,0,0.0,0.0,1.0,0.0,0.0,0.0,0.0,0,0
39,5,ilia gruev|leeds,Ilia Gruev,Leeds,MID,0.0,0.0,0.0,0.0,1e-09,0.0,0.0,0.0,0.0,0.0,0.0,0.0,0.0,0.0,0.0,0.0,0,1,8.1,0.0,0.01,0.33,0.33,0.01,20.72326583694641,True,0.0,0.0,0,0,0,0,0.0,0.0,1.0,0.0,0.0,0.0,0.0,0,0
39,5,iliman ndiaye|everton,Iliman Ndiaye,Everton,MID,0.0,0.0,0.0,0.0,1e-09,0.0,0.0,0.0,0.0,0.0,0.0,0.0,0.0,0.0,0.0,0.0,0,1,9.9,0.0,0.01,0.1,0.1,0.01,20.72326583694641,True,0.0,0.0,0,0,0,0,0.0,0.0,1.0,0.0,0.0,0.0,0.0,0,0
39,5,ismaila sarr|crystal palace,Ismaila Sarr,Crystal Palace,MID,0.0,0.0,0.0,0.0,1e-09,0.0,0.0,0.0,0.0,0.0,0.0,0.0,0.0,0.0,0.0,0.0,0,1,6.2,0.0,0.01,0.1,0.1,0.01,20.72326583694641,True,0.0,0.0,0,0,0,0,0.0,0.0,1.0,0.0,0.0,0.0,0.0,0,0
39,5,issa diop|fulham,Issa Diop,Fulham,DEF,0.0,0.0,0.0,0.0,1e-09,0.0,0.0,0.0,0.0,0.0,0.0,0.0,0.0,0.0,0.0,0.0,0,1,7.9,0.0,0.02,0.33,0.33,0.02,20.72326583694641,True,0.0,0.0,0,0,0,0,0.0,0.0,1.0,0.0,0.0,0.0,0.0,0,0
39,5,iyenoma destiny udogie|tottenham,Iyenoma Destiny Udogie,Tottenham,DEF,0.0,0.0,0.0,0.0,1e-09,0.0,0.0,0.0,0.0,0.0,0.0,0.0,0.0,0.0,0.0,0.0,0,1,4.5,0.0,0.02,0.2,0.2,0.02,20.72326583694641,True,0.0,0.0,0,0,0,0,0.0,0.0,1.0,0.0,0.0,0.0,0.0,0,0
39,5,jack fletcher|manchester united,Jack Fletcher,Manchester United,MID,0.0,0.0,0.0,0.0,1e-09,0.0,0.0,0.0,0.0,0.0,0.0,0.0,0.0,0.0,0.0,0.0,0,1,9.3,0.0,0.02,0.06,0.06,0.02,20.72326583694641,True,0.0,0.0,0,0,0,0,0.0,0.0,1.0,0.0,0.0,0.0,0.0,0,0
39,5,jack grealish|everton,Jack Grealish,Everton,MID,0.0,0.0,0.0,0.0,1e-09,0.0,0.0,0.0,0.0,0.0,0.0,0.0,0.0,0.0,0.0,0.0,0,1,7.5,0.0,0.01,0.33,0.33,0.01,20.72326583694641,True,0.0,0.0,0,0,0,0,0.0,0.0,1.0,0.0,0.0,0.0,0.0,0,0
39,5,jack harrison|leeds,Jack Harrison,Leeds,MID,0.0,0.0,0.0,0.0,1e-09,0.0,0.0,0.0,0.0,0.0,0.0,0.0,0.0,0.0,0.0,0.0,0,1,8.2,0.0,0.02,0.14,0.14,0.02,20.72326583694641,True,0.0,0.0,0,0,0,0,0.0,0.0,1.0,0.0,0.0,0.0,0.0,0,0
39,5,jack hinshelwood|brighton,Jack Hinshelwood,Brighton,MID,0.0,0.0,0.0,0.0,1e-09,0.0,0.0,0.0,0.0,0.0,0.0,0.0,0.0,0.0,0.0,0.0,0,1,8.0,0.0,0.01,0.06,0.06,0.01,20.72326583694641,True,0.0,0.0,0,0,0,0,0.0,0.0,1.0,0.0,0.0,0.0,0.0,0,0
39,5,jackson tchatchoua|wolverhampton wanderers,Jackson Tchatchoua,Wolverhampton Wanderers,DEF,0.0,0.0,0.0,0.0,1e-09,0.0,0.0,0.0,0.0,0.0,0.0,0.0,0.0,0.0,0.0,0.0,0,1,3.0,0.0,0.02,0.2,0.2,0.02,20.72326583694641,True,0.0,0.0,0,0,0,0,0.0,0.0,1.0,0.0,0.0,0.0,0.0,0,0
39,5,jacob bruun larsen|burnley,Jacob Bruun Larsen,Burnley,FWD,0.0,0.0,0.0,0.0,1e-09,0.0,0.0,0.0,0.0,0.0,0.0,0.0,0.0,0.0,0.0,0.0,0,1,5.7,0.0,0.01,,0.0,0.01,20.72326583694641,True,0.0,0.0,0,0,0,0,0.0,0.0,1.0,0.0,0.0,0.0,0.0,0,0
39,5,jacob murphy|newcastle united,Jacob Murphy,Newcastle United,MID,0.0,0.0,0.0,0.0,1e-09,0.0,0.0,0.0,0.0,0.0,0.0,0.0,0.0,0.0,0.0,0.0,0,1,4.5,0.0,0.02,0.06,0.06,0.02,20.72326583694641,True,0.0,0.0,0,0,0,0,0.0,0.0,1.0,0.0,0.0,0.0,0.0,0,0
39,5,jacob ramsey|newcastle united,Jacob Ramsey,Newcastle United,MID,0.0,0.0,0.0,0.0,1e-09,0.0,0.0,0.0,0.0,0.0,0.0,0.0,0.0,0.0,0.0,0.0,0,1,9.1,0.0,0.01,0.5,0.5,0.01,20.72326583694641,True,0.0,0.0,0,0,0,0,0.0,0.0,1.0,0.0,0.0,0.0,0.0,0,0
39,5,jadon sancho|aston villa,Jadon Sancho,Aston Villa,MID,0.0,0.0,0.0,0.0,1e-09,0.0,0.0,0.0,0.0,0.0,0.0,0.0,0.0,0.0,0.0,0.0,0,1,4.8,0.0,0.02,0.1,0.1,0.02,20.72326583694641,True,0.0,0.0,0,0,0,0,0.0,0.0,1.0,0.0,0.0,0.0,0.0,0,0
39,5,jaidon anthony|burnley,Jaidon Anthony,Burnley,MID,0.0,0.0,0.0,0.0,1e-09,0.0,0.0,0.0,0.0,0.0,0.0,0.0,0.0,0.0,0.0,0.0,0,1,8.2,0.0,0.01,0.2,0.2,0.01,20.72326583694641,True,0.0,0.0,0,0,0,0,0.0,0.0,1.0,0.0,0.0,0.0,0.0,0,0
39,5,jair|nottingham forest,Jair,Nottingham Forest,DEF,0.0,0.0,0.0,0.0,1e-09,0.0,0.0,0.0,0.0,0.0,0.0,0.0,0.0,0.0,0.0,0.0,0,1,10.2,0.0,0.02,0.14,0.14,0.02,20.72326583694641,True,0.0,0.0,0,0,0,0,0.0,0.0,1.0,0.0,0.0,0.0,0.0,0,0
39,5,jaka bijol|leeds,Jaka Bijol,Leeds,DEF,0.0,0.0,0.0,0.0,1e-09,0.0,0.0,0.0,0.0,0.0,0.0,0.0,0.0,0.0,0.0,0.0,0,1,9.2,0.0,0.02,0.33,0.33,0.02,20.72326583694641,True,0.0,0.0,0,0,0,0,0.0,0.0,1.0,0.0,0.0,0.0,0.0,0,0
39,5,jake o'brien|everton,Jake O'Brien,Everton,DEF,0.0,0.0,0.0,0.0,1e-09,0.0,0.0,0.0,0.0,0.0,0.0,0.0,0.0,0.0,0.0,0.0,0,1,6.9,0.0,0.02,0.06,0.06,0.02,20.72326583694641,True,0.0,0.0,0,0,0,0,0.0,0.0,1.0,0.0,0.0,0.0,0.0,0,0
39,5,jamaal lascelles|newcastle united,Jamaal Lascelles,Newcastle United,DEF,0.0,0.0,0.0,0.0,1e-09,0.0,0.0,0.0,0.0,0.0,0.0,0.0,0.0,0.0,0.0,0.0,0,1,3.0,0.0,0.01,0.14,0.14,0.01,20.72326583694641,True,0.0,0.0,0,0,0,0,0.0,0.0,1.0,0.0,0.0,0.0,0.0,0,0
39,5,jamaldeen jimoh|aston villa,Jamaldeen Jimoh,Aston Villa,MID,0.0,0.0,0.0,0.0,1e-09,0.0,0.0,0.0,0.0,0.0,0.0,0.0,0.0,0.0,0.0,0.0,0,1,2.0,0.0,0.01,0.06,0.06,0.01,20.72326583694641,True,0.0,0.0,0,0,0,0,0.0,0.0,1.0,0.0,0.0,0.0,0.0,0,0
39,5,james garner|everton,James Garner,Everton,MID,0.0,0.0,0.0,0.0,1e-09,0.0,0.0,0.0,0.0,0.0,0.0,0.0,0.0,0.0,0.0,0.0,0,1,12.3,0.0,0.02,0.2,0.2,0.02,20.72326583694641,True,0.0,0.0,0,0,0,0,0.0,0.0,1.0,0.0,0.0,0.0,0.0,0,0
39,5,james hill|bournemouth,James Hill,Bournemouth,DEF,0.0,0.0,0.0,0.0,1e-09,0.0,0.0,0.0,0.0,0.0,0.0,0.0,0.0,0.0,0.0,0.0,0,1,10.9,0.0,0.02,0.14,0.14,0.02,20.72326583694641,True,0.0,0.0,0,0,0,0,0.0,0.0,1.0,0.0,0.0,0.0,0.0,0,0
39,5,james justin|leeds,James Justin,Leeds,DEF,0.0,0.0,0.0,0.0,1e-09,0.0,0.0,0.0,0.0,0.0,0.0,0.0,0.0,0.0,0.0,0.0,0,1,8.2,0.0,0.02,0.33,0.33,0.02,20.72326583694641,True,0.0,0.0,0,0,0,0,0.0,0.0,1.0,0.0,0.0,0.0,0.0,0,0
39,5,james mcatee|nottingham forest,James McAtee,Nottingham Forest,MID,0.0,0.0,0.0,0.0,1e-09,0.0,0.0,0.0,0.0,0.0,0.0,0.0,0.0,0.0,0.0,0.0,0,1,5.8,0.0,0.01,0.33,0.33,0.01,20.72326583694641,True,0.0,0.0,0,0,0,0,0.0,0.0,1.0,0.0,0.0,0.0,0.0,0,0
39,5,james milner|brighton,James Milner,Brighton,MID,0.0,0.0,0.0,0.0,1e-09,0.0,0.0,0.0,0.0,0.0,0.0,0.0,0.0,0.0,0.0,0.0,0,1,9.2,0.0,0.01,0.33,0.33,0.01,20.72326583694641,True,0.0,0.0,0,0,0,0,0.0,0.0,1.0,0.0,0.0,0.0,0.0,0,0
39,5,james rowswell|tottenham,James Rowswell,Tottenham,MID,0.0,0.0,0.0,0.0,1e-09,0.0,0.0,0.0,0.0,0.0,0.0,0.0,0.0,0.0,0.0,0.0,0,1,0.0,0.0,0.0,0.0,0.0,0.0,20.72326583694641,True,0.0,0.0,0,0,0,0,0.0,0.0,1.0,0.0,0.0,0.0,0.0,0,0
39,5,james tarkowski|everton,James Tarkowski,Everton,DEF,0.0,0.0,0.0,0.0,1e-09,0.0,0.0,0.0,0.0,0.0,0.0,0.0,0.0,0.0,0.0,0.0,0,1,10.7,0.0,0.02,0.2,0.2,0.02,20.72326583694641,True,0.0,0.0,0,0,0,0,0.0,0.0,1.0,0.0,0.0,0.0,0.0,0,0
39,5,james trafford|manchester city,James Trafford,Manchester City,GK,0.0,0.0,0.0,0.0,1e-09,0.0,0.0,0.0,0.0,0.0,0.0,0.0,0.0,0.0,0.0,0.0,0,1,0.0,0.0,0.01,0.1,0.1,0.01,20.72326583694641,True,0.0,0.0,0,0,0,0,0.0,0.0,1.0,0.0,0.0,0.0,0.0,0,0
39,5,james ward-prowse|burnley,James Ward-Prowse,Burnley,MID,0.0,0.0,0.0,0.0,1e-09,0.0,0.0,0.0,0.0,0.0,0.0,0.0,0.0,0.0,0.0,0.0,0,1,5.6,0.0,0.01,0.06,0.06,0.01,20.72326583694641,True,0.0,0.0,0,0,0,0,0.0,0.0,1.0,0.0,0.0,0.0,0.0,0,0
39,5,jamie bynoe-gittens|chelsea,Jamie Bynoe-Gittens,Chelsea,MID,0.0,0.0,0.0,0.0,1e-09,0.0,0.0,0.0,0.0,0.0,0.0,0.0,0.0,0.0,0.0,0.0,0,1,4.0,0.0,0.02,0.03,0.03,0.02,20.72326583694641,True,0.0,0.0,0,0,0,0,0.0,0.0,1.0,0.0,0.0,0.0,0.0,0,0
39,5,jan paul van hecke|brighton,Jan Paul van Hecke,Brighton,DEF,0.0,0.0,0.0,0.0,1e-09,0.0,0.0,0.0,0.0,0.0,0.0,0.0,0.0,0.0,0.0,0.0,0,1,8.5,0.0,0.03,0.2,0.2,0.03,20.72326583694641,True,0.0,0.0,0,0,0,0,0.0,0.0,1.0,0.0,0.0,0.0,0.0,0,0
39,5,jarrad branthwaite|everton,Jarrad Branthwaite,Everton,DEF,0.0,0.0,0.0,0.0,1e-09,0.0,0.0,0.0,0.0,0.0,0.0,0.0,0.0,0.0,0.0,0.0,0,1,8.4,0.0,0.03,0.14,0.14,0.03,20.72326583694641,True,0.0,0.0,0,0,0,0,0.0,0.0,1.0,0.0,0.0,0.0,0.0,0,0
39,5,jarrod bowen|west ham,Jarrod Bowen,West Ham,FWD,0.0,0.0,0.0,0.0,1e-09,0.0,0.0,0.0,0.0,0.0,0.0,0.0,0.0,0.0,0.0,0.0,0,1,7.3,0.0,0.01,0.14,0.14,0.01,20.72326583694641,True,0.0,0.0,0,0,0,0,0.0,0.0,1.0,0.0,0.0,0.0,0.0,0,0
39,5,jaydee canvot|crystal palace,Jaydee Canvot,Crystal Palace,DEF,0.0,0.0,0.0,0.0,1e-09,0.0,0.0,0.0,0.0,0.0,0.0,0.0,0.0,0.0,0.0,0.0,0,1,12.3,0.0,0.02,0.2,0.2,0.02,20.72326583694641,True,0.0,0.0,0,0,0,0,0.0,0.0,1.0,0.0,0.0,0.0,0.0,0,0
39,5,jayden bogle|leeds,Jayden Bogle,Leeds,DEF,0.0,0.0,0.0,0.0,1e-09,0.0,0.0,0.0,0.0,0.0,0.0,0.0,0.0,0.0,0.0,0.0,0,1,5.7,0.0,0.02,0.2,0.2,0.02,20.72326583694641,True,0.0,0.0,0,0,0,0,0.0,0.0,1.0,0.0,0.0,0.0,0.0,0,0
39,5,jaydon banel|burnley,Jaydon Banel,Burnley,FWD,0.0,0.0,0.0,0.0,1e-09,0.0,0.0,0.0,0.0,0.0,0.0,0.0,0.0,0.0,0.0,0.0,0,1,0.0,0.0,0.01,0.03,0.03,0.01,20.72326583694641,True,0.0,0.0,0,0,0,0,0.0,0.0,1.0,0.0,0.0,0.0,0.0,0,0
39,5,jean-clair todibo|west ham,Jean-Clair Todibo,West Ham,DEF,0.0,0.0,0.0,0.0,1e-09,0.0,0.0,0.0,0.0,0.0,0.0,0.0,0.0,0.0,0.0,0.0,0,1,8.2,0.0,0.02,0.2,0.2,0.02,20.72326583694641,True,0.0,0.0,0,0,0,0,0.0,0.0,1.0,0.0,0.0,0.0,0.0,0,0
39,5,jean-philippe mateta|crystal palace,Jean-Philippe Mateta,Crystal Palace,FWD,0.0,0.0,0.0,0.0,1e-09,0.0,0.0,0.0,0.0,0.0,0.0,0.0,0.0,0.0,0.0,0.0,0,1,5.2,0.0,0.02,0.1,0.1,0.02,20.72326583694641,True,0.0,0.0,0,0,0,0,0.0,0.0,1.0,0.0,0.0,0.0,0.0,0,0
39,5,jean-ricner bellegarde|wolverhampton wanderers,Jean-Ricner Bellegarde,Wolverhampton Wanderers,MID,0.0,0.0,0.0,0.0,1e-09,0.0,0.0,0.0,0.0,0.0,0.0,0.0,0.0,0.0,0.0,0.0,0,1,7.5,0.0,0.02,0.33,0.33,0.02,20.72326583694641,True,0.0,0.0,0,0,0,0,0.0,0.0,1.0,0.0,0.0,0.0,0.0,0,0
39,5,jefferson lerma|crystal palace,Jefferson Lerma,Crystal Palace,MID,0.0,0.0,0.0,0.0,1e-09,0.0,0.0,0.0,0.0,0.0,0.0,0.0,0.0,0.0,0.0,0.0,0,1,11.4,0.0,0.02,0.06,0.06,0.02,20.72326583694641,True,0.0,0.0,0,0,0,0,0.0,0.0,1.0,0.0,0.0,0.0,0.0,0,0
39,5,jenson seelt|sunderland,Jenson Seelt,Sunderland,DEF,0.0,0.0,0.0,0.0,1e-09,0.0,0.0,0.0,0.0,0.0,0.0,0.0,0.0,0.0,0.0,0.0,0,1,8.1,0.0,0.02,0.33,0.33,0.02,20.72326583694641,True,0.0,0.0,0,0,0,0,0.0,0.0,1.0,0.0,0.0,0.0,0.0,0,0
39,5,jeremie frimpong|liverpool,Jeremie Frimpong,Liverpool,DEF,0.0,0.0,0.0,0.0,1e-09,0.0,0.0,0.0,0.0,0.0,0.0,0.0,0.0,0.0,0.0,0.0,0,1,2.9,0.0,0.02,0.1,0.1,0.02,20.72326583694641,True,0.0,0.0,0,0,0,0,0.0,0.0,1.0,0.0,0.0,0.0,0.0,0,0
39,5,jhon arias|wolverhampton wanderers,Jhon Arias,Wolverhampton Wanderers,MID,0.0,0.0,0.0,0.0,1e-09,0.0,0.0,0.0,0.0,0.0,0.0,0.0,0.0,0.0,0.0,0.0,0,1,5.0,0.0,0.02,0.06,0.06,0.02,20.72326583694641,True,0.0,0.0,0,0,0,0,0.0,0.0,1.0,0.0,0.0,0.0,0.0,0,0
39,5,joachim andersen|fulham,Joachim Andersen,Fulham,DEF,0.0,0.0,0.0,0.0,1e-09,0.0,0.0,0.0,0.0,0.0,0.0,0.0,0.0,0.0,0.0,0.0,0,1,10.4,0.0,0.02,0.14,0.14,0.02,20.72326583694641,True,0.0,0.0,0,0,0,0,0.0,0.0,1.0,0.0,0.0,0.0,0.0,0,0
39,5,joe knight|brighton,Joe Knight,Brighton,MID,0.0,0.0,0.0,0.0,1e-09,0.0,0.0,0.0,0.0,0.0,0.0,0.0,0.0,0.0,0.0,0.0,0,1,0.0,0.0,0.01,0.06,0.06,0.01,20.72326583694641,True,0.0,0.0,0,0,0,0,0.0,0.0,1.0,0.0,0.0,0.0,0.0,0,0
39,5,joe rodon|leeds,Joe Rodon,Leeds,DEF,0.0,0.0,0.0,0.0,1e-09,0.0,0.0,0.0,0.0,0.0,0.0,0.0,0.0,0.0,0.0,0.0,0,1,8.6,0.0,0.02,0.06,0.06,0.02,20.72326583694641,True,0.0,0.0,0,0,0,0,0.0,0.0,1.0,0.0,0.0,0.0,0.0,0,0
39,5,joe willock|newcastle united,Joe Willock,Newcastle United,MID,0.0,0.0,0.0,0.0,1e-09,0.0,0.0,0.0,0.0,0.0,0.0,0.0,0.0,0.0,0.0,0.0,0,1,9.2,0.0,0.01,0.33,0.33,0.01,20.72326583694641,True,0.0,0.0,0,0,0,0,0.0,0.0,1.0,0.0,0.0,0.0,0.0,0,0
39,5,joe worrall|burnley,Joe Worrall,Burnley,DEF,0.0,0.0,0.0,0.0,1e-09,0.0,0.0,0.0,0.0,0.0,0.0,0.0,0.0,0.0,0.0,0.0,0,1,12.7,0.0,0.02,0.06,0.06,0.02,20.72326583694641,True,0.0,0.0,0,0,0,0,0.0,0.0,1.0,0.0,0.0,0.0,0.0,0,0
39,5,joelinton|newcastle united,Joelinton,Newcastle United,MID,0.0,0.0,0.0,0.0,1e-09,0.0,0.0,0.0,0.0,0.0,0.0,0.0,0.0,0.0,0.0,0.0,0,1,11.0,0.0,0.03,0.5,0.5,0.03,20.72326583694641,True,0.0,0.0,0,0,0,0,0.0,0.0,1.0,0.0,0.0,0.0,0.0,0,0
39,5,john mcginn|aston villa,John McGinn,Aston Villa,MID,0.0,0.0,0.0,0.0,1e-09,0.0,0.0,0.0,0.0,0.0,0.0,0.0,0.0,0.0,0.0,0.0,0,1,7.1,0.0,0.02,0.2,0.2,0.02,20.72326583694641,True,0.0,0.0,0,0,0,0,0.0,0.0,1.0,0.0,0.0,0.0,0.0,0,0
39,5,john stones|manchester city,John Stones,Manchester City,DEF,0.0,0.0,0.0,0.0,1e-09,0.0,0.0,0.0,0.0,0.0,0.0,0.0,0.0,0.0,0.0,0.0,0,1,4.9,0.0,0.02,0.14,0.14,0.02,20.72326583694641,True,0.0,0.0,0,0,0,0,0.0,0.0,1.0,0.0,0.0,0.0,0.0,0,0
39,5,john victor|nottingham forest,John Victor,Nottingham Forest,GK,0.0,0.0,0.0,0.0,1e-09,0.0,0.0,0.0,0.0,0.0,0.0,0.0,0.0,0.0,0.0,0.0,0,1,0.0,0.0,0.01,0.06,0.06,0.01,20.72326583694641,True,0.0,0.0,0,0,0,0,0.0,0.0,1.0,0.0,0.0,0.0,0.0,0,0
39,5,jonah kusi-asare|fulham,Jonah Kusi-Asare,Fulham,FWD,0.0,0.0,0.0,0.0,1e-09,0.0,0.0,0.0,0.0,0.0,0.0,0.0,0.0,0.0,0.0,0.0,0,1,3.0,0.0,0.01,0.1,0.1,0.01,20.72326583694641,True,0.0,0.0,0,0,0,0,0.0,0.0,1.0,0.0,0.0,0.0,0.0,0,0
39,5,jordan henderson|brentford,Jordan Henderson,Brentford,MID,0.0,0.0,0.0,0.0,1e-09,0.0,0.0,0.0,0.0,0.0,0.0,0.0,0.0,0.0,0.0,0.0,0,1,8.4,0.0,0.02,0.33,0.33,0.02,20.72326583694641,True,0.0,0.0,0,0,0,0,0.0,0.0,1.0,0.0,0.0,0.0,0.0,0,0
39,5,jordan pickford|everton,Jordan Pickford,Everton,GK,0.0,0.0,0.0,0.0,1e-09,0.0,0.0,0.0,0.0,0.0,0.0,0.0,0.0,0.0,0.0,0.0,0,1,0.0,2.7,0.02,0.06,0.06,0.02,20.72326583694641,True,0.0,0.0,0,0,0,0,0.0,0.0,1.0,0.0,0.0,0.0,0.0,0,0
39,5,jorge cuenca|fulham,Jorge Cuenca,Fulham,DEF,0.0,0.0,0.0,0.0,1e-09,0.0,0.0,0.0,0.0,0.0,0.0,0.0,0.0,0.0,0.0,0.0,0,1,6.0,0.0,0.01,0.5,0.5,0.01,20.72326583694641,True,0.0,0.0,0,0,0,0,0.0,0.0,1.0,0.0,0.0,0.0,0.0,0,0
39,5,jorrel hato|chelsea,Jorrel Hato,Chelsea,DEF,0.0,0.0,0.0,0.0,1e-09,0.0,0.0,0.0,0.0,0.0,0.0,0.0,0.0,0.0,0.0,0.0,0,1,9.0,0.0,0.02,0.5,0.5,0.02,20.72326583694641,True,0.0,0.0,0,0,0,0,0.0,0.0,1.0,0.0,0.0,0.0,0.0,0,0
39,5,joseph gomez|liverpool,Joseph Gomez,Liverpool,DEF,0.0,0.0,0.0,0.0,1e-09,0.0,0.0,0.0,0.0,0.0,0.0,0.0,0.0,0.0,0.0,0.0,0,1,7.3,0.0,0.02,0.33,0.33,0.02,20.72326583694641,True,0.0,0.0,0,0,0,0,0.0,0.0,1.0,0.0,0.0,0.0,0.0,0,0
39,5,josh acheampong|chelsea,Josh Acheampong,Chelsea,DEF,0.0,0.0,0.0,0.0,1e-09,0.0,0.0,0.0,0.0,0.0,0.0,0.0,0.0,0.0,0.0,0.0,0,1,6.3,0.0,0.02,0.2,0.2,0.02,20.72326583694641,True,0.0,0.0,0,0,0,0,0.0,0.0,1.0,0.0,0.0,0.0,0.0,0,0
39,5,josh cullen|burnley,Josh Cullen,Burnley,MID,0.0,0.0,0.0,0.0,1e-09,0.0,0.0,0.0,0.0,0.0,0.0,0.0,0.0,0.0,0.0,0.0,0,1,10.3,0.0,0.01,0.14,0.14,0.01,20.72326583694641,True,0.0,0.0,0,0,0,0,0.0,0.0,1.0,0.0,0.0,0.0,0.0,0,0
39,5,josh laurent|burnley,Josh Laurent,Burnley,MID,0.0,0.0,0.0,0.0,1e-09,0.0,0.0,0.0,0.0,0.0,0.0,0.0,0.0,0.0,0.0,0.0,0,1,9.5,0.0,0.01,0.33,0.33,0.01,20.72326583694641,True,0.0,0.0,0,0,0,0,0.0,0.0,1.0,0.0,0.0,0.0,0.0,0,0
39,5,joshua king|fulham,Joshua King,Fulham,MID,0.0,0.0,0.0,0.0,1e-09,0.0,0.0,0.0,0.0,0.0,0.0,0.0,0.0,0.0,0.0,0.0,0,1,7.5,0.0,0.01,0.33,0.33,0.01,20.72326583694641,True,0.0,0.0,0,0,0,0,0.0,0.0,1.0,0.0,0.0,0.0,0.0,0,0
39,5,joshua zirkzee|manchester united,Joshua Zirkzee,Manchester United,FWD,0.0,0.0,0.0,0.0,1e-09,0.0,0.0,0.0,0.0,0.0,0.0,0.0,0.0,0.0,0.0,0.0,0,1,6.5,0.0,0.01,0.33,0.33,0.01,20.72326583694641,True,0.0,0.0,0,0,0,0,0.0,0.0,1.0,0.0,0.0,0.0,0.0,0,0
39,5,josko gvardiol|manchester city,Josko Gvardiol,Manchester City,DEF,0.0,0.0,0.0,0.0,1e-09,0.0,0.0,0.0,0.0,0.0,0.0,0.0,0.0,0.0,0.0,0.0,0,1,6.8,0.0,0.01,0.14,0.14,0.01,20.72326583694641,True,0.0,0.0,0,0,0,0,0.0,0.0,1.0,0.0,0.0,0.0,0.0,0,0
39,5,josé sá|wolverhampton wanderers,José Sá,Wolverhampton Wanderers,GK,0.0,0.0,0.0,0.0,1e-09,0.0,0.0,0.0,0.0,0.0,0.0,0.0,0.0,0.0,0.0,0.0,0,1,0.0,2.6,0.01,0.03,0.03,0.01,20.72326583694641,True,0.0,0.0,0,0,0,0,0.0,0.0,1.0,0.0,0.0,0.0,0.0,0,0
39,5,jota silva|nottingham forest,Jota Silva,Nottingham Forest,MID,0.0,0.0,0.0,0.0,1e-09,0.0,0.0,0.0,0.0,0.0,0.0,0.0,0.0,0.0,0.0,0.0,0,1,4.0,0.0,0.01,0.14,0.14,0.01,20.72326583694641,True,0.0,0.0,0,0,0,0,0.0,0.0,1.0,0.0,0.0,0.0,0.0,0,0
39,5,joão gomes|wolverhampton wanderers,João Gomes,Wolverhampton Wanderers,MID,0.0,0.0,0.0,0.0,1e-09,0.0,0.0,0.0,0.0,0.0,0.0,0.0,0.0,0.0,0.0,0.0,0,1,12.6,0.0,0.02,0.33,0.33,0.02,20.72326583694641,True,0.0,0.0,0,0,0,0,0.0,0.0,1.0,0.0,0.0,0.0,0.0,0,0
39,5,joão palhinha|tottenham,João Palhinha,Tottenham,MID,0.0,0.0,0.0,0.0,1e-09,0.0,0.0,0.0,0.0,0.0,0.0,0.0,0.0,0.0,0.0,0.0,0,1,12.4,0.0,0.02,0.33,0.33,0.02,20.72326583694641,True,0.0,0.0,0,0,0,0,0.0,0.0,1.0,0.0,0.0,0.0,0.0,0,0
39,5,joão pedro|chelsea,João Pedro,Chelsea,FWD,0.0,0.0,0.0,0.0,1e-09,0.0,0.0,0.0,0.0,0.0,0.0,0.0,0.0,0.0,0.0,0.0,0,1,5.0,0.0,0.02,0.2,0.2,0.02,20.72326583694641,True,0.0,0.0,0,0,0,0,0.0,0.0,1.0,0.0,0.0,0.0,0.0,0,0
39,5,joél drakes-thomas|crystal palace,Joél Drakes-Thomas,Crystal Palace,FWD,0.0,0.0,0.0,0.0,1e-09,0.0,0.0,0.0,0.0,0.0,0.0,0.0,0.0,0.0,0.0,0.0,0,1,0.0,0.0,0.01,0.06,0.06,0.01,20.72326583694641,True,0.0,0.0,0,0,0,0,0.0,0.0,1.0,0.0,0.0,0.0,0.0,0,0
39,5,joël piroe|leeds,Joël Piroe,Leeds,FWD,0.0,0.0,0.0,0.0,1e-09,0.0,0.0,0.0,0.0,0.0,0.0,0.0,0.0,0.0,0.0,0.0,0,1,2.0,0.0,0.01,0.1,0.1,0.01,20.72326583694641,True,0.0,0.0,0,0,0,0,0.0,0.0,1.0,0.0,0.0,0.0,0.0,0,0
39,5,joël veltman|brighton,Joël Veltman,Brighton,DEF,0.0,0.0,0.0,0.0,1e-09,0.0,0.0,0.0,0.0,0.0,0.0,0.0,0.0,0.0,0.0,0.0,0,1,9.3,0.0,0.02,0.5,0.5,0.02,20.72326583694641,True,0.0,0.0,0,0,0,0,0.0,0.0,1.0,0.0,0.0,0.0,0.0,0,0
39,5,julio soler|bournemouth,Julio Soler,Bournemouth,DEF,0.0,0.0,0.0,0.0,1e-09,0.0,0.0,0.0,0.0,0.0,0.0,0.0,0.0,0.0,0.0,0.0,0,1,0.0,0.0,0.01,0.06,0.06,0.01,20.72326583694641,True,0.0,0.0,0,0,0,0,0.0,0.0,1.0,0.0,0.0,0.0,0.0,0,0
39,5,jun'ai byfield|tottenham,Jun'ai Byfield,Tottenham,DEF,0.0,0.0,0.0,0.0,1e-09,0.0,0.0,0.0,0.0,0.0,0.0,0.0,0.0,0.0,0.0,0.0,0,1,1.0,0.0,0.02,0.06,0.06,0.02,20.72326583694641,True,0.0,0.0,0,0,0,0,0.0,0.0,1.0,0.0,0.0,0.0,0.0,0,0
39,5,jurriën timber|arsenal,Jurriën Timber,Arsenal,DEF,0.0,0.0,0.0,0.0,1e-09,0.0,0.0,0.0,0.0,0.0,0.0,0.0,0.0,0.0,0.0,0.0,0,1,5.0,0.0,0.02,0.2,0.2,0.02,20.72326583694641,True,0.0,0.0,0,0,0,0,0.0,0.0,1.0,0.0,0.0,0.0,0.0,0,0
39,5,justin devenny|crystal palace,Justin Devenny,Crystal Palace,MID,0.0,0.0,0.0,0.0,1e-09,0.0,0.0,0.0,0.0,0.0,0.0,0.0,0.0,0.0,0.0,0.0,0,1,7.3,0.0,0.02,0.06,0.06,0.02,20.72326583694641,True,0.0,0.0,0,0,0,0,0.0,0.0,1.0,0.0,0.0,0.0,0.0,0,0
39,5,justin kluivert|bournemouth,Justin Kluivert,Bournemouth,MID,0.0,0.0,0.0,0.0,1e-09,0.0,0.0,0.0,0.0,0.0,0.0,0.0,0.0,0.0,0.0,0.0,0,1,6.1,0.0,0.01,0.5,0.5,0.01,20.72326583694641,True,0.0,0.0,0,0,0,0,0.0,0.0,1.0,0.0,0.0,0.0,0.0,0,0
39,5,jéremy doku|manchester city,Jéremy Doku,Manchester City,MID,0.0,0.0,0.0,0.0,1e-09,0.0,0.0,0.0,0.0,0.0,0.0,0.0,0.0,0.0,0.0,0.0,0,1,6.0,0.0,0.01,0.06,0.06,0.01,20.72326583694641,True,0.0,0.0,0,0,0,0,0.0,0.0,1.0,0.0,0.0,0.0,0.0,0,0
39,5,jørgen strand larsen|crystal palace,Jørgen Strand Larsen,Crystal Palace,FWD,0.0,0.0,0.0,0.0,1e-09,0.0,0.0,0.0,0.0,0.0,0.0,0.0,0.0,0.0,0.0,0.0,0,1,3.7,0.0,0.01,0.14,0.14,0.01,20.72326583694641,True,0.0,0.0,0,0,0,0,0.0,0.0,1.0,0.0,0.0,0.0,0.0,0,0
39,5,kaden rodney|crystal palace,Kaden Rodney,Crystal Palace,MID,0.0,0.0,0.0,0.0,1e-09,0.0,0.0,0.0,0.0,0.0,0.0,0.0,0.0,0.0,0.0,0.0,0,1,0.0,0.0,0.01,0.06,0.06,0.01,20.72326583694641,True,0.0,0.0,0,0,0,0,0.0,0.0,1.0,0.0,0.0,0.0,0.0,0,0
39,5,kai havertz|arsenal,Kai Havertz,Arsenal,FWD,0.0,0.0,0.0,0.0,1e-09,0.0,0.0,0.0,0.0,0.0,0.0,0.0,0.0,0.0,0.0,0.0,0,1,6.4,0.0,0.02,0.03,0.03,0.02,20.72326583694641,True,0.0,0.0,0,0,0,0,0.0,0.0,1.0,0.0,0.0,0.0,0.0,0,0
39,5,kaoru mitoma|brighton,Kaoru Mitoma,Brighton,MID,0.0,0.0,0.0,0.0,1e-09,0.0,0.0,0.0,0.0,0.0,0.0,0.0,0.0,0.0,0.0,0.0,0,1,5.2,0.0,0.01,0.2,0.2,0.01,20.72326583694641,True,0.0,0.0,0,0,0,0,0.0,0.0,1.0,0.0,0.0,0.0,0.0,0,0
39,5,karl darlow|leeds,Karl Darlow,Leeds,GK,0.0,0.0,0.0,0.0,1e-09,0.0,0.0,0.0,0.0,0.0,0.0,0.0,0.0,0.0,0.0,0.0,0,1,0.0,2.8,0.01,0.03,0.03,0.01,20.72326583694641,True,0.0,0.0,0,0,0,0,0.0,0.0,1.0,0.0,0.0,0.0,0.0,0,0
39,5,keane lewis-potter|brentford,Keane Lewis-Potter,Brentford,DEF,0.0,0.0,0.0,0.0,1e-09,0.0,0.0,0.0,0.0,0.0,0.0,0.0,0.0,0.0,0.0,0.0,0,1,3.2,0.0,0.02,0.06,0.06,0.02,20.72326583694641,True,0.0,0.0,0,0,0,0,0.0,0.0,1.0,0.0,0.0,0.0,0.0,0,0
39,5,kenny tete|fulham,Kenny Tete,Fulham,DEF,0.0,0.0,0.0,0.0,1e-09,0.0,0.0,0.0,0.0,0.0,0.0,0.0,0.0,0.0,0.0,0.0,0,1,8.4,0.0,0.02,0.1,0.1,0.02,20.72326583694641,True,0.0,0.0,0,0,0,0,0.0,0.0,1.0,0.0,0.0,0.0,0.0,0,0
39,5,kevin danso|tottenham,Kevin Danso,Tottenham,DEF,0.0,0.0,0.0,0.0,1e-09,0.0,0.0,0.0,0.0,0.0,0.0,0.0,0.0,0.0,0.0,0.0,0,1,12.7,0.0,0.02,0.5,0.5,0.02,20.72326583694641,True,0.0,0.0,0,0,0,0,0.0,0.0,1.0,0.0,0.0,0.0,0.0,0,0
39,5,kevin schade|brentford,Kevin Schade,Brentford,MID,0.0,0.0,0.0,0.0,1e-09,0.0,0.0,0.0,0.0,0.0,0.0,0.0,0.0,0.0,0.0,0.0,0,1,6.9,0.0,0.01,0.33,0.33,0.01,20.72326583694641,True,0.0,0.0,0,0,0,0,0.0,0.0,1.0,0.0,0.0,0.0,0.0,0,0
39,5,kevin|fulham,Kevin,Fulham,MID,0.0,0.0,0.0,0.0,1e-09,0.0,0.0,0.0,0.0,0.0,0.0,0.0,0.0,0.0,0.0,0.0,0,1,7.5,0.0,0.02,0.1,0.1,0.02,20.72326583694641,True,0.0,0.0,0,0,0,0,0.0,0.0,1.0,0.0,0.0,0.0,0.0,0,0
39,5,ki-jana hoever|wolverhampton wanderers,Ki-Jana Hoever,Wolverhampton Wanderers,DEF,0.0,0.0,0.0,0.0,1e-09,0.0,0.0,0.0,0.0,0.0,0.0,0.0,0.0,0.0,0.0,0.0,0,1,8.5,0.0,0.02,0.1,0.1,0.02,20.72326583694641,True,0.0,0.0,0,0,0,0,0.0,0.0,1.0,0.0,0.0,0.0,0.0,0,0
39,5,kieran trippier|newcastle united,Kieran Trippier,Newcastle United,DEF,0.0,0.0,0.0,0.0,1e-09,0.0,0.0,0.0,0.0,0.0,0.0,0.0,0.0,0.0,0.0,0.0,0,1,4.0,0.0,0.02,0.2,0.2,0.02,20.72326583694641,True,0.0,0.0,0,0,0,0,0.0,0.0,1.0,0.0,0.0,0.0,0.0,0,0
39,5,kiernan dewsbury-hall|everton,Kiernan Dewsbury-Hall,Everton,MID,0.0,0.0,0.0,0.0,1e-09,0.0,0.0,0.0,0.0,0.0,0.0,0.0,0.0,0.0,0.0,0.0,0,1,7.8,0.0,0.02,0.33,0.33,0.02,20.72326583694641,True,0.0,0.0,0,0,0,0,0.0,0.0,1.0,0.0,0.0,0.0,0.0,0,0
39,5,kobbie mainoo|manchester united,Kobbie Mainoo,Manchester United,MID,0.0,0.0,0.0,0.0,1e-09,0.0,0.0,0.0,0.0,0.0,0.0,0.0,0.0,0.0,0.0,0.0,0,1,9.5,0.0,0.02,0.06,0.06,0.02,20.72326583694641,True,0.0,0.0,0,0,0,0,0.0,0.0,1.0,0.0,0.0,0.0,0.0,0,0
39,5,konstantinos mavropanos|west ham,Konstantinos Mavropanos,West Ham,DEF,0.0,0.0,0.0,0.0,1e-09,0.0,0.0,0.0,0.0,0.0,0.0,0.0,0.0,0.0,0.0,0.0,0,1,10.6,0.0,0.03,0.1,0.1,0.03,20.72326583694641,True,0.0,0.0,0,0,0,0,0.0,0.0,1.0,0.0,0.0,0.0,0.0,0,0
39,5,kristoffer ajer|brentford,Kristoffer Ajer,Brentford,DEF,0.0,0.0,0.0,0.0,1e-09,0.0,0.0,0.0,0.0,0.0,0.0,0.0,0.0,0.0,0.0,0.0,0,1,9.3,0.0,0.02,0.1,0.1,0.02,20.72326583694641,True,0.0,0.0,0,0,0,0,0.0,0.0,1.0,0.0,0.0,0.0,0.0,0,0
39,5,kyle walker-peters|west ham,Kyle Walker-Peters,West Ham,DEF,0.0,0.0,0.0,0.0,1e-09,0.0,0.0,0.0,0.0,0.0,0.0,0.0,0.0,0.0,0.0,0.0,0,1,6.8,0.0,0.02,0.2,0.2,0.02,20.72326583694641,True,0.0,0.0,0,0,0,0,0.0,0.0,1.0,0.0,0.0,0.0,0.0,0,0
39,5,kyle walker|burnley,Kyle Walker,Burnley,DEF,0.0,0.0,0.0,0.0,1e-09,0.0,0.0,0.0,0.0,0.0,0.0,0.0,0.0,0.0,0.0,0.0,0,1,6.0,0.0,0.02,0.33,0.33,0.02,20.72326583694641,True,0.0,0.0,0,0,0,0,0.0,0.0,1.0,0.0,0.0,0.0,0.0,0,0
39,5,ladislav krejcí|wolverhampton wanderers,Ladislav Krejcí,Wolverhampton Wanderers,DEF,0.0,0.0,0.0,0.0,1e-09,0.0,0.0,0.0,0.0,0.0,0.0,0.0,0.0,0.0,0.0,0.0,0,1,7.0,0.0,0.02,0.2,0.2,0.02,20.72326583694641,True,0.0,0.0,0,0,0,0,0.0,0.0,1.0,0.0,0.0,0.0,0.0,0,0
39,5,lamare bogarde|aston villa,Lamare Bogarde,Aston Villa,MID,0.0,0.0,0.0,0.0,1e-09,0.0,0.0,0.0,0.0,0.0,0.0,0.0,0.0,0.0,0.0,0.0,0,1,5.3,0.0,0.02,0.5,0.5,0.02,20.72326583694641,True,0.0,0.0,0,0,0,0,0.0,0.0,1.0,0.0,0.0,0.0,0.0,0,0
39,5,leandro trossard|arsenal,Leandro Trossard,Arsenal,MID,0.0,0.0,0.0,0.0,1e-09,0.0,0.0,0.0,0.0,0.0,0.0,0.0,0.0,0.0,0.0,0.0,0,1,6.1,0.0,0.02,0.67,0.67,0.02,20.72326583694641,True,0.0,0.0,0,0,0,0,0.0,0.0,1.0,0.0,0.0,0.0,0.0,0,0
39,5,leny yoro|manchester united,Leny Yoro,Manchester United,DEF,0.0,0.0,0.0,0.0,1e-09,0.0,0.0,0.0,0.0,0.0,0.0,0.0,0.0,0.0,0.0,0.0,0,1,7.5,0.0,0.02,0.06,0.06,0.02,20.72326583694641,True,0.0,0.0,0,0,0,0,0.0,0.0,1.0,0.0,0.0,0.0,0.0,0,0
39,5,leon bailey|aston villa,Leon Bailey,Aston Villa,MID,0.0,0.0,0.0,0.0,1e-09,0.0,0.0,0.0,0.0,0.0,0.0,0.0,0.0,0.0,0.0,0.0,0,1,9.8,0.0,0.01,0.2,0.2,0.01,20.72326583694641,True,0.0,0.0,0,0,0,0,0.0,0.0,1.0,0.0,0.0,0.0,0.0,0,0
39,5,lewis cook|bournemouth,Lewis Cook,Bournemouth,DEF,0.0,0.0,0.0,0.0,1e-09,0.0,0.0,0.0,0.0,0.0,0.0,0.0,0.0,0.0,0.0,0.0,0,1,14.8,0.0,0.02,0.1,0.1,0.02,20.72326583694641,True,0.0,0.0,0,0,0,0,0.0,0.0,1.0,0.0,0.0,0.0,0.0,0,0
39,5,lewis dunk|brighton,Lewis Dunk,Brighton,DEF,0.0,0.0,0.0,0.0,1e-09,0.0,0.0,0.0,0.0,0.0,0.0,0.0,0.0,0.0,0.0,0.0,0,1,7.6,0.0,0.03,0.33,0.33,0.03,20.72326583694641,True,0.0,0.0,0,0,0,0,0.0,0.0,1.0,0.0,0.0,0.0,0.0,0,0
39,5,lewis hall|newcastle united,Lewis Hall,Newcastle United,DEF,0.0,0.0,0.0,0.0,1e-09,0.0,0.0,0.0,0.0,0.0,0.0,0.0,0.0,0.0,0.0,0.0,0,1,8.0,0.0,0.01,0.14,0.14,0.01,20.72326583694641,True,0.0,0.0,0,0,0,0,0.0,0.0,1.0,0.0,0.0,0.0,0.0,0,0
39,5,lewis miley|newcastle united,Lewis Miley,Newcastle United,MID,0.0,0.0,0.0,0.0,1e-09,0.0,0.0,0.0,0.0,0.0,0.0,0.0,0.0,0.0,0.0,0.0,0,1,9.8,0.0,0.02,0.06,0.06,0.02,20.72326583694641,True,0.0,0.0,0,0,0,0,0.0,0.0,1.0,0.0,0.0,0.0,0.0,0,0
39,5,liam delap|chelsea,Liam Delap,Chelsea,FWD,0.0,0.0,0.0,0.0,1e-09,0.0,0.0,0.0,0.0,0.0,0.0,0.0,0.0,0.0,0.0,0.0,0,1,3.1,0.0,0.01,0.2,0.2,0.01,20.72326583694641,True,0.0,0.0,0,0,0,0,0.0,0.0,1.0,0.0,0.0,0.0,0.0,0,0
39,5,lisandro martínez|manchester united,Lisandro Martínez,Manchester United,DEF,0.0,0.0,0.0,0.0,1e-09,0.0,0.0,0.0,0.0,0.0,0.0,0.0,0.0,0.0,0.0,0.0,0,1,7.5,0.0,0.02,0.1,0.1,0.02,20.72326583694641,True,0.0,0.0,0,0,0,0,0.0,0.0,1.0,0.0,0.0,0.0,0.0,0,0
39,5,lorenzo lucca|nottingham forest,Lorenzo Lucca,Nottingham Forest,FWD,0.0,0.0,0.0,0.0,1e-09,0.0,0.0,0.0,0.0,0.0,0.0,0.0,0.0,0.0,0.0,0.0,0,1,3.0,0.0,0.01,0.06,0.06,0.01,20.72326583694641,True,0.0,0.0,0,0,0,0,0.0,0.0,1.0,0.0,0.0,0.0,0.0,0,0
39,5,loum tchaouna|burnley,Loum Tchaouna,Burnley,MID,0.0,0.0,0.0,0.0,1e-09,0.0,0.0,0.0,0.0,0.0,0.0,0.0,0.0,0.0,0.0,0.0,0,1,5.3,0.0,0.03,0.1,0.1,0.03,20.72326583694641,True,0.0,0.0,0,0,0,0,0.0,0.0,1.0,0.0,0.0,0.0,0.0,0,0
39,5,luca netz|nottingham forest,Luca Netz,Nottingham Forest,DEF,0.0,0.0,0.0,0.0,1e-09,0.0,0.0,0.0,0.0,0.0,0.0,0.0,0.0,0.0,0.0,0.0,0,1,3.0,0.0,0.01,0.14,0.14,0.01,20.72326583694641,True,0.0,0.0,0,0,0,0,0.0,0.0,1.0,0.0,0.0,0.0,0.0,0,0
39,5,lucas bergvall|tottenham,Lucas Bergvall,Tottenham,MID,0.0,0.0,0.0,0.0,1e-09,0.0,0.0,0.0,0.0,0.0,0.0,0.0,0.0,0.0,0.0,0.0,0,1,7.7,0.0,0.01,0.2,0.2,0.01,20.72326583694641,True,0.0,0.0,0,0,0,0,0.0,0.0,1.0,0.0,0.0,0.0,0.0,0,0
39,5,lucas digne|aston villa,Lucas Digne,Aston Villa,DEF,0.0,0.0,0.0,0.0,1e-09,0.0,0.0,0.0,0.0,0.0,0.0,0.0,0.0,0.0,0.0,0.0,0,1,5.2,0.0,0.03,0.2,0.2,0.03,20.72326583694641,True,0.0,0.0,0,0,0,0,0.0,0.0,1.0,0.0,0.0,0.0,0.0,0,0
39,5,lucas paquetá|west ham,Lucas Paquetá,West Ham,MID,0.0,0.0,0.0,0.0,1e-09,0.0,0.0,0.0,0.0,0.0,0.0,0.0,0.0,0.0,0.0,0.0,0,1,8.7,0.0,0.02,0.2,0.2,0.02,20.72326583694641,True,0.0,0.0,0,0,0,0,0.0,0.0,1.0,0.0,0.0,0.0,0.0,0,0
39,5,lucas perri|leeds,Lucas Perri,Leeds,GK,0.0,0.0,0.0,0.0,1e-09,0.0,0.0,0.0,0.0,0.0,0.0,0.0,0.0,0.0,0.0,0.0,0,1,0.0,2.4,0.01,0.1,0.1,0.01,20.72326583694641,True,0.0,0.0,0,0,0,0,0.0,0.0,1.0,0.0,0.0,0.0,0.0,0,0
39,5,lucas pires|burnley,Lucas Pires,Burnley,DEF,0.0,0.0,0.0,0.0,1e-09,0.0,0.0,0.0,0.0,0.0,0.0,0.0,0.0,0.0,0.0,0.0,0,1,6.4,0.0,0.01,0.06,0.06,0.01,20.72326583694641,True,0.0,0.0,0,0,0,0,0.0,0.0,1.0,0.0,0.0,0.0,0.0,0,0
39,5,luis guilherme|west ham,Luis Guilherme,West Ham,MID,0.0,0.0,0.0,0.0,1e-09,0.0,0.0,0.0,0.0,0.0,0.0,0.0,0.0,0.0,0.0,0.0,0,1,8.2,0.0,0.01,0.1,0.1,0.01,20.72326583694641,True,0.0,0.0,0,0,0,0,0.0,0.0,1.0,0.0,0.0,0.0,0.0,0,0
39,5,lukas nmecha|leeds,Lukas Nmecha,Leeds,FWD,0.0,0.0,0.0,0.0,1e-09,0.0,0.0,0.0,0.0,0.0,0.0,0.0,0.0,0.0,0.0,0.0,0,1,4.6,0.0,0.01,0.1,0.1,0.01,20.72326583694641,True,0.0,0.0,0,0,0,0,0.0,0.0,1.0,0.0,0.0,0.0,0.0,0,0
39,5,luke o'nien|sunderland,Luke O'Nien,Sunderland,MID,0.0,0.0,0.0,0.0,1e-09,0.0,0.0,0.0,0.0,0.0,0.0,0.0,0.0,0.0,0.0,0.0,0,1,3.0,0.0,0.01,0.5,0.5,0.01,20.72326583694641,True,0.0,0.0,0,0,0,0,0.0,0.0,1.0,0.0,0.0,0.0,0.0,0,0
39,5,luke shaw|manchester united,Luke Shaw,Manchester United,DEF,0.0,0.0,0.0,0.0,1e-09,0.0,0.0,0.0,0.0,0.0,0.0,0.0,0.0,0.0,0.0,0.0,0,1,5.5,0.0,0.02,0.2,0.2,0.02,20.72326583694641,True,0.0,0.0,0,0,0,0,0.0,0.0,1.0,0.0,0.0,0.0,0.0,0,0
39,5,lutsharel geertruida|sunderland,Lutsharel Geertruida,Sunderland,DEF,0.0,0.0,0.0,0.0,1e-09,0.0,0.0,0.0,0.0,0.0,0.0,0.0,0.0,0.0,0.0,0.0,0,1,6.6,0.0,0.02,0.06,0.06,0.02,20.72326583694641,True,0.0,0.0,0,0,0,0,0.0,0.0,1.0,0.0,0.0,0.0,0.0,0,0
39,5,lyle foster|burnley,Lyle Foster,Burnley,FWD,0.0,0.0,0.0,0.0,1e-09,0.0,0.0,0.0,0.0,0.0,0.0,0.0,0.0,0.0,0.0,0.0,0,1,5.3,0.0,0.02,0.33,0.33,0.02,20.72326583694641,True,0.0,0.0,0,0,0,0,0.0,0.0,1.0,0.0,0.0,0.0,0.0,0,0
39,5,mads hermansen|west ham,Mads Hermansen,West Ham,GK,0.0,0.0,0.0,0.0,1e-09,0.0,0.0,0.0,0.0,0.0,0.0,0.0,0.0,0.0,0.0,0.0,0,1,0.0,2.9,0.01,0.1,0.1,0.01,20.72326583694641,True,0.0,0.0,0,0,0,0,0.0,0.0,1.0,0.0,0.0,0.0,0.0,0,0
39,5,malick thiaw|newcastle united,Malick Thiaw,Newcastle United,DEF,0.0,0.0,0.0,0.0,1e-09,0.0,0.0,0.0,0.0,0.0,0.0,0.0,0.0,0.0,0.0,0.0,0,1,9.0,0.0,0.02,0.14,0.14,0.02,20.72326583694641,True,0.0,0.0,0,0,0,0,0.0,0.0,1.0,0.0,0.0,0.0,0.0,0,0
39,5,malo gusto|chelsea,Malo Gusto,Chelsea,DEF,0.0,0.0,0.0,0.0,1e-09,0.0,0.0,0.0,0.0,0.0,0.0,0.0,0.0,0.0,0.0,0.0,0,1,5.2,0.0,0.02,0.2,0.2,0.02,20.72326583694641,True,0.0,0.0,0,0,0,0,0.0,0.0,1.0,0.0,0.0,0.0,0.0,0,0
39,5,mamadou sarr|chelsea,Mamadou Sarr,Chelsea,DEF,0.0,0.0,0.0,0.0,1e-09,0.0,0.0,0.0,0.0,0.0,0.0,0.0,0.0,0.0,0.0,0.0,0,1,5.0,0.0,0.02,0.06,0.06,0.02,20.72326583694641,True,0.0,0.0,0,0,0,0,0.0,0.0,1.0,0.0,0.0,0.0,0.0,0,0
39,5,manuel ugarte|manchester united,Manuel Ugarte,Manchester United,MID,0.0,0.0,0.0,0.0,1e-09,0.0,0.0,0.0,0.0,0.0,0.0,0.0,0.0,0.0,0.0,0.0,0,1,14.7,0.0,0.03,0.2,0.2,0.03,20.72326583694641,True,0.0,0.0,0,0,0,0,0.0,0.0,1.0,0.0,0.0,0.0,0.0,0,0
39,5,marc cucurella|chelsea,Marc Cucurella,Chelsea,DEF,0.0,0.0,0.0,0.0,1e-09,0.0,0.0,0.0,0.0,0.0,0.0,0.0,0.0,0.0,0.0,0.0,0,1,6.7,0.0,0.02,0.2,0.2,0.02,20.72326583694641,True,0.0,0.0,0,0,0,0,0.0,0.0,1.0,0.0,0.0,0.0,0.0,0,0
39,5,marc guehi|manchester city,Marc Guehi,Manchester City,DEF,0.0,0.0,0.0,0.0,1e-09,0.0,0.0,0.0,0.0,0.0,0.0,0.0,0.0,0.0,0.0,0.0,0,1,8.3,0.0,0.02,0.14,0.14,0.02,20.72326583694641,True,0.0,0.0,0,0,0,0,0.0,0.0,1.0,0.0,0.0,0.0,0.0,0,0
39,5,marc guiu|chelsea,Marc Guiu,Chelsea,FWD,0.0,0.0,0.0,0.0,1e-09,0.0,0.0,0.0,0.0,0.0,0.0,0.0,0.0,0.0,0.0,0.0,0,1,2.0,0.0,0.01,0.06,0.06,0.01,20.72326583694641,True,0.0,0.0,0,0,0,0,0.0,0.0,1.0,0.0,0.0,0.0,0.0,0,0
39,5,marco bizot|aston villa,Marco Bizot,Aston Villa,GK,0.0,0.0,0.0,0.0,1e-09,0.0,0.0,0.0,0.0,0.0,0.0,0.0,0.0,0.0,0.0,0.0,0,1,0.0,0.0,0.01,0.03,0.03,0.01,20.72326583694641,True,0.0,0.0,0,0,0,0,0.0,0.0,1.0,0.0,0.0,0.0,0.0,0,0
39,5,marcos senesi|bournemouth,Marcos Senesi,Bournemouth,DEF,0.0,0.0,0.0,0.0,1e-09,0.0,0.0,0.0,0.0,0.0,0.0,0.0,0.0,0.0,0.0,0.0,0,1,12.2,0.0,0.02,0.2,0.2,0.02,20.72326583694641,True,0.0,0.0,0,0,0,0,0.0,0.0,1.0,0.0,0.0,0.0,0.0,0,0
39,5,marcus edwards|burnley,Marcus Edwards,Burnley,MID,0.0,0.0,0.0,0.0,1e-09,0.0,0.0,0.0,0.0,0.0,0.0,0.0,0.0,0.0,0.0,0.0,0,1,5.3,0.0,0.01,0.06,0.06,0.01,20.72326583694641,True,0.0,0.0,0,0,0,0,0.0,0.0,1.0,0.0,0.0,0.0,0.0,0,0
39,5,marcus tavernier|bournemouth,Marcus Tavernier,Bournemouth,MID,0.0,0.0,0.0,0.0,1e-09,0.0,0.0,0.0,0.0,0.0,0.0,0.0,0.0,0.0,0.0,0.0,0,1,8.3,0.0,0.02,0.2,0.2,0.02,20.72326583694641,True,0.0,0.0,0,0,0,0,0.0,0.0,1.0,0.0,0.0,0.0,0.0,0,0
39,5,marshall munetsi|wolverhampton wanderers,Marshall Munetsi,Wolverhampton Wanderers,MID,0.0,0.0,0.0,0.0,1e-09,0.0,0.0,0.0,0.0,0.0,0.0,0.0,0.0,0.0,0.0,0.0,0,1,5.0,0.0,0.01,0.14,0.14,0.01,20.72326583694641,True,0.0,0.0,0,0,0,0,0.0,0.0,1.0,0.0,0.0,0.0,0.0,0,0
39,5,martin dubravka|burnley,Martin Dubravka,Burnley,GK,0.0,0.0,0.0,0.0,1e-09,0.0,0.0,0.0,0.0,0.0,0.0,0.0,0.0,0.0,0.0,0.0,0,1,0.0,3.7,0.01,0.03,0.03,0.01,20.72326583694641,True,0.0,0.0,0,0,0,0,0.0,0.0,1.0,0.0,0.0,0.0,0.0,0,0
39,5,martin odegaard|arsenal,Martin Odegaard,Arsenal,MID,0.0,0.0,0.0,0.0,1e-09,0.0,0.0,0.0,0.0,0.0,0.0,0.0,0.0,0.0,0.0,0.0,0,1,6.8,0.0,0.01,0.03,0.03,0.01,20.72326583694641,True,0.0,0.0,0,0,0,0,0.0,0.0,1.0,0.0,0.0,0.0,0.0,0,0
39,5,martín zubimendi|arsenal,Martín Zubimendi,Arsenal,MID,0.0,0.0,0.0,0.0,1e-09,0.0,0.0,0.0,0.0,0.0,0.0,0.0,0.0,0.0,0.0,0.0,0,1,9.1,0.0,0.02,0.14,0.14,0.02,20.72326583694641,True,0.0,0.0,0,0,0,0,0.0,0.0,1.0,0.0,0.0,0.0,0.0,0,0
39,5,mason mount|manchester united,Mason Mount,Manchester United,MID,0.0,0.0,0.0,0.0,1e-09,0.0,0.0,0.0,0.0,0.0,0.0,0.0,0.0,0.0,0.0,0.0,0,1,7.0,0.0,0.02,0.1,0.1,0.02,20.72326583694641,True,0.0,0.0,0,0,0,0,0.0,0.0,1.0,0.0,0.0,0.0,0.0,0,0
39,5,mateo kovacic|manchester city,Mateo Kovacic,Manchester City,MID,0.0,0.0,0.0,0.0,1e-09,0.0,0.0,0.0,0.0,0.0,0.0,0.0,0.0,0.0,0.0,0.0,0,1,3.0,0.0,0.02,0.14,0.14,0.02,20.72326583694641,True,0.0,0.0,0,0,0,0,0.0,0.0,1.0,0.0,0.0,0.0,0.0,0,0
39,5,mateus fernandes|west ham,Mateus Fernandes,West Ham,MID,0.0,0.0,0.0,0.0,1e-09,0.0,0.0,0.0,0.0,0.0,0.0,0.0,0.0,0.0,0.0,0.0,0,1,11.7,0.0,0.02,0.2,0.2,0.02,20.72326583694641,True,0.0,0.0,0,0,0,0,0.0,0.0,1.0,0.0,0.0,0.0,0.0,0,0
39,5,mateus mané|wolverhampton wanderers,Mateus Mané,Wolverhampton Wanderers,FWD,0.0,0.0,0.0,0.0,1e-09,0.0,0.0,0.0,0.0,0.0,0.0,0.0,0.0,0.0,0.0,0.0,0,1,4.0,0.0,0.01,0.06,0.06,0.01,20.72326583694641,True,0.0,0.0,0,0,0,0,0.0,0.0,1.0,0.0,0.0,0.0,0.0,0,0
39,5,matheus cunha|manchester united,Matheus Cunha,Manchester United,MID,0.0,0.0,0.0,0.0,1e-09,0.0,0.0,0.0,0.0,0.0,0.0,0.0,0.0,0.0,0.0,0.0,0,1,7.4,0.0,0.02,0.06,0.06,0.02,20.72326583694641,True,0.0,0.0,0,0,0,0,0.0,0.0,1.0,0.0,0.0,0.0,0.0,0,0
39,5,matheus nunes|manchester city,Matheus Nunes,Manchester City,DEF,0.0,0.0,0.0,0.0,1e-09,0.0,0.0,0.0,0.0,0.0,0.0,0.0,0.0,0.0,0.0,0.0,0,1,6.7,0.0,0.02,0.14,0.14,0.02,20.72326583694641,True,0.0,0.0,0,0,0,0,0.0,0.0,1.0,0.0,0.0,0.0,0.0,0,0
39,5,mathias jensen|brentford,Mathias Jensen,Brentford,MID,0.0,0.0,0.0,0.0,1e-09,0.0,0.0,0.0,0.0,0.0,0.0,0.0,0.0,0.0,0.0,0.0,0,1,7.5,0.0,0.02,0.33,0.33,0.02,20.72326583694641,True,0.0,0.0,0,0,0,0,0.0,0.0,1.0,0.0,0.0,0.0,0.0,0,0
39,5,mathys tel|tottenham,Mathys Tel,Tottenham,MID,0.0,0.0,0.0,0.0,1e-09,0.0,0.0,0.0,0.0,0.0,0.0,0.0,0.0,0.0,0.0,0.0,0,1,8.3,0.0,0.01,0.06,0.06,0.01,20.72326583694641,True,0.0,0.0,0,0,0,0,0.0,0.0,1.0,0.0,0.0,0.0,0.0,0,0
39,5,mats wieffer|brighton,Mats Wieffer,Brighton,MID,0.0,0.0,0.0,0.0,1e-09,0.0,0.0,0.0,0.0,0.0,0.0,0.0,0.0,0.0,0.0,0.0,0,1,13.6,0.0,0.01,0.33,0.33,0.01,20.72326583694641,True,0.0,0.0,0,0,0,0,0.0,0.0,1.0,0.0,0.0,0.0,0.0,0,0
39,5,matt doherty|wolverhampton wanderers,Matt Doherty,Wolverhampton Wanderers,DEF,0.0,0.0,0.0,0.0,1e-09,0.0,0.0,0.0,0.0,0.0,0.0,0.0,0.0,0.0,0.0,0.0,0,1,7.3,0.0,0.02,0.5,0.5,0.02,20.72326583694641,True,0.0,0.0,0,0,0,0,0.0,0.0,1.0,0.0,0.0,0.0,0.0,0,0
39,5,matt o'riley|brighton,Matt O'Riley,Brighton,DEF,0.0,0.0,0.0,0.0,1e-09,0.0,0.0,0.0,0.0,0.0,0.0,0.0,0.0,0.0,0.0,0.0,0,1,0.0,0.0,0.01,0.06,0.06,0.01,20.72326583694641,True,0.0,0.0,0,0,0,0,0.0,0.0,1.0,0.0,0.0,0.0,0.0,0,0
39,5,matthew cash|aston villa,Matthew Cash,Aston Villa,DEF,0.0,0.0,0.0,0.0,1e-09,0.0,0.0,0.0,0.0,0.0,0.0,0.0,0.0,0.0,0.0,0.0,0,1,5.8,0.0,0.03,0.33,0.33,0.03,20.72326583694641,True,0.0,0.0,0,0,0,0,0.0,0.0,1.0,0.0,0.0,0.0,0.0,0,0
39,5,matthijs de ligt|manchester united,Matthijs de Ligt,Manchester United,DEF,0.0,0.0,0.0,0.0,1e-09,0.0,0.0,0.0,0.0,0.0,0.0,0.0,0.0,0.0,0.0,0.0,0,1,8.2,0.0,0.02,0.06,0.06,0.02,20.72326583694641,True,0.0,0.0,0,0,0,0,0.0,0.0,1.0,0.0,0.0,0.0,0.0,0,0
39,5,matz sels|nottingham forest,Matz Sels,Nottingham Forest,GK,0.0,0.0,0.0,0.0,1e-09,0.0,0.0,0.0,0.0,0.0,0.0,0.0,0.0,0.0,0.0,0.0,0,1,0.0,3.1,0.01,0.06,0.06,0.01,20.72326583694641,True,0.0,0.0,0,0,0,0,0.0,0.0,1.0,0.0,0.0,0.0,0.0,0,0
39,5,max alleyne|manchester city,Max Alleyne,Manchester City,DEF,0.0,0.0,0.0,0.0,1e-09,0.0,0.0,0.0,0.0,0.0,0.0,0.0,0.0,0.0,0.0,0.0,0,1,7.3,0.0,0.02,0.1,0.1,0.02,20.72326583694641,True,0.0,0.0,0,0,0,0,0.0,0.0,1.0,0.0,0.0,0.0,0.0,0,0
39,5,max dowman|arsenal,Max Dowman,Arsenal,MID,0.0,0.0,0.0,0.0,1e-09,0.0,0.0,0.0,0.0,0.0,0.0,0.0,0.0,0.0,0.0,0.0,0,1,0.0,0.0,0.02,0.06,0.06,0.02,20.72326583694641,True,0.0,0.0,0,0,0,0,0.0,0.0,1.0,0.0,0.0,0.0,0.0,0,0
39,5,max kilman|west ham,Max Kilman,West Ham,DEF,0.0,0.0,0.0,0.0,1e-09,0.0,0.0,0.0,0.0,0.0,0.0,0.0,0.0,0.0,0.0,0.0,0,1,9.2,0.0,0.02,0.2,0.2,0.02,20.72326583694641,True,0.0,0.0,0,0,0,0,0.0,0.0,1.0,0.0,0.0,0.0,0.0,0,0
39,5,maxence lacroix|crystal palace,Maxence Lacroix,Crystal Palace,DEF,0.0,0.0,0.0,0.0,1e-09,0.0,0.0,0.0,0.0,0.0,0.0,0.0,0.0,0.0,0.0,0.0,0,1,10.5,0.0,0.03,0.14,0.14,0.03,20.72326583694641,True,0.0,0.0,0,0,0,0,0.0,0.0,1.0,0.0,0.0,0.0,0.0,0,0
39,5,maxim de cuyper|brighton,Maxim De Cuyper,Brighton,DEF,0.0,0.0,0.0,0.0,1e-09,0.0,0.0,0.0,0.0,0.0,0.0,0.0,0.0,0.0,0.0,0.0,0,1,4.0,0.0,0.02,0.2,0.2,0.02,20.72326583694641,True,0.0,0.0,0,0,0,0,0.0,0.0,1.0,0.0,0.0,0.0,0.0,0,0
39,5,maxime estève|burnley,Maxime Estève,Burnley,DEF,0.0,0.0,0.0,0.0,1e-09,0.0,0.0,0.0,0.0,0.0,0.0,0.0,0.0,0.0,0.0,0.0,0,1,9.9,0.0,0.03,0.03,0.03,0.03,20.72326583694641,True,0.0,0.0,0,0,0,0,0.0,0.0,1.0,0.0,0.0,0.0,0.0,0,0
39,5,melker ellborg|sunderland,Melker Ellborg,Sunderland,MID,0.0,0.0,0.0,0.0,1e-09,0.0,0.0,0.0,0.0,0.0,0.0,0.0,0.0,0.0,0.0,0.0,0,1,0.0,0.0,0.0,0.0,0.0,0.0,20.72326583694641,True,0.0,0.0,0,0,0,0,0.0,0.0,1.0,0.0,0.0,0.0,0.0,0,0
39,5,merlin röhl|everton,Merlin Röhl,Everton,MID,0.0,0.0,0.0,0.0,1e-09,0.0,0.0,0.0,0.0,0.0,0.0,0.0,0.0,0.0,0.0,0.0,0,1,11.0,0.0,0.02,0.06,0.06,0.02,20.72326583694641,True,0.0,0.0,0,0,0,0,0.0,0.0,1.0,0.0,0.0,0.0,0.0,0,0
39,5,michael kayode|brentford,Michael Kayode,Brentford,DEF,0.0,0.0,0.0,0.0,1e-09,0.0,0.0,0.0,0.0,0.0,0.0,0.0,0.0,0.0,0.0,0.0,0,1,6.5,0.0,0.03,0.2,0.2,0.03,20.72326583694641,True,0.0,0.0,0,0,0,0,0.0,0.0,1.0,0.0,0.0,0.0,0.0,0,0
39,5,michael keane|everton,Michael Keane,Everton,DEF,0.0,0.0,0.0,0.0,1e-09,0.0,0.0,0.0,0.0,0.0,0.0,0.0,0.0,0.0,0.0,0.0,0,1,10.3,0.0,0.03,0.06,0.06,0.03,20.72326583694641,True,0.0,0.0,0,0,0,0,0.0,0.0,1.0,0.0,0.0,0.0,0.0,0,0
39,5,micky van de ven|tottenham,Micky van de Ven,Tottenham,DEF,0.0,0.0,0.0,0.0,1e-09,0.0,0.0,0.0,0.0,0.0,0.0,0.0,0.0,0.0,0.0,0.0,0,1,6.7,0.0,0.02,0.33,0.33,0.02,20.72326583694641,True,0.0,0.0,0,0,0,0,0.0,0.0,1.0,0.0,0.0,0.0,0.0,0,0
39,5,mike trésor|burnley,Mike Trésor,Burnley,FWD,0.0,0.0,0.0,0.0,1e-09,0.0,0.0,0.0,0.0,0.0,0.0,0.0,0.0,0.0,0.0,0.0,0,1,0.0,0.0,0.01,0.03,0.03,0.01,20.72326583694641,True,0.0,0.0,0,0,0,0,0.0,0.0,1.0,0.0,0.0,0.0,0.0,0,0
39,5,mikel merino|arsenal,Mikel Merino,Arsenal,MID,0.0,0.0,0.0,0.0,1e-09,0.0,0.0,0.0,0.0,0.0,0.0,0.0,0.0,0.0,0.0,0.0,0,1,10.0,0.0,0.02,0.2,0.2,0.02,20.72326583694641,True,0.0,0.0,0,0,0,0,0.0,0.0,1.0,0.0,0.0,0.0,0.0,0,0
39,5,mikkel damsgaard|brentford,Mikkel Damsgaard,Brentford,MID,0.0,0.0,0.0,0.0,1e-09,0.0,0.0,0.0,0.0,0.0,0.0,0.0,0.0,0.0,0.0,0.0,0,1,10.1,0.0,0.02,0.33,0.33,0.02,20.72326583694641,True,0.0,0.0,0,0,0,0,0.0,0.0,1.0,0.0,0.0,0.0,0.0,0,0
39,5,milos kerkez|liverpool,Milos Kerkez,Liverpool,DEF,0.0,0.0,0.0,0.0,1e-09,0.0,0.0,0.0,0.0,0.0,0.0,0.0,0.0,0.0,0.0,0.0,0,1,5.8,0.0,0.02,0.2,0.2,0.02,20.72326583694641,True,0.0,0.0,0,0,0,0,0.0,0.0,1.0,0.0,0.0,0.0,0.0,0,0
39,5,mohamadou kanté|west ham,Mohamadou Kanté,West Ham,MID,0.0,0.0,0.0,0.0,1e-09,0.0,0.0,0.0,0.0,0.0,0.0,0.0,0.0,0.0,0.0,0.0,0,1,3.0,0.0,0.02,0.14,0.14,0.02,20.72326583694641,True,0.0,0.0,0,0,0,0,0.0,0.0,1.0,0.0,0.0,0.0,0.0,0,0
39,5,mohamed salah|liverpool,Mohamed Salah,Liverpool,MID,0.0,0.0,0.0,0.0,1e-09,0.0,0.0,0.0,0.0,0.0,0.0,0.0,0.0,0.0,0.0,0.0,0,1,3.9,0.0,0.01,0.06,0.06,0.01,20.72326583694641,True,0.0,0.0,0,0,0,0,0.0,0.0,1.0,0.0,0.0,0.0,0.0,0,0
39,5,mohammed kudus|tottenham,Mohammed Kudus,Tottenham,MID,0.0,0.0,0.0,0.0,1e-09,0.0,0.0,0.0,0.0,0.0,0.0,0.0,0.0,0.0,0.0,0.0,0,1,7.8,0.0,0.01,0.14,0.14,0.01,20.72326583694641,True,0.0,0.0,0,0,0,0,0.0,0.0,1.0,0.0,0.0,0.0,0.0,0,0
39,5,moisés caicedo|chelsea,Moisés Caicedo,Chelsea,MID,0.0,0.0,0.0,0.0,1e-09,0.0,0.0,0.0,0.0,0.0,0.0,0.0,0.0,0.0,0.0,0.0,0,1,13.1,0.0,0.02,0.33,0.33,0.02,20.72326583694641,True,0.0,0.0,0,0,0,0,0.0,0.0,1.0,0.0,0.0,0.0,0.0,0,0
39,5,morato|nottingham forest,Morato,Nottingham Forest,DEF,0.0,0.0,0.0,0.0,1e-09,0.0,0.0,0.0,0.0,0.0,0.0,0.0,0.0,0.0,0.0,0.0,0,1,9.4,0.0,0.02,0.33,0.33,0.02,20.72326583694641,True,0.0,0.0,0,0,0,0,0.0,0.0,1.0,0.0,0.0,0.0,0.0,0,0
39,5,morgan gibbs-white|nottingham forest,Morgan Gibbs-White,Nottingham Forest,MID,0.0,0.0,0.0,0.0,1e-09,0.0,0.0,0.0,0.0,0.0,0.0,0.0,0.0,0.0,0.0,0.0,0,1,5.0,0.0,0.01,0.06,0.06,0.01,20.72326583694641,True,0.0,0.0,0,0,0,0,0.0,0.0,1.0,0.0,0.0,0.0,0.0,0,0
39,5,morgan rogers|aston villa,Morgan Rogers,Aston Villa,MID,0.0,0.0,0.0,0.0,1e-09,0.0,0.0,0.0,0.0,0.0,0.0,0.0,0.0,0.0,0.0,0.0,0,1,6.2,0.0,0.01,0.14,0.14,0.01,20.72326583694641,True,0.0,0.0,0,0,0,0,0.0,0.0,1.0,0.0,0.0,0.0,0.0,0,0
39,5,murillo|nottingham forest,Murillo,Nottingham Forest,DEF,0.0,0.0,0.0,0.0,1e-09,0.0,0.0,0.0,0.0,0.0,0.0,0.0,0.0,0.0,0.0,0.0,0,1,9.5,0.0,0.02,0.2,0.2,0.02,20.72326583694641,True,0.0,0.0,0,0,0,0,0.0,0.0,1.0,0.0,0.0,0.0,0.0,0,0
39,5,myles lewis-skelly|arsenal,Myles Lewis-Skelly,Arsenal,DEF,0.0,0.0,0.0,0.0,1e-09,0.0,0.0,0.0,0.0,0.0,0.0,0.0,0.0,0.0,0.0,0.0,0,1,4.1,0.0,0.02,0.5,0.5,0.02,20.72326583694641,True,0.0,0.0,0,0,0,0,0.0,0.0,1.0,0.0,0.0,0.0,0.0,0,0
39,5,myles peart-harris|brentford,Myles Peart-Harris,Brentford,MID,0.0,0.0,0.0,0.0,1e-09,0.0,0.0,0.0,0.0,0.0,0.0,0.0,0.0,0.0,0.0,0.0,0,1,0.0,0.0,0.02,0.03,0.03,0.02,20.72326583694641,True,0.0,0.0,0,0,0,0,0.0,0.0,1.0,0.0,0.0,0.0,0.0,0,0
39,5,naif aguerd|west ham,Naif Aguerd,West Ham,DEF,0.0,0.0,0.0,0.0,1e-09,0.0,0.0,0.0,0.0,0.0,0.0,0.0,0.0,0.0,0.0,0.0,0,1,2.0,0.0,0.02,0.2,0.2,0.02,20.72326583694641,True,0.0,0.0,0,0,0,0,0.0,0.0,1.0,0.0,0.0,0.0,0.0,0,0
39,5,nathan aké|manchester city,Nathan Aké,Manchester City,DEF,0.0,0.0,0.0,0.0,1e-09,0.0,0.0,0.0,0.0,0.0,0.0,0.0,0.0,0.0,0.0,0.0,0,1,7.0,0.0,0.02,0.14,0.14,0.02,20.72326583694641,True,0.0,0.0,0,0,0,0,0.0,0.0,1.0,0.0,0.0,0.0,0.0,0,0
39,5,nathan collins|brentford,Nathan Collins,Brentford,DEF,0.0,0.0,0.0,0.0,1e-09,0.0,0.0,0.0,0.0,0.0,0.0,0.0,0.0,0.0,0.0,0.0,0,1,10.3,0.0,0.02,0.2,0.2,0.02,20.72326583694641,True,0.0,0.0,0,0,0,0,0.0,0.0,1.0,0.0,0.0,0.0,0.0,0,0
39,5,nathan patterson|everton,Nathan Patterson,Everton,DEF,0.0,0.0,0.0,0.0,1e-09,0.0,0.0,0.0,0.0,0.0,0.0,0.0,0.0,0.0,0.0,0.0,0,1,11.4,0.0,0.01,0.1,0.1,0.01,20.72326583694641,True,0.0,0.0,0,0,0,0,0.0,0.0,1.0,0.0,0.0,0.0,0.0,0,0
39,5,nathaniel clyne|crystal palace,Nathaniel Clyne,Crystal Palace,DEF,0.0,0.0,0.0,0.0,1e-09,0.0,0.0,0.0,0.0,0.0,0.0,0.0,0.0,0.0,0.0,0.0,0,1,7.3,0.0,0.02,0.06,0.06,0.02,20.72326583694641,True,0.0,0.0,0,0,0,0,0.0,0.0,1.0,0.0,0.0,0.0,0.0,0,0
39,5,neco williams|nottingham forest,Neco Williams,Nottingham Forest,DEF,0.0,0.0,0.0,0.0,1e-09,0.0,0.0,0.0,0.0,0.0,0.0,0.0,0.0,0.0,0.0,0.0,0,1,7.0,0.0,0.02,0.14,0.14,0.02,20.72326583694641,True,0.0,0.0,0,0,0,0,0.0,0.0,1.0,0.0,0.0,0.0,0.0,0,0
39,5,nehemiah oriola|brighton,Nehemiah Oriola,Brighton,FWD,0.0,0.0,0.0,0.0,1e-09,0.0,0.0,0.0,0.0,0.0,0.0,0.0,0.0,0.0,0.0,0.0,0,1,0.0,0.0,0.01,0.03,0.03,0.01,20.72326583694641,True,0.0,0.0,0,0,0,0,0.0,0.0,1.0,0.0,0.0,0.0,0.0,0,0
39,5,nick pope|newcastle united,Nick Pope,Newcastle United,GK,0.0,0.0,0.0,0.0,1e-09,0.0,0.0,0.0,0.0,0.0,0.0,0.0,0.0,0.0,0.0,0.0,0,1,0.0,3.1,0.01,0.03,0.03,0.01,20.72326583694641,True,0.0,0.0,0,0,0,0,0.0,0.0,1.0,0.0,0.0,0.0,0.0,0,0
39,5,nick woltemade|newcastle united,Nick Woltemade,Newcastle United,FWD,0.0,0.0,0.0,0.0,1e-09,0.0,0.0,0.0,0.0,0.0,0.0,0.0,0.0,0.0,0.0,0.0,0,1,4.6,0.0,0.01,0.06,0.06,0.01,20.72326583694641,True,0.0,0.0,0,0,0,0,0.0,0.0,1.0,0.0,0.0,0.0,0.0,0,0
39,5,niclas füllkrug|west ham,Niclas Füllkrug,West Ham,FWD,0.0,0.0,0.0,0.0,1e-09,0.0,0.0,0.0,0.0,0.0,0.0,0.0,0.0,0.0,0.0,0.0,0,1,4.2,0.0,0.01,0.1,0.1,0.01,20.72326583694641,True,0.0,0.0,0,0,0,0,0.0,0.0,1.0,0.0,0.0,0.0,0.0,0,0
39,5,nico gonzález|manchester city,Nico González,Manchester City,MID,0.0,0.0,0.0,0.0,1e-09,0.0,0.0,0.0,0.0,0.0,0.0,0.0,0.0,0.0,0.0,0.0,0,1,12.0,0.0,0.02,0.33,0.33,0.02,20.72326583694641,True,0.0,0.0,0,0,0,0,0.0,0.0,1.0,0.0,0.0,0.0,0.0,0,0
39,5,nico o'reilly|manchester city,Nico O'Reilly,Manchester City,DEF,0.0,0.0,0.0,0.0,1e-09,0.0,0.0,0.0,0.0,0.0,0.0,0.0,0.0,0.0,0.0,0.0,0,1,6.1,0.0,0.02,0.2,0.2,0.02,20.72326583694641,True,0.0,0.0,0,0,0,0,0.0,0.0,1.0,0.0,0.0,0.0,0.0,0,0
39,5,nicolás domínguez|nottingham forest,Nicolás Domínguez,Nottingham Forest,DEF,0.0,0.0,0.0,0.0,1e-09,0.0,0.0,0.0,0.0,0.0,0.0,0.0,0.0,0.0,0.0,0.0,0,1,9.4,0.0,0.02,0.2,0.2,0.02,20.72326583694641,True,0.0,0.0,0,0,0,0,0.0,0.0,1.0,0.0,0.0,0.0,0.0,0,0
39,5,nicolò savona|nottingham forest,Nicolò Savona,Nottingham Forest,DEF,0.0,0.0,0.0,0.0,1e-09,0.0,0.0,0.0,0.0,0.0,0.0,0.0,0.0,0.0,0.0,0.0,0,1,5.0,0.0,0.02,0.2,0.2,0.02,20.72326583694641,True,0.0,0.0,0,0,0,0,0.0,0.0,1.0,0.0,0.0,0.0,0.0,0,0
39,5,nikola milenkovic|nottingham forest,Nikola Milenkovic,Nottingham Forest,DEF,0.0,0.0,0.0,0.0,1e-09,0.0,0.0,0.0,0.0,0.0,0.0,0.0,0.0,0.0,0.0,0.0,0,1,8.2,0.0,0.02,0.2,0.2,0.02,20.72326583694641,True,0.0,0.0,0,0,0,0,0.0,0.0,1.0,0.0,0.0,0.0,0.0,0,0
39,5,nilson angulo|sunderland,Nilson Angulo,Sunderland,FWD,0.0,0.0,0.0,0.0,1e-09,0.0,0.0,0.0,0.0,0.0,0.0,0.0,0.0,0.0,0.0,0.0,0,1,7.0,0.0,0.01,0.2,0.2,0.01,20.72326583694641,True,0.0,0.0,0,0,0,0,0.0,0.0,1.0,0.0,0.0,0.0,0.0,0,0
39,5,noah okafor|leeds,Noah Okafor,Leeds,MID,0.0,0.0,0.0,0.0,1e-09,0.0,0.0,0.0,0.0,0.0,0.0,0.0,0.0,0.0,0.0,0.0,0,1,6.2,0.0,0.02,0.2,0.2,0.02,20.72326583694641,True,0.0,0.0,0,0,0,0,0.0,0.0,1.0,0.0,0.0,0.0,0.0,0,0
39,5,noah sadiki|sunderland,Noah Sadiki,Sunderland,MID,0.0,0.0,0.0,0.0,1e-09,0.0,0.0,0.0,0.0,0.0,0.0,0.0,0.0,0.0,0.0,0.0,0,1,7.9,0.0,0.01,0.2,0.2,0.01,20.72326583694641,True,0.0,0.0,0,0,0,0,0.0,0.0,1.0,0.0,0.0,0.0,0.0,0,0
39,5,noni madueke|arsenal,Noni Madueke,Arsenal,MID,0.0,0.0,0.0,0.0,1e-09,0.0,0.0,0.0,0.0,0.0,0.0,0.0,0.0,0.0,0.0,0.0,0,1,5.0,0.0,0.01,0.03,0.03,0.01,20.72326583694641,True,0.0,0.0,0,0,0,0,0.0,0.0,1.0,0.0,0.0,0.0,0.0,0,0
39,5,nordi mukiele|sunderland,Nordi Mukiele,Sunderland,DEF,0.0,0.0,0.0,0.0,1e-09,0.0,0.0,0.0,0.0,0.0,0.0,0.0,0.0,0.0,0.0,0.0,0,1,9.4,0.0,0.02,0.14,0.14,0.02,20.72326583694641,True,0.0,0.0,0,0,0,0,0.0,0.0,1.0,0.0,0.0,0.0,0.0,0,0
39,5,noussair mazraoui|manchester united,Noussair Mazraoui,Manchester United,DEF,0.0,0.0,0.0,0.0,1e-09,0.0,0.0,0.0,0.0,0.0,0.0,0.0,0.0,0.0,0.0,0.0,0,1,9.1,0.0,0.02,0.5,0.5,0.02,20.72326583694641,True,0.0,0.0,0,0,0,0,0.0,0.0,1.0,0.0,0.0,0.0,0.0,0,0
39,5,odsonne edouard|crystal palace,Odsonne Edouard,Crystal Palace,DEF,0.0,0.0,0.0,0.0,1e-09,0.0,0.0,0.0,0.0,0.0,0.0,0.0,0.0,0.0,0.0,0.0,0,1,0.0,0.0,0.01,0.03,0.03,0.01,20.72326583694641,True,0.0,0.0,0,0,0,0,0.0,0.0,1.0,0.0,0.0,0.0,0.0,0,0
39,5,ola aina|nottingham forest,Ola Aina,Nottingham Forest,DEF,0.0,0.0,0.0,0.0,1e-09,0.0,0.0,0.0,0.0,0.0,0.0,0.0,0.0,0.0,0.0,0.0,0,1,6.8,0.0,0.02,0.2,0.2,0.02,20.72326583694641,True,0.0,0.0,0,0,0,0,0.0,0.0,1.0,0.0,0.0,0.0,0.0,0,0
39,5,oleksandr zinchenko|nottingham forest,Oleksandr Zinchenko,Nottingham Forest,DEF,0.0,0.0,0.0,0.0,1e-09,0.0,0.0,0.0,0.0,0.0,0.0,0.0,0.0,0.0,0.0,0.0,0,1,6.1,0.0,0.02,0.14,0.14,0.02,20.72326583694641,True,0.0,0.0,0,0,0,0,0.0,0.0,1.0,0.0,0.0,0.0,0.0,0,0
39,5,oliver scarles|west ham,Oliver Scarles,West Ham,DEF,0.0,0.0,0.0,0.0,1e-09,0.0,0.0,0.0,0.0,0.0,0.0,0.0,0.0,0.0,0.0,0.0,0,1,9.9,0.0,0.02,0.14,0.14,0.02,20.72326583694641,True,0.0,0.0,0,0,0,0,0.0,0.0,1.0,0.0,0.0,0.0,0.0,0,0
39,5,oliver sonne|burnley,Oliver Sonne,Burnley,DEF,0.0,0.0,0.0,0.0,1e-09,0.0,0.0,0.0,0.0,0.0,0.0,0.0,0.0,0.0,0.0,0.0,0,1,0.0,0.0,0.03,0.03,0.03,0.03,20.72326583694641,True,0.0,0.0,0,0,0,0,0.0,0.0,1.0,0.0,0.0,0.0,0.0,0,0
39,5,olivier boscagli|brighton,Olivier Boscagli,Brighton,DEF,0.0,0.0,0.0,0.0,1e-09,0.0,0.0,0.0,0.0,0.0,0.0,0.0,0.0,0.0,0.0,0.0,0,1,8.5,0.0,0.02,0.5,0.5,0.02,20.72326583694641,True,0.0,0.0,0,0,0,0,0.0,0.0,1.0,0.0,0.0,0.0,0.0,0,0
39,5,ollie watkins|aston villa,Ollie Watkins,Aston Villa,FWD,0.0,0.0,0.0,0.0,1e-09,0.0,0.0,0.0,0.0,0.0,0.0,0.0,0.0,0.0,0.0,0.0,0,1,3.1,0.0,0.01,0.1,0.1,0.01,20.72326583694641,True,0.0,0.0,0,0,0,0,0.0,0.0,1.0,0.0,0.0,0.0,0.0,0,0
39,5,omar alderete|sunderland,Omar Alderete,Sunderland,DEF,0.0,0.0,0.0,0.0,1e-09,0.0,0.0,0.0,0.0,0.0,0.0,0.0,0.0,0.0,0.0,0.0,0,1,9.9,0.0,0.02,0.2,0.2,0.02,20.72326583694641,True,0.0,0.0,0,0,0,0,0.0,0.0,1.0,0.0,0.0,0.0,0.0,0,0
39,5,omar marmoush|manchester city,Omar Marmoush,Manchester City,FWD,0.0,0.0,0.0,0.0,1e-09,0.0,0.0,0.0,0.0,0.0,0.0,0.0,0.0,0.0,0.0,0.0,0,1,5.3,0.0,0.01,0.14,0.14,0.01,20.72326583694641,True,0.0,0.0,0,0,0,0,0.0,0.0,1.0,0.0,0.0,0.0,0.0,0,0
39,5,omari hutchinson|nottingham forest,Omari Hutchinson,Nottingham Forest,MID,0.0,0.0,0.0,0.0,1e-09,0.0,0.0,0.0,0.0,0.0,0.0,0.0,0.0,0.0,0.0,0.0,0,1,7.0,0.0,0.01,0.06,0.06,0.01,20.72326583694641,True,0.0,0.0,0,0,0,0,0.0,0.0,1.0,0.0,0.0,0.0,0.0,0,0
39,5,oscar bobb|fulham,Oscar Bobb,Fulham,MID,0.0,0.0,0.0,0.0,1e-09,0.0,0.0,0.0,0.0,0.0,0.0,0.0,0.0,0.0,0.0,0.0,0,1,7.0,0.0,0.01,0.14,0.14,0.01,20.72326583694641,True,0.0,0.0,0,0,0,0,0.0,0.0,1.0,0.0,0.0,0.0,0.0,0,0
39,5,pablo|west ham,Pablo,West Ham,FWD,0.0,0.0,0.0,0.0,1e-09,0.0,0.0,0.0,0.0,0.0,0.0,0.0,0.0,0.0,0.0,0.0,0,1,9.0,0.0,0.01,0.14,0.14,0.01,20.72326583694641,True,0.0,0.0,0,0,0,0,0.0,0.0,1.0,0.0,0.0,0.0,0.0,0,0
39,5,pape sarr|tottenham,Pape Sarr,Tottenham,MID,0.0,0.0,0.0,0.0,1e-09,0.0,0.0,0.0,0.0,0.0,0.0,0.0,0.0,0.0,0.0,0.0,0,1,12.3,0.0,0.02,0.1,0.1,0.02,20.72326583694641,True,0.0,0.0,0,0,0,0,0.0,0.0,1.0,0.0,0.0,0.0,0.0,0,0
39,5,pascal groß|brighton,Pascal Groß,Brighton,MID,0.0,0.0,0.0,0.0,1e-09,0.0,0.0,0.0,0.0,0.0,0.0,0.0,0.0,0.0,0.0,0.0,0,1,8.2,0.0,0.01,0.2,0.2,0.01,20.72326583694641,True,0.0,0.0,0,0,0,0,0.0,0.0,1.0,0.0,0.0,0.0,0.0,0,0
39,5,pascal struijk|leeds,Pascal Struijk,Leeds,DEF,0.0,0.0,0.0,0.0,1e-09,0.0,0.0,0.0,0.0,0.0,0.0,0.0,0.0,0.0,0.0,0.0,0,1,9.5,0.0,0.02,0.14,0.14,0.02,20.72326583694641,True,0.0,0.0,0,0,0,0,0.0,0.0,1.0,0.0,0.0,0.0,0.0,0,0
39,5,patrick dorgu|manchester united,Patrick Dorgu,Manchester United,DEF,0.0,0.0,0.0,0.0,1e-09,0.0,0.0,0.0,0.0,0.0,0.0,0.0,0.0,0.0,0.0,0.0,0,1,6.4,0.0,0.02,0.14,0.14,0.02,20.72326583694641,True,0.0,0.0,0,0,0,0,0.0,0.0,1.0,0.0,0.0,0.0,0.0,0,0
39,5,patrick roberts|sunderland,Patrick Roberts,Sunderland,MID,0.0,0.0,0.0,0.0,1e-09,0.0,0.0,0.0,0.0,0.0,0.0,0.0,0.0,0.0,0.0,0.0,0,1,3.0,0.0,0.02,0.2,0.2,0.02,20.72326583694641,True,0.0,0.0,0,0,0,0,0.0,0.0,1.0,0.0,0.0,0.0,0.0,0,0
39,5,pau torres|aston villa,Pau Torres,Aston Villa,DEF,0.0,0.0,0.0,0.0,1e-09,0.0,0.0,0.0,0.0,0.0,0.0,0.0,0.0,0.0,0.0,0.0,0,1,6.5,0.0,0.02,0.06,0.06,0.02,20.72326583694641,True,0.0,0.0,0,0,0,0,0.0,0.0,1.0,0.0,0.0,0.0,0.0,0,0
39,5,pedro lima|wolverhampton wanderers,Pedro Lima,Wolverhampton Wanderers,DEF,0.0,0.0,0.0,0.0,1e-09,0.0,0.0,0.0,0.0,0.0,0.0,0.0,0.0,0.0,0.0,0.0,0,1,5.0,0.0,0.01,0.1,0.1,0.01,20.72326583694641,True,0.0,0.0,0,0,0,0,0.0,0.0,1.0,0.0,0.0,0.0,0.0,0,0
39,5,pedro neto|chelsea,Pedro Neto,Chelsea,MID,0.0,0.0,0.0,0.0,1e-09,0.0,0.0,0.0,0.0,0.0,0.0,0.0,0.0,0.0,0.0,0.0,0,1,4.3,0.0,0.01,0.2,0.2,0.01,20.72326583694641,True,0.0,0.0,0,0,0,0,0.0,0.0,1.0,0.0,0.0,0.0,0.0,0,0
39,5,pedro porro|tottenham,Pedro Porro,Tottenham,DEF,0.0,0.0,0.0,0.0,1e-09,0.0,0.0,0.0,0.0,0.0,0.0,0.0,0.0,0.0,0.0,0.0,0,1,6.8,0.0,0.02,0.33,0.33,0.02,20.72326583694641,True,0.0,0.0,0,0,0,0,0.0,0.0,1.0,0.0,0.0,0.0,0.0,0,0
39,5,phil foden|manchester city,Phil Foden,Manchester City,MID,0.0,0.0,0.0,0.0,1e-09,0.0,0.0,0.0,0.0,0.0,0.0,0.0,0.0,0.0,0.0,0.0,0,1,6.7,0.0,0.01,0.2,0.2,0.01,20.72326583694641,True,0.0,0.0,0,0,0,0,0.0,0.0,1.0,0.0,0.0,0.0,0.0,0,0
39,5,piero hincapié|arsenal,Piero Hincapié,Arsenal,DEF,0.0,0.0,0.0,0.0,1e-09,0.0,0.0,0.0,0.0,0.0,0.0,0.0,0.0,0.0,0.0,0.0,0,1,7.9,0.0,0.02,0.14,0.14,0.02,20.72326583694641,True,0.0,0.0,0,0,0,0,0.0,0.0,1.0,0.0,0.0,0.0,0.0,0,0
39,5,quilindschy hartman|burnley,Quilindschy Hartman,Burnley,DEF,0.0,0.0,0.0,0.0,1e-09,0.0,0.0,0.0,0.0,0.0,0.0,0.0,0.0,0.0,0.0,0.0,0,1,7.0,0.0,0.01,0.06,0.06,0.01,20.72326583694641,True,0.0,0.0,0,0,0,0,0.0,0.0,1.0,0.0,0.0,0.0,0.0,0,0
39,5,radu dragusin|tottenham,Radu Dragusin,Tottenham,DEF,0.0,0.0,0.0,0.0,1e-09,0.0,0.0,0.0,0.0,0.0,0.0,0.0,0.0,0.0,0.0,0.0,0,1,12.1,0.0,0.02,0.14,0.14,0.02,20.72326583694641,True,0.0,0.0,0,0,0,0,0.0,0.0,1.0,0.0,0.0,0.0,0.0,0,0
39,5,randal kolo muani|tottenham,Randal Kolo Muani,Tottenham,FWD,0.0,0.0,0.0,0.0,1e-09,0.0,0.0,0.0,0.0,0.0,0.0,0.0,0.0,0.0,0.0,0.0,0,1,6.1,0.0,0.01,0.14,0.14,0.01,20.72326583694641,True,0.0,0.0,0,0,0,0,0.0,0.0,1.0,0.0,0.0,0.0,0.0,0,0
39,5,rayan ait nouri|manchester city,Rayan Ait Nouri,Manchester City,DEF,0.0,0.0,0.0,0.0,1e-09,0.0,0.0,0.0,0.0,0.0,0.0,0.0,0.0,0.0,0.0,0.0,0,1,7.1,0.0,0.02,0.2,0.2,0.02,20.72326583694641,True,0.0,0.0,0,0,0,0,0.0,0.0,1.0,0.0,0.0,0.0,0.0,0,0
39,5,rayan cherki|manchester city,Rayan Cherki,Manchester City,MID,0.0,0.0,0.0,0.0,1e-09,0.0,0.0,0.0,0.0,0.0,0.0,0.0,0.0,0.0,0.0,0.0,0,1,7.3,0.0,0.02,0.1,0.1,0.02,20.72326583694641,True,0.0,0.0,0,0,0,0,0.0,0.0,1.0,0.0,0.0,0.0,0.0,0,0
39,5,rayan|bournemouth,Rayan,Bournemouth,MID,0.0,0.0,0.0,0.0,1e-09,0.0,0.0,0.0,0.0,0.0,0.0,0.0,0.0,0.0,0.0,0.0,0,1,4.5,0.0,0.01,0.1,0.1,0.01,20.72326583694641,True,0.0,0.0,0,0,0,0,0.0,0.0,1.0,0.0,0.0,0.0,0.0,0,0
39,5,raúl jiménez|fulham,Raúl Jiménez,Fulham,FWD,0.0,0.0,0.0,0.0,1e-09,0.0,0.0,0.0,0.0,0.0,0.0,0.0,0.0,0.0,0.0,0.0,0,1,5.4,0.0,0.01,0.2,0.2,0.01,20.72326583694641,True,0.0,0.0,0,0,0,0,0.0,0.0,1.0,0.0,0.0,0.0,0.0,0,0
39,5,reece james|chelsea,Reece James,Chelsea,DEF,0.0,0.0,0.0,0.0,1e-09,0.0,0.0,0.0,0.0,0.0,0.0,0.0,0.0,0.0,0.0,0.0,0,1,6.2,0.0,0.01,0.2,0.2,0.01,20.72326583694641,True,0.0,0.0,0,0,0,0,0.0,0.0,1.0,0.0,0.0,0.0,0.0,0,0
39,5,reinildo|sunderland,Reinildo,Sunderland,DEF,0.0,0.0,0.0,0.0,1e-09,0.0,0.0,0.0,0.0,0.0,0.0,0.0,0.0,0.0,0.0,0.0,0,1,7.7,0.0,0.02,0.33,0.33,0.02,20.72326583694641,True,0.0,0.0,0,0,0,0,0.0,0.0,1.0,0.0,0.0,0.0,0.0,0,0
39,5,reiss nelson|brentford,Reiss Nelson,Brentford,MID,0.0,0.0,0.0,0.0,1e-09,0.0,0.0,0.0,0.0,0.0,0.0,0.0,0.0,0.0,0.0,0.0,0,1,30.6,0.0,0.01,0.06,0.06,0.01,20.72326583694641,True,0.0,0.0,0,0,0,0,0.0,0.0,1.0,0.0,0.0,0.0,0.0,0,0
39,5,riccardo calafiori|arsenal,Riccardo Calafiori,Arsenal,DEF,0.0,0.0,0.0,0.0,1e-09,0.0,0.0,0.0,0.0,0.0,0.0,0.0,0.0,0.0,0.0,0.0,0,1,6.1,0.0,0.02,0.33,0.33,0.02,20.72326583694641,True,0.0,0.0,0,0,0,0,0.0,0.0,1.0,0.0,0.0,0.0,0.0,0,0
39,5,richarlison|tottenham,Richarlison,Tottenham,FWD,0.0,0.0,0.0,0.0,1e-09,0.0,0.0,0.0,0.0,0.0,0.0,0.0,0.0,0.0,0.0,0.0,0,1,6.8,0.0,0.01,0.33,0.33,0.01,20.72326583694641,True,0.0,0.0,0,0,0,0,0.0,0.0,1.0,0.0,0.0,0.0,0.0,0,0
39,5,rico henry|brentford,Rico Henry,Brentford,DEF,0.0,0.0,0.0,0.0,1e-09,0.0,0.0,0.0,0.0,0.0,0.0,0.0,0.0,0.0,0.0,0.0,0,1,4.6,0.0,0.02,0.1,0.1,0.02,20.72326583694641,True,0.0,0.0,0,0,0,0,0.0,0.0,1.0,0.0,0.0,0.0,0.0,0,0
39,5,rico lewis|manchester city,Rico Lewis,Manchester City,DEF,0.0,0.0,0.0,0.0,1e-09,0.0,0.0,0.0,0.0,0.0,0.0,0.0,0.0,0.0,0.0,0.0,0,1,4.0,0.0,0.02,0.2,0.2,0.02,20.72326583694641,True,0.0,0.0,0,0,0,0,0.0,0.0,1.0,0.0,0.0,0.0,0.0,0,0
39,5,rio ngumoha|liverpool,Rio Ngumoha,Liverpool,MID,0.0,0.0,0.0,0.0,1e-09,0.0,0.0,0.0,0.0,0.0,0.0,0.0,0.0,0.0,0.0,0.0,0,1,3.0,0.0,0.01,0.06,0.06,0.01,20.72326583694641,True,0.0,0.0,0,0,0,0,0.0,0.0,1.0,0.0,0.0,0.0,0.0,0,0
39,5,robert sánchez|chelsea,Robert Sánchez,Chelsea,GK,0.0,0.0,0.0,0.0,1e-09,0.0,0.0,0.0,0.0,0.0,0.0,0.0,0.0,0.0,0.0,0.0,0,1,0.0,2.7,0.02,0.1,0.1,0.02,20.72326583694641,True,0.0,0.0,0,0,0,0,0.0,0.0,1.0,0.0,0.0,0.0,0.0,0,0
39,5,robin roefs|sunderland,Robin Roefs,Sunderland,GK,0.0,0.0,0.0,0.0,1e-09,0.0,0.0,0.0,0.0,0.0,0.0,0.0,0.0,0.0,0.0,0.0,0,1,0.0,3.0,0.01,0.1,0.1,0.01,20.72326583694641,True,0.0,0.0,0,0,0,0,0.0,0.0,1.0,0.0,0.0,0.0,0.0,0,0
39,5,rodrigo bentancur|tottenham,Rodrigo Bentancur,Tottenham,MID,0.0,0.0,0.0,0.0,1e-09,0.0,0.0,0.0,0.0,0.0,0.0,0.0,0.0,0.0,0.0,0.0,0,1,13.2,0.0,0.02,0.33,0.33,0.02,20.72326583694641,True,0.0,0.0,0,0,0,0,0.0,0.0,1.0,0.0,0.0,0.0,0.0,0,0
39,5,rodrigo gomes|wolverhampton wanderers,Rodrigo Gomes,Wolverhampton Wanderers,DEF,0.0,0.0,0.0,0.0,1e-09,0.0,0.0,0.0,0.0,0.0,0.0,0.0,0.0,0.0,0.0,0.0,0,1,5.3,0.0,0.02,0.1,0.1,0.02,20.72326583694641,True,0.0,0.0,0,0,0,0,0.0,0.0,1.0,0.0,0.0,0.0,0.0,0,0
39,5,rodrigo muniz|fulham,Rodrigo Muniz,Fulham,FWD,0.0,0.0,0.0,0.0,1e-09,0.0,0.0,0.0,0.0,0.0,0.0,0.0,0.0,0.0,0.0,0.0,0,1,5.6,0.0,0.01,0.14,0.14,0.01,20.72326583694641,True,0.0,0.0,0,0,0,0,0.0,0.0,1.0,0.0,0.0,0.0,0.0,0,0
39,5,rodri|manchester city,Rodri,Manchester City,MID,0.0,0.0,0.0,0.0,1e-09,0.0,0.0,0.0,0.0,0.0,0.0,0.0,0.0,0.0,0.0,0.0,0,1,12.7,0.0,0.02,0.2,0.2,0.02,20.72326583694641,True,0.0,0.0,0,0,0,0,0.0,0.0,1.0,0.0,0.0,0.0,0.0,0,0
39,5,romain esse|crystal palace,Romain Esse,Crystal Palace,MID,0.0,0.0,0.0,0.0,1e-09,0.0,0.0,0.0,0.0,0.0,0.0,0.0,0.0,0.0,0.0,0.0,0,1,3.3,0.0,0.01,0.06,0.06,0.01,20.72326583694641,True,0.0,0.0,0,0,0,0,0.0,0.0,1.0,0.0,0.0,0.0,0.0,0,0
39,5,romaine mundle|sunderland,Romaine Mundle,Sunderland,MID,0.0,0.0,0.0,0.0,1e-09,0.0,0.0,0.0,0.0,0.0,0.0,0.0,0.0,0.0,0.0,0.0,0,1,7.4,0.0,0.01,0.2,0.2,0.01,20.72326583694641,True,0.0,0.0,0,0,0,0,0.0,0.0,1.0,0.0,0.0,0.0,0.0,0,0
39,5,romelle donovan|brentford,Romelle Donovan,Brentford,MID,0.0,0.0,0.0,0.0,1e-09,0.0,0.0,0.0,0.0,0.0,0.0,0.0,0.0,0.0,0.0,0.0,0,1,0.0,0.0,0.01,0.03,0.03,0.01,20.72326583694641,True,0.0,0.0,0,0,0,0,0.0,0.0,1.0,0.0,0.0,0.0,0.0,0,0
39,5,romeo lavia|chelsea,Romeo Lavia,Chelsea,MID,0.0,0.0,0.0,0.0,1e-09,0.0,0.0,0.0,0.0,0.0,0.0,0.0,0.0,0.0,0.0,0.0,0,1,5.0,0.0,0.02,0.06,0.06,0.02,20.72326583694641,True,0.0,0.0,0,0,0,0,0.0,0.0,1.0,0.0,0.0,0.0,0.0,0,0
39,5,ross barkley|aston villa,Ross Barkley,Aston Villa,MID,0.0,0.0,0.0,0.0,1e-09,0.0,0.0,0.0,0.0,0.0,0.0,0.0,0.0,0.0,0.0,0.0,0,1,10.8,0.0,0.02,0.1,0.1,0.02,20.72326583694641,True,0.0,0.0,0,0,0,0,0.0,0.0,1.0,0.0,0.0,0.0,0.0,0,0
39,5,ryan christie|bournemouth,Ryan Christie,Bournemouth,MID,0.0,0.0,0.0,0.0,1e-09,0.0,0.0,0.0,0.0,0.0,0.0,0.0,0.0,0.0,0.0,0.0,0,1,10.7,0.0,0.02,0.33,0.33,0.02,20.72326583694641,True,0.0,0.0,0,0,0,0,0.0,0.0,1.0,0.0,0.0,0.0,0.0,0,0
39,5,ryan gravenberch|liverpool,Ryan Gravenberch,Liverpool,MID,0.0,0.0,0.0,0.0,1e-09,0.0,0.0,0.0,0.0,0.0,0.0,0.0,0.0,0.0,0.0,0.0,0,1,9.6,0.0,0.02,0.2,0.2,0.02,20.72326583694641,True,0.0,0.0,0,0,0,0,0.0,0.0,1.0,0.0,0.0,0.0,0.0,0,0
39,5,ryan sessegnon|fulham,Ryan Sessegnon,Fulham,MID,0.0,0.0,0.0,0.0,1e-09,0.0,0.0,0.0,0.0,0.0,0.0,0.0,0.0,0.0,0.0,0.0,0,1,10.6,0.0,0.02,0.06,0.06,0.02,20.72326583694641,True,0.0,0.0,0,0,0,0,0.0,0.0,1.0,0.0,0.0,0.0,0.0,0,0
39,5,ryan yates|nottingham forest,Ryan Yates,Nottingham Forest,MID,0.0,0.0,0.0,0.0,1e-09,0.0,0.0,0.0,0.0,0.0,0.0,0.0,0.0,0.0,0.0,0.0,0,1,8.8,0.0,0.02,0.2,0.2,0.02,20.72326583694641,True,0.0,0.0,0,0,0,0,0.0,0.0,1.0,0.0,0.0,0.0,0.0,0,0
39,5,rúben dias|manchester city,Rúben Dias,Manchester City,DEF,0.0,0.0,0.0,0.0,1e-09,0.0,0.0,0.0,0.0,0.0,0.0,0.0,0.0,0.0,0.0,0.0,0,1,7.4,0.0,0.02,0.14,0.14,0.02,20.72326583694641,True,0.0,0.0,0,0,0,0,0.0,0.0,1.0,0.0,0.0,0.0,0.0,0,0
39,5,sam byram|leeds,Sam Byram,Leeds,DEF,0.0,0.0,0.0,0.0,1e-09,0.0,0.0,0.0,0.0,0.0,0.0,0.0,0.0,0.0,0.0,0.0,0,1,3.0,0.0,0.02,0.06,0.06,0.02,20.72326583694641,True,0.0,0.0,0,0,0,0,0.0,0.0,1.0,0.0,0.0,0.0,0.0,0,0
39,5,sam johnstone|wolverhampton wanderers,Sam Johnstone,Wolverhampton Wanderers,GK,0.0,0.0,0.0,0.0,1e-09,0.0,0.0,0.0,0.0,0.0,0.0,0.0,0.0,0.0,0.0,0.0,0,1,0.0,3.3,0.02,0.03,0.03,0.02,20.72326583694641,True,0.0,0.0,0,0,0,0,0.0,0.0,1.0,0.0,0.0,0.0,0.0,0,0
39,5,samuel chukwueze|fulham,Samuel Chukwueze,Fulham,MID,0.0,0.0,0.0,0.0,1e-09,0.0,0.0,0.0,0.0,0.0,0.0,0.0,0.0,0.0,0.0,0.0,0,1,7.6,0.0,0.01,0.06,0.06,0.01,20.72326583694641,True,0.0,0.0,0,0,0,0,0.0,0.0,1.0,0.0,0.0,0.0,0.0,0,0
39,5,sander berge|fulham,Sander Berge,Fulham,MID,0.0,0.0,0.0,0.0,1e-09,0.0,0.0,0.0,0.0,0.0,0.0,0.0,0.0,0.0,0.0,0.0,0,1,8.8,0.0,0.02,0.14,0.14,0.02,20.72326583694641,True,0.0,0.0,0,0,0,0,0.0,0.0,1.0,0.0,0.0,0.0,0.0,0,0
39,5,sandro tonali|newcastle united,Sandro Tonali,Newcastle United,MID,0.0,0.0,0.0,0.0,1e-09,0.0,0.0,0.0,0.0,0.0,0.0,0.0,0.0,0.0,0.0,0.0,0,1,9.3,0.0,0.02,0.14,0.14,0.02,20.72326583694641,True,0.0,0.0,0,0,0,0,0.0,0.0,1.0,0.0,0.0,0.0,0.0,0,0
39,5,santiago bueno|wolverhampton wanderers,Santiago Bueno,Wolverhampton Wanderers,DEF,0.0,0.0,0.0,0.0,1e-09,0.0,0.0,0.0,0.0,0.0,0.0,0.0,0.0,0.0,0.0,0.0,0,1,7.5,0.0,0.02,0.2,0.2,0.02,20.72326583694641,True,0.0,0.0,0,0,0,0,0.0,0.0,1.0,0.0,0.0,0.0,0.0,0,0
39,5,sasa kalajdzic|wolverhampton wanderers,Sasa Kalajdzic,Wolverhampton Wanderers,FWD,0.0,0.0,0.0,0.0,1e-09,0.0,0.0,0.0,0.0,0.0,0.0,0.0,0.0,0.0,0.0,0.0,0,1,2.0,0.0,0.01,0.1,0.1,0.01,20.72326583694641,True,0.0,0.0,0,0,0,0,0.0,0.0,1.0,0.0,0.0,0.0,0.0,0,0
39,5,sasa lukic|fulham,Sasa Lukic,Fulham,MID,0.0,0.0,0.0,0.0,1e-09,0.0,0.0,0.0,0.0,0.0,0.0,0.0,0.0,0.0,0.0,0.0,0,1,9.5,0.0,0.02,0.5,0.5,0.02,20.72326583694641,True,0.0,0.0,0,0,0,0,0.0,0.0,1.0,0.0,0.0,0.0,0.0,0,0
39,5,seamus coleman|everton,Seamus Coleman,Everton,DEF,0.0,0.0,0.0,0.0,1e-09,0.0,0.0,0.0,0.0,0.0,0.0,0.0,0.0,0.0,0.0,0.0,0,1,3.0,0.0,0.02,0.14,0.14,0.02,20.72326583694641,True,0.0,0.0,0,0,0,0,0.0,0.0,1.0,0.0,0.0,0.0,0.0,0,0
39,5,sean longstaff|leeds,Sean Longstaff,Leeds,MID,0.0,0.0,0.0,0.0,1e-09,0.0,0.0,0.0,0.0,0.0,0.0,0.0,0.0,0.0,0.0,0.0,0,1,9.5,0.0,0.02,0.2,0.2,0.02,20.72326583694641,True,0.0,0.0,0,0,0,0,0.0,0.0,1.0,0.0,0.0,0.0,0.0,0,0
39,5,sebastiaan bornauw|leeds,Sebastiaan Bornauw,Leeds,DEF,0.0,0.0,0.0,0.0,1e-09,0.0,0.0,0.0,0.0,0.0,0.0,0.0,0.0,0.0,0.0,0.0,0,1,11.3,0.0,0.02,0.2,0.2,0.02,20.72326583694641,True,0.0,0.0,0,0,0,0,0.0,0.0,1.0,0.0,0.0,0.0,0.0,0,0
39,5,senne lammens|manchester united,Senne Lammens,Manchester United,GK,0.0,0.0,0.0,0.0,1e-09,0.0,0.0,0.0,0.0,0.0,0.0,0.0,0.0,0.0,0.0,0.0,0,1,0.0,2.3,0.01,0.03,0.03,0.01,20.72326583694641,True,0.0,0.0,0,0,0,0,0.0,0.0,1.0,0.0,0.0,0.0,0.0,0,0
39,5,sepp van den berg|brentford,Sepp van den Berg,Brentford,DEF,0.0,0.0,0.0,0.0,1e-09,0.0,0.0,0.0,0.0,0.0,0.0,0.0,0.0,0.0,0.0,0.0,0,1,9.1,0.0,0.02,0.06,0.06,0.02,20.72326583694641,True,0.0,0.0,0,0,0,0,0.0,0.0,1.0,0.0,0.0,0.0,0.0,0,0
39,5,shea lacey|manchester united,Shea Lacey,Manchester United,MID,0.0,0.0,0.0,0.0,1e-09,0.0,0.0,0.0,0.0,0.0,0.0,0.0,0.0,0.0,0.0,0.0,0,1,3.0,0.0,0.01,0.1,0.1,0.01,20.72326583694641,True,0.0,0.0,0,0,0,0,0.0,0.0,1.0,0.0,0.0,0.0,0.0,0,0
39,5,simon adingra|sunderland,Simon Adingra,Sunderland,MID,0.0,0.0,0.0,0.0,1e-09,0.0,0.0,0.0,0.0,0.0,0.0,0.0,0.0,0.0,0.0,0.0,0,1,6.2,0.0,0.02,0.2,0.2,0.02,20.72326583694641,True,0.0,0.0,0,0,0,0,0.0,0.0,1.0,0.0,0.0,0.0,0.0,0,0
39,5,solly march|brighton,Solly March,Brighton,MID,0.0,0.0,0.0,0.0,1e-09,0.0,0.0,0.0,0.0,0.0,0.0,0.0,0.0,0.0,0.0,0.0,0,1,4.0,0.0,0.03,0.2,0.2,0.03,20.72326583694641,True,0.0,0.0,0,0,0,0,0.0,0.0,1.0,0.0,0.0,0.0,0.0,0,0
39,5,soungoutou magassa|west ham,Soungoutou Magassa,West Ham,MID,0.0,0.0,0.0,0.0,1e-09,0.0,0.0,0.0,0.0,0.0,0.0,0.0,0.0,0.0,0.0,0.0,0,1,2.0,0.0,0.02,0.33,0.33,0.02,20.72326583694641,True,0.0,0.0,0,0,0,0,0.0,0.0,1.0,0.0,0.0,0.0,0.0,0,0
39,5,souza|tottenham,Souza,Tottenham,DEF,0.0,0.0,0.0,0.0,1e-09,0.0,0.0,0.0,0.0,0.0,0.0,0.0,0.0,0.0,0.0,0.0,0,1,1.0,0.0,0.02,0.2,0.2,0.02,20.72326583694641,True,0.0,0.0,0,0,0,0,0.0,0.0,1.0,0.0,0.0,0.0,0.0,0,0
39,5,stefan ortega moreno|nottingham forest,Stefan Ortega Moreno,Nottingham Forest,GK,0.0,0.0,0.0,0.0,1e-09,0.0,0.0,0.0,0.0,0.0,0.0,0.0,0.0,0.0,0.0,0.0,0,1,0.0,3.1,0.01,0.06,0.06,0.01,20.72326583694641,True,0.0,0.0,0,0,0,0,0.0,0.0,1.0,0.0,0.0,0.0,0.0,0,0
39,5,stefanos tzimas|brighton,Stefanos Tzimas,Brighton,FWD,0.0,0.0,0.0,0.0,1e-09,0.0,0.0,0.0,0.0,0.0,0.0,0.0,0.0,0.0,0.0,0.0,0,1,10.2,0.0,0.01,0.06,0.06,0.01,20.72326583694641,True,0.0,0.0,0,0,0,0,0.0,0.0,1.0,0.0,0.0,0.0,0.0,0,0
39,5,sven botman|newcastle united,Sven Botman,Newcastle United,DEF,0.0,0.0,0.0,0.0,1e-09,0.0,0.0,0.0,0.0,0.0,0.0,0.0,0.0,0.0,0.0,0.0,0,1,8.9,0.0,0.02,0.06,0.06,0.02,20.72326583694641,True,0.0,0.0,0,0,0,0,0.0,0.0,1.0,0.0,0.0,0.0,0.0,0,0
39,5,sávio|manchester city,Sávio,Manchester City,MID,0.0,0.0,0.0,0.0,1e-09,0.0,0.0,0.0,0.0,0.0,0.0,0.0,0.0,0.0,0.0,0.0,0,1,7.5,0.0,0.01,0.2,0.2,0.01,20.72326583694641,True,0.0,0.0,0,0,0,0,0.0,0.0,1.0,0.0,0.0,0.0,0.0,0,0
39,5,taiwo awoniyi|nottingham forest,Taiwo Awoniyi,Nottingham Forest,FWD,0.0,0.0,0.0,0.0,1e-09,0.0,0.0,0.0,0.0,0.0,0.0,0.0,0.0,0.0,0.0,0.0,0,1,5.5,0.0,0.01,0.1,0.1,0.01,20.72326583694641,True,0.0,0.0,0,0,0,0,0.0,0.0,1.0,0.0,0.0,0.0,0.0,0,0
39,5,tammy abraham|aston villa,Tammy Abraham,Aston Villa,FWD,0.0,0.0,0.0,0.0,1e-09,0.0,0.0,0.0,0.0,0.0,0.0,0.0,0.0,0.0,0.0,0.0,0,1,3.5,0.0,0.01,0.06,0.06,0.01,20.72326583694641,True,0.0,0.0,0,0,0,0,0.0,0.0,1.0,0.0,0.0,0.0,0.0,0,0
39,5,tawanda chirewa|wolverhampton wanderers,Tawanda Chirewa,Wolverhampton Wanderers,MID,0.0,0.0,0.0,0.0,1e-09,0.0,0.0,0.0,0.0,0.0,0.0,0.0,0.0,0.0,0.0,0.0,0,1,4.0,0.0,0.01,0.06,0.06,0.01,20.72326583694641,True,0.0,0.0,0,0,0,0,0.0,0.0,1.0,0.0,0.0,0.0,0.0,0,0
39,5,thiago|brentford,Thiago,Brentford,FWD,0.0,0.0,0.0,0.0,1e-09,0.0,0.0,0.0,0.0,0.0,0.0,0.0,0.0,0.0,0.0,0.0,0,1,5.4,0.0,0.02,0.2,0.2,0.02,20.72326583694641,True,0.0,0.0,0,0,0,0,0.0,0.0,1.0,0.0,0.0,0.0,0.0,0,0
39,5,thierno barry|everton,Thierno Barry,Everton,FWD,0.0,0.0,0.0,0.0,1e-09,0.0,0.0,0.0,0.0,0.0,0.0,0.0,0.0,0.0,0.0,0.0,0,1,3.1,0.0,0.01,0.2,0.2,0.01,20.72326583694641,True,0.0,0.0,0,0,0,0,0.0,0.0,1.0,0.0,0.0,0.0,0.0,0,0
39,5,tijjani reijnders|manchester city,Tijjani Reijnders,Manchester City,MID,0.0,0.0,0.0,0.0,1e-09,0.0,0.0,0.0,0.0,0.0,0.0,0.0,0.0,0.0,0.0,0.0,0,1,5.6,0.0,0.02,0.1,0.1,0.02,20.72326583694641,True,0.0,0.0,0,0,0,0,0.0,0.0,1.0,0.0,0.0,0.0,0.0,0,0
39,5,tim iroegbunam|everton,Tim Iroegbunam,Everton,MID,0.0,0.0,0.0,0.0,1e-09,0.0,0.0,0.0,0.0,0.0,0.0,0.0,0.0,0.0,0.0,0.0,0,1,11.8,0.0,0.03,0.5,0.5,0.03,20.72326583694641,True,0.0,0.0,0,0,0,0,0.0,0.0,1.0,0.0,0.0,0.0,0.0,0,0
39,5,timothy castagne|fulham,Timothy Castagne,Fulham,DEF,0.0,0.0,0.0,0.0,1e-09,0.0,0.0,0.0,0.0,0.0,0.0,0.0,0.0,0.0,0.0,0.0,0,1,7.9,0.0,0.02,0.2,0.2,0.02,20.72326583694641,True,0.0,0.0,0,0,0,0,0.0,0.0,1.0,0.0,0.0,0.0,0.0,0,0
39,5,tolu arokodare|wolverhampton wanderers,Tolu Arokodare,Wolverhampton Wanderers,FWD,0.0,0.0,0.0,0.0,1e-09,0.0,0.0,0.0,0.0,0.0,0.0,0.0,0.0,0.0,0.0,0.0,0,1,3.0,0.0,0.01,0.06,0.06,0.01,20.72326583694641,True,0.0,0.0,0,0,0,0,0.0,0.0,1.0,0.0,0.0,0.0,0.0,0,0
39,5,tom cairney|fulham,Tom Cairney,Fulham,MID,0.0,0.0,0.0,0.0,1e-09,0.0,0.0,0.0,0.0,0.0,0.0,0.0,0.0,0.0,0.0,0.0,0,1,7.2,0.0,0.02,0.5,0.5,0.02,20.72326583694641,True,0.0,0.0,0,0,0,0,0.0,0.0,1.0,0.0,0.0,0.0,0.0,0,0
39,5,tom edozie|wolverhampton wanderers,Tom Edozie,Wolverhampton Wanderers,MID,0.0,0.0,0.0,0.0,1e-09,0.0,0.0,0.0,0.0,0.0,0.0,0.0,0.0,0.0,0.0,0.0,0,1,2.0,0.0,0.01,0.14,0.14,0.01,20.72326583694641,True,0.0,0.0,0,0,0,0,0.0,0.0,1.0,0.0,0.0,0.0,0.0,0,0
39,5,tom watson|brighton,Tom Watson,Brighton,FWD,0.0,0.0,0.0,0.0,1e-09,0.0,0.0,0.0,0.0,0.0,0.0,0.0,0.0,0.0,0.0,0.0,0,1,0.0,0.0,0.01,0.03,0.03,0.01,20.72326583694641,True,0.0,0.0,0,0,0,0,0.0,0.0,1.0,0.0,0.0,0.0,0.0,0,0
39,5,tomas soucek|west ham,Tomas Soucek,West Ham,MID,0.0,0.0,0.0,0.0,1e-09,0.0,0.0,0.0,0.0,0.0,0.0,0.0,0.0,0.0,0.0,0.0,0,1,9.3,0.0,0.02,0.14,0.14,0.02,20.72326583694641,True,0.0,0.0,0,0,0,0,0.0,0.0,1.0,0.0,0.0,0.0,0.0,0,0
39,5,tosin adarabioyo|chelsea,Tosin Adarabioyo,Chelsea,DEF,0.0,0.0,0.0,0.0,1e-09,0.0,0.0,0.0,0.0,0.0,0.0,0.0,0.0,0.0,0.0,0.0,0,1,11.3,0.0,0.02,0.2,0.2,0.02,20.72326583694641,True,0.0,0.0,0,0,0,0,0.0,0.0,1.0,0.0,0.0,0.0,0.0,0,0
39,5,toti|wolverhampton wanderers,Toti,Wolverhampton Wanderers,DEF,0.0,0.0,0.0,0.0,1e-09,0.0,0.0,0.0,0.0,0.0,0.0,0.0,0.0,0.0,0.0,0.0,0,1,8.3,0.0,0.02,0.14,0.14,0.02,20.72326583694641,True,0.0,0.0,0,0,0,0,0.0,0.0,1.0,0.0,0.0,0.0,0.0,0,0
39,5,trai hume|sunderland,Trai Hume,Sunderland,DEF,0.0,0.0,0.0,0.0,1e-09,0.0,0.0,0.0,0.0,0.0,0.0,0.0,0.0,0.0,0.0,0.0,0,1,6.2,0.0,0.02,0.33,0.33,0.02,20.72326583694641,True,0.0,0.0,0,0,0,0,0.0,0.0,1.0,0.0,0.0,0.0,0.0,0,0
39,5,trevoh chalobah|chelsea,Trevoh Chalobah,Chelsea,DEF,0.0,0.0,0.0,0.0,1e-09,0.0,0.0,0.0,0.0,0.0,0.0,0.0,0.0,0.0,0.0,0.0,0,1,9.1,0.0,0.02,0.1,0.1,0.02,20.72326583694641,True,0.0,0.0,0,0,0,0,0.0,0.0,1.0,0.0,0.0,0.0,0.0,0,0
39,5,treymaurice nyoni|liverpool,Treymaurice Nyoni,Liverpool,MID,0.0,0.0,0.0,0.0,1e-09,0.0,0.0,0.0,0.0,0.0,0.0,0.0,0.0,0.0,0.0,0.0,0,1,4.0,0.0,0.01,0.1,0.1,0.01,20.72326583694641,True,0.0,0.0,0,0,0,0,0.0,0.0,1.0,0.0,0.0,0.0,0.0,0,0
39,5,tyler adams|bournemouth,Tyler Adams,Bournemouth,MID,0.0,0.0,0.0,0.0,1e-09,0.0,0.0,0.0,0.0,0.0,0.0,0.0,0.0,0.0,0.0,0.0,0,1,11.6,0.0,0.03,0.5,0.5,0.03,20.72326583694641,True,0.0,0.0,0,0,0,0,0.0,0.0,1.0,0.0,0.0,0.0,0.0,0,0
39,5,tyler dibling|everton,Tyler Dibling,Everton,MID,0.0,0.0,0.0,0.0,1e-09,0.0,0.0,0.0,0.0,0.0,0.0,0.0,0.0,0.0,0.0,0.0,0,1,10.3,0.0,0.01,0.14,0.14,0.01,20.72326583694641,True,0.0,0.0,0,0,0,0,0.0,0.0,1.0,0.0,0.0,0.0,0.0,0,0
39,5,tyler fletcher|manchester united,Tyler Fletcher,Manchester United,MID,0.0,0.0,0.0,0.0,1e-09,0.0,0.0,0.0,0.0,0.0,0.0,0.0,0.0,0.0,0.0,0.0,0,1,3.0,0.0,0.01,0.1,0.1,0.01,20.72326583694641,True,0.0,0.0,0,0,0,0,0.0,0.0,1.0,0.0,0.0,0.0,0.0,0,0
39,5,tyler fredricson|manchester united,Tyler Fredricson,Manchester United,DEF,0.0,0.0,0.0,0.0,1e-09,0.0,0.0,0.0,0.0,0.0,0.0,0.0,0.0,0.0,0.0,0.0,0,1,4.0,0.0,0.02,0.14,0.14,0.02,20.72326583694641,True,0.0,0.0,0,0,0,0,0.0,0.0,1.0,0.0,0.0,0.0,0.0,0,0
39,5,tyrell malacia|manchester united,Tyrell Malacia,Manchester United,DEF,0.0,0.0,0.0,0.0,1e-09,0.0,0.0,0.0,0.0,0.0,0.0,0.0,0.0,0.0,0.0,0.0,0,1,0.0,0.0,0.02,0.03,0.03,0.02,20.72326583694641,True,0.0,0.0,0,0,0,0,0.0,0.0,1.0,0.0,0.0,0.0,0.0,0,0
39,5,tyrick mitchell|crystal palace,Tyrick Mitchell,Crystal Palace,DEF,0.0,0.0,0.0,0.0,1e-09,0.0,0.0,0.0,0.0,0.0,0.0,0.0,0.0,0.0,0.0,0.0,0,1,6.7,0.0,0.02,0.2,0.2,0.02,20.72326583694641,True,0.0,0.0,0,0,0,0,0.0,0.0,1.0,0.0,0.0,0.0,0.0,0,0
39,5,tyrique george|everton,Tyrique George,Everton,FWD,0.0,0.0,0.0,0.0,1e-09,0.0,0.0,0.0,0.0,0.0,0.0,0.0,0.0,0.0,0.0,0.0,0,1,3.0,0.0,0.01,0.1,0.1,0.01,20.72326583694641,True,0.0,0.0,0,0,0,0,0.0,0.0,1.0,0.0,0.0,0.0,0.0,0,0
39,5,tyrone mings|aston villa,Tyrone Mings,Aston Villa,DEF,0.0,0.0,0.0,0.0,1e-09,0.0,0.0,0.0,0.0,0.0,0.0,0.0,0.0,0.0,0.0,0.0,0,1,7.5,0.0,0.02,0.1,0.1,0.02,20.72326583694641,True,0.0,0.0,0,0,0,0,0.0,0.0,1.0,0.0,0.0,0.0,0.0,0,0
39,5,valentino livramento|newcastle united,Valentino Livramento,Newcastle United,DEF,0.0,0.0,0.0,0.0,1e-09,0.0,0.0,0.0,0.0,0.0,0.0,0.0,0.0,0.0,0.0,0.0,0,1,5.0,0.0,0.01,0.06,0.06,0.01,20.72326583694641,True,0.0,0.0,0,0,0,0,0.0,0.0,1.0,0.0,0.0,0.0,0.0,0,0
39,5,valentín castellanos|west ham,Valentín Castellanos,West Ham,FWD,0.0,0.0,0.0,0.0,1e-09,0.0,0.0,0.0,0.0,0.0,0.0,0.0,0.0,0.0,0.0,0.0,0,1,6.0,0.0,0.01,0.2,0.2,0.01,20.72326583694641,True,0.0,0.0,0,0,0,0,0.0,0.0,1.0,0.0,0.0,0.0,0.0,0,0
39,5,veljko milosavljevic|bournemouth,Veljko Milosavljevic,Bournemouth,DEF,0.0,0.0,0.0,0.0,1e-09,0.0,0.0,0.0,0.0,0.0,0.0,0.0,0.0,0.0,0.0,0.0,0,1,9.6,0.0,0.01,0.06,0.06,0.01,20.72326583694641,True,0.0,0.0,0,0,0,0,0.0,0.0,1.0,0.0,0.0,0.0,0.0,0,0
39,5,victor lindelöf|aston villa,Victor Lindelöf,Aston Villa,DEF,0.0,0.0,0.0,0.0,1e-09,0.0,0.0,0.0,0.0,0.0,0.0,0.0,0.0,0.0,0.0,0.0,0,1,5.7,0.0,0.02,0.14,0.14,0.02,20.72326583694641,True,0.0,0.0,0,0,0,0,0.0,0.0,1.0,0.0,0.0,0.0,0.0,0,0
39,5,viktor gyokeres|arsenal,Viktor Gyokeres,Arsenal,FWD,0.0,0.0,0.0,0.0,1e-09,0.0,0.0,0.0,0.0,0.0,0.0,0.0,0.0,0.0,0.0,0.0,0,1,3.3,0.0,0.01,0.2,0.2,0.01,20.72326583694641,True,0.0,0.0,0,0,0,0,0.0,0.0,1.0,0.0,0.0,0.0,0.0,0,0
39,5,virgil van dijk|liverpool,Virgil van Dijk,Liverpool,DEF,0.0,0.0,0.0,0.0,1e-09,0.0,0.0,0.0,0.0,0.0,0.0,0.0,0.0,0.0,0.0,0.0,0,1,9.5,0.0,0.01,0.14,0.14,0.01,20.72326583694641,True,0.0,0.0,0,0,0,0,0.0,0.0,1.0,0.0,0.0,0.0,0.0,0,0
39,5,vitalii mykolenko|everton,Vitalii Mykolenko,Everton,DEF,0.0,0.0,0.0,0.0,1e-09,0.0,0.0,0.0,0.0,0.0,0.0,0.0,0.0,0.0,0.0,0.0,0,1,6.9,0.0,0.03,0.2,0.2,0.03,20.72326583694641,True,0.0,0.0,0,0,0,0,0.0,0.0,1.0,0.0,0.0,0.0,0.0,0,0
39,5,vitaly janelt|brentford,Vitaly Janelt,Brentford,MID,0.0,0.0,0.0,0.0,1e-09,0.0,0.0,0.0,0.0,0.0,0.0,0.0,0.0,0.0,0.0,0.0,0,1,11.8,0.0,0.02,0.5,0.5,0.02,20.72326583694641,True,0.0,0.0,0,0,0,0,0.0,0.0,1.0,0.0,0.0,0.0,0.0,0,0
39,5,walter benítez|crystal palace,Walter Benítez,Crystal Palace,MID,0.0,0.0,0.0,0.0,1e-09,0.0,0.0,0.0,0.0,0.0,0.0,0.0,0.0,0.0,0.0,0.0,0,1,0.0,0.0,0.0,0.0,0.0,0.0,20.72326583694641,True,0.0,0.0,0,0,0,0,0.0,0.0,1.0,0.0,0.0,0.0,0.0,0,0
39,5,wataru endo|liverpool,Wataru Endo,Liverpool,MID,0.0,0.0,0.0,0.0,1e-09,0.0,0.0,0.0,0.0,0.0,0.0,0.0,0.0,0.0,0.0,0.0,0,1,12.2,0.0,0.02,0.33,0.33,0.02,20.72326583694641,True,0.0,0.0,0,0,0,0,0.0,0.0,1.0,0.0,0.0,0.0,0.0,0,0
39,5,wesley fofana|chelsea,Wesley Fofana,Chelsea,DEF,0.0,0.0,0.0,0.0,1e-09,0.0,0.0,0.0,0.0,0.0,0.0,0.0,0.0,0.0,0.0,0.0,0,1,11.6,0.0,0.02,0.33,0.33,0.02,20.72326583694641,True,0.0,0.0,0,0,0,0,0.0,0.0,1.0,0.0,0.0,0.0,0.0,0,0
39,5,wilfried gnonto|leeds,Wilfried Gnonto,Leeds,MID,0.0,0.0,0.0,0.0,1e-09,0.0,0.0,0.0,0.0,0.0,0.0,0.0,0.0,0.0,0.0,0.0,0,1,9.5,0.0,0.02,0.33,0.33,0.02,20.72326583694641,True,0.0,0.0,0,0,0,0,0.0,0.0,1.0,0.0,0.0,0.0,0.0,0,0
39,5,will hughes|crystal palace,Will Hughes,Crystal Palace,MID,0.0,0.0,0.0,0.0,1e-09,0.0,0.0,0.0,0.0,0.0,0.0,0.0,0.0,0.0,0.0,0.0,0,1,8.8,0.0,0.02,0.5,0.5,0.02,20.72326583694641,True,0.0,0.0,0,0,0,0,0.0,0.0,1.0,0.0,0.0,0.0,0.0,0,0
39,5,william osula|newcastle united,William Osula,Newcastle United,FWD,0.0,0.0,0.0,0.0,1e-09,0.0,0.0,0.0,0.0,0.0,0.0,0.0,0.0,0.0,0.0,0.0,0,1,3.0,0.0,0.01,0.06,0.06,0.01,20.72326583694641,True,0.0,0.0,0,0,0,0,0.0,0.0,1.0,0.0,0.0,0.0,0.0,0,0
39,5,william saliba|arsenal,William Saliba,Arsenal,DEF,0.0,0.0,0.0,0.0,1e-09,0.0,0.0,0.0,0.0,0.0,0.0,0.0,0.0,0.0,0.0,0.0,0,1,6.3,0.0,0.02,0.06,0.06,0.02,20.72326583694641,True,0.0,0.0,0,0,0,0,0.0,0.0,1.0,0.0,0.0,0.0,0.0,0,0
39,5,wilson isidor|sunderland,Wilson Isidor,Sunderland,FWD,0.0,0.0,0.0,0.0,1e-09,0.0,0.0,0.0,0.0,0.0,0.0,0.0,0.0,0.0,0.0,0.0,0,1,3.8,0.0,0.01,0.06,0.06,0.01,20.72326583694641,True,0.0,0.0,0,0,0,0,0.0,0.0,1.0,0.0,0.0,0.0,0.0,0,0
39,5,wilson odobert|tottenham,Wilson Odobert,Tottenham,MID,0.0,0.0,0.0,0.0,1e-09,0.0,0.0,0.0,0.0,0.0,0.0,0.0,0.0,0.0,0.0,0.0,0,1,4.0,0.0,0.01,0.06,0.06,0.01,20.72326583694641,True,0.0,0.0,0,0,0,0,0.0,0.0,1.0,0.0,0.0,0.0,0.0,0,0
39,5,xavi simons|tottenham,Xavi Simons,Tottenham,MID,0.0,0.0,0.0,0.0,1e-09,0.0,0.0,0.0,0.0,0.0,0.0,0.0,0.0,0.0,0.0,0.0,0,1,7.8,0.0,0.01,0.33,0.33,0.01,20.72326583694641,True,0.0,0.0,0,0,0,0,0.0,0.0,1.0,0.0,0.0,0.0,0.0,0,0
39,5,yankuba minteh|brighton,Yankuba Minteh,Brighton,MID,0.0,0.0,0.0,0.0,1e-09,0.0,0.0,0.0,0.0,0.0,0.0,0.0,0.0,0.0,0.0,0.0,0,1,6.9,0.0,0.01,0.03,0.03,0.01,20.72326583694641,True,0.0,0.0,0,0,0,0,0.0,0.0,1.0,0.0,0.0,0.0,0.0,0,0
39,5,yasin ayari|brighton,Yasin Ayari,Brighton,MID,0.0,0.0,0.0,0.0,1e-09,0.0,0.0,0.0,0.0,0.0,0.0,0.0,0.0,0.0,0.0,0.0,0,1,10.6,0.0,0.02,0.06,0.06,0.02,20.72326583694641,True,0.0,0.0,0,0,0,0,0.0,0.0,1.0,0.0,0.0,0.0,0.0,0,0
39,5,yehor yarmolyuk|brentford,Yehor Yarmolyuk,Brentford,MID,0.0,0.0,0.0,0.0,1e-09,0.0,0.0,0.0,0.0,0.0,0.0,0.0,0.0,0.0,0.0,0.0,0,1,11.3,0.0,0.01,0.33,0.33,0.01,20.72326583694641,True,0.0,0.0,0,0,0,0,0.0,0.0,1.0,0.0,0.0,0.0,0.0,0,0
39,5,yeremi pino|crystal palace,Yeremi Pino,Crystal Palace,MID,0.0,0.0,0.0,0.0,1e-09,0.0,0.0,0.0,0.0,0.0,0.0,0.0,0.0,0.0,0.0,0.0,0,1,6.6,0.0,0.01,0.2,0.2,0.01,20.72326583694641,True,0.0,0.0,0,0,0,0,0.0,0.0,1.0,0.0,0.0,0.0,0.0,0,0
39,5,yerson mosquera|wolverhampton wanderers,Yerson Mosquera,Wolverhampton Wanderers,DEF,0.0,0.0,0.0,0.0,1e-09,0.0,0.0,0.0,0.0,0.0,0.0,0.0,0.0,0.0,0.0,0.0,0,1,9.0,0.0,0.03,0.5,0.5,0.03,20.72326583694641,True,0.0,0.0,0,0,0,0,0.0,0.0,1.0,0.0,0.0,0.0,0.0,0,0
39,5,yoane wissa|newcastle united,Yoane Wissa,Newcastle United,FWD,0.0,0.0,0.0,0.0,1e-09,0.0,0.0,0.0,0.0,0.0,0.0,0.0,0.0,0.0,0.0,0.0,0,1,3.8,0.0,0.01,0.1,0.1,0.01,20.72326583694641,True,0.0,0.0,0,0,0,0,0.0,0.0,1.0,0.0,0.0,0.0,0.0,0,0
39,5,youri tielemans|aston villa,Youri Tielemans,Aston Villa,MID,0.0,0.0,0.0,0.0,1e-09,0.0,0.0,0.0,0.0,0.0,0.0,0.0,0.0,0.0,0.0,0.0,0,1,9.6,0.0,0.02,0.06,0.06,0.02,20.72326583694641,True,0.0,0.0,0,0,0,0,0.0,0.0,1.0,0.0,0.0,0.0,0.0,0,0
39,5,yves bissouma|tottenham,Yves Bissouma,Tottenham,MID,0.0,0.0,0.0,0.0,1e-09,0.0,0.0,0.0,0.0,0.0,0.0,0.0,0.0,0.0,0.0,0.0,0,1,13.3,0.0,0.02,0.33,0.33,0.02,20.72326583694641,True,0.0,0.0,0,0,0,0,0.0,0.0,1.0,0.0,0.0,0.0,0.0,0,0
39,5,zach abbott|nottingham forest,Zach Abbott,Nottingham Forest,DEF,0.0,0.0,0.0,0.0,1e-09,0.0,0.0,0.0,0.0,0.0,0.0,0.0,0.0,0.0,0.0,0.0,0,1,3.0,0.0,0.02,0.1,0.1,0.02,20.72326583694641,True,0.0,0.0,0,0,0,0,0.0,0.0,1.0,0.0,0.0,0.0,0.0,0,0
39,5,zian flemming|burnley,Zian Flemming,Burnley,FWD,0.0,0.0,0.0,0.0,1e-09,0.0,0.0,0.0,0.0,0.0,0.0,0.0,0.0,0.0,0.0,0.0,0,1,4.9,0.0,0.01,0.33,0.33,0.01,20.72326583694641,True,0.0,0.0,0,0,0,0,0.0,0.0,1.0,0.0,0.0,0.0,0.0,0,0
40,6,aaron hickey|brentford,Aaron Hickey,Brentford,DEF,0.0,0.0,0.0,0.0,1e-09,0.0,0.0,0.0,0.0,0.0,0.0,0.0,0.0,0.0,0.0,0.0,0,1,6.4,0.0,0.01,0.2,0.2,0.01,20.72326583694641,True,0.0,0.0,0,0,0,0,0.0,0.0,1.0,0.0,0.0,0.0,0.0,0,0
40,6,aaron ramsdale|newcastle united,Aaron Ramsdale,Newcastle United,GK,0.0,0.0,0.0,0.0,1e-09,0.0,0.0,0.0,0.0,0.0,0.0,0.0,0.0,0.0,0.0,0.0,0,1,0.0,0.0,0.01,0.03,0.03,0.01,20.72326583694641,True,0.0,0.0,0,0,0,0,0.0,0.0,1.0,0.0,0.0,0.0,0.0,0,0
40,6,aaron wan-bissaka|west ham,Aaron Wan-Bissaka,West Ham,DEF,0.0,0.0,0.0,0.0,1e-09,0.0,0.0,0.0,0.0,0.0,0.0,0.0,0.0,0.0,0.0,0.0,0,1,7.8,0.0,0.02,0.14,0.14,0.02,20.72326583694641,True,0.0,0.0,0,0,0,0,0.0,0.0,1.0,0.0,0.0,0.0,0.0,0,0
40,6,abduqodir khusanov|manchester city,Abduqodir Khusanov,Manchester City,DEF,0.0,0.0,0.0,0.0,1e-09,0.0,0.0,0.0,0.0,0.0,0.0,0.0,0.0,0.0,0.0,0.0,0,1,8.4,0.0,0.02,0.2,0.2,0.02,20.72326583694641,True,0.0,0.0,0,0,0,0,0.0,0.0,1.0,0.0,0.0,0.0,0.0,0,0
40,6,adam armstrong|wolverhampton wanderers,Adam Armstrong,Wolverhampton Wanderers,FWD,0.0,0.0,0.0,0.0,1e-09,0.0,0.0,0.0,0.0,0.0,0.0,0.0,0.0,0.0,0.0,0.0,0,1,4.0,0.0,0.01,0.06,0.06,0.01,20.72326583694641,True,0.0,0.0,0,0,0,0,0.0,0.0,1.0,0.0,0.0,0.0,0.0,0,0
40,6,adam smith|bournemouth,Adam Smith,Bournemouth,DEF,0.0,0.0,0.0,0.0,1e-09,0.0,0.0,0.0,0.0,0.0,0.0,0.0,0.0,0.0,0.0,0.0,0,1,5.1,0.0,0.02,0.2,0.2,0.02,20.72326583694641,True,0.0,0.0,0,0,0,0,0.0,0.0,1.0,0.0,0.0,0.0,0.0,0,0
40,6,adam wharton|crystal palace,Adam Wharton,Crystal Palace,MID,0.0,0.0,0.0,0.0,1e-09,0.0,0.0,0.0,0.0,0.0,0.0,0.0,0.0,0.0,0.0,0.0,0,1,10.5,0.0,0.03,0.33,0.33,0.03,20.72326583694641,True,0.0,0.0,0,0,0,0,0.0,0.0,1.0,0.0,0.0,0.0,0.0,0,0
40,6,adama traoré|west ham,Adama Traoré,West Ham,MID,0.0,0.0,0.0,0.0,1e-09,0.0,0.0,0.0,0.0,0.0,0.0,0.0,0.0,0.0,0.0,0.0,0,1,4.4,0.0,0.02,0.33,0.33,0.02,20.72326583694641,True,0.0,0.0,0,0,0,0,0.0,0.0,1.0,0.0,0.0,0.0,0.0,0,0
40,6,adrien truffert|bournemouth,Adrien Truffert,Bournemouth,DEF,0.0,0.0,0.0,0.0,1e-09,0.0,0.0,0.0,0.0,0.0,0.0,0.0,0.0,0.0,0.0,0.0,0,1,8.4,0.0,0.02,0.1,0.1,0.02,20.72326583694641,True,0.0,0.0,0,0,0,0,0.0,0.0,1.0,0.0,0.0,0.0,0.0,0,0
40,6,alejandro garnacho|chelsea,Alejandro Garnacho,Chelsea,MID,0.0,0.0,0.0,0.0,1e-09,0.0,0.0,0.0,0.0,0.0,0.0,0.0,0.0,0.0,0.0,0.0,0,1,4.9,0.0,0.02,0.1,0.1,0.02,20.72326583694641,True,0.0,0.0,0,0,0,0,0.0,0.0,1.0,0.0,0.0,0.0,0.0,0,0
40,6,alejandro jiménez|bournemouth,Alejandro Jiménez,Bournemouth,DEF,0.0,0.0,0.0,0.0,1e-09,0.0,0.0,0.0,0.0,0.0,0.0,0.0,0.0,0.0,0.0,0.0,0,1,5.6,0.0,0.03,0.5,0.5,0.03,20.72326583694641,True,0.0,0.0,0,0,0,0,0.0,0.0,1.0,0.0,0.0,0.0,0.0,0,0
40,6,alex iwobi|fulham,Alex Iwobi,Fulham,MID,0.0,0.0,0.0,0.0,1e-09,0.0,0.0,0.0,0.0,0.0,0.0,0.0,0.0,0.0,0.0,0.0,0,1,6.6,0.0,0.01,0.1,0.1,0.01,20.72326583694641,True,0.0,0.0,0,0,0,0,0.0,0.0,1.0,0.0,0.0,0.0,0.0,0,0
40,6,alex murphy|newcastle united,Alex Murphy,Newcastle United,DEF,0.0,0.0,0.0,0.0,1e-09,0.0,0.0,0.0,0.0,0.0,0.0,0.0,0.0,0.0,0.0,0.0,0,1,4.0,0.0,0.01,0.06,0.06,0.01,20.72326583694641,True,0.0,0.0,0,0,0,0,0.0,0.0,1.0,0.0,0.0,0.0,0.0,0,0
40,6,alex scott|bournemouth,Alex Scott,Bournemouth,MID,0.0,0.0,0.0,0.0,1e-09,0.0,0.0,0.0,0.0,0.0,0.0,0.0,0.0,0.0,0.0,0.0,0,1,11.9,0.0,0.02,0.1,0.1,0.02,20.72326583694641,True,0.0,0.0,0,0,0,0,0.0,0.0,1.0,0.0,0.0,0.0,0.0,0,0
40,6,alex tóth|bournemouth,Alex Tóth,Bournemouth,MID,0.0,0.0,0.0,0.0,1e-09,0.0,0.0,0.0,0.0,0.0,0.0,0.0,0.0,0.0,0.0,0.0,0,1,0.0,0.0,0.01,0.06,0.06,0.01,20.72326583694641,True,0.0,0.0,0,0,0,0,0.0,0.0,1.0,0.0,0.0,0.0,0.0,0,0
40,6,alexander isak|liverpool,Alexander Isak,Liverpool,FWD,0.0,0.0,0.0,0.0,1e-09,0.0,0.0,0.0,0.0,0.0,0.0,0.0,0.0,0.0,0.0,0.0,0,1,4.0,0.0,0.01,0.06,0.06,0.01,20.72326583694641,True,0.0,0.0,0,0,0,0,0.0,0.0,1.0,0.0,0.0,0.0,0.0,0,0
40,6,alexis mac allister|liverpool,Alexis Mac Allister,Liverpool,MID,0.0,0.0,0.0,0.0,1e-09,0.0,0.0,0.0,0.0,0.0,0.0,0.0,0.0,0.0,0.0,0.0,0,1,7.7,0.0,0.02,0.2,0.2,0.02,20.72326583694641,True,0.0,0.0,0,0,0,0,0.0,0.0,1.0,0.0,0.0,0.0,0.0,0,0
40,6,alisson|liverpool,Alisson,Liverpool,GK,0.0,0.0,0.0,0.0,1e-09,0.0,0.0,0.0,0.0,0.0,0.0,0.0,0.0,0.0,0.0,0.0,0,1,0.0,2.1,0.01,0.03,0.03,0.01,20.72326583694641,True,0.0,0.0,0,0,0,0,0.0,0.0,1.0,0.0,0.0,0.0,0.0,0,0
40,6,alphonse areola|west ham,Alphonse Areola,West Ham,GK,0.0,0.0,0.0,0.0,1e-09,0.0,0.0,0.0,0.0,0.0,0.0,0.0,0.0,0.0,0.0,0.0,0,1,0.0,3.8,0.01,0.03,0.03,0.01,20.72326583694641,True,0.0,0.0,0,0,0,0,0.0,0.0,1.0,0.0,0.0,0.0,0.0,0,0
40,6,altay bayindir|manchester united,Altay Bayindir,Manchester United,GK,0.0,0.0,0.0,0.0,1e-09,0.0,0.0,0.0,0.0,0.0,0.0,0.0,0.0,0.0,0.0,0.0,0,1,0.0,0.0,0.01,0.03,0.03,0.01,20.72326583694641,True,0.0,0.0,0,0,0,0,0.0,0.0,1.0,0.0,0.0,0.0,0.0,0,0
40,6,alysson edward|aston villa,Alysson Edward,Aston Villa,FWD,0.0,0.0,0.0,0.0,1e-09,0.0,0.0,0.0,0.0,0.0,0.0,0.0,0.0,0.0,0.0,0.0,0,1,0.0,0.0,0.01,0.06,0.06,0.01,20.72326583694641,True,0.0,0.0,0,0,0,0,0.0,0.0,1.0,0.0,0.0,0.0,0.0,0,0
40,6,amad diallo traore|manchester united,Amad Diallo Traore,Manchester United,MID,0.0,0.0,0.0,0.0,1e-09,0.0,0.0,0.0,0.0,0.0,0.0,0.0,0.0,0.0,0.0,0.0,0,1,7.9,0.0,0.01,0.1,0.1,0.01,20.72326583694641,True,0.0,0.0,0,0,0,0,0.0,0.0,1.0,0.0,0.0,0.0,0.0,0,0
40,6,amadou onana|aston villa,Amadou Onana,Aston Villa,MID,0.0,0.0,0.0,0.0,1e-09,0.0,0.0,0.0,0.0,0.0,0.0,0.0,0.0,0.0,0.0,0.0,0,1,11.7,0.0,0.02,0.1,0.1,0.02,20.72326583694641,True,0.0,0.0,0,0,0,0,0.0,0.0,1.0,0.0,0.0,0.0,0.0,0,0
40,6,amine adli|bournemouth,Amine Adli,Bournemouth,MID,0.0,0.0,0.0,0.0,1e-09,0.0,0.0,0.0,0.0,0.0,0.0,0.0,0.0,0.0,0.0,0.0,0,1,10.4,0.0,0.01,0.2,0.2,0.01,20.72326583694641,True,0.0,0.0,0,0,0,0,0.0,0.0,1.0,0.0,0.0,0.0,0.0,0,0
40,6,andrew robertson|liverpool,Andrew Robertson,Liverpool,DEF,0.0,0.0,0.0,0.0,1e-09,0.0,0.0,0.0,0.0,0.0,0.0,0.0,0.0,0.0,0.0,0.0,0,1,4.7,0.0,0.02,0.1,0.1,0.02,20.72326583694641,True,0.0,0.0,0,0,0,0,0.0,0.0,1.0,0.0,0.0,0.0,0.0,0,0
40,6,andrey santos|chelsea,Andrey Santos,Chelsea,MID,0.0,0.0,0.0,0.0,1e-09,0.0,0.0,0.0,0.0,0.0,0.0,0.0,0.0,0.0,0.0,0.0,0,1,9.7,0.0,0.02,0.33,0.33,0.02,20.72326583694641,True,0.0,0.0,0,0,0,0,0.0,0.0,1.0,0.0,0.0,0.0,0.0,0,0
40,6,andrés garcía|aston villa,Andrés García,Aston Villa,DEF,0.0,0.0,0.0,0.0,1e-09,0.0,0.0,0.0,0.0,0.0,0.0,0.0,0.0,0.0,0.0,0.0,0,1,0.0,0.0,0.01,0.06,0.06,0.01,20.72326583694641,True,0.0,0.0,0,0,0,0,0.0,0.0,1.0,0.0,0.0,0.0,0.0,0,0
40,6,andré|wolverhampton wanderers,André,Wolverhampton Wanderers,MID,0.0,0.0,0.0,0.0,1e-09,0.0,0.0,0.0,0.0,0.0,0.0,0.0,0.0,0.0,0.0,0.0,0,1,12.5,0.0,0.02,0.5,0.5,0.02,20.72326583694641,True,0.0,0.0,0,0,0,0,0.0,0.0,1.0,0.0,0.0,0.0,0.0,0,0
40,6,andy irving|west ham,Andy Irving,West Ham,MID,0.0,0.0,0.0,0.0,1e-09,0.0,0.0,0.0,0.0,0.0,0.0,0.0,0.0,0.0,0.0,0.0,0,1,12.7,0.0,0.01,0.14,0.14,0.01,20.72326583694641,True,0.0,0.0,0,0,0,0,0.0,0.0,1.0,0.0,0.0,0.0,0.0,0,0
40,6,angel gomes|wolverhampton wanderers,Angel Gomes,Wolverhampton Wanderers,MID,0.0,0.0,0.0,0.0,1e-09,0.0,0.0,0.0,0.0,0.0,0.0,0.0,0.0,0.0,0.0,0.0,0,1,4.0,0.0,0.01,0.2,0.2,0.01,20.72326583694641,True,0.0,0.0,0,0,0,0,0.0,0.0,1.0,0.0,0.0,0.0,0.0,0,0
40,6,angus gunn|nottingham forest,Angus Gunn,Nottingham Forest,GK,0.0,0.0,0.0,0.0,1e-09,0.0,0.0,0.0,0.0,0.0,0.0,0.0,0.0,0.0,0.0,0.0,0,1,0.0,0.0,0.01,0.06,0.06,0.01,20.72326583694641,True,0.0,0.0,0,0,0,0,0.0,0.0,1.0,0.0,0.0,0.0,0.0,0,0
40,6,anthony elanga|newcastle united,Anthony Elanga,Newcastle United,MID,0.0,0.0,0.0,0.0,1e-09,0.0,0.0,0.0,0.0,0.0,0.0,0.0,0.0,0.0,0.0,0.0,0,1,3.6,0.0,0.01,0.06,0.06,0.01,20.72326583694641,True,0.0,0.0,0,0,0,0,0.0,0.0,1.0,0.0,0.0,0.0,0.0,0,0
40,6,anthony gordon|newcastle united,Anthony Gordon,Newcastle United,MID,0.0,0.0,0.0,0.0,1e-09,0.0,0.0,0.0,0.0,0.0,0.0,0.0,0.0,0.0,0.0,0.0,0,1,4.2,0.0,0.01,0.2,0.2,0.01,20.72326583694641,True,0.0,0.0,0,0,0,0,0.0,0.0,1.0,0.0,0.0,0.0,0.0,0,0
40,6,antoine semenyo|manchester city,Antoine Semenyo,Manchester City,MID,0.0,0.0,0.0,0.0,1e-09,0.0,0.0,0.0,0.0,0.0,0.0,0.0,0.0,0.0,0.0,0.0,0,1,7.3,0.0,0.02,0.1,0.1,0.02,20.72326583694641,True,0.0,0.0,0,0,0,0,0.0,0.0,1.0,0.0,0.0,0.0,0.0,0,0
40,6,anton stach|leeds,Anton Stach,Leeds,MID,0.0,0.0,0.0,0.0,1e-09,0.0,0.0,0.0,0.0,0.0,0.0,0.0,0.0,0.0,0.0,0.0,0,1,10.2,0.0,0.02,0.14,0.14,0.02,20.72326583694641,True,0.0,0.0,0,0,0,0,0.0,0.0,1.0,0.0,0.0,0.0,0.0,0,0
40,6,antonee robinson|fulham,Antonee Robinson,Fulham,DEF,0.0,0.0,0.0,0.0,1e-09,0.0,0.0,0.0,0.0,0.0,0.0,0.0,0.0,0.0,0.0,0.0,0,1,7.6,0.0,0.02,0.1,0.1,0.02,20.72326583694641,True,0.0,0.0,0,0,0,0,0.0,0.0,1.0,0.0,0.0,0.0,0.0,0,0
40,6,antoni milambo|brentford,Antoni Milambo,Brentford,MID,0.0,0.0,0.0,0.0,1e-09,0.0,0.0,0.0,0.0,0.0,0.0,0.0,0.0,0.0,0.0,0.0,0,1,0.0,0.0,0.02,0.03,0.03,0.02,20.72326583694641,True,0.0,0.0,0,0,0,0,0.0,0.0,1.0,0.0,0.0,0.0,0.0,0,0
40,6,ao tanaka|leeds,Ao Tanaka,Leeds,MID,0.0,0.0,0.0,0.0,1e-09,0.0,0.0,0.0,0.0,0.0,0.0,0.0,0.0,0.0,0.0,0.0,0,1,10.1,0.0,0.02,0.1,0.1,0.02,20.72326583694641,True,0.0,0.0,0,0,0,0,0.0,0.0,1.0,0.0,0.0,0.0,0.0,0,0
40,6,archie gray|tottenham,Archie Gray,Tottenham,MID,0.0,0.0,0.0,0.0,1e-09,0.0,0.0,0.0,0.0,0.0,0.0,0.0,0.0,0.0,0.0,0.0,0,1,8.2,0.0,0.02,0.33,0.33,0.02,20.72326583694641,True,0.0,0.0,0,0,0,0,0.0,0.0,1.0,0.0,0.0,0.0,0.0,0,0
40,6,armando broja|burnley,Armando Broja,Burnley,FWD,0.0,0.0,0.0,0.0,1e-09,0.0,0.0,0.0,0.0,0.0,0.0,0.0,0.0,0.0,0.0,0.0,0,1,4.6,0.0,0.01,0.03,0.03,0.01,20.72326583694641,True,0.0,0.0,0,0,0,0,0.0,0.0,1.0,0.0,0.0,0.0,0.0,0,0
40,6,arnaud kalimuendo muinga|nottingham forest,Arnaud Kalimuendo Muinga,Nottingham Forest,FWD,0.0,0.0,0.0,0.0,1e-09,0.0,0.0,0.0,0.0,0.0,0.0,0.0,0.0,0.0,0.0,0.0,0,1,3.0,0.0,0.01,0.1,0.1,0.01,20.72326583694641,True,0.0,0.0,0,0,0,0,0.0,0.0,1.0,0.0,0.0,0.0,0.0,0,0
40,6,arthur masuaku|sunderland,Arthur Masuaku,Sunderland,FWD,0.0,0.0,0.0,0.0,1e-09,0.0,0.0,0.0,0.0,0.0,0.0,0.0,0.0,0.0,0.0,0.0,0,1,1.0,0.0,0.02,0.2,0.2,0.02,20.72326583694641,True,0.0,0.0,0,0,0,0,0.0,0.0,1.0,0.0,0.0,0.0,0.0,0,0
40,6,ashley barnes|burnley,Ashley Barnes,Burnley,FWD,0.0,0.0,0.0,0.0,1e-09,0.0,0.0,0.0,0.0,0.0,0.0,0.0,0.0,0.0,0.0,0.0,0,1,5.0,0.0,0.01,0.2,0.2,0.01,20.72326583694641,True,0.0,0.0,0,0,0,0,0.0,0.0,1.0,0.0,0.0,0.0,0.0,0,0
40,6,axel disasi|west ham,Axel Disasi,West Ham,DEF,0.0,0.0,0.0,0.0,1e-09,0.0,0.0,0.0,0.0,0.0,0.0,0.0,0.0,0.0,0.0,0.0,0,1,6.3,0.0,0.03,0.14,0.14,0.03,20.72326583694641,True,0.0,0.0,0,0,0,0,0.0,0.0,1.0,0.0,0.0,0.0,0.0,0,0
40,6,axel tuanzebe|burnley,Axel Tuanzebe,Burnley,DEF,0.0,0.0,0.0,0.0,1e-09,0.0,0.0,0.0,0.0,0.0,0.0,0.0,0.0,0.0,0.0,0.0,0,1,9.4,0.0,0.02,0.1,0.1,0.02,20.72326583694641,True,0.0,0.0,0,0,0,0,0.0,0.0,1.0,0.0,0.0,0.0,0.0,0,0
40,6,ayden heaven|manchester united,Ayden Heaven,Manchester United,DEF,0.0,0.0,0.0,0.0,1e-09,0.0,0.0,0.0,0.0,0.0,0.0,0.0,0.0,0.0,0.0,0.0,0,1,10.1,0.0,0.02,0.2,0.2,0.02,20.72326583694641,True,0.0,0.0,0,0,0,0,0.0,0.0,1.0,0.0,0.0,0.0,0.0,0,0
40,6,bafode diakite|bournemouth,Bafode Diakite,Bournemouth,DEF,0.0,0.0,0.0,0.0,1e-09,0.0,0.0,0.0,0.0,0.0,0.0,0.0,0.0,0.0,0.0,0.0,0,1,8.3,0.0,0.02,0.1,0.1,0.02,20.72326583694641,True,0.0,0.0,0,0,0,0,0.0,0.0,1.0,0.0,0.0,0.0,0.0,0,0
40,6,bart verbruggen|brighton,Bart Verbruggen,Brighton,GK,0.0,0.0,0.0,0.0,1e-09,0.0,0.0,0.0,0.0,0.0,0.0,0.0,0.0,0.0,0.0,0.0,0,1,0.0,2.8,0.01,0.06,0.06,0.01,20.72326583694641,True,0.0,0.0,0,0,0,0,0.0,0.0,1.0,0.0,0.0,0.0,0.0,0,0
40,6,bashir humphreys|burnley,Bashir Humphreys,Burnley,DEF,0.0,0.0,0.0,0.0,1e-09,0.0,0.0,0.0,0.0,0.0,0.0,0.0,0.0,0.0,0.0,0.0,0,1,8.5,0.0,0.02,0.5,0.5,0.02,20.72326583694641,True,0.0,0.0,0,0,0,0,0.0,0.0,1.0,0.0,0.0,0.0,0.0,0,0
40,6,ben davies|tottenham,Ben Davies,Tottenham,DEF,0.0,0.0,0.0,0.0,1e-09,0.0,0.0,0.0,0.0,0.0,0.0,0.0,0.0,0.0,0.0,0.0,0,1,9.3,0.0,0.02,0.2,0.2,0.02,20.72326583694641,True,0.0,0.0,0,0,0,0,0.0,0.0,1.0,0.0,0.0,0.0,0.0,0,0
40,6,ben doak|bournemouth,Ben Doak,Bournemouth,FWD,0.0,0.0,0.0,0.0,1e-09,0.0,0.0,0.0,0.0,0.0,0.0,0.0,0.0,0.0,0.0,0.0,0,1,0.0,0.0,0.01,0.06,0.06,0.01,20.72326583694641,True,0.0,0.0,0,0,0,0,0.0,0.0,1.0,0.0,0.0,0.0,0.0,0,0
40,6,ben white|arsenal,Ben White,Arsenal,DEF,0.0,0.0,0.0,0.0,1e-09,0.0,0.0,0.0,0.0,0.0,0.0,0.0,0.0,0.0,0.0,0.0,0,1,7.9,0.0,0.02,0.06,0.06,0.02,20.72326583694641,True,0.0,0.0,0,0,0,0,0.0,0.0,1.0,0.0,0.0,0.0,0.0,0,0
40,6,ben winterburn|bournemouth,Ben Winterburn,Bournemouth,MID,0.0,0.0,0.0,0.0,1e-09,0.0,0.0,0.0,0.0,0.0,0.0,0.0,0.0,0.0,0.0,0.0,0,1,0.0,0.0,0.01,0.06,0.06,0.01,20.72326583694641,True,0.0,0.0,0,0,0,0,0.0,0.0,1.0,0.0,0.0,0.0,0.0,0,0
40,6,bendito mantato|manchester united,Bendito Mantato,Manchester United,MID,0.0,0.0,0.0,0.0,1e-09,0.0,0.0,0.0,0.0,0.0,0.0,0.0,0.0,0.0,0.0,0.0,0,1,2.0,0.0,0.01,0.1,0.1,0.01,20.72326583694641,True,0.0,0.0,0,0,0,0,0.0,0.0,1.0,0.0,0.0,0.0,0.0,0,0
40,6,benjamin sesko|manchester united,Benjamin Sesko,Manchester United,FWD,0.0,0.0,0.0,0.0,1e-09,0.0,0.0,0.0,0.0,0.0,0.0,0.0,0.0,0.0,0.0,0.0,0,1,3.9,0.0,0.01,0.06,0.06,0.01,20.72326583694641,True,0.0,0.0,0,0,0,0,0.0,0.0,1.0,0.0,0.0,0.0,0.0,0,0
40,6,benoit badiashile mukinayi|chelsea,Benoit Badiashile Mukinayi,Chelsea,DEF,0.0,0.0,0.0,0.0,1e-09,0.0,0.0,0.0,0.0,0.0,0.0,0.0,0.0,0.0,0.0,0.0,0,1,9.2,0.0,0.02,0.33,0.33,0.02,20.72326583694641,True,0.0,0.0,0,0,0,0,0.0,0.0,1.0,0.0,0.0,0.0,0.0,0,0
40,6,bernardo silva|manchester city,Bernardo Silva,Manchester City,MID,0.0,0.0,0.0,0.0,1e-09,0.0,0.0,0.0,0.0,0.0,0.0,0.0,0.0,0.0,0.0,0.0,0,1,8.1,0.0,0.02,0.33,0.33,0.02,20.72326583694641,True,0.0,0.0,0,0,0,0,0.0,0.0,1.0,0.0,0.0,0.0,0.0,0,0
40,6,bernd leno|fulham,Bernd Leno,Fulham,GK,0.0,0.0,0.0,0.0,1e-09,0.0,0.0,0.0,0.0,0.0,0.0,0.0,0.0,0.0,0.0,0.0,0,1,0.0,2.4,0.01,0.1,0.1,0.01,20.72326583694641,True,0.0,0.0,0,0,0,0,0.0,0.0,1.0,0.0,0.0,0.0,0.0,0,0
40,6,bertrand traoré|sunderland,Bertrand Traoré,Sunderland,MID,0.0,0.0,0.0,0.0,1e-09,0.0,0.0,0.0,0.0,0.0,0.0,0.0,0.0,0.0,0.0,0.0,0,1,5.7,0.0,0.02,0.14,0.14,0.02,20.72326583694641,True,0.0,0.0,0,0,0,0,0.0,0.0,1.0,0.0,0.0,0.0,0.0,0,0
40,6,beto|everton,Beto,Everton,FWD,0.0,0.0,0.0,0.0,1e-09,0.0,0.0,0.0,0.0,0.0,0.0,0.0,0.0,0.0,0.0,0.0,0,1,5.6,0.0,0.01,0.2,0.2,0.01,20.72326583694641,True,0.0,0.0,0,0,0,0,0.0,0.0,1.0,0.0,0.0,0.0,0.0,0,0
40,6,borna sosa|crystal palace,Borna Sosa,Crystal Palace,DEF,0.0,0.0,0.0,0.0,1e-09,0.0,0.0,0.0,0.0,0.0,0.0,0.0,0.0,0.0,0.0,0.0,0,1,5.0,0.0,0.01,0.06,0.06,0.01,20.72326583694641,True,0.0,0.0,0,0,0,0,0.0,0.0,1.0,0.0,0.0,0.0,0.0,0,0
40,6,boubacar kamara|aston villa,Boubacar Kamara,Aston Villa,MID,0.0,0.0,0.0,0.0,1e-09,0.0,0.0,0.0,0.0,0.0,0.0,0.0,0.0,0.0,0.0,0.0,0,1,9.5,0.0,0.02,0.33,0.33,0.02,20.72326583694641,True,0.0,0.0,0,0,0,0,0.0,0.0,1.0,0.0,0.0,0.0,0.0,0,0
40,6,bradley burrowes|aston villa,Bradley Burrowes,Aston Villa,MID,0.0,0.0,0.0,0.0,1e-09,0.0,0.0,0.0,0.0,0.0,0.0,0.0,0.0,0.0,0.0,0.0,0,1,0.0,0.0,0.01,0.06,0.06,0.01,20.72326583694641,True,0.0,0.0,0,0,0,0,0.0,0.0,1.0,0.0,0.0,0.0,0.0,0,0
40,6,brajan gruda|brighton,Brajan Gruda,Brighton,MID,0.0,0.0,0.0,0.0,1e-09,0.0,0.0,0.0,0.0,0.0,0.0,0.0,0.0,0.0,0.0,0.0,0,1,7.4,0.0,0.01,0.1,0.1,0.01,20.72326583694641,True,0.0,0.0,0,0,0,0,0.0,0.0,1.0,0.0,0.0,0.0,0.0,0,0
40,6,brenden aaronson|leeds,Brenden Aaronson,Leeds,MID,0.0,0.0,0.0,0.0,1e-09,0.0,0.0,0.0,0.0,0.0,0.0,0.0,0.0,0.0,0.0,0.0,0,1,8.2,0.0,0.01,0.06,0.06,0.01,20.72326583694641,True,0.0,0.0,0,0,0,0,0.0,0.0,1.0,0.0,0.0,0.0,0.0,0,0
40,6,brennan johnson|crystal palace,Brennan Johnson,Crystal Palace,MID,0.0,0.0,0.0,0.0,1e-09,0.0,0.0,0.0,0.0,0.0,0.0,0.0,0.0,0.0,0.0,0.0,0,1,5.9,0.0,0.01,0.2,0.2,0.01,20.72326583694641,True,0.0,0.0,0,0,0,0,0.0,0.0,1.0,0.0,0.0,0.0,0.0,0,0
40,6,brian brobbey|sunderland,Brian Brobbey,Sunderland,FWD,0.0,0.0,0.0,0.0,1e-09,0.0,0.0,0.0,0.0,0.0,0.0,0.0,0.0,0.0,0.0,0.0,0,1,3.8,0.0,0.01,0.2,0.2,0.01,20.72326583694641,True,0.0,0.0,0,0,0,0,0.0,0.0,1.0,0.0,0.0,0.0,0.0,0,0
40,6,bruno fernandes|manchester united,Bruno Fernandes,Manchester United,MID,0.0,0.0,0.0,0.0,1e-09,0.0,0.0,0.0,0.0,0.0,0.0,0.0,0.0,0.0,0.0,0.0,0,1,8.9,0.0,0.01,0.14,0.14,0.01,20.72326583694641,True,0.0,0.0,0,0,0,0,0.0,0.0,1.0,0.0,0.0,0.0,0.0,0,0
40,6,bruno guimarães|newcastle united,Bruno Guimarães,Newcastle United,MID,0.0,0.0,0.0,0.0,1e-09,0.0,0.0,0.0,0.0,0.0,0.0,0.0,0.0,0.0,0.0,0.0,0,1,8.9,0.0,0.02,0.2,0.2,0.02,20.72326583694641,True,0.0,0.0,0,0,0,0,0.0,0.0,1.0,0.0,0.0,0.0,0.0,0,0
40,6,bryan mbeumo|manchester united,Bryan Mbeumo,Manchester United,MID,0.0,0.0,0.0,0.0,1e-09,0.0,0.0,0.0,0.0,0.0,0.0,0.0,0.0,0.0,0.0,0.0,0,1,4.7,0.0,0.01,0.14,0.14,0.01,20.72326583694641,True,0.0,0.0,0,0,0,0,0.0,0.0,1.0,0.0,0.0,0.0,0.0,0,0
40,6,bukayo saka|arsenal,Bukayo Saka,Arsenal,MID,0.0,0.0,0.0,0.0,1e-09,0.0,0.0,0.0,0.0,0.0,0.0,0.0,0.0,0.0,0.0,0.0,0,1,7.5,0.0,0.01,0.06,0.06,0.01,20.72326583694641,True,0.0,0.0,0,0,0,0,0.0,0.0,1.0,0.0,0.0,0.0,0.0,0,0
40,6,callum hudson-odoi|nottingham forest,Callum Hudson-Odoi,Nottingham Forest,MID,0.0,0.0,0.0,0.0,1e-09,0.0,0.0,0.0,0.0,0.0,0.0,0.0,0.0,0.0,0.0,0.0,0,1,5.3,0.0,0.01,0.06,0.06,0.01,20.72326583694641,True,0.0,0.0,0,0,0,0,0.0,0.0,1.0,0.0,0.0,0.0,0.0,0,0
40,6,callum marshall|west ham,Callum Marshall,West Ham,FWD,0.0,0.0,0.0,0.0,1e-09,0.0,0.0,0.0,0.0,0.0,0.0,0.0,0.0,0.0,0.0,0.0,0,1,1.0,0.0,0.01,0.14,0.14,0.01,20.72326583694641,True,0.0,0.0,0,0,0,0,0.0,0.0,1.0,0.0,0.0,0.0,0.0,0,0
40,6,callum olusesi|tottenham,Callum Olusesi,Tottenham,DEF,0.0,0.0,0.0,0.0,1e-09,0.0,0.0,0.0,0.0,0.0,0.0,0.0,0.0,0.0,0.0,0.0,0,1,0.0,0.0,0.0,0.0,0.0,0.0,20.72326583694641,True,0.0,0.0,0,0,0,0,0.0,0.0,1.0,0.0,0.0,0.0,0.0,0,0
40,6,callum wilson|west ham,Callum Wilson,West Ham,FWD,0.0,0.0,0.0,0.0,1e-09,0.0,0.0,0.0,0.0,0.0,0.0,0.0,0.0,0.0,0.0,0.0,0,1,3.1,0.0,0.01,0.06,0.06,0.01,20.72326583694641,True,0.0,0.0,0,0,0,0,0.0,0.0,1.0,0.0,0.0,0.0,0.0,0,0
40,6,calvin bassey|fulham,Calvin Bassey,Fulham,DEF,0.0,0.0,0.0,0.0,1e-09,0.0,0.0,0.0,0.0,0.0,0.0,0.0,0.0,0.0,0.0,0.0,0,1,8.2,0.0,0.02,0.2,0.2,0.02,20.72326583694641,True,0.0,0.0,0,0,0,0,0.0,0.0,1.0,0.0,0.0,0.0,0.0,0,0
40,6,caoimhin kelleher|brentford,Caoimhin Kelleher,Brentford,GK,0.0,0.0,0.0,0.0,1e-09,0.0,0.0,0.0,0.0,0.0,0.0,0.0,0.0,0.0,0.0,0.0,0,1,0.0,2.7,0.01,0.03,0.03,0.01,20.72326583694641,True,0.0,0.0,0,0,0,0,0.0,0.0,1.0,0.0,0.0,0.0,0.0,0,0
40,6,carlos alcaraz|everton,Carlos Alcaraz,Everton,MID,0.0,0.0,0.0,0.0,1e-09,0.0,0.0,0.0,0.0,0.0,0.0,0.0,0.0,0.0,0.0,0.0,0,1,8.6,0.0,0.02,0.33,0.33,0.02,20.72326583694641,True,0.0,0.0,0,0,0,0,0.0,0.0,1.0,0.0,0.0,0.0,0.0,0,0
40,6,carlos baleba|brighton,Carlos Baleba,Brighton,MID,0.0,0.0,0.0,0.0,1e-09,0.0,0.0,0.0,0.0,0.0,0.0,0.0,0.0,0.0,0.0,0.0,0,1,10.8,0.0,0.03,0.5,0.5,0.03,20.72326583694641,True,0.0,0.0,0,0,0,0,0.0,0.0,1.0,0.0,0.0,0.0,0.0,0,0
40,6,casemiro|manchester united,Casemiro,Manchester United,MID,0.0,0.0,0.0,0.0,1e-09,0.0,0.0,0.0,0.0,0.0,0.0,0.0,0.0,0.0,0.0,0.0,0,1,11.9,0.0,0.03,0.33,0.33,0.03,20.72326583694641,True,0.0,0.0,0,0,0,0,0.0,0.0,1.0,0.0,0.0,0.0,0.0,0,0
40,6,chadi riad|crystal palace,Chadi Riad,Crystal Palace,DEF,0.0,0.0,0.0,0.0,1e-09,0.0,0.0,0.0,0.0,0.0,0.0,0.0,0.0,0.0,0.0,0.0,0,1,4.5,0.0,0.02,0.33,0.33,0.02,20.72326583694641,True,0.0,0.0,0,0,0,0,0.0,0.0,1.0,0.0,0.0,0.0,0.0,0,0
40,6,charalampos kostoulas|brighton,Charalampos Kostoulas,Brighton,FWD,0.0,0.0,0.0,0.0,1e-09,0.0,0.0,0.0,0.0,0.0,0.0,0.0,0.0,0.0,0.0,0.0,0,1,11.7,0.0,0.01,0.33,0.33,0.01,20.72326583694641,True,0.0,0.0,0,0,0,0,0.0,0.0,1.0,0.0,0.0,0.0,0.0,0,0
40,6,chemsdine talbi|sunderland,Chemsdine Talbi,Sunderland,MID,0.0,0.0,0.0,0.0,1e-09,0.0,0.0,0.0,0.0,0.0,0.0,0.0,0.0,0.0,0.0,0.0,0,1,5.6,0.0,0.02,0.14,0.14,0.02,20.72326583694641,True,0.0,0.0,0,0,0,0,0.0,0.0,1.0,0.0,0.0,0.0,0.0,0,0
40,6,chimuanya ugochukwu|burnley,Chimuanya Ugochukwu,Burnley,MID,0.0,0.0,0.0,0.0,1e-09,0.0,0.0,0.0,0.0,0.0,0.0,0.0,0.0,0.0,0.0,0.0,0,1,8.8,0.0,0.02,0.14,0.14,0.02,20.72326583694641,True,0.0,0.0,0,0,0,0,0.0,0.0,1.0,0.0,0.0,0.0,0.0,0,0
40,6,chris richards|crystal palace,Chris Richards,Crystal Palace,DEF,0.0,0.0,0.0,0.0,1e-09,0.0,0.0,0.0,0.0,0.0,0.0,0.0,0.0,0.0,0.0,0.0,0,1,10.0,0.0,0.02,0.14,0.14,0.02,20.72326583694641,True,0.0,0.0,0,0,0,0,0.0,0.0,1.0,0.0,0.0,0.0,0.0,0,0
40,6,chris rigg|sunderland,Chris Rigg,Sunderland,MID,0.0,0.0,0.0,0.0,1e-09,0.0,0.0,0.0,0.0,0.0,0.0,0.0,0.0,0.0,0.0,0.0,0,1,6.5,0.0,0.01,0.1,0.1,0.01,20.72326583694641,True,0.0,0.0,0,0,0,0,0.0,0.0,1.0,0.0,0.0,0.0,0.0,0,0
40,6,chris wood|nottingham forest,Chris Wood,Nottingham Forest,FWD,0.0,0.0,0.0,0.0,1e-09,0.0,0.0,0.0,0.0,0.0,0.0,0.0,0.0,0.0,0.0,0.0,0,1,2.3,0.0,0.01,0.1,0.1,0.01,20.72326583694641,True,0.0,0.0,0,0,0,0,0.0,0.0,1.0,0.0,0.0,0.0,0.0,0,0
40,6,christantus uche|crystal palace,Christantus Uche,Crystal Palace,MID,0.0,0.0,0.0,0.0,1e-09,0.0,0.0,0.0,0.0,0.0,0.0,0.0,0.0,0.0,0.0,0.0,0,1,7.2,0.0,0.01,0.06,0.06,0.01,20.72326583694641,True,0.0,0.0,0,0,0,0,0.0,0.0,1.0,0.0,0.0,0.0,0.0,0,0
40,6,christian nørgaard|arsenal,Christian Nørgaard,Arsenal,MID,0.0,0.0,0.0,0.0,1e-09,0.0,0.0,0.0,0.0,0.0,0.0,0.0,0.0,0.0,0.0,0.0,0,1,7.5,0.0,0.02,0.06,0.06,0.02,20.72326583694641,True,0.0,0.0,0,0,0,0,0.0,0.0,1.0,0.0,0.0,0.0,0.0,0,0
40,6,cody gakpo|liverpool,Cody Gakpo,Liverpool,MID,0.0,0.0,0.0,0.0,1e-09,0.0,0.0,0.0,0.0,0.0,0.0,0.0,0.0,0.0,0.0,0.0,0,1,5.3,0.0,0.01,0.1,0.1,0.01,20.72326583694641,True,0.0,0.0,0,0,0,0,0.0,0.0,1.0,0.0,0.0,0.0,0.0,0,0
40,6,cole palmer|chelsea,Cole Palmer,Chelsea,MID,0.0,0.0,0.0,0.0,1e-09,0.0,0.0,0.0,0.0,0.0,0.0,0.0,0.0,0.0,0.0,0.0,0,1,6.6,0.0,0.01,0.33,0.33,0.01,20.72326583694641,True,0.0,0.0,0,0,0,0,0.0,0.0,1.0,0.0,0.0,0.0,0.0,0,0
40,6,conor bradley|liverpool,Conor Bradley,Liverpool,DEF,0.0,0.0,0.0,0.0,1e-09,0.0,0.0,0.0,0.0,0.0,0.0,0.0,0.0,0.0,0.0,0.0,0,1,6.3,0.0,0.02,0.5,0.5,0.02,20.72326583694641,True,0.0,0.0,0,0,0,0,0.0,0.0,1.0,0.0,0.0,0.0,0.0,0,0
40,6,conor gallagher|tottenham,Conor Gallagher,Tottenham,MID,0.0,0.0,0.0,0.0,1e-09,0.0,0.0,0.0,0.0,0.0,0.0,0.0,0.0,0.0,0.0,0.0,0,1,9.5,0.0,0.02,0.14,0.14,0.02,20.72326583694641,True,0.0,0.0,0,0,0,0,0.0,0.0,1.0,0.0,0.0,0.0,0.0,0,0
40,6,cristhian mosquera|arsenal,Cristhian Mosquera,Arsenal,DEF,0.0,0.0,0.0,0.0,1e-09,0.0,0.0,0.0,0.0,0.0,0.0,0.0,0.0,0.0,0.0,0.0,0,1,9.0,0.0,0.02,0.33,0.33,0.02,20.72326583694641,True,0.0,0.0,0,0,0,0,0.0,0.0,1.0,0.0,0.0,0.0,0.0,0,0
40,6,cristian romero|tottenham,Cristian Romero,Tottenham,DEF,0.0,0.0,0.0,0.0,1e-09,0.0,0.0,0.0,0.0,0.0,0.0,0.0,0.0,0.0,0.0,0.0,0,1,9.6,0.0,0.05,0.5,0.5,0.05,20.72326583694641,True,0.0,0.0,0,0,0,0,0.0,0.0,1.0,0.0,0.0,0.0,0.0,0,0
40,6,crysencio summerville|west ham,Crysencio Summerville,West Ham,MID,0.0,0.0,0.0,0.0,1e-09,0.0,0.0,0.0,0.0,0.0,0.0,0.0,0.0,0.0,0.0,0.0,0,1,7.8,0.0,0.01,0.2,0.2,0.01,20.72326583694641,True,0.0,0.0,0,0,0,0,0.0,0.0,1.0,0.0,0.0,0.0,0.0,0,0
40,6,curtis jones|liverpool,Curtis Jones,Liverpool,MID,0.0,0.0,0.0,0.0,1e-09,0.0,0.0,0.0,0.0,0.0,0.0,0.0,0.0,0.0,0.0,0.0,0,1,9.8,0.0,0.02,0.06,0.06,0.02,20.72326583694641,True,0.0,0.0,0,0,0,0,0.0,0.0,1.0,0.0,0.0,0.0,0.0,0,0
40,6,daichi kamada|crystal palace,Daichi Kamada,Crystal Palace,MID,0.0,0.0,0.0,0.0,1e-09,0.0,0.0,0.0,0.0,0.0,0.0,0.0,0.0,0.0,0.0,0.0,0,1,10.0,0.0,0.02,0.14,0.14,0.02,20.72326583694641,True,0.0,0.0,0,0,0,0,0.0,0.0,1.0,0.0,0.0,0.0,0.0,0,0
40,6,dan ballard|sunderland,Dan Ballard,Sunderland,DEF,0.0,0.0,0.0,0.0,1e-09,0.0,0.0,0.0,0.0,0.0,0.0,0.0,0.0,0.0,0.0,0.0,0,1,11.0,0.0,0.02,0.14,0.14,0.02,20.72326583694641,True,0.0,0.0,0,0,0,0,0.0,0.0,1.0,0.0,0.0,0.0,0.0,0,0
40,6,dan burn|newcastle united,Dan Burn,Newcastle United,DEF,0.0,0.0,0.0,0.0,1e-09,0.0,0.0,0.0,0.0,0.0,0.0,0.0,0.0,0.0,0.0,0.0,0,1,9.0,0.0,0.02,0.5,0.5,0.02,20.72326583694641,True,0.0,0.0,0,0,0,0,0.0,0.0,1.0,0.0,0.0,0.0,0.0,0,0
40,6,dan ndoye|nottingham forest,Dan Ndoye,Nottingham Forest,MID,0.0,0.0,0.0,0.0,1e-09,0.0,0.0,0.0,0.0,0.0,0.0,0.0,0.0,0.0,0.0,0.0,0,1,7.6,0.0,0.01,0.06,0.06,0.01,20.72326583694641,True,0.0,0.0,0,0,0,0,0.0,0.0,1.0,0.0,0.0,0.0,0.0,0,0
40,6,dan neil|sunderland,Dan Neil,Sunderland,MID,0.0,0.0,0.0,0.0,1e-09,0.0,0.0,0.0,0.0,0.0,0.0,0.0,0.0,0.0,0.0,0.0,0,1,3.0,0.0,0.01,0.14,0.14,0.01,20.72326583694641,True,0.0,0.0,0,0,0,0,0.0,0.0,1.0,0.0,0.0,0.0,0.0,0,0
40,6,dane scarlett|tottenham,Dane Scarlett,Tottenham,FWD,0.0,0.0,0.0,0.0,1e-09,0.0,0.0,0.0,0.0,0.0,0.0,0.0,0.0,0.0,0.0,0.0,0,1,1.0,0.0,0.01,0.06,0.06,0.01,20.72326583694641,True,0.0,0.0,0,0,0,0,0.0,0.0,1.0,0.0,0.0,0.0,0.0,0,0
40,6,dango ouattara|brentford,Dango Ouattara,Brentford,MID,0.0,0.0,0.0,0.0,1e-09,0.0,0.0,0.0,0.0,0.0,0.0,0.0,0.0,0.0,0.0,0.0,0,1,7.7,0.0,0.01,0.2,0.2,0.01,20.72326583694641,True,0.0,0.0,0,0,0,0,0.0,0.0,1.0,0.0,0.0,0.0,0.0,0,0
40,6,daniel james|leeds,Daniel James,Leeds,MID,0.0,0.0,0.0,0.0,1e-09,0.0,0.0,0.0,0.0,0.0,0.0,0.0,0.0,0.0,0.0,0.0,0,1,4.7,0.0,0.01,0.1,0.1,0.01,20.72326583694641,True,0.0,0.0,0,0,0,0,0.0,0.0,1.0,0.0,0.0,0.0,0.0,0,0
40,6,daniel muñoz|crystal palace,Daniel Muñoz,Crystal Palace,DEF,0.0,0.0,0.0,0.0,1e-09,0.0,0.0,0.0,0.0,0.0,0.0,0.0,0.0,0.0,0.0,0.0,0,1,7.1,0.0,0.02,0.33,0.33,0.02,20.72326583694641,True,0.0,0.0,0,0,0,0,0.0,0.0,1.0,0.0,0.0,0.0,0.0,0,0
40,6,danny welbeck|brighton,Danny Welbeck,Brighton,FWD,0.0,0.0,0.0,0.0,1e-09,0.0,0.0,0.0,0.0,0.0,0.0,0.0,0.0,0.0,0.0,0.0,0,1,4.3,0.0,0.01,0.2,0.2,0.01,20.72326583694641,True,0.0,0.0,0,0,0,0,0.0,0.0,1.0,0.0,0.0,0.0,0.0,0,0
40,6,david brooks|bournemouth,David Brooks,Bournemouth,MID,0.0,0.0,0.0,0.0,1e-09,0.0,0.0,0.0,0.0,0.0,0.0,0.0,0.0,0.0,0.0,0.0,0,1,7.0,0.0,0.03,0.5,0.5,0.03,20.72326583694641,True,0.0,0.0,0,0,0,0,0.0,0.0,1.0,0.0,0.0,0.0,0.0,0,0
40,6,david møller wolfe|wolverhampton wanderers,David Møller Wolfe,Wolverhampton Wanderers,DEF,0.0,0.0,0.0,0.0,1e-09,0.0,0.0,0.0,0.0,0.0,0.0,0.0,0.0,0.0,0.0,0.0,0,1,2.0,0.0,0.02,0.1,0.1,0.02,20.72326583694641,True,0.0,0.0,0,0,0,0,0.0,0.0,1.0,0.0,0.0,0.0,0.0,0,0
40,6,david raya|arsenal,David Raya,Arsenal,GK,0.0,0.0,0.0,0.0,1e-09,0.0,0.0,0.0,0.0,0.0,0.0,0.0,0.0,0.0,0.0,0.0,0,1,0.0,1.6,0.01,0.03,0.03,0.01,20.72326583694641,True,0.0,0.0,0,0,0,0,0.0,0.0,1.0,0.0,0.0,0.0,0.0,0,0
40,6,dean henderson|crystal palace,Dean Henderson,Crystal Palace,GK,0.0,0.0,0.0,0.0,1e-09,0.0,0.0,0.0,0.0,0.0,0.0,0.0,0.0,0.0,0.0,0.0,0,1,0.0,3.0,0.01,0.1,0.1,0.01,20.72326583694641,True,0.0,0.0,0,0,0,0,0.0,0.0,1.0,0.0,0.0,0.0,0.0,0,0
40,6,declan rice|arsenal,Declan Rice,Arsenal,MID,0.0,0.0,0.0,0.0,1e-09,0.0,0.0,0.0,0.0,0.0,0.0,0.0,0.0,0.0,0.0,0.0,0,1,11.2,0.0,0.02,0.2,0.2,0.02,20.72326583694641,True,0.0,0.0,0,0,0,0,0.0,0.0,1.0,0.0,0.0,0.0,0.0,0,0
40,6,dennis cirkin|sunderland,Dennis Cirkin,Sunderland,DEF,0.0,0.0,0.0,0.0,1e-09,0.0,0.0,0.0,0.0,0.0,0.0,0.0,0.0,0.0,0.0,0.0,0,1,7.9,0.0,0.02,0.2,0.2,0.02,20.72326583694641,True,0.0,0.0,0,0,0,0,0.0,0.0,1.0,0.0,0.0,0.0,0.0,0,0
40,6,diego coppola|brighton,Diego Coppola,Brighton,DEF,0.0,0.0,0.0,0.0,1e-09,0.0,0.0,0.0,0.0,0.0,0.0,0.0,0.0,0.0,0.0,0.0,0,1,8.4,0.0,0.01,0.5,0.5,0.01,20.72326583694641,True,0.0,0.0,0,0,0,0,0.0,0.0,1.0,0.0,0.0,0.0,0.0,0,0
40,6,diego gómez|brighton,Diego Gómez,Brighton,MID,0.0,0.0,0.0,0.0,1e-09,0.0,0.0,0.0,0.0,0.0,0.0,0.0,0.0,0.0,0.0,0.0,0,1,9.5,0.0,0.02,0.5,0.5,0.02,20.72326583694641,True,0.0,0.0,0,0,0,0,0.0,0.0,1.0,0.0,0.0,0.0,0.0,0,0
40,6,dilane bakwa|nottingham forest,Dilane Bakwa,Nottingham Forest,MID,0.0,0.0,0.0,0.0,1e-09,0.0,0.0,0.0,0.0,0.0,0.0,0.0,0.0,0.0,0.0,0.0,0,1,6.8,0.0,0.01,0.14,0.14,0.01,20.72326583694641,True,0.0,0.0,0,0,0,0,0.0,0.0,1.0,0.0,0.0,0.0,0.0,0,0
40,6,diogo dalot|manchester united,Diogo Dalot,Manchester United,DEF,0.0,0.0,0.0,0.0,1e-09,0.0,0.0,0.0,0.0,0.0,0.0,0.0,0.0,0.0,0.0,0.0,0,1,6.0,0.0,0.02,0.2,0.2,0.02,20.72326583694641,True,0.0,0.0,0,0,0,0,0.0,0.0,1.0,0.0,0.0,0.0,0.0,0,0
40,6,divine mukasa|manchester city,Divine Mukasa,Manchester City,MID,0.0,0.0,0.0,0.0,1e-09,0.0,0.0,0.0,0.0,0.0,0.0,0.0,0.0,0.0,0.0,0.0,0,1,2.0,0.0,0.01,0.06,0.06,0.01,20.72326583694641,True,0.0,0.0,0,0,0,0,0.0,0.0,1.0,0.0,0.0,0.0,0.0,0,0
40,6,djed spence|tottenham,Djed Spence,Tottenham,DEF,0.0,0.0,0.0,0.0,1e-09,0.0,0.0,0.0,0.0,0.0,0.0,0.0,0.0,0.0,0.0,0.0,0,1,4.8,0.0,0.02,0.2,0.2,0.02,20.72326583694641,True,0.0,0.0,0,0,0,0,0.0,0.0,1.0,0.0,0.0,0.0,0.0,0,0
40,6,djiamgone jocelin ta bi|sunderland,Djiamgone Jocelin Ta Bi,Sunderland,FWD,0.0,0.0,0.0,0.0,1e-09,0.0,0.0,0.0,0.0,0.0,0.0,0.0,0.0,0.0,0.0,0.0,0,1,1.0,0.0,0.01,0.1,0.1,0.01,20.72326583694641,True,0.0,0.0,0,0,0,0,0.0,0.0,1.0,0.0,0.0,0.0,0.0,0,0
40,6,djordje petrovic|bournemouth,Djordje Petrovic,Bournemouth,GK,0.0,0.0,0.0,0.0,1e-09,0.0,0.0,0.0,0.0,0.0,0.0,0.0,0.0,0.0,0.0,0.0,0,1,0.0,3.1,0.01,0.06,0.06,0.01,20.72326583694641,True,0.0,0.0,0,0,0,0,0.0,0.0,1.0,0.0,0.0,0.0,0.0,0,0
40,6,dominic calvert-lewin|leeds,Dominic Calvert-Lewin,Leeds,FWD,0.0,0.0,0.0,0.0,1e-09,0.0,0.0,0.0,0.0,0.0,0.0,0.0,0.0,0.0,0.0,0.0,0,1,3.0,0.0,0.01,0.06,0.06,0.01,20.72326583694641,True,0.0,0.0,0,0,0,0,0.0,0.0,1.0,0.0,0.0,0.0,0.0,0,0
40,6,dominic solanke|tottenham,Dominic Solanke,Tottenham,FWD,0.0,0.0,0.0,0.0,1e-09,0.0,0.0,0.0,0.0,0.0,0.0,0.0,0.0,0.0,0.0,0.0,0,1,6.3,0.0,0.01,0.1,0.1,0.01,20.72326583694641,True,0.0,0.0,0,0,0,0,0.0,0.0,1.0,0.0,0.0,0.0,0.0,0,0
40,6,dominik szoboszlai|liverpool,Dominik Szoboszlai,Liverpool,MID,0.0,0.0,0.0,0.0,1e-09,0.0,0.0,0.0,0.0,0.0,0.0,0.0,0.0,0.0,0.0,0.0,0,1,9.2,0.0,0.02,0.2,0.2,0.02,20.72326583694641,True,0.0,0.0,0,0,0,0,0.0,0.0,1.0,0.0,0.0,0.0,0.0,0,0
40,6,donyell malen|aston villa,Donyell Malen,Aston Villa,MID,0.0,0.0,0.0,0.0,1e-09,0.0,0.0,0.0,0.0,0.0,0.0,0.0,0.0,0.0,0.0,0.0,0,1,2.3,0.0,0.01,0.06,0.06,0.01,20.72326583694641,True,0.0,0.0,0,0,0,0,0.0,0.0,1.0,0.0,0.0,0.0,0.0,0,0
40,6,douglas luiz|aston villa,Douglas Luiz,Aston Villa,MID,0.0,0.0,0.0,0.0,1e-09,0.0,0.0,0.0,0.0,0.0,0.0,0.0,0.0,0.0,0.0,0.0,0,1,10.7,0.0,0.02,0.2,0.2,0.02,20.72326583694641,True,0.0,0.0,0,0,0,0,0.0,0.0,1.0,0.0,0.0,0.0,0.0,0,0
40,6,dwight mcneil|everton,Dwight McNeil,Everton,MID,0.0,0.0,0.0,0.0,1e-09,0.0,0.0,0.0,0.0,0.0,0.0,0.0,0.0,0.0,0.0,0.0,0,1,8.3,0.0,0.02,0.2,0.2,0.02,20.72326583694641,True,0.0,0.0,0,0,0,0,0.0,0.0,1.0,0.0,0.0,0.0,0.0,0,0
40,6,eberechi eze|arsenal,Eberechi Eze,Arsenal,MID,0.0,0.0,0.0,0.0,1e-09,0.0,0.0,0.0,0.0,0.0,0.0,0.0,0.0,0.0,0.0,0.0,0,1,5.8,0.0,0.01,0.06,0.06,0.01,20.72326583694641,True,0.0,0.0,0,0,0,0,0.0,0.0,1.0,0.0,0.0,0.0,0.0,0,0
40,6,eddie nketiah|crystal palace,Eddie Nketiah,Crystal Palace,FWD,0.0,0.0,0.0,0.0,1e-09,0.0,0.0,0.0,0.0,0.0,0.0,0.0,0.0,0.0,0.0,0.0,0,1,8.3,0.0,0.01,0.2,0.2,0.01,20.72326583694641,True,0.0,0.0,0,0,0,0,0.0,0.0,1.0,0.0,0.0,0.0,0.0,0,0
40,6,el hadji malick diouf|west ham,El Hadji Malick Diouf,West Ham,DEF,0.0,0.0,0.0,0.0,1e-09,0.0,0.0,0.0,0.0,0.0,0.0,0.0,0.0,0.0,0.0,0.0,0,1,7.6,0.0,0.02,0.2,0.2,0.02,20.72326583694641,True,0.0,0.0,0,0,0,0,0.0,0.0,1.0,0.0,0.0,0.0,0.0,0,0
40,6,eli junior kroupi|bournemouth,Eli Junior Kroupi,Bournemouth,FWD,0.0,0.0,0.0,0.0,1e-09,0.0,0.0,0.0,0.0,0.0,0.0,0.0,0.0,0.0,0.0,0.0,0,1,6.2,0.0,0.02,0.33,0.33,0.02,20.72326583694641,True,0.0,0.0,0,0,0,0,0.0,0.0,1.0,0.0,0.0,0.0,0.0,0,0
40,6,eliezer mayenda|sunderland,Eliezer Mayenda,Sunderland,FWD,0.0,0.0,0.0,0.0,1e-09,0.0,0.0,0.0,0.0,0.0,0.0,0.0,0.0,0.0,0.0,0.0,0,1,3.3,0.0,0.03,0.1,0.1,0.03,20.72326583694641,True,0.0,0.0,0,0,0,0,0.0,0.0,1.0,0.0,0.0,0.0,0.0,0,0
40,6,elliot anderson|nottingham forest,Elliot Anderson,Nottingham Forest,MID,0.0,0.0,0.0,0.0,1e-09,0.0,0.0,0.0,0.0,0.0,0.0,0.0,0.0,0.0,0.0,0.0,0,1,14.0,0.0,0.02,0.2,0.2,0.02,20.72326583694641,True,0.0,0.0,0,0,0,0,0.0,0.0,1.0,0.0,0.0,0.0,0.0,0,0
40,6,emil krafth|newcastle united,Emil Krafth,Newcastle United,DEF,0.0,0.0,0.0,0.0,1e-09,0.0,0.0,0.0,0.0,0.0,0.0,0.0,0.0,0.0,0.0,0.0,0,1,3.0,0.0,0.02,0.33,0.33,0.02,20.72326583694641,True,0.0,0.0,0,0,0,0,0.0,0.0,1.0,0.0,0.0,0.0,0.0,0,0
40,6,emile smith-rowe|fulham,Emile Smith-Rowe,Fulham,MID,0.0,0.0,0.0,0.0,1e-09,0.0,0.0,0.0,0.0,0.0,0.0,0.0,0.0,0.0,0.0,0.0,0,1,7.1,0.0,0.01,0.06,0.06,0.01,20.72326583694641,True,0.0,0.0,0,0,0,0,0.0,0.0,1.0,0.0,0.0,0.0,0.0,0,0
40,6,emiliano buendía|aston villa,Emiliano Buendía,Aston Villa,MID,0.0,0.0,0.0,0.0,1e-09,0.0,0.0,0.0,0.0,0.0,0.0,0.0,0.0,0.0,0.0,0.0,0,1,9.7,0.0,0.02,0.33,0.33,0.02,20.72326583694641,True,0.0,0.0,0,0,0,0,0.0,0.0,1.0,0.0,0.0,0.0,0.0,0,0
40,6,emiliano martinez|aston villa,Emiliano Martinez,Aston Villa,GK,0.0,0.0,0.0,0.0,1e-09,0.0,0.0,0.0,0.0,0.0,0.0,0.0,0.0,0.0,0.0,0.0,0,1,0.0,2.9,0.02,0.14,0.14,0.02,20.72326583694641,True,0.0,0.0,0,0,0,0,0.0,0.0,1.0,0.0,0.0,0.0,0.0,0,0
40,6,emmanuel agbadou|wolverhampton wanderers,Emmanuel Agbadou,Wolverhampton Wanderers,DEF,0.0,0.0,0.0,0.0,1e-09,0.0,0.0,0.0,0.0,0.0,0.0,0.0,0.0,0.0,0.0,0.0,0,1,10.2,0.0,0.02,0.06,0.06,0.02,20.72326583694641,True,0.0,0.0,0,0,0,0,0.0,0.0,1.0,0.0,0.0,0.0,0.0,0,0
40,6,enes ünal|bournemouth,Enes Ünal,Bournemouth,FWD,0.0,0.0,0.0,0.0,1e-09,0.0,0.0,0.0,0.0,0.0,0.0,0.0,0.0,0.0,0.0,0.0,0,1,0.0,0.0,0.01,0.2,0.2,0.01,20.72326583694641,True,0.0,0.0,0,0,0,0,0.0,0.0,1.0,0.0,0.0,0.0,0.0,0,0
40,6,enzo fernández|chelsea,Enzo Fernández,Chelsea,MID,0.0,0.0,0.0,0.0,1e-09,0.0,0.0,0.0,0.0,0.0,0.0,0.0,0.0,0.0,0.0,0.0,0,1,7.4,0.0,0.02,0.33,0.33,0.02,20.72326583694641,True,0.0,0.0,0,0,0,0,0.0,0.0,1.0,0.0,0.0,0.0,0.0,0,0
40,6,enzo le fée|sunderland,Enzo Le Fée,Sunderland,MID,0.0,0.0,0.0,0.0,1e-09,0.0,0.0,0.0,0.0,0.0,0.0,0.0,0.0,0.0,0.0,0.0,0,1,9.5,0.0,0.02,0.2,0.2,0.02,20.72326583694641,True,0.0,0.0,0,0,0,0,0.0,0.0,1.0,0.0,0.0,0.0,0.0,0,0
40,6,erling haaland|manchester city,Erling Haaland,Manchester City,FWD,0.0,0.0,0.0,0.0,1e-09,0.0,0.0,0.0,0.0,0.0,0.0,0.0,0.0,0.0,0.0,0.0,0,1,3.2,0.0,0.01,0.06,0.06,0.01,20.72326583694641,True,0.0,0.0,0,0,0,0,0.0,0.0,1.0,0.0,0.0,0.0,0.0,0,0
40,6,estêvão|chelsea,Estêvão,Chelsea,MID,0.0,0.0,0.0,0.0,1e-09,0.0,0.0,0.0,0.0,0.0,0.0,0.0,0.0,0.0,0.0,0.0,0,1,6.2,0.0,0.01,0.1,0.1,0.01,20.72326583694641,True,0.0,0.0,0,0,0,0,0.0,0.0,1.0,0.0,0.0,0.0,0.0,0,0
40,6,ethan ampadu|leeds,Ethan Ampadu,Leeds,MID,0.0,0.0,0.0,0.0,1e-09,0.0,0.0,0.0,0.0,0.0,0.0,0.0,0.0,0.0,0.0,0.0,0,1,12.3,0.0,0.02,0.33,0.33,0.02,20.72326583694641,True,0.0,0.0,0,0,0,0,0.0,0.0,1.0,0.0,0.0,0.0,0.0,0,0
40,6,ethan nwaneri|arsenal,Ethan Nwaneri,Arsenal,MID,0.0,0.0,0.0,0.0,1e-09,0.0,0.0,0.0,0.0,0.0,0.0,0.0,0.0,0.0,0.0,0.0,0,1,7.1,0.0,0.01,0.03,0.03,0.01,20.72326583694641,True,0.0,0.0,0,0,0,0,0.0,0.0,1.0,0.0,0.0,0.0,0.0,0,0
40,6,ethan pinnock|brentford,Ethan Pinnock,Brentford,DEF,0.0,0.0,0.0,0.0,1e-09,0.0,0.0,0.0,0.0,0.0,0.0,0.0,0.0,0.0,0.0,0.0,0,1,11.4,0.0,0.02,0.14,0.14,0.02,20.72326583694641,True,0.0,0.0,0,0,0,0,0.0,0.0,1.0,0.0,0.0,0.0,0.0,0,0
40,6,evanilson|bournemouth,Evanilson,Bournemouth,FWD,0.0,0.0,0.0,0.0,1e-09,0.0,0.0,0.0,0.0,0.0,0.0,0.0,0.0,0.0,0.0,0.0,0,1,3.7,0.0,0.01,0.06,0.06,0.01,20.72326583694641,True,0.0,0.0,0,0,0,0,0.0,0.0,1.0,0.0,0.0,0.0,0.0,0,0
40,6,evann guessand|crystal palace,Evann Guessand,Crystal Palace,MID,0.0,0.0,0.0,0.0,1e-09,0.0,0.0,0.0,0.0,0.0,0.0,0.0,0.0,0.0,0.0,0.0,0,1,9.1,0.0,0.01,0.06,0.06,0.01,20.72326583694641,True,0.0,0.0,0,0,0,0,0.0,0.0,1.0,0.0,0.0,0.0,0.0,0,0
40,6,ezra mayers|west ham,Ezra Mayers,West Ham,DEF,0.0,0.0,0.0,0.0,1e-09,0.0,0.0,0.0,0.0,0.0,0.0,0.0,0.0,0.0,0.0,0.0,0,1,2.0,0.0,0.02,0.14,0.14,0.02,20.72326583694641,True,0.0,0.0,0,0,0,0,0.0,0.0,1.0,0.0,0.0,0.0,0.0,0,0
40,6,ezri konsa ngoyo|aston villa,Ezri Konsa Ngoyo,Aston Villa,DEF,0.0,0.0,0.0,0.0,1e-09,0.0,0.0,0.0,0.0,0.0,0.0,0.0,0.0,0.0,0.0,0.0,0,1,6.1,0.0,0.02,0.03,0.03,0.02,20.72326583694641,True,0.0,0.0,0,0,0,0,0.0,0.0,1.0,0.0,0.0,0.0,0.0,0,0
40,6,fabian schär|newcastle united,Fabian Schär,Newcastle United,DEF,0.0,0.0,0.0,0.0,1e-09,0.0,0.0,0.0,0.0,0.0,0.0,0.0,0.0,0.0,0.0,0.0,0,1,9.5,0.0,0.02,0.1,0.1,0.02,20.72326583694641,True,0.0,0.0,0,0,0,0,0.0,0.0,1.0,0.0,0.0,0.0,0.0,0,0
40,6,fabio carvalho|brentford,Fabio Carvalho,Brentford,MID,0.0,0.0,0.0,0.0,1e-09,0.0,0.0,0.0,0.0,0.0,0.0,0.0,0.0,0.0,0.0,0.0,0,1,0.0,0.0,0.01,0.06,0.06,0.01,20.72326583694641,True,0.0,0.0,0,0,0,0,0.0,0.0,1.0,0.0,0.0,0.0,0.0,0,0
40,6,facundo buonanotte|leeds,Facundo Buonanotte,Leeds,MID,0.0,0.0,0.0,0.0,1e-09,0.0,0.0,0.0,0.0,0.0,0.0,0.0,0.0,0.0,0.0,0.0,0,1,3.0,0.0,0.01,0.33,0.33,0.01,20.72326583694641,True,0.0,0.0,0,0,0,0,0.0,0.0,1.0,0.0,0.0,0.0,0.0,0,0
40,6,federico chiesa|liverpool,Federico Chiesa,Liverpool,MID,0.0,0.0,0.0,0.0,1e-09,0.0,0.0,0.0,0.0,0.0,0.0,0.0,0.0,0.0,0.0,0.0,0,1,9.6,0.0,0.01,0.2,0.2,0.01,20.72326583694641,True,0.0,0.0,0,0,0,0,0.0,0.0,1.0,0.0,0.0,0.0,0.0,0,0
40,6,ferdi kadioglu|brighton,Ferdi Kadioglu,Brighton,DEF,0.0,0.0,0.0,0.0,1e-09,0.0,0.0,0.0,0.0,0.0,0.0,0.0,0.0,0.0,0.0,0.0,0,1,4.8,0.0,0.02,0.2,0.2,0.02,20.72326583694641,True,0.0,0.0,0,0,0,0,0.0,0.0,1.0,0.0,0.0,0.0,0.0,0,0
40,6,fernando lópez|wolverhampton wanderers,Fernando López,Wolverhampton Wanderers,FWD,0.0,0.0,0.0,0.0,1e-09,0.0,0.0,0.0,0.0,0.0,0.0,0.0,0.0,0.0,0.0,0.0,0,1,4.7,0.0,0.01,0.2,0.2,0.01,20.72326583694641,True,0.0,0.0,0,0,0,0,0.0,0.0,1.0,0.0,0.0,0.0,0.0,0,0
40,6,filip jorgensen|chelsea,Filip Jorgensen,Chelsea,GK,0.0,0.0,0.0,0.0,1e-09,0.0,0.0,0.0,0.0,0.0,0.0,0.0,0.0,0.0,0.0,0.0,0,1,0.0,0.0,0.01,0.03,0.03,0.01,20.72326583694641,True,0.0,0.0,0,0,0,0,0.0,0.0,1.0,0.0,0.0,0.0,0.0,0,0
40,6,florentino luís|burnley,Florentino Luís,Burnley,MID,0.0,0.0,0.0,0.0,1e-09,0.0,0.0,0.0,0.0,0.0,0.0,0.0,0.0,0.0,0.0,0.0,0,1,13.5,0.0,0.01,0.2,0.2,0.01,20.72326583694641,True,0.0,0.0,0,0,0,0,0.0,0.0,1.0,0.0,0.0,0.0,0.0,0,0
40,6,florian wirtz|liverpool,Florian Wirtz,Liverpool,MID,0.0,0.0,0.0,0.0,1e-09,0.0,0.0,0.0,0.0,0.0,0.0,0.0,0.0,0.0,0.0,0.0,0,1,6.5,0.0,0.01,0.06,0.06,0.01,20.72326583694641,True,0.0,0.0,0,0,0,0,0.0,0.0,1.0,0.0,0.0,0.0,0.0,0,0
40,6,frank onyeka|brentford,Frank Onyeka,Brentford,MID,0.0,0.0,0.0,0.0,1e-09,0.0,0.0,0.0,0.0,0.0,0.0,0.0,0.0,0.0,0.0,0.0,0,1,0.0,0.0,0.02,0.06,0.06,0.02,20.72326583694641,True,0.0,0.0,0,0,0,0,0.0,0.0,1.0,0.0,0.0,0.0,0.0,0,0
40,6,freddie potts|west ham,Freddie Potts,West Ham,MID,0.0,0.0,0.0,0.0,1e-09,0.0,0.0,0.0,0.0,0.0,0.0,0.0,0.0,0.0,0.0,0.0,0,1,9.2,0.0,0.03,0.06,0.06,0.03,20.72326583694641,True,0.0,0.0,0,0,0,0,0.0,0.0,1.0,0.0,0.0,0.0,0.0,0,0
40,6,gabriel gudmundsson|leeds,Gabriel Gudmundsson,Leeds,DEF,0.0,0.0,0.0,0.0,1e-09,0.0,0.0,0.0,0.0,0.0,0.0,0.0,0.0,0.0,0.0,0.0,0,1,6.3,0.0,0.02,0.14,0.14,0.02,20.72326583694641,True,0.0,0.0,0,0,0,0,0.0,0.0,1.0,0.0,0.0,0.0,0.0,0,0
40,6,gabriel jesus|arsenal,Gabriel Jesus,Arsenal,FWD,0.0,0.0,0.0,0.0,1e-09,0.0,0.0,0.0,0.0,0.0,0.0,0.0,0.0,0.0,0.0,0.0,0,1,7.7,0.0,0.02,0.5,0.5,0.02,20.72326583694641,True,0.0,0.0,0,0,0,0,0.0,0.0,1.0,0.0,0.0,0.0,0.0,0,0
40,6,gabriel martinelli|arsenal,Gabriel Martinelli,Arsenal,MID,0.0,0.0,0.0,0.0,1e-09,0.0,0.0,0.0,0.0,0.0,0.0,0.0,0.0,0.0,0.0,0.0,0,1,7.1,0.0,0.02,0.2,0.2,0.02,20.72326583694641,True,0.0,0.0,0,0,0,0,0.0,0.0,1.0,0.0,0.0,0.0,0.0,0,0
40,6,gabriel|arsenal,Gabriel,Arsenal,DEF,0.0,0.0,0.0,0.0,1e-09,0.0,0.0,0.0,0.0,0.0,0.0,0.0,0.0,0.0,0.0,0.0,0,1,8.9,0.0,0.02,0.14,0.14,0.02,20.72326583694641,True,0.0,0.0,0,0,0,0,0.0,0.0,1.0,0.0,0.0,0.0,0.0,0,0
40,6,george earthy|west ham,George Earthy,West Ham,MID,0.0,0.0,0.0,0.0,1e-09,0.0,0.0,0.0,0.0,0.0,0.0,0.0,0.0,0.0,0.0,0.0,0,1,1.0,0.0,0.01,0.06,0.06,0.01,20.72326583694641,True,0.0,0.0,0,0,0,0,0.0,0.0,1.0,0.0,0.0,0.0,0.0,0,0
40,6,george hemmings|aston villa,George Hemmings,Aston Villa,MID,0.0,0.0,0.0,0.0,1e-09,0.0,0.0,0.0,0.0,0.0,0.0,0.0,0.0,0.0,0.0,0.0,0,1,0.0,0.0,0.01,0.06,0.06,0.01,20.72326583694641,True,0.0,0.0,0,0,0,0,0.0,0.0,1.0,0.0,0.0,0.0,0.0,0,0
40,6,georginio rutter|brighton,Georginio Rutter,Brighton,MID,0.0,0.0,0.0,0.0,1e-09,0.0,0.0,0.0,0.0,0.0,0.0,0.0,0.0,0.0,0.0,0.0,0,1,5.0,0.0,0.02,0.1,0.1,0.02,20.72326583694641,True,0.0,0.0,0,0,0,0,0.0,0.0,1.0,0.0,0.0,0.0,0.0,0,0
40,6,gianluigi donnarumma|manchester city,Gianluigi Donnarumma,Manchester City,GK,0.0,0.0,0.0,0.0,1e-09,0.0,0.0,0.0,0.0,0.0,0.0,0.0,0.0,0.0,0.0,0.0,0,1,0.0,2.5,0.02,0.2,0.2,0.02,20.72326583694641,True,0.0,0.0,0,0,0,0,0.0,0.0,1.0,0.0,0.0,0.0,0.0,0,0
40,6,giorgi mamardashvili|liverpool,Giorgi Mamardashvili,Liverpool,GK,0.0,0.0,0.0,0.0,1e-09,0.0,0.0,0.0,0.0,0.0,0.0,0.0,0.0,0.0,0.0,0.0,0,1,0.0,0.0,0.01,0.06,0.06,0.01,20.72326583694641,True,0.0,0.0,0,0,0,0,0.0,0.0,1.0,0.0,0.0,0.0,0.0,0,0
40,6,granit xhaka|sunderland,Granit Xhaka,Sunderland,MID,0.0,0.0,0.0,0.0,1e-09,0.0,0.0,0.0,0.0,0.0,0.0,0.0,0.0,0.0,0.0,0.0,0,1,11.1,0.0,0.02,0.14,0.14,0.02,20.72326583694641,True,0.0,0.0,0,0,0,0,0.0,0.0,1.0,0.0,0.0,0.0,0.0,0,0
40,6,guglielmo vicario|tottenham,Guglielmo Vicario,Tottenham,GK,0.0,0.0,0.0,0.0,1e-09,0.0,0.0,0.0,0.0,0.0,0.0,0.0,0.0,0.0,0.0,0.0,0,1,0.0,2.7,0.01,0.03,0.03,0.01,20.72326583694641,True,0.0,0.0,0,0,0,0,0.0,0.0,1.0,0.0,0.0,0.0,0.0,0,0
40,6,guido rodríguez|west ham,Guido Rodríguez,West Ham,MID,0.0,0.0,0.0,0.0,1e-09,0.0,0.0,0.0,0.0,0.0,0.0,0.0,0.0,0.0,0.0,0.0,0,1,7.7,0.0,0.01,0.33,0.33,0.01,20.72326583694641,True,0.0,0.0,0,0,0,0,0.0,0.0,1.0,0.0,0.0,0.0,0.0,0,0
40,6,habib diarra|sunderland,Habib Diarra,Sunderland,MID,0.0,0.0,0.0,0.0,1e-09,0.0,0.0,0.0,0.0,0.0,0.0,0.0,0.0,0.0,0.0,0.0,0,1,5.3,0.0,0.02,0.33,0.33,0.02,20.72326583694641,True,0.0,0.0,0,0,0,0,0.0,0.0,1.0,0.0,0.0,0.0,0.0,0,0
40,6,hamed junior traore|bournemouth,Hamed Junior Traore,Bournemouth,MID,0.0,0.0,0.0,0.0,1e-09,0.0,0.0,0.0,0.0,0.0,0.0,0.0,0.0,0.0,0.0,0.0,0,1,0.0,0.0,0.02,0.03,0.03,0.02,20.72326583694641,True,0.0,0.0,0,0,0,0,0.0,0.0,1.0,0.0,0.0,0.0,0.0,0,0
40,6,hannibal mejbri|burnley,Hannibal Mejbri,Burnley,MID,0.0,0.0,0.0,0.0,1e-09,0.0,0.0,0.0,0.0,0.0,0.0,0.0,0.0,0.0,0.0,0.0,0,1,8.5,0.0,0.02,0.5,0.5,0.02,20.72326583694641,True,0.0,0.0,0,0,0,0,0.0,0.0,1.0,0.0,0.0,0.0,0.0,0,0
40,6,harrison armstrong|everton,Harrison Armstrong,Everton,MID,0.0,0.0,0.0,0.0,1e-09,0.0,0.0,0.0,0.0,0.0,0.0,0.0,0.0,0.0,0.0,0.0,0,1,9.2,0.0,0.01,0.06,0.06,0.01,20.72326583694641,True,0.0,0.0,0,0,0,0,0.0,0.0,1.0,0.0,0.0,0.0,0.0,0,0
40,6,harrison reed|fulham,Harrison Reed,Fulham,MID,0.0,0.0,0.0,0.0,1e-09,0.0,0.0,0.0,0.0,0.0,0.0,0.0,0.0,0.0,0.0,0.0,0,1,5.0,0.0,0.02,0.1,0.1,0.02,20.72326583694641,True,0.0,0.0,0,0,0,0,0.0,0.0,1.0,0.0,0.0,0.0,0.0,0,0
40,6,harry howell|brighton,Harry Howell,Brighton,MID,0.0,0.0,0.0,0.0,1e-09,0.0,0.0,0.0,0.0,0.0,0.0,0.0,0.0,0.0,0.0,0.0,0,1,0.0,0.0,0.01,0.03,0.03,0.01,20.72326583694641,True,0.0,0.0,0,0,0,0,0.0,0.0,1.0,0.0,0.0,0.0,0.0,0,0
40,6,harry maguire|manchester united,Harry Maguire,Manchester United,DEF,0.0,0.0,0.0,0.0,1e-09,0.0,0.0,0.0,0.0,0.0,0.0,0.0,0.0,0.0,0.0,0.0,0,1,7.5,0.0,0.02,0.2,0.2,0.02,20.72326583694641,True,0.0,0.0,0,0,0,0,0.0,0.0,1.0,0.0,0.0,0.0,0.0,0,0
40,6,harry wilson|fulham,Harry Wilson,Fulham,MID,0.0,0.0,0.0,0.0,1e-09,0.0,0.0,0.0,0.0,0.0,0.0,0.0,0.0,0.0,0.0,0.0,0,1,6.0,0.0,0.01,0.2,0.2,0.01,20.72326583694641,True,0.0,0.0,0,0,0,0,0.0,0.0,1.0,0.0,0.0,0.0,0.0,0,0
40,6,harvey barnes|newcastle united,Harvey Barnes,Newcastle United,MID,0.0,0.0,0.0,0.0,1e-09,0.0,0.0,0.0,0.0,0.0,0.0,0.0,0.0,0.0,0.0,0.0,0,1,4.9,0.0,0.01,0.06,0.06,0.01,20.72326583694641,True,0.0,0.0,0,0,0,0,0.0,0.0,1.0,0.0,0.0,0.0,0.0,0,0
40,6,harvey elliott|aston villa,Harvey Elliott,Aston Villa,MID,0.0,0.0,0.0,0.0,1e-09,0.0,0.0,0.0,0.0,0.0,0.0,0.0,0.0,0.0,0.0,0.0,0,1,5.5,0.0,0.02,0.06,0.06,0.02,20.72326583694641,True,0.0,0.0,0,0,0,0,0.0,0.0,1.0,0.0,0.0,0.0,0.0,0,0
40,6,hee-chan hwang|wolverhampton wanderers,Hee-Chan Hwang,Wolverhampton Wanderers,MID,0.0,0.0,0.0,0.0,1e-09,0.0,0.0,0.0,0.0,0.0,0.0,0.0,0.0,0.0,0.0,0.0,0,1,5.3,0.0,0.01,0.2,0.2,0.01,20.72326583694641,True,0.0,0.0,0,0,0,0,0.0,0.0,1.0,0.0,0.0,0.0,0.0,0,0
40,6,hjalmar ekdal|burnley,Hjalmar Ekdal,Burnley,DEF,0.0,0.0,0.0,0.0,1e-09,0.0,0.0,0.0,0.0,0.0,0.0,0.0,0.0,0.0,0.0,0.0,0,1,10.1,0.0,0.01,0.03,0.03,0.01,20.72326583694641,True,0.0,0.0,0,0,0,0,0.0,0.0,1.0,0.0,0.0,0.0,0.0,0,0
40,6,hugo bueno|wolverhampton wanderers,Hugo Bueno,Wolverhampton Wanderers,DEF,0.0,0.0,0.0,0.0,1e-09,0.0,0.0,0.0,0.0,0.0,0.0,0.0,0.0,0.0,0.0,0.0,0,1,6.8,0.0,0.03,0.06,0.06,0.03,20.72326583694641,True,0.0,0.0,0,0,0,0,0.0,0.0,1.0,0.0,0.0,0.0,0.0,0,0
40,6,hugo ekitike|liverpool,Hugo Ekitike,Liverpool,FWD,0.0,0.0,0.0,0.0,1e-09,0.0,0.0,0.0,0.0,0.0,0.0,0.0,0.0,0.0,0.0,0.0,0,1,4.1,0.0,0.01,0.06,0.06,0.01,20.72326583694641,True,0.0,0.0,0,0,0,0,0.0,0.0,1.0,0.0,0.0,0.0,0.0,0,0
40,6,hákon valdimarsson|brentford,Hákon Valdimarsson,Brentford,GK,0.0,0.0,0.0,0.0,1e-09,0.0,0.0,0.0,0.0,0.0,0.0,0.0,0.0,0.0,0.0,0.0,0,1,0.0,0.0,0.0,0.0,0.0,0.0,20.72326583694641,True,0.0,0.0,0,0,0,0,0.0,0.0,1.0,0.0,0.0,0.0,0.0,0,0
40,6,ian maatsen|aston villa,Ian Maatsen,Aston Villa,DEF,0.0,0.0,0.0,0.0,1e-09,0.0,0.0,0.0,0.0,0.0,0.0,0.0,0.0,0.0,0.0,0.0,0,1,7.2,0.0,0.02,0.2,0.2,0.02,20.72326583694641,True,0.0,0.0,0,0,0,0,0.0,0.0,1.0,0.0,0.0,0.0,0.0,0,0
40,6,ibrahim sangare|nottingham forest,Ibrahim Sangare,Nottingham Forest,MID,0.0,0.0,0.0,0.0,1e-09,0.0,0.0,0.0,0.0,0.0,0.0,0.0,0.0,0.0,0.0,0.0,0,1,10.7,0.0,0.01,0.33,0.33,0.01,20.72326583694641,True,0.0,0.0,0,0,0,0,0.0,0.0,1.0,0.0,0.0,0.0,0.0,0,0
40,6,ibrahima konaté|liverpool,Ibrahima Konaté,Liverpool,DEF,0.0,0.0,0.0,0.0,1e-09,0.0,0.0,0.0,0.0,0.0,0.0,0.0,0.0,0.0,0.0,0.0,0,1,9.2,0.0,0.02,0.2,0.2,0.02,20.72326583694641,True,0.0,0.0,0,0,0,0,0.0,0.0,1.0,0.0,0.0,0.0,0.0,0,0
40,6,idrissa gueye|everton,Idrissa Gueye,Everton,MID,0.0,0.0,0.0,0.0,1e-09,0.0,0.0,0.0,0.0,0.0,0.0,0.0,0.0,0.0,0.0,0.0,0,1,9.3,0.0,0.02,0.1,0.1,0.02,20.72326583694641,True,0.0,0.0,0,0,0,0,0.0,0.0,1.0,0.0,0.0,0.0,0.0,0,0
40,6,igor jesus|nottingham forest,Igor Jesus,Nottingham Forest,FWD,0.0,0.0,0.0,0.0,1e-09,0.0,0.0,0.0,0.0,0.0,0.0,0.0,0.0,0.0,0.0,0.0,0,1,4.4,0.0,0.02,0.06,0.06,0.02,20.72326583694641,True,0.0,0.0,0,0,0,0,0.0,0.0,1.0,0.0,0.0,0.0,0.0,0,0
40,6,igor julio|west ham,Igor Julio,West Ham,DEF,0.0,0.0,0.0,0.0,1e-09,0.0,0.0,0.0,0.0,0.0,0.0,0.0,0.0,0.0,0.0,0.0,0,1,6.6,0.0,0.02,0.33,0.33,0.02,20.72326583694641,True,0.0,0.0,0,0,0,0,0.0,0.0,1.0,0.0,0.0,0.0,0.0,0,0
40,6,ilia gruev|leeds,Ilia Gruev,Leeds,MID,0.0,0.0,0.0,0.0,1e-09,0.0,0.0,0.0,0.0,0.0,0.0,0.0,0.0,0.0,0.0,0.0,0,1,8.1,0.0,0.01,0.33,0.33,0.01,20.72326583694641,True,0.0,0.0,0,0,0,0,0.0,0.0,1.0,0.0,0.0,0.0,0.0,0,0
40,6,iliman ndiaye|everton,Iliman Ndiaye,Everton,MID,0.0,0.0,0.0,0.0,1e-09,0.0,0.0,0.0,0.0,0.0,0.0,0.0,0.0,0.0,0.0,0.0,0,1,9.9,0.0,0.01,0.1,0.1,0.01,20.72326583694641,True,0.0,0.0,0,0,0,0,0.0,0.0,1.0,0.0,0.0,0.0,0.0,0,0
40,6,ismaila sarr|crystal palace,Ismaila Sarr,Crystal Palace,MID,0.0,0.0,0.0,0.0,1e-09,0.0,0.0,0.0,0.0,0.0,0.0,0.0,0.0,0.0,0.0,0.0,0,1,6.2,0.0,0.01,0.1,0.1,0.01,20.72326583694641,True,0.0,0.0,0,0,0,0,0.0,0.0,1.0,0.0,0.0,0.0,0.0,0,0
40,6,issa diop|fulham,Issa Diop,Fulham,DEF,0.0,0.0,0.0,0.0,1e-09,0.0,0.0,0.0,0.0,0.0,0.0,0.0,0.0,0.0,0.0,0.0,0,1,7.9,0.0,0.02,0.33,0.33,0.02,20.72326583694641,True,0.0,0.0,0,0,0,0,0.0,0.0,1.0,0.0,0.0,0.0,0.0,0,0
40,6,iyenoma destiny udogie|tottenham,Iyenoma Destiny Udogie,Tottenham,DEF,0.0,0.0,0.0,0.0,1e-09,0.0,0.0,0.0,0.0,0.0,0.0,0.0,0.0,0.0,0.0,0.0,0,1,4.5,0.0,0.02,0.2,0.2,0.02,20.72326583694641,True,0.0,0.0,0,0,0,0,0.0,0.0,1.0,0.0,0.0,0.0,0.0,0,0
40,6,jack fletcher|manchester united,Jack Fletcher,Manchester United,MID,0.0,0.0,0.0,0.0,1e-09,0.0,0.0,0.0,0.0,0.0,0.0,0.0,0.0,0.0,0.0,0.0,0,1,9.3,0.0,0.02,0.06,0.06,0.02,20.72326583694641,True,0.0,0.0,0,0,0,0,0.0,0.0,1.0,0.0,0.0,0.0,0.0,0,0
40,6,jack grealish|everton,Jack Grealish,Everton,MID,0.0,0.0,0.0,0.0,1e-09,0.0,0.0,0.0,0.0,0.0,0.0,0.0,0.0,0.0,0.0,0.0,0,1,7.5,0.0,0.01,0.33,0.33,0.01,20.72326583694641,True,0.0,0.0,0,0,0,0,0.0,0.0,1.0,0.0,0.0,0.0,0.0,0,0
40,6,jack harrison|leeds,Jack Harrison,Leeds,MID,0.0,0.0,0.0,0.0,1e-09,0.0,0.0,0.0,0.0,0.0,0.0,0.0,0.0,0.0,0.0,0.0,0,1,8.2,0.0,0.02,0.14,0.14,0.02,20.72326583694641,True,0.0,0.0,0,0,0,0,0.0,0.0,1.0,0.0,0.0,0.0,0.0,0,0
40,6,jack hinshelwood|brighton,Jack Hinshelwood,Brighton,MID,0.0,0.0,0.0,0.0,1e-09,0.0,0.0,0.0,0.0,0.0,0.0,0.0,0.0,0.0,0.0,0.0,0,1,8.0,0.0,0.01,0.06,0.06,0.01,20.72326583694641,True,0.0,0.0,0,0,0,0,0.0,0.0,1.0,0.0,0.0,0.0,0.0,0,0
40,6,jackson tchatchoua|wolverhampton wanderers,Jackson Tchatchoua,Wolverhampton Wanderers,DEF,0.0,0.0,0.0,0.0,1e-09,0.0,0.0,0.0,0.0,0.0,0.0,0.0,0.0,0.0,0.0,0.0,0,1,3.0,0.0,0.02,0.2,0.2,0.02,20.72326583694641,True,0.0,0.0,0,0,0,0,0.0,0.0,1.0,0.0,0.0,0.0,0.0,0,0
40,6,jacob bruun larsen|burnley,Jacob Bruun Larsen,Burnley,FWD,0.0,0.0,0.0,0.0,1e-09,0.0,0.0,0.0,0.0,0.0,0.0,0.0,0.0,0.0,0.0,0.0,0,1,5.7,0.0,0.01,,0.0,0.01,20.72326583694641,True,0.0,0.0,0,0,0,0,0.0,0.0,1.0,0.0,0.0,0.0,0.0,0,0
40,6,jacob murphy|newcastle united,Jacob Murphy,Newcastle United,MID,0.0,0.0,0.0,0.0,1e-09,0.0,0.0,0.0,0.0,0.0,0.0,0.0,0.0,0.0,0.0,0.0,0,1,4.5,0.0,0.02,0.06,0.06,0.02,20.72326583694641,True,0.0,0.0,0,0,0,0,0.0,0.0,1.0,0.0,0.0,0.0,0.0,0,0
40,6,jacob ramsey|newcastle united,Jacob Ramsey,Newcastle United,MID,0.0,0.0,0.0,0.0,1e-09,0.0,0.0,0.0,0.0,0.0,0.0,0.0,0.0,0.0,0.0,0.0,0,1,9.1,0.0,0.01,0.5,0.5,0.01,20.72326583694641,True,0.0,0.0,0,0,0,0,0.0,0.0,1.0,0.0,0.0,0.0,0.0,0,0
40,6,jadon sancho|aston villa,Jadon Sancho,Aston Villa,MID,0.0,0.0,0.0,0.0,1e-09,0.0,0.0,0.0,0.0,0.0,0.0,0.0,0.0,0.0,0.0,0.0,0,1,4.8,0.0,0.02,0.1,0.1,0.02,20.72326583694641,True,0.0,0.0,0,0,0,0,0.0,0.0,1.0,0.0,0.0,0.0,0.0,0,0
40,6,jaidon anthony|burnley,Jaidon Anthony,Burnley,MID,0.0,0.0,0.0,0.0,1e-09,0.0,0.0,0.0,0.0,0.0,0.0,0.0,0.0,0.0,0.0,0.0,0,1,8.2,0.0,0.01,0.2,0.2,0.01,20.72326583694641,True,0.0,0.0,0,0,0,0,0.0,0.0,1.0,0.0,0.0,0.0,0.0,0,0
40,6,jair|nottingham forest,Jair,Nottingham Forest,DEF,0.0,0.0,0.0,0.0,1e-09,0.0,0.0,0.0,0.0,0.0,0.0,0.0,0.0,0.0,0.0,0.0,0,1,10.2,0.0,0.02,0.14,0.14,0.02,20.72326583694641,True,0.0,0.0,0,0,0,0,0.0,0.0,1.0,0.0,0.0,0.0,0.0,0,0
40,6,jaka bijol|leeds,Jaka Bijol,Leeds,DEF,0.0,0.0,0.0,0.0,1e-09,0.0,0.0,0.0,0.0,0.0,0.0,0.0,0.0,0.0,0.0,0.0,0,1,9.2,0.0,0.02,0.33,0.33,0.02,20.72326583694641,True,0.0,0.0,0,0,0,0,0.0,0.0,1.0,0.0,0.0,0.0,0.0,0,0
40,6,jake o'brien|everton,Jake O'Brien,Everton,DEF,0.0,0.0,0.0,0.0,1e-09,0.0,0.0,0.0,0.0,0.0,0.0,0.0,0.0,0.0,0.0,0.0,0,1,6.9,0.0,0.02,0.06,0.06,0.02,20.72326583694641,True,0.0,0.0,0,0,0,0,0.0,0.0,1.0,0.0,0.0,0.0,0.0,0,0
40,6,jamaal lascelles|newcastle united,Jamaal Lascelles,Newcastle United,DEF,0.0,0.0,0.0,0.0,1e-09,0.0,0.0,0.0,0.0,0.0,0.0,0.0,0.0,0.0,0.0,0.0,0,1,3.0,0.0,0.01,0.14,0.14,0.01,20.72326583694641,True,0.0,0.0,0,0,0,0,0.0,0.0,1.0,0.0,0.0,0.0,0.0,0,0
40,6,jamaldeen jimoh|aston villa,Jamaldeen Jimoh,Aston Villa,MID,0.0,0.0,0.0,0.0,1e-09,0.0,0.0,0.0,0.0,0.0,0.0,0.0,0.0,0.0,0.0,0.0,0,1,2.0,0.0,0.01,0.06,0.06,0.01,20.72326583694641,True,0.0,0.0,0,0,0,0,0.0,0.0,1.0,0.0,0.0,0.0,0.0,0,0
40,6,james garner|everton,James Garner,Everton,MID,0.0,0.0,0.0,0.0,1e-09,0.0,0.0,0.0,0.0,0.0,0.0,0.0,0.0,0.0,0.0,0.0,0,1,12.3,0.0,0.02,0.2,0.2,0.02,20.72326583694641,True,0.0,0.0,0,0,0,0,0.0,0.0,1.0,0.0,0.0,0.0,0.0,0,0
40,6,james hill|bournemouth,James Hill,Bournemouth,DEF,0.0,0.0,0.0,0.0,1e-09,0.0,0.0,0.0,0.0,0.0,0.0,0.0,0.0,0.0,0.0,0.0,0,1,10.9,0.0,0.02,0.14,0.14,0.02,20.72326583694641,True,0.0,0.0,0,0,0,0,0.0,0.0,1.0,0.0,0.0,0.0,0.0,0,0
40,6,james justin|leeds,James Justin,Leeds,DEF,0.0,0.0,0.0,0.0,1e-09,0.0,0.0,0.0,0.0,0.0,0.0,0.0,0.0,0.0,0.0,0.0,0,1,8.2,0.0,0.02,0.33,0.33,0.02,20.72326583694641,True,0.0,0.0,0,0,0,0,0.0,0.0,1.0,0.0,0.0,0.0,0.0,0,0
40,6,james mcatee|nottingham forest,James McAtee,Nottingham Forest,MID,0.0,0.0,0.0,0.0,1e-09,0.0,0.0,0.0,0.0,0.0,0.0,0.0,0.0,0.0,0.0,0.0,0,1,5.8,0.0,0.01,0.33,0.33,0.01,20.72326583694641,True,0.0,0.0,0,0,0,0,0.0,0.0,1.0,0.0,0.0,0.0,0.0,0,0
40,6,james milner|brighton,James Milner,Brighton,MID,0.0,0.0,0.0,0.0,1e-09,0.0,0.0,0.0,0.0,0.0,0.0,0.0,0.0,0.0,0.0,0.0,0,1,9.2,0.0,0.01,0.33,0.33,0.01,20.72326583694641,True,0.0,0.0,0,0,0,0,0.0,0.0,1.0,0.0,0.0,0.0,0.0,0,0
40,6,james rowswell|tottenham,James Rowswell,Tottenham,MID,0.0,0.0,0.0,0.0,1e-09,0.0,0.0,0.0,0.0,0.0,0.0,0.0,0.0,0.0,0.0,0.0,0,1,0.0,0.0,0.0,0.0,0.0,0.0,20.72326583694641,True,0.0,0.0,0,0,0,0,0.0,0.0,1.0,0.0,0.0,0.0,0.0,0,0
40,6,james tarkowski|everton,James Tarkowski,Everton,DEF,0.0,0.0,0.0,0.0,1e-09,0.0,0.0,0.0,0.0,0.0,0.0,0.0,0.0,0.0,0.0,0.0,0,1,10.7,0.0,0.02,0.2,0.2,0.02,20.72326583694641,True,0.0,0.0,0,0,0,0,0.0,0.0,1.0,0.0,0.0,0.0,0.0,0,0
40,6,james trafford|manchester city,James Trafford,Manchester City,GK,0.0,0.0,0.0,0.0,1e-09,0.0,0.0,0.0,0.0,0.0,0.0,0.0,0.0,0.0,0.0,0.0,0,1,0.0,0.0,0.01,0.1,0.1,0.01,20.72326583694641,True,0.0,0.0,0,0,0,0,0.0,0.0,1.0,0.0,0.0,0.0,0.0,0,0
40,6,james ward-prowse|burnley,James Ward-Prowse,Burnley,MID,0.0,0.0,0.0,0.0,1e-09,0.0,0.0,0.0,0.0,0.0,0.0,0.0,0.0,0.0,0.0,0.0,0,1,5.6,0.0,0.01,0.06,0.06,0.01,20.72326583694641,True,0.0,0.0,0,0,0,0,0.0,0.0,1.0,0.0,0.0,0.0,0.0,0,0
40,6,jamie bynoe-gittens|chelsea,Jamie Bynoe-Gittens,Chelsea,MID,0.0,0.0,0.0,0.0,1e-09,0.0,0.0,0.0,0.0,0.0,0.0,0.0,0.0,0.0,0.0,0.0,0,1,4.0,0.0,0.02,0.03,0.03,0.02,20.72326583694641,True,0.0,0.0,0,0,0,0,0.0,0.0,1.0,0.0,0.0,0.0,0.0,0,0
40,6,jan paul van hecke|brighton,Jan Paul van Hecke,Brighton,DEF,0.0,0.0,0.0,0.0,1e-09,0.0,0.0,0.0,0.0,0.0,0.0,0.0,0.0,0.0,0.0,0.0,0,1,8.5,0.0,0.03,0.2,0.2,0.03,20.72326583694641,True,0.0,0.0,0,0,0,0,0.0,0.0,1.0,0.0,0.0,0.0,0.0,0,0
40,6,jarrad branthwaite|everton,Jarrad Branthwaite,Everton,DEF,0.0,0.0,0.0,0.0,1e-09,0.0,0.0,0.0,0.0,0.0,0.0,0.0,0.0,0.0,0.0,0.0,0,1,8.4,0.0,0.03,0.14,0.14,0.03,20.72326583694641,True,0.0,0.0,0,0,0,0,0.0,0.0,1.0,0.0,0.0,0.0,0.0,0,0
40,6,jarrod bowen|west ham,Jarrod Bowen,West Ham,FWD,0.0,0.0,0.0,0.0,1e-09,0.0,0.0,0.0,0.0,0.0,0.0,0.0,0.0,0.0,0.0,0.0,0,1,7.3,0.0,0.01,0.14,0.14,0.01,20.72326583694641,True,0.0,0.0,0,0,0,0,0.0,0.0,1.0,0.0,0.0,0.0,0.0,0,0
40,6,jaydee canvot|crystal palace,Jaydee Canvot,Crystal Palace,DEF,0.0,0.0,0.0,0.0,1e-09,0.0,0.0,0.0,0.0,0.0,0.0,0.0,0.0,0.0,0.0,0.0,0,1,12.3,0.0,0.02,0.2,0.2,0.02,20.72326583694641,True,0.0,0.0,0,0,0,0,0.0,0.0,1.0,0.0,0.0,0.0,0.0,0,0
40,6,jayden bogle|leeds,Jayden Bogle,Leeds,DEF,0.0,0.0,0.0,0.0,1e-09,0.0,0.0,0.0,0.0,0.0,0.0,0.0,0.0,0.0,0.0,0.0,0,1,5.7,0.0,0.02,0.2,0.2,0.02,20.72326583694641,True,0.0,0.0,0,0,0,0,0.0,0.0,1.0,0.0,0.0,0.0,0.0,0,0
40,6,jaydon banel|burnley,Jaydon Banel,Burnley,FWD,0.0,0.0,0.0,0.0,1e-09,0.0,0.0,0.0,0.0,0.0,0.0,0.0,0.0,0.0,0.0,0.0,0,1,0.0,0.0,0.01,0.03,0.03,0.01,20.72326583694641,True,0.0,0.0,0,0,0,0,0.0,0.0,1.0,0.0,0.0,0.0,0.0,0,0
40,6,jean-clair todibo|west ham,Jean-Clair Todibo,West Ham,DEF,0.0,0.0,0.0,0.0,1e-09,0.0,0.0,0.0,0.0,0.0,0.0,0.0,0.0,0.0,0.0,0.0,0,1,8.2,0.0,0.02,0.2,0.2,0.02,20.72326583694641,True,0.0,0.0,0,0,0,0,0.0,0.0,1.0,0.0,0.0,0.0,0.0,0,0
40,6,jean-philippe mateta|crystal palace,Jean-Philippe Mateta,Crystal Palace,FWD,0.0,0.0,0.0,0.0,1e-09,0.0,0.0,0.0,0.0,0.0,0.0,0.0,0.0,0.0,0.0,0.0,0,1,5.2,0.0,0.02,0.1,0.1,0.02,20.72326583694641,True,0.0,0.0,0,0,0,0,0.0,0.0,1.0,0.0,0.0,0.0,0.0,0,0
40,6,jean-ricner bellegarde|wolverhampton wanderers,Jean-Ricner Bellegarde,Wolverhampton Wanderers,MID,0.0,0.0,0.0,0.0,1e-09,0.0,0.0,0.0,0.0,0.0,0.0,0.0,0.0,0.0,0.0,0.0,0,1,7.5,0.0,0.02,0.33,0.33,0.02,20.72326583694641,True,0.0,0.0,0,0,0,0,0.0,0.0,1.0,0.0,0.0,0.0,0.0,0,0
40,6,jefferson lerma|crystal palace,Jefferson Lerma,Crystal Palace,MID,0.0,0.0,0.0,0.0,1e-09,0.0,0.0,0.0,0.0,0.0,0.0,0.0,0.0,0.0,0.0,0.0,0,1,11.4,0.0,0.02,0.06,0.06,0.02,20.72326583694641,True,0.0,0.0,0,0,0,0,0.0,0.0,1.0,0.0,0.0,0.0,0.0,0,0
40,6,jenson seelt|sunderland,Jenson Seelt,Sunderland,DEF,0.0,0.0,0.0,0.0,1e-09,0.0,0.0,0.0,0.0,0.0,0.0,0.0,0.0,0.0,0.0,0.0,0,1,8.1,0.0,0.02,0.33,0.33,0.02,20.72326583694641,True,0.0,0.0,0,0,0,0,0.0,0.0,1.0,0.0,0.0,0.0,0.0,0,0
40,6,jeremie frimpong|liverpool,Jeremie Frimpong,Liverpool,DEF,0.0,0.0,0.0,0.0,1e-09,0.0,0.0,0.0,0.0,0.0,0.0,0.0,0.0,0.0,0.0,0.0,0,1,2.9,0.0,0.02,0.1,0.1,0.02,20.72326583694641,True,0.0,0.0,0,0,0,0,0.0,0.0,1.0,0.0,0.0,0.0,0.0,0,0
40,6,jhon arias|wolverhampton wanderers,Jhon Arias,Wolverhampton Wanderers,MID,0.0,0.0,0.0,0.0,1e-09,0.0,0.0,0.0,0.0,0.0,0.0,0.0,0.0,0.0,0.0,0.0,0,1,5.0,0.0,0.02,0.06,0.06,0.02,20.72326583694641,True,0.0,0.0,0,0,0,0,0.0,0.0,1.0,0.0,0.0,0.0,0.0,0,0
40,6,joachim andersen|fulham,Joachim Andersen,Fulham,DEF,0.0,0.0,0.0,0.0,1e-09,0.0,0.0,0.0,0.0,0.0,0.0,0.0,0.0,0.0,0.0,0.0,0,1,10.4,0.0,0.02,0.14,0.14,0.02,20.72326583694641,True,0.0,0.0,0,0,0,0,0.0,0.0,1.0,0.0,0.0,0.0,0.0,0,0
40,6,joe knight|brighton,Joe Knight,Brighton,MID,0.0,0.0,0.0,0.0,1e-09,0.0,0.0,0.0,0.0,0.0,0.0,0.0,0.0,0.0,0.0,0.0,0,1,0.0,0.0,0.01,0.06,0.06,0.01,20.72326583694641,True,0.0,0.0,0,0,0,0,0.0,0.0,1.0,0.0,0.0,0.0,0.0,0,0
40,6,joe rodon|leeds,Joe Rodon,Leeds,DEF,0.0,0.0,0.0,0.0,1e-09,0.0,0.0,0.0,0.0,0.0,0.0,0.0,0.0,0.0,0.0,0.0,0,1,8.6,0.0,0.02,0.06,0.06,0.02,20.72326583694641,True,0.0,0.0,0,0,0,0,0.0,0.0,1.0,0.0,0.0,0.0,0.0,0,0
40,6,joe willock|newcastle united,Joe Willock,Newcastle United,MID,0.0,0.0,0.0,0.0,1e-09,0.0,0.0,0.0,0.0,0.0,0.0,0.0,0.0,0.0,0.0,0.0,0,1,9.2,0.0,0.01,0.33,0.33,0.01,20.72326583694641,True,0.0,0.0,0,0,0,0,0.0,0.0,1.0,0.0,0.0,0.0,0.0,0,0
40,6,joe worrall|burnley,Joe Worrall,Burnley,DEF,0.0,0.0,0.0,0.0,1e-09,0.0,0.0,0.0,0.0,0.0,0.0,0.0,0.0,0.0,0.0,0.0,0,1,12.7,0.0,0.02,0.06,0.06,0.02,20.72326583694641,True,0.0,0.0,0,0,0,0,0.0,0.0,1.0,0.0,0.0,0.0,0.0,0,0
40,6,joelinton|newcastle united,Joelinton,Newcastle United,MID,0.0,0.0,0.0,0.0,1e-09,0.0,0.0,0.0,0.0,0.0,0.0,0.0,0.0,0.0,0.0,0.0,0,1,11.0,0.0,0.03,0.5,0.5,0.03,20.72326583694641,True,0.0,0.0,0,0,0,0,0.0,0.0,1.0,0.0,0.0,0.0,0.0,0,0
40,6,john mcginn|aston villa,John McGinn,Aston Villa,MID,0.0,0.0,0.0,0.0,1e-09,0.0,0.0,0.0,0.0,0.0,0.0,0.0,0.0,0.0,0.0,0.0,0,1,7.1,0.0,0.02,0.2,0.2,0.02,20.72326583694641,True,0.0,0.0,0,0,0,0,0.0,0.0,1.0,0.0,0.0,0.0,0.0,0,0
40,6,john stones|manchester city,John Stones,Manchester City,DEF,0.0,0.0,0.0,0.0,1e-09,0.0,0.0,0.0,0.0,0.0,0.0,0.0,0.0,0.0,0.0,0.0,0,1,4.9,0.0,0.02,0.14,0.14,0.02,20.72326583694641,True,0.0,0.0,0,0,0,0,0.0,0.0,1.0,0.0,0.0,0.0,0.0,0,0
40,6,john victor|nottingham forest,John Victor,Nottingham Forest,GK,0.0,0.0,0.0,0.0,1e-09,0.0,0.0,0.0,0.0,0.0,0.0,0.0,0.0,0.0,0.0,0.0,0,1,0.0,0.0,0.01,0.06,0.06,0.01,20.72326583694641,True,0.0,0.0,0,0,0,0,0.0,0.0,1.0,0.0,0.0,0.0,0.0,0,0
40,6,jonah kusi-asare|fulham,Jonah Kusi-Asare,Fulham,FWD,0.0,0.0,0.0,0.0,1e-09,0.0,0.0,0.0,0.0,0.0,0.0,0.0,0.0,0.0,0.0,0.0,0,1,3.0,0.0,0.01,0.1,0.1,0.01,20.72326583694641,True,0.0,0.0,0,0,0,0,0.0,0.0,1.0,0.0,0.0,0.0,0.0,0,0
40,6,jordan henderson|brentford,Jordan Henderson,Brentford,MID,0.0,0.0,0.0,0.0,1e-09,0.0,0.0,0.0,0.0,0.0,0.0,0.0,0.0,0.0,0.0,0.0,0,1,8.4,0.0,0.02,0.33,0.33,0.02,20.72326583694641,True,0.0,0.0,0,0,0,0,0.0,0.0,1.0,0.0,0.0,0.0,0.0,0,0
40,6,jordan pickford|everton,Jordan Pickford,Everton,GK,0.0,0.0,0.0,0.0,1e-09,0.0,0.0,0.0,0.0,0.0,0.0,0.0,0.0,0.0,0.0,0.0,0,1,0.0,2.7,0.02,0.06,0.06,0.02,20.72326583694641,True,0.0,0.0,0,0,0,0,0.0,0.0,1.0,0.0,0.0,0.0,0.0,0,0
40,6,jorge cuenca|fulham,Jorge Cuenca,Fulham,DEF,0.0,0.0,0.0,0.0,1e-09,0.0,0.0,0.0,0.0,0.0,0.0,0.0,0.0,0.0,0.0,0.0,0,1,6.0,0.0,0.01,0.5,0.5,0.01,20.72326583694641,True,0.0,0.0,0,0,0,0,0.0,0.0,1.0,0.0,0.0,0.0,0.0,0,0
40,6,jorrel hato|chelsea,Jorrel Hato,Chelsea,DEF,0.0,0.0,0.0,0.0,1e-09,0.0,0.0,0.0,0.0,0.0,0.0,0.0,0.0,0.0,0.0,0.0,0,1,9.0,0.0,0.02,0.5,0.5,0.02,20.72326583694641,True,0.0,0.0,0,0,0,0,0.0,0.0,1.0,0.0,0.0,0.0,0.0,0,0
40,6,joseph gomez|liverpool,Joseph Gomez,Liverpool,DEF,0.0,0.0,0.0,0.0,1e-09,0.0,0.0,0.0,0.0,0.0,0.0,0.0,0.0,0.0,0.0,0.0,0,1,7.3,0.0,0.02,0.33,0.33,0.02,20.72326583694641,True,0.0,0.0,0,0,0,0,0.0,0.0,1.0,0.0,0.0,0.0,0.0,0,0
40,6,josh acheampong|chelsea,Josh Acheampong,Chelsea,DEF,0.0,0.0,0.0,0.0,1e-09,0.0,0.0,0.0,0.0,0.0,0.0,0.0,0.0,0.0,0.0,0.0,0,1,6.3,0.0,0.02,0.2,0.2,0.02,20.72326583694641,True,0.0,0.0,0,0,0,0,0.0,0.0,1.0,0.0,0.0,0.0,0.0,0,0
40,6,josh cullen|burnley,Josh Cullen,Burnley,MID,0.0,0.0,0.0,0.0,1e-09,0.0,0.0,0.0,0.0,0.0,0.0,0.0,0.0,0.0,0.0,0.0,0,1,10.3,0.0,0.01,0.14,0.14,0.01,20.72326583694641,True,0.0,0.0,0,0,0,0,0.0,0.0,1.0,0.0,0.0,0.0,0.0,0,0
40,6,josh laurent|burnley,Josh Laurent,Burnley,MID,0.0,0.0,0.0,0.0,1e-09,0.0,0.0,0.0,0.0,0.0,0.0,0.0,0.0,0.0,0.0,0.0,0,1,9.5,0.0,0.01,0.33,0.33,0.01,20.72326583694641,True,0.0,0.0,0,0,0,0,0.0,0.0,1.0,0.0,0.0,0.0,0.0,0,0
40,6,joshua king|fulham,Joshua King,Fulham,MID,0.0,0.0,0.0,0.0,1e-09,0.0,0.0,0.0,0.0,0.0,0.0,0.0,0.0,0.0,0.0,0.0,0,1,7.5,0.0,0.01,0.33,0.33,0.01,20.72326583694641,True,0.0,0.0,0,0,0,0,0.0,0.0,1.0,0.0,0.0,0.0,0.0,0,0
40,6,joshua zirkzee|manchester united,Joshua Zirkzee,Manchester United,FWD,0.0,0.0,0.0,0.0,1e-09,0.0,0.0,0.0,0.0,0.0,0.0,0.0,0.0,0.0,0.0,0.0,0,1,6.5,0.0,0.01,0.33,0.33,0.01,20.72326583694641,True,0.0,0.0,0,0,0,0,0.0,0.0,1.0,0.0,0.0,0.0,0.0,0,0
40,6,josko gvardiol|manchester city,Josko Gvardiol,Manchester City,DEF,0.0,0.0,0.0,0.0,1e-09,0.0,0.0,0.0,0.0,0.0,0.0,0.0,0.0,0.0,0.0,0.0,0,1,6.8,0.0,0.01,0.14,0.14,0.01,20.72326583694641,True,0.0,0.0,0,0,0,0,0.0,0.0,1.0,0.0,0.0,0.0,0.0,0,0
40,6,josé sá|wolverhampton wanderers,José Sá,Wolverhampton Wanderers,GK,0.0,0.0,0.0,0.0,1e-09,0.0,0.0,0.0,0.0,0.0,0.0,0.0,0.0,0.0,0.0,0.0,0,1,0.0,2.6,0.01,0.03,0.03,0.01,20.72326583694641,True,0.0,0.0,0,0,0,0,0.0,0.0,1.0,0.0,0.0,0.0,0.0,0,0
40,6,jota silva|nottingham forest,Jota Silva,Nottingham Forest,MID,0.0,0.0,0.0,0.0,1e-09,0.0,0.0,0.0,0.0,0.0,0.0,0.0,0.0,0.0,0.0,0.0,0,1,4.0,0.0,0.01,0.14,0.14,0.01,20.72326583694641,True,0.0,0.0,0,0,0,0,0.0,0.0,1.0,0.0,0.0,0.0,0.0,0,0
40,6,joão gomes|wolverhampton wanderers,João Gomes,Wolverhampton Wanderers,MID,0.0,0.0,0.0,0.0,1e-09,0.0,0.0,0.0,0.0,0.0,0.0,0.0,0.0,0.0,0.0,0.0,0,1,12.6,0.0,0.02,0.33,0.33,0.02,20.72326583694641,True,0.0,0.0,0,0,0,0,0.0,0.0,1.0,0.0,0.0,0.0,0.0,0,0
40,6,joão palhinha|tottenham,João Palhinha,Tottenham,MID,0.0,0.0,0.0,0.0,1e-09,0.0,0.0,0.0,0.0,0.0,0.0,0.0,0.0,0.0,0.0,0.0,0,1,12.4,0.0,0.02,0.33,0.33,0.02,20.72326583694641,True,0.0,0.0,0,0,0,0,0.0,0.0,1.0,0.0,0.0,0.0,0.0,0,0
40,6,joão pedro|chelsea,João Pedro,Chelsea,FWD,0.0,0.0,0.0,0.0,1e-09,0.0,0.0,0.0,0.0,0.0,0.0,0.0,0.0,0.0,0.0,0.0,0,1,5.0,0.0,0.02,0.2,0.2,0.02,20.72326583694641,True,0.0,0.0,0,0,0,0,0.0,0.0,1.0,0.0,0.0,0.0,0.0,0,0
40,6,joél drakes-thomas|crystal palace,Joél Drakes-Thomas,Crystal Palace,FWD,0.0,0.0,0.0,0.0,1e-09,0.0,0.0,0.0,0.0,0.0,0.0,0.0,0.0,0.0,0.0,0.0,0,1,0.0,0.0,0.01,0.06,0.06,0.01,20.72326583694641,True,0.0,0.0,0,0,0,0,0.0,0.0,1.0,0.0,0.0,0.0,0.0,0,0
40,6,joël piroe|leeds,Joël Piroe,Leeds,FWD,0.0,0.0,0.0,0.0,1e-09,0.0,0.0,0.0,0.0,0.0,0.0,0.0,0.0,0.0,0.0,0.0,0,1,2.0,0.0,0.01,0.1,0.1,0.01,20.72326583694641,True,0.0,0.0,0,0,0,0,0.0,0.0,1.0,0.0,0.0,0.0,0.0,0,0
40,6,joël veltman|brighton,Joël Veltman,Brighton,DEF,0.0,0.0,0.0,0.0,1e-09,0.0,0.0,0.0,0.0,0.0,0.0,0.0,0.0,0.0,0.0,0.0,0,1,9.3,0.0,0.02,0.5,0.5,0.02,20.72326583694641,True,0.0,0.0,0,0,0,0,0.0,0.0,1.0,0.0,0.0,0.0,0.0,0,0
40,6,julio soler|bournemouth,Julio Soler,Bournemouth,DEF,0.0,0.0,0.0,0.0,1e-09,0.0,0.0,0.0,0.0,0.0,0.0,0.0,0.0,0.0,0.0,0.0,0,1,0.0,0.0,0.01,0.06,0.06,0.01,20.72326583694641,True,0.0,0.0,0,0,0,0,0.0,0.0,1.0,0.0,0.0,0.0,0.0,0,0
40,6,jun'ai byfield|tottenham,Jun'ai Byfield,Tottenham,DEF,0.0,0.0,0.0,0.0,1e-09,0.0,0.0,0.0,0.0,0.0,0.0,0.0,0.0,0.0,0.0,0.0,0,1,1.0,0.0,0.02,0.06,0.06,0.02,20.72326583694641,True,0.0,0.0,0,0,0,0,0.0,0.0,1.0,0.0,0.0,0.0,0.0,0,0
40,6,jurriën timber|arsenal,Jurriën Timber,Arsenal,DEF,0.0,0.0,0.0,0.0,1e-09,0.0,0.0,0.0,0.0,0.0,0.0,0.0,0.0,0.0,0.0,0.0,0,1,5.0,0.0,0.02,0.2,0.2,0.02,20.72326583694641,True,0.0,0.0,0,0,0,0,0.0,0.0,1.0,0.0,0.0,0.0,0.0,0,0
40,6,justin devenny|crystal palace,Justin Devenny,Crystal Palace,MID,0.0,0.0,0.0,0.0,1e-09,0.0,0.0,0.0,0.0,0.0,0.0,0.0,0.0,0.0,0.0,0.0,0,1,7.3,0.0,0.02,0.06,0.06,0.02,20.72326583694641,True,0.0,0.0,0,0,0,0,0.0,0.0,1.0,0.0,0.0,0.0,0.0,0,0
40,6,justin kluivert|bournemouth,Justin Kluivert,Bournemouth,MID,0.0,0.0,0.0,0.0,1e-09,0.0,0.0,0.0,0.0,0.0,0.0,0.0,0.0,0.0,0.0,0.0,0,1,6.1,0.0,0.01,0.5,0.5,0.01,20.72326583694641,True,0.0,0.0,0,0,0,0,0.0,0.0,1.0,0.0,0.0,0.0,0.0,0,0
40,6,jéremy doku|manchester city,Jéremy Doku,Manchester City,MID,0.0,0.0,0.0,0.0,1e-09,0.0,0.0,0.0,0.0,0.0,0.0,0.0,0.0,0.0,0.0,0.0,0,1,6.0,0.0,0.01,0.06,0.06,0.01,20.72326583694641,True,0.0,0.0,0,0,0,0,0.0,0.0,1.0,0.0,0.0,0.0,0.0,0,0
40,6,jørgen strand larsen|crystal palace,Jørgen Strand Larsen,Crystal Palace,FWD,0.0,0.0,0.0,0.0,1e-09,0.0,0.0,0.0,0.0,0.0,0.0,0.0,0.0,0.0,0.0,0.0,0,1,3.7,0.0,0.01,0.14,0.14,0.01,20.72326583694641,True,0.0,0.0,0,0,0,0,0.0,0.0,1.0,0.0,0.0,0.0,0.0,0,0
40,6,kaden rodney|crystal palace,Kaden Rodney,Crystal Palace,MID,0.0,0.0,0.0,0.0,1e-09,0.0,0.0,0.0,0.0,0.0,0.0,0.0,0.0,0.0,0.0,0.0,0,1,0.0,0.0,0.01,0.06,0.06,0.01,20.72326583694641,True,0.0,0.0,0,0,0,0,0.0,0.0,1.0,0.0,0.0,0.0,0.0,0,0
40,6,kai havertz|arsenal,Kai Havertz,Arsenal,FWD,0.0,0.0,0.0,0.0,1e-09,0.0,0.0,0.0,0.0,0.0,0.0,0.0,0.0,0.0,0.0,0.0,0,1,6.4,0.0,0.02,0.03,0.03,0.02,20.72326583694641,True,0.0,0.0,0,0,0,0,0.0,0.0,1.0,0.0,0.0,0.0,0.0,0,0
40,6,kaoru mitoma|brighton,Kaoru Mitoma,Brighton,MID,0.0,0.0,0.0,0.0,1e-09,0.0,0.0,0.0,0.0,0.0,0.0,0.0,0.0,0.0,0.0,0.0,0,1,5.2,0.0,0.01,0.2,0.2,0.01,20.72326583694641,True,0.0,0.0,0,0,0,0,0.0,0.0,1.0,0.0,0.0,0.0,0.0,0,0
40,6,karl darlow|leeds,Karl Darlow,Leeds,GK,0.0,0.0,0.0,0.0,1e-09,0.0,0.0,0.0,0.0,0.0,0.0,0.0,0.0,0.0,0.0,0.0,0,1,0.0,2.8,0.01,0.03,0.03,0.01,20.72326583694641,True,0.0,0.0,0,0,0,0,0.0,0.0,1.0,0.0,0.0,0.0,0.0,0,0
40,6,keane lewis-potter|brentford,Keane Lewis-Potter,Brentford,DEF,0.0,0.0,0.0,0.0,1e-09,0.0,0.0,0.0,0.0,0.0,0.0,0.0,0.0,0.0,0.0,0.0,0,1,3.2,0.0,0.02,0.06,0.06,0.02,20.72326583694641,True,0.0,0.0,0,0,0,0,0.0,0.0,1.0,0.0,0.0,0.0,0.0,0,0
40,6,kenny tete|fulham,Kenny Tete,Fulham,DEF,0.0,0.0,0.0,0.0,1e-09,0.0,0.0,0.0,0.0,0.0,0.0,0.0,0.0,0.0,0.0,0.0,0,1,8.4,0.0,0.02,0.1,0.1,0.02,20.72326583694641,True,0.0,0.0,0,0,0,0,0.0,0.0,1.0,0.0,0.0,0.0,0.0,0,0
40,6,kevin danso|tottenham,Kevin Danso,Tottenham,DEF,0.0,0.0,0.0,0.0,1e-09,0.0,0.0,0.0,0.0,0.0,0.0,0.0,0.0,0.0,0.0,0.0,0,1,12.7,0.0,0.02,0.5,0.5,0.02,20.72326583694641,True,0.0,0.0,0,0,0,0,0.0,0.0,1.0,0.0,0.0,0.0,0.0,0,0
40,6,kevin schade|brentford,Kevin Schade,Brentford,MID,0.0,0.0,0.0,0.0,1e-09,0.0,0.0,0.0,0.0,0.0,0.0,0.0,0.0,0.0,0.0,0.0,0,1,6.9,0.0,0.01,0.33,0.33,0.01,20.72326583694641,True,0.0,0.0,0,0,0,0,0.0,0.0,1.0,0.0,0.0,0.0,0.0,0,0
40,6,kevin|fulham,Kevin,Fulham,MID,0.0,0.0,0.0,0.0,1e-09,0.0,0.0,0.0,0.0,0.0,0.0,0.0,0.0,0.0,0.0,0.0,0,1,7.5,0.0,0.02,0.1,0.1,0.02,20.72326583694641,True,0.0,0.0,0,0,0,0,0.0,0.0,1.0,0.0,0.0,0.0,0.0,0,0
40,6,ki-jana hoever|wolverhampton wanderers,Ki-Jana Hoever,Wolverhampton Wanderers,DEF,0.0,0.0,0.0,0.0,1e-09,0.0,0.0,0.0,0.0,0.0,0.0,0.0,0.0,0.0,0.0,0.0,0,1,8.5,0.0,0.02,0.1,0.1,0.02,20.72326583694641,True,0.0,0.0,0,0,0,0,0.0,0.0,1.0,0.0,0.0,0.0,0.0,0,0
40,6,kieran trippier|newcastle united,Kieran Trippier,Newcastle United,DEF,0.0,0.0,0.0,0.0,1e-09,0.0,0.0,0.0,0.0,0.0,0.0,0.0,0.0,0.0,0.0,0.0,0,1,4.0,0.0,0.02,0.2,0.2,0.02,20.72326583694641,True,0.0,0.0,0,0,0,0,0.0,0.0,1.0,0.0,0.0,0.0,0.0,0,0
40,6,kiernan dewsbury-hall|everton,Kiernan Dewsbury-Hall,Everton,MID,0.0,0.0,0.0,0.0,1e-09,0.0,0.0,0.0,0.0,0.0,0.0,0.0,0.0,0.0,0.0,0.0,0,1,7.8,0.0,0.02,0.33,0.33,0.02,20.72326583694641,True,0.0,0.0,0,0,0,0,0.0,0.0,1.0,0.0,0.0,0.0,0.0,0,0
40,6,kobbie mainoo|manchester united,Kobbie Mainoo,Manchester United,MID,0.0,0.0,0.0,0.0,1e-09,0.0,0.0,0.0,0.0,0.0,0.0,0.0,0.0,0.0,0.0,0.0,0,1,9.5,0.0,0.02,0.06,0.06,0.02,20.72326583694641,True,0.0,0.0,0,0,0,0,0.0,0.0,1.0,0.0,0.0,0.0,0.0,0,0
40,6,konstantinos mavropanos|west ham,Konstantinos Mavropanos,West Ham,DEF,0.0,0.0,0.0,0.0,1e-09,0.0,0.0,0.0,0.0,0.0,0.0,0.0,0.0,0.0,0.0,0.0,0,1,10.6,0.0,0.03,0.1,0.1,0.03,20.72326583694641,True,0.0,0.0,0,0,0,0,0.0,0.0,1.0,0.0,0.0,0.0,0.0,0,0
40,6,kristoffer ajer|brentford,Kristoffer Ajer,Brentford,DEF,0.0,0.0,0.0,0.0,1e-09,0.0,0.0,0.0,0.0,0.0,0.0,0.0,0.0,0.0,0.0,0.0,0,1,9.3,0.0,0.02,0.1,0.1,0.02,20.72326583694641,True,0.0,0.0,0,0,0,0,0.0,0.0,1.0,0.0,0.0,0.0,0.0,0,0
40,6,kyle walker-peters|west ham,Kyle Walker-Peters,West Ham,DEF,0.0,0.0,0.0,0.0,1e-09,0.0,0.0,0.0,0.0,0.0,0.0,0.0,0.0,0.0,0.0,0.0,0,1,6.8,0.0,0.02,0.2,0.2,0.02,20.72326583694641,True,0.0,0.0,0,0,0,0,0.0,0.0,1.0,0.0,0.0,0.0,0.0,0,0
40,6,kyle walker|burnley,Kyle Walker,Burnley,DEF,0.0,0.0,0.0,0.0,1e-09,0.0,0.0,0.0,0.0,0.0,0.0,0.0,0.0,0.0,0.0,0.0,0,1,6.0,0.0,0.02,0.33,0.33,0.02,20.72326583694641,True,0.0,0.0,0,0,0,0,0.0,0.0,1.0,0.0,0.0,0.0,0.0,0,0
40,6,ladislav krejcí|wolverhampton wanderers,Ladislav Krejcí,Wolverhampton Wanderers,DEF,0.0,0.0,0.0,0.0,1e-09,0.0,0.0,0.0,0.0,0.0,0.0,0.0,0.0,0.0,0.0,0.0,0,1,7.0,0.0,0.02,0.2,0.2,0.02,20.72326583694641,True,0.0,0.0,0,0,0,0,0.0,0.0,1.0,0.0,0.0,0.0,0.0,0,0
40,6,lamare bogarde|aston villa,Lamare Bogarde,Aston Villa,MID,0.0,0.0,0.0,0.0,1e-09,0.0,0.0,0.0,0.0,0.0,0.0,0.0,0.0,0.0,0.0,0.0,0,1,5.3,0.0,0.02,0.5,0.5,0.02,20.72326583694641,True,0.0,0.0,0,0,0,0,0.0,0.0,1.0,0.0,0.0,0.0,0.0,0,0
40,6,leandro trossard|arsenal,Leandro Trossard,Arsenal,MID,0.0,0.0,0.0,0.0,1e-09,0.0,0.0,0.0,0.0,0.0,0.0,0.0,0.0,0.0,0.0,0.0,0,1,6.1,0.0,0.02,0.67,0.67,0.02,20.72326583694641,True,0.0,0.0,0,0,0,0,0.0,0.0,1.0,0.0,0.0,0.0,0.0,0,0
40,6,leny yoro|manchester united,Leny Yoro,Manchester United,DEF,0.0,0.0,0.0,0.0,1e-09,0.0,0.0,0.0,0.0,0.0,0.0,0.0,0.0,0.0,0.0,0.0,0,1,7.5,0.0,0.02,0.06,0.06,0.02,20.72326583694641,True,0.0,0.0,0,0,0,0,0.0,0.0,1.0,0.0,0.0,0.0,0.0,0,0
40,6,leon bailey|aston villa,Leon Bailey,Aston Villa,MID,0.0,0.0,0.0,0.0,1e-09,0.0,0.0,0.0,0.0,0.0,0.0,0.0,0.0,0.0,0.0,0.0,0,1,9.8,0.0,0.01,0.2,0.2,0.01,20.72326583694641,True,0.0,0.0,0,0,0,0,0.0,0.0,1.0,0.0,0.0,0.0,0.0,0,0
40,6,lewis cook|bournemouth,Lewis Cook,Bournemouth,DEF,0.0,0.0,0.0,0.0,1e-09,0.0,0.0,0.0,0.0,0.0,0.0,0.0,0.0,0.0,0.0,0.0,0,1,14.8,0.0,0.02,0.1,0.1,0.02,20.72326583694641,True,0.0,0.0,0,0,0,0,0.0,0.0,1.0,0.0,0.0,0.0,0.0,0,0
40,6,lewis dunk|brighton,Lewis Dunk,Brighton,DEF,0.0,0.0,0.0,0.0,1e-09,0.0,0.0,0.0,0.0,0.0,0.0,0.0,0.0,0.0,0.0,0.0,0,1,7.6,0.0,0.03,0.33,0.33,0.03,20.72326583694641,True,0.0,0.0,0,0,0,0,0.0,0.0,1.0,0.0,0.0,0.0,0.0,0,0
40,6,lewis hall|newcastle united,Lewis Hall,Newcastle United,DEF,0.0,0.0,0.0,0.0,1e-09,0.0,0.0,0.0,0.0,0.0,0.0,0.0,0.0,0.0,0.0,0.0,0,1,8.0,0.0,0.01,0.14,0.14,0.01,20.72326583694641,True,0.0,0.0,0,0,0,0,0.0,0.0,1.0,0.0,0.0,0.0,0.0,0,0
40,6,lewis miley|newcastle united,Lewis Miley,Newcastle United,MID,0.0,0.0,0.0,0.0,1e-09,0.0,0.0,0.0,0.0,0.0,0.0,0.0,0.0,0.0,0.0,0.0,0,1,9.8,0.0,0.02,0.06,0.06,0.02,20.72326583694641,True,0.0,0.0,0,0,0,0,0.0,0.0,1.0,0.0,0.0,0.0,0.0,0,0
40,6,liam delap|chelsea,Liam Delap,Chelsea,FWD,0.0,0.0,0.0,0.0,1e-09,0.0,0.0,0.0,0.0,0.0,0.0,0.0,0.0,0.0,0.0,0.0,0,1,3.1,0.0,0.01,0.2,0.2,0.01,20.72326583694641,True,0.0,0.0,0,0,0,0,0.0,0.0,1.0,0.0,0.0,0.0,0.0,0,0
40,6,lisandro martínez|manchester united,Lisandro Martínez,Manchester United,DEF,0.0,0.0,0.0,0.0,1e-09,0.0,0.0,0.0,0.0,0.0,0.0,0.0,0.0,0.0,0.0,0.0,0,1,7.5,0.0,0.02,0.1,0.1,0.02,20.72326583694641,True,0.0,0.0,0,0,0,0,0.0,0.0,1.0,0.0,0.0,0.0,0.0,0,0
40,6,lorenzo lucca|nottingham forest,Lorenzo Lucca,Nottingham Forest,FWD,0.0,0.0,0.0,0.0,1e-09,0.0,0.0,0.0,0.0,0.0,0.0,0.0,0.0,0.0,0.0,0.0,0,1,3.0,0.0,0.01,0.06,0.06,0.01,20.72326583694641,True,0.0,0.0,0,0,0,0,0.0,0.0,1.0,0.0,0.0,0.0,0.0,0,0
40,6,loum tchaouna|burnley,Loum Tchaouna,Burnley,MID,0.0,0.0,0.0,0.0,1e-09,0.0,0.0,0.0,0.0,0.0,0.0,0.0,0.0,0.0,0.0,0.0,0,1,5.3,0.0,0.03,0.1,0.1,0.03,20.72326583694641,True,0.0,0.0,0,0,0,0,0.0,0.0,1.0,0.0,0.0,0.0,0.0,0,0
40,6,luca netz|nottingham forest,Luca Netz,Nottingham Forest,DEF,0.0,0.0,0.0,0.0,1e-09,0.0,0.0,0.0,0.0,0.0,0.0,0.0,0.0,0.0,0.0,0.0,0,1,3.0,0.0,0.01,0.14,0.14,0.01,20.72326583694641,True,0.0,0.0,0,0,0,0,0.0,0.0,1.0,0.0,0.0,0.0,0.0,0,0
40,6,lucas bergvall|tottenham,Lucas Bergvall,Tottenham,MID,0.0,0.0,0.0,0.0,1e-09,0.0,0.0,0.0,0.0,0.0,0.0,0.0,0.0,0.0,0.0,0.0,0,1,7.7,0.0,0.01,0.2,0.2,0.01,20.72326583694641,True,0.0,0.0,0,0,0,0,0.0,0.0,1.0,0.0,0.0,0.0,0.0,0,0
40,6,lucas digne|aston villa,Lucas Digne,Aston Villa,DEF,0.0,0.0,0.0,0.0,1e-09,0.0,0.0,0.0,0.0,0.0,0.0,0.0,0.0,0.0,0.0,0.0,0,1,5.2,0.0,0.03,0.2,0.2,0.03,20.72326583694641,True,0.0,0.0,0,0,0,0,0.0,0.0,1.0,0.0,0.0,0.0,0.0,0,0
40,6,lucas paquetá|west ham,Lucas Paquetá,West Ham,MID,0.0,0.0,0.0,0.0,1e-09,0.0,0.0,0.0,0.0,0.0,0.0,0.0,0.0,0.0,0.0,0.0,0,1,8.7,0.0,0.02,0.2,0.2,0.02,20.72326583694641,True,0.0,0.0,0,0,0,0,0.0,0.0,1.0,0.0,0.0,0.0,0.0,0,0
40,6,lucas perri|leeds,Lucas Perri,Leeds,GK,0.0,0.0,0.0,0.0,1e-09,0.0,0.0,0.0,0.0,0.0,0.0,0.0,0.0,0.0,0.0,0.0,0,1,0.0,2.4,0.01,0.1,0.1,0.01,20.72326583694641,True,0.0,0.0,0,0,0,0,0.0,0.0,1.0,0.0,0.0,0.0,0.0,0,0
40,6,lucas pires|burnley,Lucas Pires,Burnley,DEF,0.0,0.0,0.0,0.0,1e-09,0.0,0.0,0.0,0.0,0.0,0.0,0.0,0.0,0.0,0.0,0.0,0,1,6.4,0.0,0.01,0.06,0.06,0.01,20.72326583694641,True,0.0,0.0,0,0,0,0,0.0,0.0,1.0,0.0,0.0,0.0,0.0,0,0
40,6,luis guilherme|west ham,Luis Guilherme,West Ham,MID,0.0,0.0,0.0,0.0,1e-09,0.0,0.0,0.0,0.0,0.0,0.0,0.0,0.0,0.0,0.0,0.0,0,1,8.2,0.0,0.01,0.1,0.1,0.01,20.72326583694641,True,0.0,0.0,0,0,0,0,0.0,0.0,1.0,0.0,0.0,0.0,0.0,0,0
40,6,lukas nmecha|leeds,Lukas Nmecha,Leeds,FWD,0.0,0.0,0.0,0.0,1e-09,0.0,0.0,0.0,0.0,0.0,0.0,0.0,0.0,0.0,0.0,0.0,0,1,4.6,0.0,0.01,0.1,0.1,0.01,20.72326583694641,True,0.0,0.0,0,0,0,0,0.0,0.0,1.0,0.0,0.0,0.0,0.0,0,0
40,6,luke o'nien|sunderland,Luke O'Nien,Sunderland,MID,0.0,0.0,0.0,0.0,1e-09,0.0,0.0,0.0,0.0,0.0,0.0,0.0,0.0,0.0,0.0,0.0,0,1,3.0,0.0,0.01,0.5,0.5,0.01,20.72326583694641,True,0.0,0.0,0,0,0,0,0.0,0.0,1.0,0.0,0.0,0.0,0.0,0,0
40,6,luke shaw|manchester united,Luke Shaw,Manchester United,DEF,0.0,0.0,0.0,0.0,1e-09,0.0,0.0,0.0,0.0,0.0,0.0,0.0,0.0,0.0,0.0,0.0,0,1,5.5,0.0,0.02,0.2,0.2,0.02,20.72326583694641,True,0.0,0.0,0,0,0,0,0.0,0.0,1.0,0.0,0.0,0.0,0.0,0,0
40,6,lutsharel geertruida|sunderland,Lutsharel Geertruida,Sunderland,DEF,0.0,0.0,0.0,0.0,1e-09,0.0,0.0,0.0,0.0,0.0,0.0,0.0,0.0,0.0,0.0,0.0,0,1,6.6,0.0,0.02,0.06,0.06,0.02,20.72326583694641,True,0.0,0.0,0,0,0,0,0.0,0.0,1.0,0.0,0.0,0.0,0.0,0,0
40,6,lyle foster|burnley,Lyle Foster,Burnley,FWD,0.0,0.0,0.0,0.0,1e-09,0.0,0.0,0.0,0.0,0.0,0.0,0.0,0.0,0.0,0.0,0.0,0,1,5.3,0.0,0.02,0.33,0.33,0.02,20.72326583694641,True,0.0,0.0,0,0,0,0,0.0,0.0,1.0,0.0,0.0,0.0,0.0,0,0
40,6,mads hermansen|west ham,Mads Hermansen,West Ham,GK,0.0,0.0,0.0,0.0,1e-09,0.0,0.0,0.0,0.0,0.0,0.0,0.0,0.0,0.0,0.0,0.0,0,1,0.0,2.9,0.01,0.1,0.1,0.01,20.72326583694641,True,0.0,0.0,0,0,0,0,0.0,0.0,1.0,0.0,0.0,0.0,0.0,0,0
40,6,malick thiaw|newcastle united,Malick Thiaw,Newcastle United,DEF,0.0,0.0,0.0,0.0,1e-09,0.0,0.0,0.0,0.0,0.0,0.0,0.0,0.0,0.0,0.0,0.0,0,1,9.0,0.0,0.02,0.14,0.14,0.02,20.72326583694641,True,0.0,0.0,0,0,0,0,0.0,0.0,1.0,0.0,0.0,0.0,0.0,0,0
40,6,malo gusto|chelsea,Malo Gusto,Chelsea,DEF,0.0,0.0,0.0,0.0,1e-09,0.0,0.0,0.0,0.0,0.0,0.0,0.0,0.0,0.0,0.0,0.0,0,1,5.2,0.0,0.02,0.2,0.2,0.02,20.72326583694641,True,0.0,0.0,0,0,0,0,0.0,0.0,1.0,0.0,0.0,0.0,0.0,0,0
40,6,mamadou sarr|chelsea,Mamadou Sarr,Chelsea,DEF,0.0,0.0,0.0,0.0,1e-09,0.0,0.0,0.0,0.0,0.0,0.0,0.0,0.0,0.0,0.0,0.0,0,1,5.0,0.0,0.02,0.06,0.06,0.02,20.72326583694641,True,0.0,0.0,0,0,0,0,0.0,0.0,1.0,0.0,0.0,0.0,0.0,0,0
40,6,manuel ugarte|manchester united,Manuel Ugarte,Manchester United,MID,0.0,0.0,0.0,0.0,1e-09,0.0,0.0,0.0,0.0,0.0,0.0,0.0,0.0,0.0,0.0,0.0,0,1,14.7,0.0,0.03,0.2,0.2,0.03,20.72326583694641,True,0.0,0.0,0,0,0,0,0.0,0.0,1.0,0.0,0.0,0.0,0.0,0,0
40,6,marc cucurella|chelsea,Marc Cucurella,Chelsea,DEF,0.0,0.0,0.0,0.0,1e-09,0.0,0.0,0.0,0.0,0.0,0.0,0.0,0.0,0.0,0.0,0.0,0,1,6.7,0.0,0.02,0.2,0.2,0.02,20.72326583694641,True,0.0,0.0,0,0,0,0,0.0,0.0,1.0,0.0,0.0,0.0,0.0,0,0
40,6,marc guehi|manchester city,Marc Guehi,Manchester City,DEF,0.0,0.0,0.0,0.0,1e-09,0.0,0.0,0.0,0.0,0.0,0.0,0.0,0.0,0.0,0.0,0.0,0,1,8.3,0.0,0.02,0.14,0.14,0.02,20.72326583694641,True,0.0,0.0,0,0,0,0,0.0,0.0,1.0,0.0,0.0,0.0,0.0,0,0
40,6,marc guiu|chelsea,Marc Guiu,Chelsea,FWD,0.0,0.0,0.0,0.0,1e-09,0.0,0.0,0.0,0.0,0.0,0.0,0.0,0.0,0.0,0.0,0.0,0,1,2.0,0.0,0.01,0.06,0.06,0.01,20.72326583694641,True,0.0,0.0,0,0,0,0,0.0,0.0,1.0,0.0,0.0,0.0,0.0,0,0
40,6,marco bizot|aston villa,Marco Bizot,Aston Villa,GK,0.0,0.0,0.0,0.0,1e-09,0.0,0.0,0.0,0.0,0.0,0.0,0.0,0.0,0.0,0.0,0.0,0,1,0.0,0.0,0.01,0.03,0.03,0.01,20.72326583694641,True,0.0,0.0,0,0,0,0,0.0,0.0,1.0,0.0,0.0,0.0,0.0,0,0
40,6,marcos senesi|bournemouth,Marcos Senesi,Bournemouth,DEF,0.0,0.0,0.0,0.0,1e-09,0.0,0.0,0.0,0.0,0.0,0.0,0.0,0.0,0.0,0.0,0.0,0,1,12.2,0.0,0.02,0.2,0.2,0.02,20.72326583694641,True,0.0,0.0,0,0,0,0,0.0,0.0,1.0,0.0,0.0,0.0,0.0,0,0
40,6,marcus edwards|burnley,Marcus Edwards,Burnley,MID,0.0,0.0,0.0,0.0,1e-09,0.0,0.0,0.0,0.0,0.0,0.0,0.0,0.0,0.0,0.0,0.0,0,1,5.3,0.0,0.01,0.06,0.06,0.01,20.72326583694641,True,0.0,0.0,0,0,0,0,0.0,0.0,1.0,0.0,0.0,0.0,0.0,0,0
40,6,marcus tavernier|bournemouth,Marcus Tavernier,Bournemouth,MID,0.0,0.0,0.0,0.0,1e-09,0.0,0.0,0.0,0.0,0.0,0.0,0.0,0.0,0.0,0.0,0.0,0,1,8.3,0.0,0.02,0.2,0.2,0.02,20.72326583694641,True,0.0,0.0,0,0,0,0,0.0,0.0,1.0,0.0,0.0,0.0,0.0,0,0
40,6,marshall munetsi|wolverhampton wanderers,Marshall Munetsi,Wolverhampton Wanderers,MID,0.0,0.0,0.0,0.0,1e-09,0.0,0.0,0.0,0.0,0.0,0.0,0.0,0.0,0.0,0.0,0.0,0,1,5.0,0.0,0.01,0.14,0.14,0.01,20.72326583694641,True,0.0,0.0,0,0,0,0,0.0,0.0,1.0,0.0,0.0,0.0,0.0,0,0
40,6,martin dubravka|burnley,Martin Dubravka,Burnley,GK,0.0,0.0,0.0,0.0,1e-09,0.0,0.0,0.0,0.0,0.0,0.0,0.0,0.0,0.0,0.0,0.0,0,1,0.0,3.7,0.01,0.03,0.03,0.01,20.72326583694641,True,0.0,0.0,0,0,0,0,0.0,0.0,1.0,0.0,0.0,0.0,0.0,0,0
40,6,martin odegaard|arsenal,Martin Odegaard,Arsenal,MID,0.0,0.0,0.0,0.0,1e-09,0.0,0.0,0.0,0.0,0.0,0.0,0.0,0.0,0.0,0.0,0.0,0,1,6.8,0.0,0.01,0.03,0.03,0.01,20.72326583694641,True,0.0,0.0,0,0,0,0,0.0,0.0,1.0,0.0,0.0,0.0,0.0,0,0
40,6,martín zubimendi|arsenal,Martín Zubimendi,Arsenal,MID,0.0,0.0,0.0,0.0,1e-09,0.0,0.0,0.0,0.0,0.0,0.0,0.0,0.0,0.0,0.0,0.0,0,1,9.1,0.0,0.02,0.14,0.14,0.02,20.72326583694641,True,0.0,0.0,0,0,0,0,0.0,0.0,1.0,0.0,0.0,0.0,0.0,0,0
40,6,mason mount|manchester united,Mason Mount,Manchester United,MID,0.0,0.0,0.0,0.0,1e-09,0.0,0.0,0.0,0.0,0.0,0.0,0.0,0.0,0.0,0.0,0.0,0,1,7.0,0.0,0.02,0.1,0.1,0.02,20.72326583694641,True,0.0,0.0,0,0,0,0,0.0,0.0,1.0,0.0,0.0,0.0,0.0,0,0
40,6,mateo kovacic|manchester city,Mateo Kovacic,Manchester City,MID,0.0,0.0,0.0,0.0,1e-09,0.0,0.0,0.0,0.0,0.0,0.0,0.0,0.0,0.0,0.0,0.0,0,1,3.0,0.0,0.02,0.14,0.14,0.02,20.72326583694641,True,0.0,0.0,0,0,0,0,0.0,0.0,1.0,0.0,0.0,0.0,0.0,0,0
40,6,mateus fernandes|west ham,Mateus Fernandes,West Ham,MID,0.0,0.0,0.0,0.0,1e-09,0.0,0.0,0.0,0.0,0.0,0.0,0.0,0.0,0.0,0.0,0.0,0,1,11.7,0.0,0.02,0.2,0.2,0.02,20.72326583694641,True,0.0,0.0,0,0,0,0,0.0,0.0,1.0,0.0,0.0,0.0,0.0,0,0
40,6,mateus mané|wolverhampton wanderers,Mateus Mané,Wolverhampton Wanderers,FWD,0.0,0.0,0.0,0.0,1e-09,0.0,0.0,0.0,0.0,0.0,0.0,0.0,0.0,0.0,0.0,0.0,0,1,4.0,0.0,0.01,0.06,0.06,0.01,20.72326583694641,True,0.0,0.0,0,0,0,0,0.0,0.0,1.0,0.0,0.0,0.0,0.0,0,0
40,6,matheus cunha|manchester united,Matheus Cunha,Manchester United,MID,0.0,0.0,0.0,0.0,1e-09,0.0,0.0,0.0,0.0,0.0,0.0,0.0,0.0,0.0,0.0,0.0,0,1,7.4,0.0,0.02,0.06,0.06,0.02,20.72326583694641,True,0.0,0.0,0,0,0,0,0.0,0.0,1.0,0.0,0.0,0.0,0.0,0,0
40,6,matheus nunes|manchester city,Matheus Nunes,Manchester City,DEF,0.0,0.0,0.0,0.0,1e-09,0.0,0.0,0.0,0.0,0.0,0.0,0.0,0.0,0.0,0.0,0.0,0,1,6.7,0.0,0.02,0.14,0.14,0.02,20.72326583694641,True,0.0,0.0,0,0,0,0,0.0,0.0,1.0,0.0,0.0,0.0,0.0,0,0
40,6,mathias jensen|brentford,Mathias Jensen,Brentford,MID,0.0,0.0,0.0,0.0,1e-09,0.0,0.0,0.0,0.0,0.0,0.0,0.0,0.0,0.0,0.0,0.0,0,1,7.5,0.0,0.02,0.33,0.33,0.02,20.72326583694641,True,0.0,0.0,0,0,0,0,0.0,0.0,1.0,0.0,0.0,0.0,0.0,0,0
40,6,mathys tel|tottenham,Mathys Tel,Tottenham,MID,0.0,0.0,0.0,0.0,1e-09,0.0,0.0,0.0,0.0,0.0,0.0,0.0,0.0,0.0,0.0,0.0,0,1,8.3,0.0,0.01,0.06,0.06,0.01,20.72326583694641,True,0.0,0.0,0,0,0,0,0.0,0.0,1.0,0.0,0.0,0.0,0.0,0,0
40,6,mats wieffer|brighton,Mats Wieffer,Brighton,MID,0.0,0.0,0.0,0.0,1e-09,0.0,0.0,0.0,0.0,0.0,0.0,0.0,0.0,0.0,0.0,0.0,0,1,13.6,0.0,0.01,0.33,0.33,0.01,20.72326583694641,True,0.0,0.0,0,0,0,0,0.0,0.0,1.0,0.0,0.0,0.0,0.0,0,0
40,6,matt doherty|wolverhampton wanderers,Matt Doherty,Wolverhampton Wanderers,DEF,0.0,0.0,0.0,0.0,1e-09,0.0,0.0,0.0,0.0,0.0,0.0,0.0,0.0,0.0,0.0,0.0,0,1,7.3,0.0,0.02,0.5,0.5,0.02,20.72326583694641,True,0.0,0.0,0,0,0,0,0.0,0.0,1.0,0.0,0.0,0.0,0.0,0,0
40,6,matt o'riley|brighton,Matt O'Riley,Brighton,DEF,0.0,0.0,0.0,0.0,1e-09,0.0,0.0,0.0,0.0,0.0,0.0,0.0,0.0,0.0,0.0,0.0,0,1,0.0,0.0,0.01,0.06,0.06,0.01,20.72326583694641,True,0.0,0.0,0,0,0,0,0.0,0.0,1.0,0.0,0.0,0.0,0.0,0,0
40,6,matthew cash|aston villa,Matthew Cash,Aston Villa,DEF,0.0,0.0,0.0,0.0,1e-09,0.0,0.0,0.0,0.0,0.0,0.0,0.0,0.0,0.0,0.0,0.0,0,1,5.8,0.0,0.03,0.33,0.33,0.03,20.72326583694641,True,0.0,0.0,0,0,0,0,0.0,0.0,1.0,0.0,0.0,0.0,0.0,0,0
40,6,matthijs de ligt|manchester united,Matthijs de Ligt,Manchester United,DEF,0.0,0.0,0.0,0.0,1e-09,0.0,0.0,0.0,0.0,0.0,0.0,0.0,0.0,0.0,0.0,0.0,0,1,8.2,0.0,0.02,0.06,0.06,0.02,20.72326583694641,True,0.0,0.0,0,0,0,0,0.0,0.0,1.0,0.0,0.0,0.0,0.0,0,0
40,6,matz sels|nottingham forest,Matz Sels,Nottingham Forest,GK,0.0,0.0,0.0,0.0,1e-09,0.0,0.0,0.0,0.0,0.0,0.0,0.0,0.0,0.0,0.0,0.0,0,1,0.0,3.1,0.01,0.06,0.06,0.01,20.72326583694641,True,0.0,0.0,0,0,0,0,0.0,0.0,1.0,0.0,0.0,0.0,0.0,0,0
40,6,max alleyne|manchester city,Max Alleyne,Manchester City,DEF,0.0,0.0,0.0,0.0,1e-09,0.0,0.0,0.0,0.0,0.0,0.0,0.0,0.0,0.0,0.0,0.0,0,1,7.3,0.0,0.02,0.1,0.1,0.02,20.72326583694641,True,0.0,0.0,0,0,0,0,0.0,0.0,1.0,0.0,0.0,0.0,0.0,0,0
40,6,max dowman|arsenal,Max Dowman,Arsenal,MID,0.0,0.0,0.0,0.0,1e-09,0.0,0.0,0.0,0.0,0.0,0.0,0.0,0.0,0.0,0.0,0.0,0,1,0.0,0.0,0.02,0.06,0.06,0.02,20.72326583694641,True,0.0,0.0,0,0,0,0,0.0,0.0,1.0,0.0,0.0,0.0,0.0,0,0
40,6,max kilman|west ham,Max Kilman,West Ham,DEF,0.0,0.0,0.0,0.0,1e-09,0.0,0.0,0.0,0.0,0.0,0.0,0.0,0.0,0.0,0.0,0.0,0,1,9.2,0.0,0.02,0.2,0.2,0.02,20.72326583694641,True,0.0,0.0,0,0,0,0,0.0,0.0,1.0,0.0,0.0,0.0,0.0,0,0
40,6,maxence lacroix|crystal palace,Maxence Lacroix,Crystal Palace,DEF,0.0,0.0,0.0,0.0,1e-09,0.0,0.0,0.0,0.0,0.0,0.0,0.0,0.0,0.0,0.0,0.0,0,1,10.5,0.0,0.03,0.14,0.14,0.03,20.72326583694641,True,0.0,0.0,0,0,0,0,0.0,0.0,1.0,0.0,0.0,0.0,0.0,0,0
40,6,maxim de cuyper|brighton,Maxim De Cuyper,Brighton,DEF,0.0,0.0,0.0,0.0,1e-09,0.0,0.0,0.0,0.0,0.0,0.0,0.0,0.0,0.0,0.0,0.0,0,1,4.0,0.0,0.02,0.2,0.2,0.02,20.72326583694641,True,0.0,0.0,0,0,0,0,0.0,0.0,1.0,0.0,0.0,0.0,0.0,0,0
40,6,maxime estève|burnley,Maxime Estève,Burnley,DEF,0.0,0.0,0.0,0.0,1e-09,0.0,0.0,0.0,0.0,0.0,0.0,0.0,0.0,0.0,0.0,0.0,0,1,9.9,0.0,0.03,0.03,0.03,0.03,20.72326583694641,True,0.0,0.0,0,0,0,0,0.0,0.0,1.0,0.0,0.0,0.0,0.0,0,0
40,6,melker ellborg|sunderland,Melker Ellborg,Sunderland,MID,0.0,0.0,0.0,0.0,1e-09,0.0,0.0,0.0,0.0,0.0,0.0,0.0,0.0,0.0,0.0,0.0,0,1,0.0,0.0,0.0,0.0,0.0,0.0,20.72326583694641,True,0.0,0.0,0,0,0,0,0.0,0.0,1.0,0.0,0.0,0.0,0.0,0,0
40,6,merlin röhl|everton,Merlin Röhl,Everton,MID,0.0,0.0,0.0,0.0,1e-09,0.0,0.0,0.0,0.0,0.0,0.0,0.0,0.0,0.0,0.0,0.0,0,1,11.0,0.0,0.02,0.06,0.06,0.02,20.72326583694641,True,0.0,0.0,0,0,0,0,0.0,0.0,1.0,0.0,0.0,0.0,0.0,0,0
40,6,michael kayode|brentford,Michael Kayode,Brentford,DEF,0.0,0.0,0.0,0.0,1e-09,0.0,0.0,0.0,0.0,0.0,0.0,0.0,0.0,0.0,0.0,0.0,0,1,6.5,0.0,0.03,0.2,0.2,0.03,20.72326583694641,True,0.0,0.0,0,0,0,0,0.0,0.0,1.0,0.0,0.0,0.0,0.0,0,0
40,6,michael keane|everton,Michael Keane,Everton,DEF,0.0,0.0,0.0,0.0,1e-09,0.0,0.0,0.0,0.0,0.0,0.0,0.0,0.0,0.0,0.0,0.0,0,1,10.3,0.0,0.03,0.06,0.06,0.03,20.72326583694641,True,0.0,0.0,0,0,0,0,0.0,0.0,1.0,0.0,0.0,0.0,0.0,0,0
40,6,micky van de ven|tottenham,Micky van de Ven,Tottenham,DEF,0.0,0.0,0.0,0.0,1e-09,0.0,0.0,0.0,0.0,0.0,0.0,0.0,0.0,0.0,0.0,0.0,0,1,6.7,0.0,0.02,0.33,0.33,0.02,20.72326583694641,True,0.0,0.0,0,0,0,0,0.0,0.0,1.0,0.0,0.0,0.0,0.0,0,0
40,6,mike trésor|burnley,Mike Trésor,Burnley,FWD,0.0,0.0,0.0,0.0,1e-09,0.0,0.0,0.0,0.0,0.0,0.0,0.0,0.0,0.0,0.0,0.0,0,1,0.0,0.0,0.01,0.03,0.03,0.01,20.72326583694641,True,0.0,0.0,0,0,0,0,0.0,0.0,1.0,0.0,0.0,0.0,0.0,0,0
40,6,mikel merino|arsenal,Mikel Merino,Arsenal,MID,0.0,0.0,0.0,0.0,1e-09,0.0,0.0,0.0,0.0,0.0,0.0,0.0,0.0,0.0,0.0,0.0,0,1,10.0,0.0,0.02,0.2,0.2,0.02,20.72326583694641,True,0.0,0.0,0,0,0,0,0.0,0.0,1.0,0.0,0.0,0.0,0.0,0,0
40,6,mikkel damsgaard|brentford,Mikkel Damsgaard,Brentford,MID,0.0,0.0,0.0,0.0,1e-09,0.0,0.0,0.0,0.0,0.0,0.0,0.0,0.0,0.0,0.0,0.0,0,1,10.1,0.0,0.02,0.33,0.33,0.02,20.72326583694641,True,0.0,0.0,0,0,0,0,0.0,0.0,1.0,0.0,0.0,0.0,0.0,0,0
40,6,milos kerkez|liverpool,Milos Kerkez,Liverpool,DEF,0.0,0.0,0.0,0.0,1e-09,0.0,0.0,0.0,0.0,0.0,0.0,0.0,0.0,0.0,0.0,0.0,0,1,5.8,0.0,0.02,0.2,0.2,0.02,20.72326583694641,True,0.0,0.0,0,0,0,0,0.0,0.0,1.0,0.0,0.0,0.0,0.0,0,0
40,6,mohamadou kanté|west ham,Mohamadou Kanté,West Ham,MID,0.0,0.0,0.0,0.0,1e-09,0.0,0.0,0.0,0.0,0.0,0.0,0.0,0.0,0.0,0.0,0.0,0,1,3.0,0.0,0.02,0.14,0.14,0.02,20.72326583694641,True,0.0,0.0,0,0,0,0,0.0,0.0,1.0,0.0,0.0,0.0,0.0,0,0
40,6,mohamed salah|liverpool,Mohamed Salah,Liverpool,MID,0.0,0.0,0.0,0.0,1e-09,0.0,0.0,0.0,0.0,0.0,0.0,0.0,0.0,0.0,0.0,0.0,0,1,3.9,0.0,0.01,0.06,0.06,0.01,20.72326583694641,True,0.0,0.0,0,0,0,0,0.0,0.0,1.0,0.0,0.0,0.0,0.0,0,0
40,6,mohammed kudus|tottenham,Mohammed Kudus,Tottenham,MID,0.0,0.0,0.0,0.0,1e-09,0.0,0.0,0.0,0.0,0.0,0.0,0.0,0.0,0.0,0.0,0.0,0,1,7.8,0.0,0.01,0.14,0.14,0.01,20.72326583694641,True,0.0,0.0,0,0,0,0,0.0,0.0,1.0,0.0,0.0,0.0,0.0,0,0
40,6,moisés caicedo|chelsea,Moisés Caicedo,Chelsea,MID,0.0,0.0,0.0,0.0,1e-09,0.0,0.0,0.0,0.0,0.0,0.0,0.0,0.0,0.0,0.0,0.0,0,1,13.1,0.0,0.02,0.33,0.33,0.02,20.72326583694641,True,0.0,0.0,0,0,0,0,0.0,0.0,1.0,0.0,0.0,0.0,0.0,0,0
40,6,morato|nottingham forest,Morato,Nottingham Forest,DEF,0.0,0.0,0.0,0.0,1e-09,0.0,0.0,0.0,0.0,0.0,0.0,0.0,0.0,0.0,0.0,0.0,0,1,9.4,0.0,0.02,0.33,0.33,0.02,20.72326583694641,True,0.0,0.0,0,0,0,0,0.0,0.0,1.0,0.0,0.0,0.0,0.0,0,0
40,6,morgan gibbs-white|nottingham forest,Morgan Gibbs-White,Nottingham Forest,MID,0.0,0.0,0.0,0.0,1e-09,0.0,0.0,0.0,0.0,0.0,0.0,0.0,0.0,0.0,0.0,0.0,0,1,5.0,0.0,0.01,0.06,0.06,0.01,20.72326583694641,True,0.0,0.0,0,0,0,0,0.0,0.0,1.0,0.0,0.0,0.0,0.0,0,0
40,6,morgan rogers|aston villa,Morgan Rogers,Aston Villa,MID,0.0,0.0,0.0,0.0,1e-09,0.0,0.0,0.0,0.0,0.0,0.0,0.0,0.0,0.0,0.0,0.0,0,1,6.2,0.0,0.01,0.14,0.14,0.01,20.72326583694641,True,0.0,0.0,0,0,0,0,0.0,0.0,1.0,0.0,0.0,0.0,0.0,0,0
40,6,murillo|nottingham forest,Murillo,Nottingham Forest,DEF,0.0,0.0,0.0,0.0,1e-09,0.0,0.0,0.0,0.0,0.0,0.0,0.0,0.0,0.0,0.0,0.0,0,1,9.5,0.0,0.02,0.2,0.2,0.02,20.72326583694641,True,0.0,0.0,0,0,0,0,0.0,0.0,1.0,0.0,0.0,0.0,0.0,0,0
40,6,myles lewis-skelly|arsenal,Myles Lewis-Skelly,Arsenal,DEF,0.0,0.0,0.0,0.0,1e-09,0.0,0.0,0.0,0.0,0.0,0.0,0.0,0.0,0.0,0.0,0.0,0,1,4.1,0.0,0.02,0.5,0.5,0.02,20.72326583694641,True,0.0,0.0,0,0,0,0,0.0,0.0,1.0,0.0,0.0,0.0,0.0,0,0
40,6,myles peart-harris|brentford,Myles Peart-Harris,Brentford,MID,0.0,0.0,0.0,0.0,1e-09,0.0,0.0,0.0,0.0,0.0,0.0,0.0,0.0,0.0,0.0,0.0,0,1,0.0,0.0,0.02,0.03,0.03,0.02,20.72326583694641,True,0.0,0.0,0,0,0,0,0.0,0.0,1.0,0.0,0.0,0.0,0.0,0,0
40,6,naif aguerd|west ham,Naif Aguerd,West Ham,DEF,0.0,0.0,0.0,0.0,1e-09,0.0,0.0,0.0,0.0,0.0,0.0,0.0,0.0,0.0,0.0,0.0,0,1,2.0,0.0,0.02,0.2,0.2,0.02,20.72326583694641,True,0.0,0.0,0,0,0,0,0.0,0.0,1.0,0.0,0.0,0.0,0.0,0,0
40,6,nathan aké|manchester city,Nathan Aké,Manchester City,DEF,0.0,0.0,0.0,0.0,1e-09,0.0,0.0,0.0,0.0,0.0,0.0,0.0,0.0,0.0,0.0,0.0,0,1,7.0,0.0,0.02,0.14,0.14,0.02,20.72326583694641,True,0.0,0.0,0,0,0,0,0.0,0.0,1.0,0.0,0.0,0.0,0.0,0,0
40,6,nathan collins|brentford,Nathan Collins,Brentford,DEF,0.0,0.0,0.0,0.0,1e-09,0.0,0.0,0.0,0.0,0.0,0.0,0.0,0.0,0.0,0.0,0.0,0,1,10.3,0.0,0.02,0.2,0.2,0.02,20.72326583694641,True,0.0,0.0,0,0,0,0,0.0,0.0,1.0,0.0,0.0,0.0,0.0,0,0
40,6,nathan patterson|everton,Nathan Patterson,Everton,DEF,0.0,0.0,0.0,0.0,1e-09,0.0,0.0,0.0,0.0,0.0,0.0,0.0,0.0,0.0,0.0,0.0,0,1,11.4,0.0,0.01,0.1,0.1,0.01,20.72326583694641,True,0.0,0.0,0,0,0,0,0.0,0.0,1.0,0.0,0.0,0.0,0.0,0,0
40,6,nathaniel clyne|crystal palace,Nathaniel Clyne,Crystal Palace,DEF,0.0,0.0,0.0,0.0,1e-09,0.0,0.0,0.0,0.0,0.0,0.0,0.0,0.0,0.0,0.0,0.0,0,1,7.3,0.0,0.02,0.06,0.06,0.02,20.72326583694641,True,0.0,0.0,0,0,0,0,0.0,0.0,1.0,0.0,0.0,0.0,0.0,0,0
40,6,neco williams|nottingham forest,Neco Williams,Nottingham Forest,DEF,0.0,0.0,0.0,0.0,1e-09,0.0,0.0,0.0,0.0,0.0,0.0,0.0,0.0,0.0,0.0,0.0,0,1,7.0,0.0,0.02,0.14,0.14,0.02,20.72326583694641,True,0.0,0.0,0,0,0,0,0.0,0.0,1.0,0.0,0.0,0.0,0.0,0,0
40,6,nehemiah oriola|brighton,Nehemiah Oriola,Brighton,FWD,0.0,0.0,0.0,0.0,1e-09,0.0,0.0,0.0,0.0,0.0,0.0,0.0,0.0,0.0,0.0,0.0,0,1,0.0,0.0,0.01,0.03,0.03,0.01,20.72326583694641,True,0.0,0.0,0,0,0,0,0.0,0.0,1.0,0.0,0.0,0.0,0.0,0,0
40,6,nick pope|newcastle united,Nick Pope,Newcastle United,GK,0.0,0.0,0.0,0.0,1e-09,0.0,0.0,0.0,0.0,0.0,0.0,0.0,0.0,0.0,0.0,0.0,0,1,0.0,3.1,0.01,0.03,0.03,0.01,20.72326583694641,True,0.0,0.0,0,0,0,0,0.0,0.0,1.0,0.0,0.0,0.0,0.0,0,0
40,6,nick woltemade|newcastle united,Nick Woltemade,Newcastle United,FWD,0.0,0.0,0.0,0.0,1e-09,0.0,0.0,0.0,0.0,0.0,0.0,0.0,0.0,0.0,0.0,0.0,0,1,4.6,0.0,0.01,0.06,0.06,0.01,20.72326583694641,True,0.0,0.0,0,0,0,0,0.0,0.0,1.0,0.0,0.0,0.0,0.0,0,0
40,6,niclas füllkrug|west ham,Niclas Füllkrug,West Ham,FWD,0.0,0.0,0.0,0.0,1e-09,0.0,0.0,0.0,0.0,0.0,0.0,0.0,0.0,0.0,0.0,0.0,0,1,4.2,0.0,0.01,0.1,0.1,0.01,20.72326583694641,True,0.0,0.0,0,0,0,0,0.0,0.0,1.0,0.0,0.0,0.0,0.0,0,0
40,6,nico gonzález|manchester city,Nico González,Manchester City,MID,0.0,0.0,0.0,0.0,1e-09,0.0,0.0,0.0,0.0,0.0,0.0,0.0,0.0,0.0,0.0,0.0,0,1,12.0,0.0,0.02,0.33,0.33,0.02,20.72326583694641,True,0.0,0.0,0,0,0,0,0.0,0.0,1.0,0.0,0.0,0.0,0.0,0,0
40,6,nico o'reilly|manchester city,Nico O'Reilly,Manchester City,DEF,0.0,0.0,0.0,0.0,1e-09,0.0,0.0,0.0,0.0,0.0,0.0,0.0,0.0,0.0,0.0,0.0,0,1,6.1,0.0,0.02,0.2,0.2,0.02,20.72326583694641,True,0.0,0.0,0,0,0,0,0.0,0.0,1.0,0.0,0.0,0.0,0.0,0,0
40,6,nicolás domínguez|nottingham forest,Nicolás Domínguez,Nottingham Forest,DEF,0.0,0.0,0.0,0.0,1e-09,0.0,0.0,0.0,0.0,0.0,0.0,0.0,0.0,0.0,0.0,0.0,0,1,9.4,0.0,0.02,0.2,0.2,0.02,20.72326583694641,True,0.0,0.0,0,0,0,0,0.0,0.0,1.0,0.0,0.0,0.0,0.0,0,0
40,6,nicolò savona|nottingham forest,Nicolò Savona,Nottingham Forest,DEF,0.0,0.0,0.0,0.0,1e-09,0.0,0.0,0.0,0.0,0.0,0.0,0.0,0.0,0.0,0.0,0.0,0,1,5.0,0.0,0.02,0.2,0.2,0.02,20.72326583694641,True,0.0,0.0,0,0,0,0,0.0,0.0,1.0,0.0,0.0,0.0,0.0,0,0
40,6,nikola milenkovic|nottingham forest,Nikola Milenkovic,Nottingham Forest,DEF,0.0,0.0,0.0,0.0,1e-09,0.0,0.0,0.0,0.0,0.0,0.0,0.0,0.0,0.0,0.0,0.0,0,1,8.2,0.0,0.02,0.2,0.2,0.02,20.72326583694641,True,0.0,0.0,0,0,0,0,0.0,0.0,1.0,0.0,0.0,0.0,0.0,0,0
40,6,nilson angulo|sunderland,Nilson Angulo,Sunderland,FWD,0.0,0.0,0.0,0.0,1e-09,0.0,0.0,0.0,0.0,0.0,0.0,0.0,0.0,0.0,0.0,0.0,0,1,7.0,0.0,0.01,0.2,0.2,0.01,20.72326583694641,True,0.0,0.0,0,0,0,0,0.0,0.0,1.0,0.0,0.0,0.0,0.0,0,0
40,6,noah okafor|leeds,Noah Okafor,Leeds,MID,0.0,0.0,0.0,0.0,1e-09,0.0,0.0,0.0,0.0,0.0,0.0,0.0,0.0,0.0,0.0,0.0,0,1,6.2,0.0,0.02,0.2,0.2,0.02,20.72326583694641,True,0.0,0.0,0,0,0,0,0.0,0.0,1.0,0.0,0.0,0.0,0.0,0,0
40,6,noah sadiki|sunderland,Noah Sadiki,Sunderland,MID,0.0,0.0,0.0,0.0,1e-09,0.0,0.0,0.0,0.0,0.0,0.0,0.0,0.0,0.0,0.0,0.0,0,1,7.9,0.0,0.01,0.2,0.2,0.01,20.72326583694641,True,0.0,0.0,0,0,0,0,0.0,0.0,1.0,0.0,0.0,0.0,0.0,0,0
40,6,noni madueke|arsenal,Noni Madueke,Arsenal,MID,0.0,0.0,0.0,0.0,1e-09,0.0,0.0,0.0,0.0,0.0,0.0,0.0,0.0,0.0,0.0,0.0,0,1,5.0,0.0,0.01,0.03,0.03,0.01,20.72326583694641,True,0.0,0.0,0,0,0,0,0.0,0.0,1.0,0.0,0.0,0.0,0.0,0,0
40,6,nordi mukiele|sunderland,Nordi Mukiele,Sunderland,DEF,0.0,0.0,0.0,0.0,1e-09,0.0,0.0,0.0,0.0,0.0,0.0,0.0,0.0,0.0,0.0,0.0,0,1,9.4,0.0,0.02,0.14,0.14,0.02,20.72326583694641,True,0.0,0.0,0,0,0,0,0.0,0.0,1.0,0.0,0.0,0.0,0.0,0,0
40,6,noussair mazraoui|manchester united,Noussair Mazraoui,Manchester United,DEF,0.0,0.0,0.0,0.0,1e-09,0.0,0.0,0.0,0.0,0.0,0.0,0.0,0.0,0.0,0.0,0.0,0,1,9.1,0.0,0.02,0.5,0.5,0.02,20.72326583694641,True,0.0,0.0,0,0,0,0,0.0,0.0,1.0,0.0,0.0,0.0,0.0,0,0
40,6,odsonne edouard|crystal palace,Odsonne Edouard,Crystal Palace,DEF,0.0,0.0,0.0,0.0,1e-09,0.0,0.0,0.0,0.0,0.0,0.0,0.0,0.0,0.0,0.0,0.0,0,1,0.0,0.0,0.01,0.03,0.03,0.01,20.72326583694641,True,0.0,0.0,0,0,0,0,0.0,0.0,1.0,0.0,0.0,0.0,0.0,0,0
40,6,ola aina|nottingham forest,Ola Aina,Nottingham Forest,DEF,0.0,0.0,0.0,0.0,1e-09,0.0,0.0,0.0,0.0,0.0,0.0,0.0,0.0,0.0,0.0,0.0,0,1,6.8,0.0,0.02,0.2,0.2,0.02,20.72326583694641,True,0.0,0.0,0,0,0,0,0.0,0.0,1.0,0.0,0.0,0.0,0.0,0,0
40,6,oleksandr zinchenko|nottingham forest,Oleksandr Zinchenko,Nottingham Forest,DEF,0.0,0.0,0.0,0.0,1e-09,0.0,0.0,0.0,0.0,0.0,0.0,0.0,0.0,0.0,0.0,0.0,0,1,6.1,0.0,0.02,0.14,0.14,0.02,20.72326583694641,True,0.0,0.0,0,0,0,0,0.0,0.0,1.0,0.0,0.0,0.0,0.0,0,0
40,6,oliver scarles|west ham,Oliver Scarles,West Ham,DEF,0.0,0.0,0.0,0.0,1e-09,0.0,0.0,0.0,0.0,0.0,0.0,0.0,0.0,0.0,0.0,0.0,0,1,9.9,0.0,0.02,0.14,0.14,0.02,20.72326583694641,True,0.0,0.0,0,0,0,0,0.0,0.0,1.0,0.0,0.0,0.0,0.0,0,0
40,6,oliver sonne|burnley,Oliver Sonne,Burnley,DEF,0.0,0.0,0.0,0.0,1e-09,0.0,0.0,0.0,0.0,0.0,0.0,0.0,0.0,0.0,0.0,0.0,0,1,0.0,0.0,0.03,0.03,0.03,0.03,20.72326583694641,True,0.0,0.0,0,0,0,0,0.0,0.0,1.0,0.0,0.0,0.0,0.0,0,0
40,6,olivier boscagli|brighton,Olivier Boscagli,Brighton,DEF,0.0,0.0,0.0,0.0,1e-09,0.0,0.0,0.0,0.0,0.0,0.0,0.0,0.0,0.0,0.0,0.0,0,1,8.5,0.0,0.02,0.5,0.5,0.02,20.72326583694641,True,0.0,0.0,0,0,0,0,0.0,0.0,1.0,0.0,0.0,0.0,0.0,0,0
40,6,ollie watkins|aston villa,Ollie Watkins,Aston Villa,FWD,0.0,0.0,0.0,0.0,1e-09,0.0,0.0,0.0,0.0,0.0,0.0,0.0,0.0,0.0,0.0,0.0,0,1,3.1,0.0,0.01,0.1,0.1,0.01,20.72326583694641,True,0.0,0.0,0,0,0,0,0.0,0.0,1.0,0.0,0.0,0.0,0.0,0,0
40,6,omar alderete|sunderland,Omar Alderete,Sunderland,DEF,0.0,0.0,0.0,0.0,1e-09,0.0,0.0,0.0,0.0,0.0,0.0,0.0,0.0,0.0,0.0,0.0,0,1,9.9,0.0,0.02,0.2,0.2,0.02,20.72326583694641,True,0.0,0.0,0,0,0,0,0.0,0.0,1.0,0.0,0.0,0.0,0.0,0,0
40,6,omar marmoush|manchester city,Omar Marmoush,Manchester City,FWD,0.0,0.0,0.0,0.0,1e-09,0.0,0.0,0.0,0.0,0.0,0.0,0.0,0.0,0.0,0.0,0.0,0,1,5.3,0.0,0.01,0.14,0.14,0.01,20.72326583694641,True,0.0,0.0,0,0,0,0,0.0,0.0,1.0,0.0,0.0,0.0,0.0,0,0
40,6,omari hutchinson|nottingham forest,Omari Hutchinson,Nottingham Forest,MID,0.0,0.0,0.0,0.0,1e-09,0.0,0.0,0.0,0.0,0.0,0.0,0.0,0.0,0.0,0.0,0.0,0,1,7.0,0.0,0.01,0.06,0.06,0.01,20.72326583694641,True,0.0,0.0,0,0,0,0,0.0,0.0,1.0,0.0,0.0,0.0,0.0,0,0
40,6,oscar bobb|fulham,Oscar Bobb,Fulham,MID,0.0,0.0,0.0,0.0,1e-09,0.0,0.0,0.0,0.0,0.0,0.0,0.0,0.0,0.0,0.0,0.0,0,1,7.0,0.0,0.01,0.14,0.14,0.01,20.72326583694641,True,0.0,0.0,0,0,0,0,0.0,0.0,1.0,0.0,0.0,0.0,0.0,0,0
40,6,pablo|west ham,Pablo,West Ham,FWD,0.0,0.0,0.0,0.0,1e-09,0.0,0.0,0.0,0.0,0.0,0.0,0.0,0.0,0.0,0.0,0.0,0,1,9.0,0.0,0.01,0.14,0.14,0.01,20.72326583694641,True,0.0,0.0,0,0,0,0,0.0,0.0,1.0,0.0,0.0,0.0,0.0,0,0
40,6,pape sarr|tottenham,Pape Sarr,Tottenham,MID,0.0,0.0,0.0,0.0,1e-09,0.0,0.0,0.0,0.0,0.0,0.0,0.0,0.0,0.0,0.0,0.0,0,1,12.3,0.0,0.02,0.1,0.1,0.02,20.72326583694641,True,0.0,0.0,0,0,0,0,0.0,0.0,1.0,0.0,0.0,0.0,0.0,0,0
40,6,pascal groß|brighton,Pascal Groß,Brighton,MID,0.0,0.0,0.0,0.0,1e-09,0.0,0.0,0.0,0.0,0.0,0.0,0.0,0.0,0.0,0.0,0.0,0,1,8.2,0.0,0.01,0.2,0.2,0.01,20.72326583694641,True,0.0,0.0,0,0,0,0,0.0,0.0,1.0,0.0,0.0,0.0,0.0,0,0
40,6,pascal struijk|leeds,Pascal Struijk,Leeds,DEF,0.0,0.0,0.0,0.0,1e-09,0.0,0.0,0.0,0.0,0.0,0.0,0.0,0.0,0.0,0.0,0.0,0,1,9.5,0.0,0.02,0.14,0.14,0.02,20.72326583694641,True,0.0,0.0,0,0,0,0,0.0,0.0,1.0,0.0,0.0,0.0,0.0,0,0
40,6,patrick dorgu|manchester united,Patrick Dorgu,Manchester United,DEF,0.0,0.0,0.0,0.0,1e-09,0.0,0.0,0.0,0.0,0.0,0.0,0.0,0.0,0.0,0.0,0.0,0,1,6.4,0.0,0.02,0.14,0.14,0.02,20.72326583694641,True,0.0,0.0,0,0,0,0,0.0,0.0,1.0,0.0,0.0,0.0,0.0,0,0
40,6,patrick roberts|sunderland,Patrick Roberts,Sunderland,MID,0.0,0.0,0.0,0.0,1e-09,0.0,0.0,0.0,0.0,0.0,0.0,0.0,0.0,0.0,0.0,0.0,0,1,3.0,0.0,0.02,0.2,0.2,0.02,20.72326583694641,True,0.0,0.0,0,0,0,0,0.0,0.0,1.0,0.0,0.0,0.0,0.0,0,0
40,6,pau torres|aston villa,Pau Torres,Aston Villa,DEF,0.0,0.0,0.0,0.0,1e-09,0.0,0.0,0.0,0.0,0.0,0.0,0.0,0.0,0.0,0.0,0.0,0,1,6.5,0.0,0.02,0.06,0.06,0.02,20.72326583694641,True,0.0,0.0,0,0,0,0,0.0,0.0,1.0,0.0,0.0,0.0,0.0,0,0
40,6,pedro lima|wolverhampton wanderers,Pedro Lima,Wolverhampton Wanderers,DEF,0.0,0.0,0.0,0.0,1e-09,0.0,0.0,0.0,0.0,0.0,0.0,0.0,0.0,0.0,0.0,0.0,0,1,5.0,0.0,0.01,0.1,0.1,0.01,20.72326583694641,True,0.0,0.0,0,0,0,0,0.0,0.0,1.0,0.0,0.0,0.0,0.0,0,0
40,6,pedro neto|chelsea,Pedro Neto,Chelsea,MID,0.0,0.0,0.0,0.0,1e-09,0.0,0.0,0.0,0.0,0.0,0.0,0.0,0.0,0.0,0.0,0.0,0,1,4.3,0.0,0.01,0.2,0.2,0.01,20.72326583694641,True,0.0,0.0,0,0,0,0,0.0,0.0,1.0,0.0,0.0,0.0,0.0,0,0
40,6,pedro porro|tottenham,Pedro Porro,Tottenham,DEF,0.0,0.0,0.0,0.0,1e-09,0.0,0.0,0.0,0.0,0.0,0.0,0.0,0.0,0.0,0.0,0.0,0,1,6.8,0.0,0.02,0.33,0.33,0.02,20.72326583694641,True,0.0,0.0,0,0,0,0,0.0,0.0,1.0,0.0,0.0,0.0,0.0,0,0
40,6,phil foden|manchester city,Phil Foden,Manchester City,MID,0.0,0.0,0.0,0.0,1e-09,0.0,0.0,0.0,0.0,0.0,0.0,0.0,0.0,0.0,0.0,0.0,0,1,6.7,0.0,0.01,0.2,0.2,0.01,20.72326583694641,True,0.0,0.0,0,0,0,0,0.0,0.0,1.0,0.0,0.0,0.0,0.0,0,0
40,6,piero hincapié|arsenal,Piero Hincapié,Arsenal,DEF,0.0,0.0,0.0,0.0,1e-09,0.0,0.0,0.0,0.0,0.0,0.0,0.0,0.0,0.0,0.0,0.0,0,1,7.9,0.0,0.02,0.14,0.14,0.02,20.72326583694641,True,0.0,0.0,0,0,0,0,0.0,0.0,1.0,0.0,0.0,0.0,0.0,0,0
40,6,quilindschy hartman|burnley,Quilindschy Hartman,Burnley,DEF,0.0,0.0,0.0,0.0,1e-09,0.0,0.0,0.0,0.0,0.0,0.0,0.0,0.0,0.0,0.0,0.0,0,1,7.0,0.0,0.01,0.06,0.06,0.01,20.72326583694641,True,0.0,0.0,0,0,0,0,0.0,0.0,1.0,0.0,0.0,0.0,0.0,0,0
40,6,radu dragusin|tottenham,Radu Dragusin,Tottenham,DEF,0.0,0.0,0.0,0.0,1e-09,0.0,0.0,0.0,0.0,0.0,0.0,0.0,0.0,0.0,0.0,0.0,0,1,12.1,0.0,0.02,0.14,0.14,0.02,20.72326583694641,True,0.0,0.0,0,0,0,0,0.0,0.0,1.0,0.0,0.0,0.0,0.0,0,0
40,6,randal kolo muani|tottenham,Randal Kolo Muani,Tottenham,FWD,0.0,0.0,0.0,0.0,1e-09,0.0,0.0,0.0,0.0,0.0,0.0,0.0,0.0,0.0,0.0,0.0,0,1,6.1,0.0,0.01,0.14,0.14,0.01,20.72326583694641,True,0.0,0.0,0,0,0,0,0.0,0.0,1.0,0.0,0.0,0.0,0.0,0,0
40,6,rayan ait nouri|manchester city,Rayan Ait Nouri,Manchester City,DEF,0.0,0.0,0.0,0.0,1e-09,0.0,0.0,0.0,0.0,0.0,0.0,0.0,0.0,0.0,0.0,0.0,0,1,7.1,0.0,0.02,0.2,0.2,0.02,20.72326583694641,True,0.0,0.0,0,0,0,0,0.0,0.0,1.0,0.0,0.0,0.0,0.0,0,0
40,6,rayan cherki|manchester city,Rayan Cherki,Manchester City,MID,0.0,0.0,0.0,0.0,1e-09,0.0,0.0,0.0,0.0,0.0,0.0,0.0,0.0,0.0,0.0,0.0,0,1,7.3,0.0,0.02,0.1,0.1,0.02,20.72326583694641,True,0.0,0.0,0,0,0,0,0.0,0.0,1.0,0.0,0.0,0.0,0.0,0,0
40,6,rayan|bournemouth,Rayan,Bournemouth,MID,0.0,0.0,0.0,0.0,1e-09,0.0,0.0,0.0,0.0,0.0,0.0,0.0,0.0,0.0,0.0,0.0,0,1,4.5,0.0,0.01,0.1,0.1,0.01,20.72326583694641,True,0.0,0.0,0,0,0,0,0.0,0.0,1.0,0.0,0.0,0.0,0.0,0,0
40,6,raúl jiménez|fulham,Raúl Jiménez,Fulham,FWD,0.0,0.0,0.0,0.0,1e-09,0.0,0.0,0.0,0.0,0.0,0.0,0.0,0.0,0.0,0.0,0.0,0,1,5.4,0.0,0.01,0.2,0.2,0.01,20.72326583694641,True,0.0,0.0,0,0,0,0,0.0,0.0,1.0,0.0,0.0,0.0,0.0,0,0
40,6,reece james|chelsea,Reece James,Chelsea,DEF,0.0,0.0,0.0,0.0,1e-09,0.0,0.0,0.0,0.0,0.0,0.0,0.0,0.0,0.0,0.0,0.0,0,1,6.2,0.0,0.01,0.2,0.2,0.01,20.72326583694641,True,0.0,0.0,0,0,0,0,0.0,0.0,1.0,0.0,0.0,0.0,0.0,0,0
40,6,reinildo|sunderland,Reinildo,Sunderland,DEF,0.0,0.0,0.0,0.0,1e-09,0.0,0.0,0.0,0.0,0.0,0.0,0.0,0.0,0.0,0.0,0.0,0,1,7.7,0.0,0.02,0.33,0.33,0.02,20.72326583694641,True,0.0,0.0,0,0,0,0,0.0,0.0,1.0,0.0,0.0,0.0,0.0,0,0
40,6,reiss nelson|brentford,Reiss Nelson,Brentford,MID,0.0,0.0,0.0,0.0,1e-09,0.0,0.0,0.0,0.0,0.0,0.0,0.0,0.0,0.0,0.0,0.0,0,1,30.6,0.0,0.01,0.06,0.06,0.01,20.72326583694641,True,0.0,0.0,0,0,0,0,0.0,0.0,1.0,0.0,0.0,0.0,0.0,0,0
40,6,riccardo calafiori|arsenal,Riccardo Calafiori,Arsenal,DEF,0.0,0.0,0.0,0.0,1e-09,0.0,0.0,0.0,0.0,0.0,0.0,0.0,0.0,0.0,0.0,0.0,0,1,6.1,0.0,0.02,0.33,0.33,0.02,20.72326583694641,True,0.0,0.0,0,0,0,0,0.0,0.0,1.0,0.0,0.0,0.0,0.0,0,0
40,6,richarlison|tottenham,Richarlison,Tottenham,FWD,0.0,0.0,0.0,0.0,1e-09,0.0,0.0,0.0,0.0,0.0,0.0,0.0,0.0,0.0,0.0,0.0,0,1,6.8,0.0,0.01,0.33,0.33,0.01,20.72326583694641,True,0.0,0.0,0,0,0,0,0.0,0.0,1.0,0.0,0.0,0.0,0.0,0,0
40,6,rico henry|brentford,Rico Henry,Brentford,DEF,0.0,0.0,0.0,0.0,1e-09,0.0,0.0,0.0,0.0,0.0,0.0,0.0,0.0,0.0,0.0,0.0,0,1,4.6,0.0,0.02,0.1,0.1,0.02,20.72326583694641,True,0.0,0.0,0,0,0,0,0.0,0.0,1.0,0.0,0.0,0.0,0.0,0,0
40,6,rico lewis|manchester city,Rico Lewis,Manchester City,DEF,0.0,0.0,0.0,0.0,1e-09,0.0,0.0,0.0,0.0,0.0,0.0,0.0,0.0,0.0,0.0,0.0,0,1,4.0,0.0,0.02,0.2,0.2,0.02,20.72326583694641,True,0.0,0.0,0,0,0,0,0.0,0.0,1.0,0.0,0.0,0.0,0.0,0,0
40,6,rio ngumoha|liverpool,Rio Ngumoha,Liverpool,MID,0.0,0.0,0.0,0.0,1e-09,0.0,0.0,0.0,0.0,0.0,0.0,0.0,0.0,0.0,0.0,0.0,0,1,3.0,0.0,0.01,0.06,0.06,0.01,20.72326583694641,True,0.0,0.0,0,0,0,0,0.0,0.0,1.0,0.0,0.0,0.0,0.0,0,0
40,6,robert sánchez|chelsea,Robert Sánchez,Chelsea,GK,0.0,0.0,0.0,0.0,1e-09,0.0,0.0,0.0,0.0,0.0,0.0,0.0,0.0,0.0,0.0,0.0,0,1,0.0,2.7,0.02,0.1,0.1,0.02,20.72326583694641,True,0.0,0.0,0,0,0,0,0.0,0.0,1.0,0.0,0.0,0.0,0.0,0,0
40,6,robin roefs|sunderland,Robin Roefs,Sunderland,GK,0.0,0.0,0.0,0.0,1e-09,0.0,0.0,0.0,0.0,0.0,0.0,0.0,0.0,0.0,0.0,0.0,0,1,0.0,3.0,0.01,0.1,0.1,0.01,20.72326583694641,True,0.0,0.0,0,0,0,0,0.0,0.0,1.0,0.0,0.0,0.0,0.0,0,0
40,6,rodrigo bentancur|tottenham,Rodrigo Bentancur,Tottenham,MID,0.0,0.0,0.0,0.0,1e-09,0.0,0.0,0.0,0.0,0.0,0.0,0.0,0.0,0.0,0.0,0.0,0,1,13.2,0.0,0.02,0.33,0.33,0.02,20.72326583694641,True,0.0,0.0,0,0,0,0,0.0,0.0,1.0,0.0,0.0,0.0,0.0,0,0
40,6,rodrigo gomes|wolverhampton wanderers,Rodrigo Gomes,Wolverhampton Wanderers,DEF,0.0,0.0,0.0,0.0,1e-09,0.0,0.0,0.0,0.0,0.0,0.0,0.0,0.0,0.0,0.0,0.0,0,1,5.3,0.0,0.02,0.1,0.1,0.02,20.72326583694641,True,0.0,0.0,0,0,0,0,0.0,0.0,1.0,0.0,0.0,0.0,0.0,0,0
40,6,rodrigo muniz|fulham,Rodrigo Muniz,Fulham,FWD,0.0,0.0,0.0,0.0,1e-09,0.0,0.0,0.0,0.0,0.0,0.0,0.0,0.0,0.0,0.0,0.0,0,1,5.6,0.0,0.01,0.14,0.14,0.01,20.72326583694641,True,0.0,0.0,0,0,0,0,0.0,0.0,1.0,0.0,0.0,0.0,0.0,0,0
40,6,rodri|manchester city,Rodri,Manchester City,MID,0.0,0.0,0.0,0.0,1e-09,0.0,0.0,0.0,0.0,0.0,0.0,0.0,0.0,0.0,0.0,0.0,0,1,12.7,0.0,0.02,0.2,0.2,0.02,20.72326583694641,True,0.0,0.0,0,0,0,0,0.0,0.0,1.0,0.0,0.0,0.0,0.0,0,0
40,6,romain esse|crystal palace,Romain Esse,Crystal Palace,MID,0.0,0.0,0.0,0.0,1e-09,0.0,0.0,0.0,0.0,0.0,0.0,0.0,0.0,0.0,0.0,0.0,0,1,3.3,0.0,0.01,0.06,0.06,0.01,20.72326583694641,True,0.0,0.0,0,0,0,0,0.0,0.0,1.0,0.0,0.0,0.0,0.0,0,0
40,6,romaine mundle|sunderland,Romaine Mundle,Sunderland,MID,0.0,0.0,0.0,0.0,1e-09,0.0,0.0,0.0,0.0,0.0,0.0,0.0,0.0,0.0,0.0,0.0,0,1,7.4,0.0,0.01,0.2,0.2,0.01,20.72326583694641,True,0.0,0.0,0,0,0,0,0.0,0.0,1.0,0.0,0.0,0.0,0.0,0,0
40,6,romelle donovan|brentford,Romelle Donovan,Brentford,MID,0.0,0.0,0.0,0.0,1e-09,0.0,0.0,0.0,0.0,0.0,0.0,0.0,0.0,0.0,0.0,0.0,0,1,0.0,0.0,0.01,0.03,0.03,0.01,20.72326583694641,True,0.0,0.0,0,0,0,0,0.0,0.0,1.0,0.0,0.0,0.0,0.0,0,0
40,6,romeo lavia|chelsea,Romeo Lavia,Chelsea,MID,0.0,0.0,0.0,0.0,1e-09,0.0,0.0,0.0,0.0,0.0,0.0,0.0,0.0,0.0,0.0,0.0,0,1,5.0,0.0,0.02,0.06,0.06,0.02,20.72326583694641,True,0.0,0.0,0,0,0,0,0.0,0.0,1.0,0.0,0.0,0.0,0.0,0,0
40,6,ross barkley|aston villa,Ross Barkley,Aston Villa,MID,0.0,0.0,0.0,0.0,1e-09,0.0,0.0,0.0,0.0,0.0,0.0,0.0,0.0,0.0,0.0,0.0,0,1,10.8,0.0,0.02,0.1,0.1,0.02,20.72326583694641,True,0.0,0.0,0,0,0,0,0.0,0.0,1.0,0.0,0.0,0.0,0.0,0,0
40,6,ryan christie|bournemouth,Ryan Christie,Bournemouth,MID,0.0,0.0,0.0,0.0,1e-09,0.0,0.0,0.0,0.0,0.0,0.0,0.0,0.0,0.0,0.0,0.0,0,1,10.7,0.0,0.02,0.33,0.33,0.02,20.72326583694641,True,0.0,0.0,0,0,0,0,0.0,0.0,1.0,0.0,0.0,0.0,0.0,0,0
40,6,ryan gravenberch|liverpool,Ryan Gravenberch,Liverpool,MID,0.0,0.0,0.0,0.0,1e-09,0.0,0.0,0.0,0.0,0.0,0.0,0.0,0.0,0.0,0.0,0.0,0,1,9.6,0.0,0.02,0.2,0.2,0.02,20.72326583694641,True,0.0,0.0,0,0,0,0,0.0,0.0,1.0,0.0,0.0,0.0,0.0,0,0
40,6,ryan sessegnon|fulham,Ryan Sessegnon,Fulham,MID,0.0,0.0,0.0,0.0,1e-09,0.0,0.0,0.0,0.0,0.0,0.0,0.0,0.0,0.0,0.0,0.0,0,1,10.6,0.0,0.02,0.06,0.06,0.02,20.72326583694641,True,0.0,0.0,0,0,0,0,0.0,0.0,1.0,0.0,0.0,0.0,0.0,0,0
40,6,ryan yates|nottingham forest,Ryan Yates,Nottingham Forest,MID,0.0,0.0,0.0,0.0,1e-09,0.0,0.0,0.0,0.0,0.0,0.0,0.0,0.0,0.0,0.0,0.0,0,1,8.8,0.0,0.02,0.2,0.2,0.02,20.72326583694641,True,0.0,0.0,0,0,0,0,0.0,0.0,1.0,0.0,0.0,0.0,0.0,0,0
40,6,rúben dias|manchester city,Rúben Dias,Manchester City,DEF,0.0,0.0,0.0,0.0,1e-09,0.0,0.0,0.0,0.0,0.0,0.0,0.0,0.0,0.0,0.0,0.0,0,1,7.4,0.0,0.02,0.14,0.14,0.02,20.72326583694641,True,0.0,0.0,0,0,0,0,0.0,0.0,1.0,0.0,0.0,0.0,0.0,0,0
40,6,sam byram|leeds,Sam Byram,Leeds,DEF,0.0,0.0,0.0,0.0,1e-09,0.0,0.0,0.0,0.0,0.0,0.0,0.0,0.0,0.0,0.0,0.0,0,1,3.0,0.0,0.02,0.06,0.06,0.02,20.72326583694641,True,0.0,0.0,0,0,0,0,0.0,0.0,1.0,0.0,0.0,0.0,0.0,0,0
40,6,sam johnstone|wolverhampton wanderers,Sam Johnstone,Wolverhampton Wanderers,GK,0.0,0.0,0.0,0.0,1e-09,0.0,0.0,0.0,0.0,0.0,0.0,0.0,0.0,0.0,0.0,0.0,0,1,0.0,3.3,0.02,0.03,0.03,0.02,20.72326583694641,True,0.0,0.0,0,0,0,0,0.0,0.0,1.0,0.0,0.0,0.0,0.0,0,0
40,6,samuel chukwueze|fulham,Samuel Chukwueze,Fulham,MID,0.0,0.0,0.0,0.0,1e-09,0.0,0.0,0.0,0.0,0.0,0.0,0.0,0.0,0.0,0.0,0.0,0,1,7.6,0.0,0.01,0.06,0.06,0.01,20.72326583694641,True,0.0,0.0,0,0,0,0,0.0,0.0,1.0,0.0,0.0,0.0,0.0,0,0
40,6,sander berge|fulham,Sander Berge,Fulham,MID,0.0,0.0,0.0,0.0,1e-09,0.0,0.0,0.0,0.0,0.0,0.0,0.0,0.0,0.0,0.0,0.0,0,1,8.8,0.0,0.02,0.14,0.14,0.02,20.72326583694641,True,0.0,0.0,0,0,0,0,0.0,0.0,1.0,0.0,0.0,0.0,0.0,0,0
40,6,sandro tonali|newcastle united,Sandro Tonali,Newcastle United,MID,0.0,0.0,0.0,0.0,1e-09,0.0,0.0,0.0,0.0,0.0,0.0,0.0,0.0,0.0,0.0,0.0,0,1,9.3,0.0,0.02,0.14,0.14,0.02,20.72326583694641,True,0.0,0.0,0,0,0,0,0.0,0.0,1.0,0.0,0.0,0.0,0.0,0,0
40,6,santiago bueno|wolverhampton wanderers,Santiago Bueno,Wolverhampton Wanderers,DEF,0.0,0.0,0.0,0.0,1e-09,0.0,0.0,0.0,0.0,0.0,0.0,0.0,0.0,0.0,0.0,0.0,0,1,7.5,0.0,0.02,0.2,0.2,0.02,20.72326583694641,True,0.0,0.0,0,0,0,0,0.0,0.0,1.0,0.0,0.0,0.0,0.0,0,0
40,6,sasa kalajdzic|wolverhampton wanderers,Sasa Kalajdzic,Wolverhampton Wanderers,FWD,0.0,0.0,0.0,0.0,1e-09,0.0,0.0,0.0,0.0,0.0,0.0,0.0,0.0,0.0,0.0,0.0,0,1,2.0,0.0,0.01,0.1,0.1,0.01,20.72326583694641,True,0.0,0.0,0,0,0,0,0.0,0.0,1.0,0.0,0.0,0.0,0.0,0,0
40,6,sasa lukic|fulham,Sasa Lukic,Fulham,MID,0.0,0.0,0.0,0.0,1e-09,0.0,0.0,0.0,0.0,0.0,0.0,0.0,0.0,0.0,0.0,0.0,0,1,9.5,0.0,0.02,0.5,0.5,0.02,20.72326583694641,True,0.0,0.0,0,0,0,0,0.0,0.0,1.0,0.0,0.0,0.0,0.0,0,0
40,6,seamus coleman|everton,Seamus Coleman,Everton,DEF,0.0,0.0,0.0,0.0,1e-09,0.0,0.0,0.0,0.0,0.0,0.0,0.0,0.0,0.0,0.0,0.0,0,1,3.0,0.0,0.02,0.14,0.14,0.02,20.72326583694641,True,0.0,0.0,0,0,0,0,0.0,0.0,1.0,0.0,0.0,0.0,0.0,0,0
40,6,sean longstaff|leeds,Sean Longstaff,Leeds,MID,0.0,0.0,0.0,0.0,1e-09,0.0,0.0,0.0,0.0,0.0,0.0,0.0,0.0,0.0,0.0,0.0,0,1,9.5,0.0,0.02,0.2,0.2,0.02,20.72326583694641,True,0.0,0.0,0,0,0,0,0.0,0.0,1.0,0.0,0.0,0.0,0.0,0,0
40,6,sebastiaan bornauw|leeds,Sebastiaan Bornauw,Leeds,DEF,0.0,0.0,0.0,0.0,1e-09,0.0,0.0,0.0,0.0,0.0,0.0,0.0,0.0,0.0,0.0,0.0,0,1,11.3,0.0,0.02,0.2,0.2,0.02,20.72326583694641,True,0.0,0.0,0,0,0,0,0.0,0.0,1.0,0.0,0.0,0.0,0.0,0,0
40,6,senne lammens|manchester united,Senne Lammens,Manchester United,GK,0.0,0.0,0.0,0.0,1e-09,0.0,0.0,0.0,0.0,0.0,0.0,0.0,0.0,0.0,0.0,0.0,0,1,0.0,2.3,0.01,0.03,0.03,0.01,20.72326583694641,True,0.0,0.0,0,0,0,0,0.0,0.0,1.0,0.0,0.0,0.0,0.0,0,0
40,6,sepp van den berg|brentford,Sepp van den Berg,Brentford,DEF,0.0,0.0,0.0,0.0,1e-09,0.0,0.0,0.0,0.0,0.0,0.0,0.0,0.0,0.0,0.0,0.0,0,1,9.1,0.0,0.02,0.06,0.06,0.02,20.72326583694641,True,0.0,0.0,0,0,0,0,0.0,0.0,1.0,0.0,0.0,0.0,0.0,0,0
40,6,shea lacey|manchester united,Shea Lacey,Manchester United,MID,0.0,0.0,0.0,0.0,1e-09,0.0,0.0,0.0,0.0,0.0,0.0,0.0,0.0,0.0,0.0,0.0,0,1,3.0,0.0,0.01,0.1,0.1,0.01,20.72326583694641,True,0.0,0.0,0,0,0,0,0.0,0.0,1.0,0.0,0.0,0.0,0.0,0,0
40,6,simon adingra|sunderland,Simon Adingra,Sunderland,MID,0.0,0.0,0.0,0.0,1e-09,0.0,0.0,0.0,0.0,0.0,0.0,0.0,0.0,0.0,0.0,0.0,0,1,6.2,0.0,0.02,0.2,0.2,0.02,20.72326583694641,True,0.0,0.0,0,0,0,0,0.0,0.0,1.0,0.0,0.0,0.0,0.0,0,0
40,6,solly march|brighton,Solly March,Brighton,MID,0.0,0.0,0.0,0.0,1e-09,0.0,0.0,0.0,0.0,0.0,0.0,0.0,0.0,0.0,0.0,0.0,0,1,4.0,0.0,0.03,0.2,0.2,0.03,20.72326583694641,True,0.0,0.0,0,0,0,0,0.0,0.0,1.0,0.0,0.0,0.0,0.0,0,0
40,6,soungoutou magassa|west ham,Soungoutou Magassa,West Ham,MID,0.0,0.0,0.0,0.0,1e-09,0.0,0.0,0.0,0.0,0.0,0.0,0.0,0.0,0.0,0.0,0.0,0,1,2.0,0.0,0.02,0.33,0.33,0.02,20.72326583694641,True,0.0,0.0,0,0,0,0,0.0,0.0,1.0,0.0,0.0,0.0,0.0,0,0
40,6,souza|tottenham,Souza,Tottenham,DEF,0.0,0.0,0.0,0.0,1e-09,0.0,0.0,0.0,0.0,0.0,0.0,0.0,0.0,0.0,0.0,0.0,0,1,1.0,0.0,0.02,0.2,0.2,0.02,20.72326583694641,True,0.0,0.0,0,0,0,0,0.0,0.0,1.0,0.0,0.0,0.0,0.0,0,0
40,6,stefan ortega moreno|nottingham forest,Stefan Ortega Moreno,Nottingham Forest,GK,0.0,0.0,0.0,0.0,1e-09,0.0,0.0,0.0,0.0,0.0,0.0,0.0,0.0,0.0,0.0,0.0,0,1,0.0,3.1,0.01,0.06,0.06,0.01,20.72326583694641,True,0.0,0.0,0,0,0,0,0.0,0.0,1.0,0.0,0.0,0.0,0.0,0,0
40,6,stefanos tzimas|brighton,Stefanos Tzimas,Brighton,FWD,0.0,0.0,0.0,0.0,1e-09,0.0,0.0,0.0,0.0,0.0,0.0,0.0,0.0,0.0,0.0,0.0,0,1,10.2,0.0,0.01,0.06,0.06,0.01,20.72326583694641,True,0.0,0.0,0,0,0,0,0.0,0.0,1.0,0.0,0.0,0.0,0.0,0,0
40,6,sven botman|newcastle united,Sven Botman,Newcastle United,DEF,0.0,0.0,0.0,0.0,1e-09,0.0,0.0,0.0,0.0,0.0,0.0,0.0,0.0,0.0,0.0,0.0,0,1,8.9,0.0,0.02,0.06,0.06,0.02,20.72326583694641,True,0.0,0.0,0,0,0,0,0.0,0.0,1.0,0.0,0.0,0.0,0.0,0,0
40,6,sávio|manchester city,Sávio,Manchester City,MID,0.0,0.0,0.0,0.0,1e-09,0.0,0.0,0.0,0.0,0.0,0.0,0.0,0.0,0.0,0.0,0.0,0,1,7.5,0.0,0.01,0.2,0.2,0.01,20.72326583694641,True,0.0,0.0,0,0,0,0,0.0,0.0,1.0,0.0,0.0,0.0,0.0,0,0
40,6,taiwo awoniyi|nottingham forest,Taiwo Awoniyi,Nottingham Forest,FWD,0.0,0.0,0.0,0.0,1e-09,0.0,0.0,0.0,0.0,0.0,0.0,0.0,0.0,0.0,0.0,0.0,0,1,5.5,0.0,0.01,0.1,0.1,0.01,20.72326583694641,True,0.0,0.0,0,0,0,0,0.0,0.0,1.0,0.0,0.0,0.0,0.0,0,0
40,6,tammy abraham|aston villa,Tammy Abraham,Aston Villa,FWD,0.0,0.0,0.0,0.0,1e-09,0.0,0.0,0.0,0.0,0.0,0.0,0.0,0.0,0.0,0.0,0.0,0,1,3.5,0.0,0.01,0.06,0.06,0.01,20.72326583694641,True,0.0,0.0,0,0,0,0,0.0,0.0,1.0,0.0,0.0,0.0,0.0,0,0
40,6,tawanda chirewa|wolverhampton wanderers,Tawanda Chirewa,Wolverhampton Wanderers,MID,0.0,0.0,0.0,0.0,1e-09,0.0,0.0,0.0,0.0,0.0,0.0,0.0,0.0,0.0,0.0,0.0,0,1,4.0,0.0,0.01,0.06,0.06,0.01,20.72326583694641,True,0.0,0.0,0,0,0,0,0.0,0.0,1.0,0.0,0.0,0.0,0.0,0,0
40,6,thiago|brentford,Thiago,Brentford,FWD,0.0,0.0,0.0,0.0,1e-09,0.0,0.0,0.0,0.0,0.0,0.0,0.0,0.0,0.0,0.0,0.0,0,1,5.4,0.0,0.02,0.2,0.2,0.02,20.72326583694641,True,0.0,0.0,0,0,0,0,0.0,0.0,1.0,0.0,0.0,0.0,0.0,0,0
40,6,thierno barry|everton,Thierno Barry,Everton,FWD,0.0,0.0,0.0,0.0,1e-09,0.0,0.0,0.0,0.0,0.0,0.0,0.0,0.0,0.0,0.0,0.0,0,1,3.1,0.0,0.01,0.2,0.2,0.01,20.72326583694641,True,0.0,0.0,0,0,0,0,0.0,0.0,1.0,0.0,0.0,0.0,0.0,0,0
40,6,tijjani reijnders|manchester city,Tijjani Reijnders,Manchester City,MID,0.0,0.0,0.0,0.0,1e-09,0.0,0.0,0.0,0.0,0.0,0.0,0.0,0.0,0.0,0.0,0.0,0,1,5.6,0.0,0.02,0.1,0.1,0.02,20.72326583694641,True,0.0,0.0,0,0,0,0,0.0,0.0,1.0,0.0,0.0,0.0,0.0,0,0
40,6,tim iroegbunam|everton,Tim Iroegbunam,Everton,MID,0.0,0.0,0.0,0.0,1e-09,0.0,0.0,0.0,0.0,0.0,0.0,0.0,0.0,0.0,0.0,0.0,0,1,11.8,0.0,0.03,0.5,0.5,0.03,20.72326583694641,True,0.0,0.0,0,0,0,0,0.0,0.0,1.0,0.0,0.0,0.0,0.0,0,0
40,6,timothy castagne|fulham,Timothy Castagne,Fulham,DEF,0.0,0.0,0.0,0.0,1e-09,0.0,0.0,0.0,0.0,0.0,0.0,0.0,0.0,0.0,0.0,0.0,0,1,7.9,0.0,0.02,0.2,0.2,0.02,20.72326583694641,True,0.0,0.0,0,0,0,0,0.0,0.0,1.0,0.0,0.0,0.0,0.0,0,0
40,6,tolu arokodare|wolverhampton wanderers,Tolu Arokodare,Wolverhampton Wanderers,FWD,0.0,0.0,0.0,0.0,1e-09,0.0,0.0,0.0,0.0,0.0,0.0,0.0,0.0,0.0,0.0,0.0,0,1,3.0,0.0,0.01,0.06,0.06,0.01,20.72326583694641,True,0.0,0.0,0,0,0,0,0.0,0.0,1.0,0.0,0.0,0.0,0.0,0,0
40,6,tom cairney|fulham,Tom Cairney,Fulham,MID,0.0,0.0,0.0,0.0,1e-09,0.0,0.0,0.0,0.0,0.0,0.0,0.0,0.0,0.0,0.0,0.0,0,1,7.2,0.0,0.02,0.5,0.5,0.02,20.72326583694641,True,0.0,0.0,0,0,0,0,0.0,0.0,1.0,0.0,0.0,0.0,0.0,0,0
40,6,tom edozie|wolverhampton wanderers,Tom Edozie,Wolverhampton Wanderers,MID,0.0,0.0,0.0,0.0,1e-09,0.0,0.0,0.0,0.0,0.0,0.0,0.0,0.0,0.0,0.0,0.0,0,1,2.0,0.0,0.01,0.14,0.14,0.01,20.72326583694641,True,0.0,0.0,0,0,0,0,0.0,0.0,1.0,0.0,0.0,0.0,0.0,0,0
40,6,tom watson|brighton,Tom Watson,Brighton,FWD,0.0,0.0,0.0,0.0,1e-09,0.0,0.0,0.0,0.0,0.0,0.0,0.0,0.0,0.0,0.0,0.0,0,1,0.0,0.0,0.01,0.03,0.03,0.01,20.72326583694641,True,0.0,0.0,0,0,0,0,0.0,0.0,1.0,0.0,0.0,0.0,0.0,0,0
40,6,tomas soucek|west ham,Tomas Soucek,West Ham,MID,0.0,0.0,0.0,0.0,1e-09,0.0,0.0,0.0,0.0,0.0,0.0,0.0,0.0,0.0,0.0,0.0,0,1,9.3,0.0,0.02,0.14,0.14,0.02,20.72326583694641,True,0.0,0.0,0,0,0,0,0.0,0.0,1.0,0.0,0.0,0.0,0.0,0,0
40,6,tosin adarabioyo|chelsea,Tosin Adarabioyo,Chelsea,DEF,0.0,0.0,0.0,0.0,1e-09,0.0,0.0,0.0,0.0,0.0,0.0,0.0,0.0,0.0,0.0,0.0,0,1,11.3,0.0,0.02,0.2,0.2,0.02,20.72326583694641,True,0.0,0.0,0,0,0,0,0.0,0.0,1.0,0.0,0.0,0.0,0.0,0,0
40,6,toti|wolverhampton wanderers,Toti,Wolverhampton Wanderers,DEF,0.0,0.0,0.0,0.0,1e-09,0.0,0.0,0.0,0.0,0.0,0.0,0.0,0.0,0.0,0.0,0.0,0,1,8.3,0.0,0.02,0.14,0.14,0.02,20.72326583694641,True,0.0,0.0,0,0,0,0,0.0,0.0,1.0,0.0,0.0,0.0,0.0,0,0
40,6,trai hume|sunderland,Trai Hume,Sunderland,DEF,0.0,0.0,0.0,0.0,1e-09,0.0,0.0,0.0,0.0,0.0,0.0,0.0,0.0,0.0,0.0,0.0,0,1,6.2,0.0,0.02,0.33,0.33,0.02,20.72326583694641,True,0.0,0.0,0,0,0,0,0.0,0.0,1.0,0.0,0.0,0.0,0.0,0,0
40,6,trevoh chalobah|chelsea,Trevoh Chalobah,Chelsea,DEF,0.0,0.0,0.0,0.0,1e-09,0.0,0.0,0.0,0.0,0.0,0.0,0.0,0.0,0.0,0.0,0.0,0,1,9.1,0.0,0.02,0.1,0.1,0.02,20.72326583694641,True,0.0,0.0,0,0,0,0,0.0,0.0,1.0,0.0,0.0,0.0,0.0,0,0
40,6,treymaurice nyoni|liverpool,Treymaurice Nyoni,Liverpool,MID,0.0,0.0,0.0,0.0,1e-09,0.0,0.0,0.0,0.0,0.0,0.0,0.0,0.0,0.0,0.0,0.0,0,1,4.0,0.0,0.01,0.1,0.1,0.01,20.72326583694641,True,0.0,0.0,0,0,0,0,0.0,0.0,1.0,0.0,0.0,0.0,0.0,0,0
40,6,tyler adams|bournemouth,Tyler Adams,Bournemouth,MID,0.0,0.0,0.0,0.0,1e-09,0.0,0.0,0.0,0.0,0.0,0.0,0.0,0.0,0.0,0.0,0.0,0,1,11.6,0.0,0.03,0.5,0.5,0.03,20.72326583694641,True,0.0,0.0,0,0,0,0,0.0,0.0,1.0,0.0,0.0,0.0,0.0,0,0
40,6,tyler dibling|everton,Tyler Dibling,Everton,MID,0.0,0.0,0.0,0.0,1e-09,0.0,0.0,0.0,0.0,0.0,0.0,0.0,0.0,0.0,0.0,0.0,0,1,10.3,0.0,0.01,0.14,0.14,0.01,20.72326583694641,True,0.0,0.0,0,0,0,0,0.0,0.0,1.0,0.0,0.0,0.0,0.0,0,0
40,6,tyler fletcher|manchester united,Tyler Fletcher,Manchester United,MID,0.0,0.0,0.0,0.0,1e-09,0.0,0.0,0.0,0.0,0.0,0.0,0.0,0.0,0.0,0.0,0.0,0,1,3.0,0.0,0.01,0.1,0.1,0.01,20.72326583694641,True,0.0,0.0,0,0,0,0,0.0,0.0,1.0,0.0,0.0,0.0,0.0,0,0
40,6,tyler fredricson|manchester united,Tyler Fredricson,Manchester United,DEF,0.0,0.0,0.0,0.0,1e-09,0.0,0.0,0.0,0.0,0.0,0.0,0.0,0.0,0.0,0.0,0.0,0,1,4.0,0.0,0.02,0.14,0.14,0.02,20.72326583694641,True,0.0,0.0,0,0,0,0,0.0,0.0,1.0,0.0,0.0,0.0,0.0,0,0
40,6,tyrell malacia|manchester united,Tyrell Malacia,Manchester United,DEF,0.0,0.0,0.0,0.0,1e-09,0.0,0.0,0.0,0.0,0.0,0.0,0.0,0.0,0.0,0.0,0.0,0,1,0.0,0.0,0.02,0.03,0.03,0.02,20.72326583694641,True,0.0,0.0,0,0,0,0,0.0,0.0,1.0,0.0,0.0,0.0,0.0,0,0
40,6,tyrick mitchell|crystal palace,Tyrick Mitchell,Crystal Palace,DEF,0.0,0.0,0.0,0.0,1e-09,0.0,0.0,0.0,0.0,0.0,0.0,0.0,0.0,0.0,0.0,0.0,0,1,6.7,0.0,0.02,0.2,0.2,0.02,20.72326583694641,True,0.0,0.0,0,0,0,0,0.0,0.0,1.0,0.0,0.0,0.0,0.0,0,0
40,6,tyrique george|everton,Tyrique George,Everton,FWD,0.0,0.0,0.0,0.0,1e-09,0.0,0.0,0.0,0.0,0.0,0.0,0.0,0.0,0.0,0.0,0.0,0,1,3.0,0.0,0.01,0.1,0.1,0.01,20.72326583694641,True,0.0,0.0,0,0,0,0,0.0,0.0,1.0,0.0,0.0,0.0,0.0,0,0
40,6,tyrone mings|aston villa,Tyrone Mings,Aston Villa,DEF,0.0,0.0,0.0,0.0,1e-09,0.0,0.0,0.0,0.0,0.0,0.0,0.0,0.0,0.0,0.0,0.0,0,1,7.5,0.0,0.02,0.1,0.1,0.02,20.72326583694641,True,0.0,0.0,0,0,0,0,0.0,0.0,1.0,0.0,0.0,0.0,0.0,0,0
40,6,valentino livramento|newcastle united,Valentino Livramento,Newcastle United,DEF,0.0,0.0,0.0,0.0,1e-09,0.0,0.0,0.0,0.0,0.0,0.0,0.0,0.0,0.0,0.0,0.0,0,1,5.0,0.0,0.01,0.06,0.06,0.01,20.72326583694641,True,0.0,0.0,0,0,0,0,0.0,0.0,1.0,0.0,0.0,0.0,0.0,0,0
40,6,valentín castellanos|west ham,Valentín Castellanos,West Ham,FWD,0.0,0.0,0.0,0.0,1e-09,0.0,0.0,0.0,0.0,0.0,0.0,0.0,0.0,0.0,0.0,0.0,0,1,6.0,0.0,0.01,0.2,0.2,0.01,20.72326583694641,True,0.0,0.0,0,0,0,0,0.0,0.0,1.0,0.0,0.0,0.0,0.0,0,0
40,6,veljko milosavljevic|bournemouth,Veljko Milosavljevic,Bournemouth,DEF,0.0,0.0,0.0,0.0,1e-09,0.0,0.0,0.0,0.0,0.0,0.0,0.0,0.0,0.0,0.0,0.0,0,1,9.6,0.0,0.01,0.06,0.06,0.01,20.72326583694641,True,0.0,0.0,0,0,0,0,0.0,0.0,1.0,0.0,0.0,0.0,0.0,0,0
40,6,victor lindelöf|aston villa,Victor Lindelöf,Aston Villa,DEF,0.0,0.0,0.0,0.0,1e-09,0.0,0.0,0.0,0.0,0.0,0.0,0.0,0.0,0.0,0.0,0.0,0,1,5.7,0.0,0.02,0.14,0.14,0.02,20.72326583694641,True,0.0,0.0,0,0,0,0,0.0,0.0,1.0,0.0,0.0,0.0,0.0,0,0
40,6,viktor gyokeres|arsenal,Viktor Gyokeres,Arsenal,FWD,0.0,0.0,0.0,0.0,1e-09,0.0,0.0,0.0,0.0,0.0,0.0,0.0,0.0,0.0,0.0,0.0,0,1,3.3,0.0,0.01,0.2,0.2,0.01,20.72326583694641,True,0.0,0.0,0,0,0,0,0.0,0.0,1.0,0.0,0.0,0.0,0.0,0,0
40,6,virgil van dijk|liverpool,Virgil van Dijk,Liverpool,DEF,0.0,0.0,0.0,0.0,1e-09,0.0,0.0,0.0,0.0,0.0,0.0,0.0,0.0,0.0,0.0,0.0,0,1,9.5,0.0,0.01,0.14,0.14,0.01,20.72326583694641,True,0.0,0.0,0,0,0,0,0.0,0.0,1.0,0.0,0.0,0.0,0.0,0,0
40,6,vitalii mykolenko|everton,Vitalii Mykolenko,Everton,DEF,0.0,0.0,0.0,0.0,1e-09,0.0,0.0,0.0,0.0,0.0,0.0,0.0,0.0,0.0,0.0,0.0,0,1,6.9,0.0,0.03,0.2,0.2,0.03,20.72326583694641,True,0.0,0.0,0,0,0,0,0.0,0.0,1.0,0.0,0.0,0.0,0.0,0,0
40,6,vitaly janelt|brentford,Vitaly Janelt,Brentford,MID,0.0,0.0,0.0,0.0,1e-09,0.0,0.0,0.0,0.0,0.0,0.0,0.0,0.0,0.0,0.0,0.0,0,1,11.8,0.0,0.02,0.5,0.5,0.02,20.72326583694641,True,0.0,0.0,0,0,0,0,0.0,0.0,1.0,0.0,0.0,0.0,0.0,0,0
40,6,walter benítez|crystal palace,Walter Benítez,Crystal Palace,MID,0.0,0.0,0.0,0.0,1e-09,0.0,0.0,0.0,0.0,0.0,0.0,0.0,0.0,0.0,0.0,0.0,0,1,0.0,0.0,0.0,0.0,0.0,0.0,20.72326583694641,True,0.0,0.0,0,0,0,0,0.0,0.0,1.0,0.0,0.0,0.0,0.0,0,0
40,6,wataru endo|liverpool,Wataru Endo,Liverpool,MID,0.0,0.0,0.0,0.0,1e-09,0.0,0.0,0.0,0.0,0.0,0.0,0.0,0.0,0.0,0.0,0.0,0,1,12.2,0.0,0.02,0.33,0.33,0.02,20.72326583694641,True,0.0,0.0,0,0,0,0,0.0,0.0,1.0,0.0,0.0,0.0,0.0,0,0
40,6,wesley fofana|chelsea,Wesley Fofana,Chelsea,DEF,0.0,0.0,0.0,0.0,1e-09,0.0,0.0,0.0,0.0,0.0,0.0,0.0,0.0,0.0,0.0,0.0,0,1,11.6,0.0,0.02,0.33,0.33,0.02,20.72326583694641,True,0.0,0.0,0,0,0,0,0.0,0.0,1.0,0.0,0.0,0.0,0.0,0,0
40,6,wilfried gnonto|leeds,Wilfried Gnonto,Leeds,MID,0.0,0.0,0.0,0.0,1e-09,0.0,0.0,0.0,0.0,0.0,0.0,0.0,0.0,0.0,0.0,0.0,0,1,9.5,0.0,0.02,0.33,0.33,0.02,20.72326583694641,True,0.0,0.0,0,0,0,0,0.0,0.0,1.0,0.0,0.0,0.0,0.0,0,0
40,6,will hughes|crystal palace,Will Hughes,Crystal Palace,MID,0.0,0.0,0.0,0.0,1e-09,0.0,0.0,0.0,0.0,0.0,0.0,0.0,0.0,0.0,0.0,0.0,0,1,8.8,0.0,0.02,0.5,0.5,0.02,20.72326583694641,True,0.0,0.0,0,0,0,0,0.0,0.0,1.0,0.0,0.0,0.0,0.0,0,0
40,6,william osula|newcastle united,William Osula,Newcastle United,FWD,0.0,0.0,0.0,0.0,1e-09,0.0,0.0,0.0,0.0,0.0,0.0,0.0,0.0,0.0,0.0,0.0,0,1,3.0,0.0,0.01,0.06,0.06,0.01,20.72326583694641,True,0.0,0.0,0,0,0,0,0.0,0.0,1.0,0.0,0.0,0.0,0.0,0,0
40,6,william saliba|arsenal,William Saliba,Arsenal,DEF,0.0,0.0,0.0,0.0,1e-09,0.0,0.0,0.0,0.0,0.0,0.0,0.0,0.0,0.0,0.0,0.0,0,1,6.3,0.0,0.02,0.06,0.06,0.02,20.72326583694641,True,0.0,0.0,0,0,0,0,0.0,0.0,1.0,0.0,0.0,0.0,0.0,0,0
40,6,wilson isidor|sunderland,Wilson Isidor,Sunderland,FWD,0.0,0.0,0.0,0.0,1e-09,0.0,0.0,0.0,0.0,0.0,0.0,0.0,0.0,0.0,0.0,0.0,0,1,3.8,0.0,0.01,0.06,0.06,0.01,20.72326583694641,True,0.0,0.0,0,0,0,0,0.0,0.0,1.0,0.0,0.0,0.0,0.0,0,0
40,6,wilson odobert|tottenham,Wilson Odobert,Tottenham,MID,0.0,0.0,0.0,0.0,1e-09,0.0,0.0,0.0,0.0,0.0,0.0,0.0,0.0,0.0,0.0,0.0,0,1,4.0,0.0,0.01,0.06,0.06,0.01,20.72326583694641,True,0.0,0.0,0,0,0,0,0.0,0.0,1.0,0.0,0.0,0.0,0.0,0,0
40,6,xavi simons|tottenham,Xavi Simons,Tottenham,MID,0.0,0.0,0.0,0.0,1e-09,0.0,0.0,0.0,0.0,0.0,0.0,0.0,0.0,0.0,0.0,0.0,0,1,7.8,0.0,0.01,0.33,0.33,0.01,20.72326583694641,True,0.0,0.0,0,0,0,0,0.0,0.0,1.0,0.0,0.0,0.0,0.0,0,0
40,6,yankuba minteh|brighton,Yankuba Minteh,Brighton,MID,0.0,0.0,0.0,0.0,1e-09,0.0,0.0,0.0,0.0,0.0,0.0,0.0,0.0,0.0,0.0,0.0,0,1,6.9,0.0,0.01,0.03,0.03,0.01,20.72326583694641,True,0.0,0.0,0,0,0,0,0.0,0.0,1.0,0.0,0.0,0.0,0.0,0,0
40,6,yasin ayari|brighton,Yasin Ayari,Brighton,MID,0.0,0.0,0.0,0.0,1e-09,0.0,0.0,0.0,0.0,0.0,0.0,0.0,0.0,0.0,0.0,0.0,0,1,10.6,0.0,0.02,0.06,0.06,0.02,20.72326583694641,True,0.0,0.0,0,0,0,0,0.0,0.0,1.0,0.0,0.0,0.0,0.0,0,0
40,6,yehor yarmolyuk|brentford,Yehor Yarmolyuk,Brentford,MID,0.0,0.0,0.0,0.0,1e-09,0.0,0.0,0.0,0.0,0.0,0.0,0.0,0.0,0.0,0.0,0.0,0,1,11.3,0.0,0.01,0.33,0.33,0.01,20.72326583694641,True,0.0,0.0,0,0,0,0,0.0,0.0,1.0,0.0,0.0,0.0,0.0,0,0
40,6,yeremi pino|crystal palace,Yeremi Pino,Crystal Palace,MID,0.0,0.0,0.0,0.0,1e-09,0.0,0.0,0.0,0.0,0.0,0.0,0.0,0.0,0.0,0.0,0.0,0,1,6.6,0.0,0.01,0.2,0.2,0.01,20.72326583694641,True,0.0,0.0,0,0,0,0,0.0,0.0,1.0,0.0,0.0,0.0,0.0,0,0
40,6,yerson mosquera|wolverhampton wanderers,Yerson Mosquera,Wolverhampton Wanderers,DEF,0.0,0.0,0.0,0.0,1e-09,0.0,0.0,0.0,0.0,0.0,0.0,0.0,0.0,0.0,0.0,0.0,0,1,9.0,0.0,0.03,0.5,0.5,0.03,20.72326583694641,True,0.0,0.0,0,0,0,0,0.0,0.0,1.0,0.0,0.0,0.0,0.0,0,0
40,6,yoane wissa|newcastle united,Yoane Wissa,Newcastle United,FWD,0.0,0.0,0.0,0.0,1e-09,0.0,0.0,0.0,0.0,0.0,0.0,0.0,0.0,0.0,0.0,0.0,0,1,3.8,0.0,0.01,0.1,0.1,0.01,20.72326583694641,True,0.0,0.0,0,0,0,0,0.0,0.0,1.0,0.0,0.0,0.0,0.0,0,0
40,6,youri tielemans|aston villa,Youri Tielemans,Aston Villa,MID,0.0,0.0,0.0,0.0,1e-09,0.0,0.0,0.0,0.0,0.0,0.0,0.0,0.0,0.0,0.0,0.0,0,1,9.6,0.0,0.02,0.06,0.06,0.02,20.72326583694641,True,0.0,0.0,0,0,0,0,0.0,0.0,1.0,0.0,0.0,0.0,0.0,0,0
40,6,yves bissouma|tottenham,Yves Bissouma,Tottenham,MID,0.0,0.0,0.0,0.0,1e-09,0.0,0.0,0.0,0.0,0.0,0.0,0.0,0.0,0.0,0.0,0.0,0,1,13.3,0.0,0.02,0.33,0.33,0.02,20.72326583694641,True,0.0,0.0,0,0,0,0,0.0,0.0,1.0,0.0,0.0,0.0,0.0,0,0
40,6,zach abbott|nottingham forest,Zach Abbott,Nottingham Forest,DEF,0.0,0.0,0.0,0.0,1e-09,0.0,0.0,0.0,0.0,0.0,0.0,0.0,0.0,0.0,0.0,0.0,0,1,3.0,0.0,0.02,0.1,0.1,0.02,20.72326583694641,True,0.0,0.0,0,0,0,0,0.0,0.0,1.0,0.0,0.0,0.0,0.0,0,0
40,6,zian flemming|burnley,Zian Flemming,Burnley,FWD,0.0,0.0,0.0,0.0,1e-09,0.0,0.0,0.0,0.0,0.0,0.0,0.0,0.0,0.0,0.0,0.0,0,1,4.9,0.0,0.01,0.33,0.33,0.01,20.72326583694641,True,0.0,0.0,0,0,0,0,0.0,0.0,1.0,0.0,0.0,0.0,0.0,0,0
