GW,player_id,player_key,player,team,Pos,start,mins,api_start,api_mins,appearances,total_minutes,chance_of_playing
37,11,benjamin white|arsenal,Benjamin White,Arsenal,DEF,0.000000,0.000000,0.375000,28.000000,12.000000,699,0.000000
37,13,brayden clarke|arsenal,Brayden Clarke,Arsenal,DEF,0.000000,0.000000,0.000000,0.000000,0.000000,0,
37,662,cristhian mosquera|arsenal,Cristhian Mosquera,Arsenal,DEF,0.800000,75.000000,0.389000,40.700000,18.000000,806,100.000000
37,5,gabriel dos santos magalh es|arsenal,Gabriel dos Santos Magalhães,Arsenal,DEF,1.000000,90.000000,0.967000,86.700000,30.000000,2615,100.000000
37,9,jakub kiwior|arsenal,Jakub Kiwior,Arsenal,DEF,0.000000,0.000000,0.000000,0.000000,,0,0.000000
37,15,josh nichols|arsenal,Josh Nichols,Arsenal,DEF,0.000000,0.000000,0.000000,0.000000,0.000000,0,
37,8,jurri n timber|arsenal,Jurriën Timber,Arsenal,DEF,0.000000,0.000000,0.000000,0.000000,30.000000,2452,0.000000
37,14,maldini kacurri|arsenal,Maldini Kacurri,Arsenal,DEF,0.000000,0.000000,0.000000,0.000000,0.000000,0,0.000000
37,759,marli salmon|arsenal,Marli Salmon,Arsenal,DEF,0.000000,0.000000,0.000000,0.000000,,0,
37,10,myles lewis skelly|arsenal,Myles Lewis-Skelly,Arsenal,DEF,0.800000,75.000000,0.222000,29.000000,18.000000,590,100.000000
37,725,piero hincapi|arsenal,Piero Hincapié,Arsenal,DEF,0.200000,15.000000,0.826000,71.100000,23.000000,1679,75.000000
37,7,riccardo calafiori|arsenal,Riccardo Calafiori,Arsenal,DEF,0.800000,75.000000,0.625000,48.200000,24.000000,1581,100.000000
37,6,william saliba|arsenal,William Saliba,Arsenal,DEF,0.980000,88.000000,0.967000,83.700000,30.000000,2524,100.000000
37,31,gabriel fernando de jesus|arsenal,Gabriel Fernando de Jesus,Arsenal,FWD,0.000000,10.000000,0.154000,23.100000,13.000000,344,20.000000
37,30,kai havertz|arsenal,Kai Havertz,Arsenal,FWD,0.200000,15.000000,0.600000,43.200000,10.000000,460,100.000000
37,666,viktor gy keres|arsenal,Viktor Gyökeres,Arsenal,FWD,0.800000,75.000000,0.765000,62.200000,34.000000,2193,100.000000
37,1,david raya mart n|arsenal,David Raya Martín,Arsenal,GK,1.000000,90.000000,1.000000,90.000000,36.000000,3240,100.000000
37,3,karl hein|arsenal,Karl Hein,Arsenal,GK,0.000000,0.000000,0.000000,0.000000,0.000000,0,0.000000
37,2,kepa arrizabalaga revuelta|arsenal,Kepa Arrizabalaga Revuelta,Arsenal,GK,0.000000,0.000000,0.000000,0.000000,0.000000,0,
37,4,tommy setford|arsenal,Tommy Setford,Arsenal,GK,0.000000,0.000000,0.000000,0.000000,0.000000,0,
37,29,albert sambi lokonga|arsenal,Albert Sambi Lokonga,Arsenal,MID,0.000000,0.000000,0.000000,0.000000,,0,0.000000
37,711,andre harriman annous|arsenal,Andre Harriman-Annous,Arsenal,MID,0.000000,0.000000,0.000000,0.000000,,0,
37,16,bukayo saka|arsenal,Bukayo Saka,Arsenal,MID,0.980000,75.000000,0.800000,68.800000,30.000000,2128,100.000000
37,24,christian n rgaard|arsenal,Christian Nørgaard,Arsenal,MID,0.000000,7.900000,0.000000,7.900000,6.000000,56,5.000000
37,21,declan rice|arsenal,Declan Rice,Arsenal,MID,1.000000,88.000000,0.971000,85.400000,35.000000,3003,100.000000
37,266,eberechi eze|arsenal,Eberechi Eze,Arsenal,MID,0.650000,65.000000,0.677000,55.200000,31.000000,1798,100.000000
37,25,ethan nwaneri|arsenal,Ethan Nwaneri,Arsenal,MID,0.000000,0.000000,0.000000,0.000000,6.000000,165,0.000000
37,23,f bio ferreira vieira|arsenal,Fábio Ferreira Vieira,Arsenal,MID,0.000000,0.000000,0.000000,0.000000,,0,0.000000
37,19,gabriel martinelli silva|arsenal,Gabriel Martinelli Silva,Arsenal,MID,0.350000,30.000000,0.357000,31.400000,28.000000,974,75.000000
37,28,ismeal kabia|arsenal,Ismeal Kabia,Arsenal,MID,0.000000,0.000000,0.000000,0.000000,0.000000,0,0.000000
37,20,leandro trossard|arsenal,Leandro Trossard,Arsenal,MID,0.650000,60.400000,0.667000,60.400000,30.000000,1907,100.000000
37,17,martin degaard|arsenal,Martin Ødegaard,Arsenal,MID,0.350000,25.000000,0.652000,52.500000,23.000000,1273,100.000000
37,26,mart n zubimendi ib ez|arsenal,Martín Zubimendi Ibáñez,Arsenal,MID,0.200000,15.000000,0.917000,79.500000,36.000000,2900,100.000000
37,700,max dowman|arsenal,Max Dowman,Arsenal,MID,0.000000,15.500000,0.000000,15.500000,5.000000,91,15.000000
37,22,mikel merino zaz n|arsenal,Mikel Merino Zazón,Arsenal,MID,0.000000,0.000000,0.000000,0.000000,21.000000,996,0.000000
37,18,noni madueke|arsenal,Noni Madueke,Arsenal,MID,0.020000,15.000000,0.600000,42.200000,25.000000,1122,75.000000
37,42,andr s garc a|aston villa,Andrés García,Aston Villa,DEF,0.000000,6.500000,0.000000,6.500000,5.000000,38,10.000000
37,38,ezri konsa ngoyo|aston villa,Ezri Konsa Ngoyo,Aston Villa,DEF,1.000000,89.200000,1.000000,89.200000,33.000000,2945,100.000000
37,39,ian maatsen|aston villa,Ian Maatsen,Aston Villa,DEF,0.500000,60.000000,0.571000,50.000000,28.000000,1495,100.000000
37,44,lamare bogarde|aston villa,Lamare Bogarde,Aston Villa,DEF,0.500000,32.500000,0.370000,32.500000,27.000000,970,100.000000
37,768,leon routh|aston villa,Leon Routh,Aston Villa,DEF,0.000000,0.000000,0.000000,0.000000,,0,
37,45,lino da cruz sousa|aston villa,Lino da Cruz Sousa,Aston Villa,DEF,0.000000,0.000000,0.000000,0.000000,0.000000,0,0.000000
37,37,lucas digne|aston villa,Lucas Digne,Aston Villa,DEF,0.500000,30.000000,0.667000,55.500000,30.000000,1752,100.000000
37,36,matty cash|aston villa,Matty Cash,Aston Villa,DEF,0.980000,85.000000,1.000000,87.300000,33.000000,2881,100.000000
37,41,pau torres|aston villa,Pau Torres,Aston Villa,DEF,0.800000,85.000000,0.895000,81.100000,19.000000,1566,100.000000
37,781,tj carroll|aston villa,TJ Carroll,Aston Villa,DEF,0.000000,0.000000,0.000000,0.000000,,0,
37,710,travis patterson|aston villa,Travis Patterson,Aston Villa,DEF,0.000000,0.000000,0.000000,0.000000,0.000000,0,
37,701,triston rowe|aston villa,Triston Rowe,Aston Villa,DEF,0.000000,0.000000,0.000000,0.000000,0.000000,0,0.000000
37,40,tyrone mings|aston villa,Tyrone Mings,Aston Villa,DEF,0.875000,75.600000,0.875000,75.600000,16.000000,1232,100.000000
37,719,victor lindel f|aston villa,Victor Lindelöf,Aston Villa,DEF,0.200000,15.000000,0.600000,51.700000,15.000000,825,100.000000
37,46,yasin zcan|aston villa,Yasin Özcan,Aston Villa,DEF,0.000000,0.000000,0.000000,0.000000,0.000000,0,0.000000
37,43,lex moreno lopera|aston villa,Álex Moreno Lopera,Aston Villa,DEF,0.000000,0.000000,0.000000,0.000000,0.000000,0,0.000000
37,64,ollie watkins|aston villa,Ollie Watkins,Aston Villa,FWD,0.800000,75.000000,0.886000,74.500000,35.000000,2653,100.000000
37,808,tammy abraham|aston villa,Tammy Abraham,Aston Villa,FWD,0.200000,15.000000,0.167000,20.300000,12.000000,278,100.000000
37,65,z piqueno redmond|aston villa,Zépiqueno Redmond,Aston Villa,FWD,0.000000,0.000000,0.000000,0.000000,0.000000,0,0.000000
37,32,emiliano mart nez romero|aston villa,Emiliano Martínez Romero,Aston Villa,GK,1.000000,88.500000,1.000000,88.500000,31.000000,2745,100.000000
37,35,filip marschall|aston villa,Filip Marschall,Aston Villa,GK,0.000000,0.000000,0.000000,0.000000,,0,0.000000
37,688,james wright|aston villa,James Wright,Aston Villa,GK,0.000000,0.000000,0.000000,0.000000,0.000000,0,
37,34,joe gauci|aston villa,Joe Gauci,Aston Villa,GK,0.000000,0.000000,0.000000,0.000000,0.000000,0,0.000000
37,33,marco bizot|aston villa,Marco Bizot,Aston Villa,GK,0.000000,0.000000,0.833000,80.400000,6.000000,495,0.000000
37,757,ronnie hollingshead|aston villa,Ronnie Hollingshead,Aston Villa,GK,0.000000,0.000000,0.000000,0.000000,,0,
37,703,sam proctor|aston villa,Sam Proctor,Aston Villa,GK,0.000000,0.000000,0.000000,0.000000,0.000000,0,
37,792,alysson edward franco da rocha dos santos|aston villa,Alysson Edward Franco da Rocha dos Santos,Aston Villa,MID,0.000000,13.300000,0.000000,13.300000,3.000000,47,5.000000
37,59,amadou onana|aston villa,Amadou Onana,Aston Villa,MID,0.219000,17.800000,0.219000,17.800000,24.000000,1738,25.000000
37,60,ben broggio|aston villa,Ben Broggio,Aston Villa,MID,0.000000,0.000000,0.000000,0.000000,0.000000,0,0.000000
37,58,boubacar kamara|aston villa,Boubacar Kamara,Aston Villa,MID,0.000000,0.000000,0.000000,0.000000,18.000000,1410,0.000000
37,702,bradley burrowes|aston villa,Bradley Burrowes,Aston Villa,MID,0.000000,13.600000,0.000000,13.600000,1.000000,16,0.000000
37,53,donyell malen|aston villa,Donyell Malen,Aston Villa,MID,0.000000,0.000000,0.000000,0.000000,21.000000,640,0.000000
37,699,douglas luiz soares de paulo|aston villa,Douglas Luiz Soares de Paulo,Aston Villa,MID,0.300000,25.000000,0.579000,41.400000,19.000000,840,100.000000
37,50,emiliano buend a stati|aston villa,Emiliano Buendía Stati,Aston Villa,MID,0.600000,60.000000,0.559000,43.400000,34.000000,1579,100.000000
37,56,enzo barrenechea|aston villa,Enzo Barrenechea,Aston Villa,MID,0.000000,0.000000,0.000000,0.000000,,0,0.000000
37,754,george hemmings|aston villa,George Hemmings,Aston Villa,MID,0.000000,10.600000,0.000000,10.600000,2.000000,25,
37,389,harvey elliott|aston villa,Harvey Elliott,Aston Villa,MID,0.000000,0.000000,0.000000,0.000000,5.000000,110,0.000000
37,456,jadon sancho|aston villa,Jadon Sancho,Aston Villa,MID,0.409000,35.700000,0.409000,35.700000,22.000000,862,100.000000
37,62,jamaldeen jimoh aloba|aston villa,Jamaldeen Jimoh-Aloba,Aston Villa,MID,0.000000,0.000000,0.000000,0.000000,1.000000,8,0.000000
37,54,john mcginn|aston villa,John McGinn,Aston Villa,MID,0.964000,72.600000,0.964000,72.600000,28.000000,2043,100.000000
37,63,kadan young|aston villa,Kadan Young,Aston Villa,MID,0.000000,0.000000,0.000000,0.000000,0.000000,0,0.000000
37,61,leander dendoncker|aston villa,Leander Dendoncker,Aston Villa,MID,0.000000,0.000000,0.000000,0.000000,0.000000,0,0.000000
37,49,leon bailey|aston villa,Leon Bailey,Aston Villa,MID,0.167000,15.000000,0.167000,26.200000,12.000000,360,100.000000
37,57,lewis dobbin|aston villa,Lewis Dobbin,Aston Villa,MID,0.000000,0.000000,0.000000,0.000000,,0,0.000000
37,47,morgan rogers|aston villa,Morgan Rogers,Aston Villa,MID,1.000000,88.000000,1.000000,88.600000,36.000000,3190,100.000000
37,55,ross barkley|aston villa,Ross Barkley,Aston Villa,MID,0.150000,15.000000,0.316000,33.700000,19.000000,714,50.000000
37,51,samuel iling junior|aston villa,Samuel Iling-Junior,Aston Villa,MID,0.000000,0.000000,0.000000,0.000000,,0,0.000000
37,48,youri tielemans|aston villa,Youri Tielemans,Aston Villa,MID,0.870000,74.600000,0.870000,74.600000,23.000000,1751,100.000000
37,73,adam smith|bournemouth,Adam Smith,Bournemouth,DEF,0.600000,42.100000,0.600000,42.100000,20.000000,895,100.000000
37,74,adrien truffert|bournemouth,Adrien Truffert,Bournemouth,DEF,1.000000,88.800000,1.000000,88.800000,36.000000,3198,
37,685,bafod diakit|bournemouth,Bafodé Diakité,Bournemouth,DEF,0.000000,0.000000,0.833000,69.100000,18.000000,1275,0.000000
37,79,chris mepham|bournemouth,Chris Mepham,Bournemouth,DEF,0.000000,0.000000,0.000000,0.000000,0.000000,0,0.000000
37,71,illia zabarnyi|bournemouth,Illia Zabarnyi,Bournemouth,DEF,0.000000,0.000000,0.000000,0.000000,,0,0.000000
37,77,james hill|bournemouth,James Hill,Bournemouth,DEF,0.980000,88.000000,0.741000,68.400000,27.000000,1922,100.000000
37,80,julio soler barreto|bournemouth,Julio Soler Barreto,Bournemouth,DEF,0.000000,9.600000,0.000000,9.600000,3.000000,34,100.000000
37,78,juli n araujo z iga|bournemouth,Julián Araujo Zúñiga,Bournemouth,DEF,0.000000,0.000000,0.000000,0.000000,0.000000,0,0.000000
37,72,marcos senesi bar n|bournemouth,Marcos Senesi Barón,Bournemouth,DEF,1.000000,90.000000,1.000000,88.800000,35.000000,3108,100.000000
37,75,matai akinmboni|bournemouth,Matai Akinmboni,Bournemouth,DEF,0.000000,0.000000,0.000000,0.000000,0.000000,0,100.000000
37,76,owen bevan|bournemouth,Owen Bevan,Bournemouth,DEF,0.000000,0.000000,0.000000,0.000000,0.000000,0,
37,721,veljko milosavljevic|bournemouth,Veljko Milosavljevic,Bournemouth,DEF,0.000000,0.000000,0.571000,49.100000,7.000000,367,0.000000
37,713,lex jim nez s nchez|bournemouth,Álex Jiménez Sánchez,Bournemouth,DEF,0.000000,0.000000,0.000000,0.000000,31.000000,2315,0.000000
37,99,daniel adu adjei|bournemouth,Daniel Adu-Adjei,Bournemouth,FWD,0.000000,0.000000,0.000000,0.000000,0.000000,0,0.000000
37,98,enes nal|bournemouth,Enes Ünal,Bournemouth,FWD,0.000000,7.900000,0.000000,7.900000,21.000000,196,20.000000
37,97,francisco evanilson de lima barbosa|bournemouth,Francisco Evanilson de Lima Barbosa,Bournemouth,FWD,0.980000,75.000000,0.882000,74.600000,34.000000,2581,100.000000
37,100,junior kroupi|bournemouth,Junior Kroupi,Bournemouth,FWD,0.980000,65.000000,0.613000,46.100000,31.000000,1516,100.000000
37,70,alex paulsen|bournemouth,Alex Paulsen,Bournemouth,GK,0.000000,0.000000,0.000000,0.000000,0.000000,0,0.000000
37,69,callan mckenna|bournemouth,Callan McKenna,Bournemouth,GK,0.000000,0.000000,0.000000,0.000000,0.000000,0,
37,806,christos mandas|bournemouth,Christos Mandas,Bournemouth,GK,0.000000,0.000000,0.000000,0.000000,,0,
37,782,fraser forster|bournemouth,Fraser Forster,Bournemouth,GK,0.000000,0.000000,0.000000,0.000000,,0,
37,66,norberto murara neto|bournemouth,Norberto Murara Neto,Bournemouth,GK,0.000000,0.000000,0.000000,0.000000,0.000000,0,0.000000
37,68,will dennis|bournemouth,Will Dennis,Bournemouth,GK,0.000000,0.000000,0.000000,0.000000,0.000000,0,0.000000
37,67,or e petrovi|bournemouth,Đorđe Petrović,Bournemouth,GK,1.000000,90.000000,1.000000,90.000000,36.000000,3240,100.000000
37,90,alex scott|bournemouth,Alex Scott,Bournemouth,MID,0.900000,88.000000,0.917000,75.700000,36.000000,2758,100.000000
37,801,alex t th|bournemouth,Alex Tóth,Bournemouth,MID,0.000000,0.000000,0.125000,8.600000,8.000000,79,20.000000
37,697,amine adli|bournemouth,Amine Adli,Bournemouth,MID,0.150000,10.000000,0.333000,31.700000,30.000000,1057,20.000000
37,391,ben gannon doak|bournemouth,Ben Gannon-Doak,Bournemouth,MID,0.000000,8.700000,0.000000,8.700000,7.000000,72,0.000000
37,96,ben winterburn|bournemouth,Ben Winterburn,Bournemouth,MID,0.000000,0.000000,0.000000,0.000000,1.000000,6,0.000000
37,799,charlie stevens|bournemouth,Charlie Stevens,Bournemouth,MID,0.000000,0.000000,0.000000,0.000000,,0,
37,86,david brooks|bournemouth,David Brooks,Bournemouth,MID,0.350000,25.000000,0.433000,36.100000,30.000000,1182,100.000000
37,94,dominic sadi|bournemouth,Dominic Sadi,Bournemouth,MID,0.000000,0.000000,0.000000,0.000000,,0,0.000000
37,93,hamed traor|bournemouth,Hamed Traorè,Bournemouth,MID,0.000000,0.000000,0.000000,0.000000,1.000000,16,0.000000
37,81,justin kluivert|bournemouth,Justin Kluivert,Bournemouth,MID,0.000000,0.000000,0.556000,47.400000,18.000000,914,0.000000
37,88,lewis cook|bournemouth,Lewis Cook,Bournemouth,MID,0.250000,25.100000,0.250000,25.100000,16.000000,870,50.000000
37,91,luis sinisterra lucum|bournemouth,Luis Sinisterra Lucumí,Bournemouth,MID,0.000000,0.000000,0.000000,0.000000,,0,0.000000
37,756,malcom dacosta|bournemouth,Malcom DaCosta,Bournemouth,MID,0.000000,0.000000,0.000000,0.000000,,0,
37,84,marcus tavernier|bournemouth,Marcus Tavernier,Bournemouth,MID,0.980000,88.000000,0.906000,78.600000,32.000000,2552,100.000000
37,89,philip billing|bournemouth,Philip Billing,Bournemouth,MID,0.000000,0.000000,0.000000,0.000000,,0,0.000000
37,807,rayan vitor simpl cio rocha|bournemouth,Rayan Vitor Simplício Rocha,Bournemouth,MID,0.980000,75.000000,0.846000,71.800000,13.000000,955,100.000000
37,687,remy rees dottin|bournemouth,Remy Rees-Dottin,Bournemouth,MID,0.000000,0.000000,0.000000,0.000000,0.000000,0,
37,92,romain faivre|bournemouth,Romain Faivre,Bournemouth,MID,0.000000,0.000000,0.000000,0.000000,0.000000,0,0.000000
37,87,ryan christie|bournemouth,Ryan Christie,Bournemouth,MID,0.150000,15.000000,0.000000,0.000000,26.000000,978,75.000000
37,85,tyler adams|bournemouth,Tyler Adams,Bournemouth,MID,0.826000,75.000000,0.826000,67.300000,23.000000,1589,100.000000
37,95,zain silcott duberry|bournemouth,Zain Silcott-Duberry,Bournemouth,MID,0.000000,0.000000,0.000000,0.000000,0.000000,0,0.000000
37,116,aaron hickey|brentford,Aaron Hickey,Brentford,DEF,0.400000,30.000000,0.400000,29.500000,20.000000,649,100.000000
37,114,benjamin arthur|brentford,Benjamin Arthur,Brentford,DEF,0.000000,0.000000,0.000000,0.000000,0.000000,0,0.000000
37,115,benjamin fredrick|brentford,Benjamin Fredrick,Brentford,DEF,0.000000,0.000000,0.000000,0.000000,0.000000,0,0.000000
37,824,conor mcmanus|brentford,Conor McManus,Brentford,DEF,0.000000,0.000000,0.000000,0.000000,,0,
37,111,ethan pinnock|brentford,Ethan Pinnock,Brentford,DEF,0.050000,10.000000,1.000000,79.500000,4.000000,318,10.000000
37,118,jayden meghoma|brentford,Jayden Meghoma,Brentford,DEF,0.000000,0.000000,0.000000,0.000000,,0,0.000000
37,823,joshua stephenson|brentford,Joshua Stephenson,Brentford,DEF,0.000000,0.000000,0.000000,0.000000,,0,
37,107,keane lewis potter|brentford,Keane Lewis-Potter,Brentford,DEF,0.200000,15.000000,0.588000,49.200000,34.000000,1782,50.000000
37,117,kim ji soo|brentford,Kim Ji-soo,Brentford,DEF,0.000000,0.000000,0.000000,0.000000,0.000000,0,0.000000
37,108,kristoffer ajer|brentford,Kristoffer Ajer,Brentford,DEF,0.650000,65.000000,0.731000,63.600000,26.000000,1724,100.000000
37,112,mads roerslev rasmussen|brentford,Mads Roerslev Rasmussen,Brentford,DEF,0.000000,0.000000,0.000000,0.000000,,0,0.000000
37,110,michael kayode|brentford,Michael Kayode,Brentford,DEF,1.000000,88.000000,1.000000,87.900000,35.000000,3078,100.000000
37,106,nathan collins|brentford,Nathan Collins,Brentford,DEF,0.900000,85.000000,0.909000,83.400000,33.000000,2791,90.000000
37,819,ollie shield|brentford,Ollie Shield,Brentford,DEF,0.000000,0.000000,0.000000,0.000000,,0,
37,109,rico henry|brentford,Rico Henry,Brentford,DEF,0.000000,0.000000,0.000000,0.000000,25.000000,1322,0.000000
37,113,sepp van den berg|brentford,Sepp van den Berg,Brentford,DEF,0.980000,88.300000,0.967000,88.300000,30.000000,2663,100.000000
37,136,igor thiago nascimento rodrigues|brentford,Igor Thiago Nascimento Rodrigues,Brentford,FWD,1.000000,88.000000,0.972000,85.800000,36.000000,3102,100.000000
37,137,iwan morgan|brentford,Iwan Morgan,Brentford,FWD,0.000000,0.000000,0.000000,0.000000,0.000000,0,0.000000
37,797,kaye furo|brentford,Kaye Furo,Brentford,FWD,0.000000,0.800000,0.000000,0.800000,1.000000,1,100.000000
37,101,caoimh n kelleher|brentford,Caoimhín Kelleher,Brentford,GK,1.000000,90.000000,1.000000,90.000000,35.000000,3150,100.000000
37,102,ellery balcombe|brentford,Ellery Balcombe,Brentford,GK,0.000000,0.000000,0.000000,0.000000,0.000000,0,
37,105,h kon rafn valdimarsson|brentford,Hákon Rafn Valdimarsson,Brentford,GK,0.000000,90.000000,1.000000,90.000000,1.000000,90,0.000000
37,104,julian eyestone|brentford,Julian Eyestone,Brentford,GK,0.000000,0.000000,0.000000,0.000000,0.000000,0,
37,103,matthew cox|brentford,Matthew Cox,Brentford,GK,0.000000,0.000000,0.000000,0.000000,0.000000,0,0.000000
37,122,antoni milambo|brentford,Antoni Milambo,Brentford,MID,0.000000,0.000000,0.000000,0.000000,1.000000,45,0.000000
37,83,dango ouattara|brentford,Dango Ouattara,Brentford,MID,0.900000,75.000000,0.767000,67.300000,30.000000,2091,100.000000
37,128,frank onyeka|brentford,Frank Onyeka,Brentford,MID,0.000000,0.000000,0.000000,0.000000,6.000000,88,0.000000
37,123,f bio freitas gouveia carvalho|brentford,Fábio Freitas Gouveia Carvalho,Brentford,MID,0.000000,0.000000,0.000000,0.000000,6.000000,100,0.000000
37,127,gustavo nunes fernandes gomes|brentford,Gustavo Nunes Fernandes Gomes,Brentford,MID,0.000000,0.000000,0.000000,0.000000,,0,0.000000
37,124,jordan henderson|brentford,Jordan Henderson,Brentford,MID,0.700000,60.000000,0.700000,58.100000,30.000000,1825,90.000000
37,748,josh dasilva|brentford,Josh Dasilva,Brentford,MID,0.000000,0.800000,0.000000,0.800000,1.000000,1,0.000000
37,120,kevin schade|brentford,Kevin Schade,Brentford,MID,0.980000,82.000000,0.939000,78.900000,33.000000,2627,100.000000
37,810,luka bentt|brentford,Luka Bentt,Brentford,MID,0.000000,0.000000,0.000000,0.000000,,0,
37,126,mathias jensen|brentford,Mathias Jensen,Brentford,MID,0.800000,65.000000,0.706000,58.900000,34.000000,2095,
37,121,mikkel damsgaard|brentford,Mikkel Damsgaard,Brentford,MID,0.750000,65.000000,0.742000,60.400000,31.000000,1949,100.000000
37,133,myles peart harris|brentford,Myles Peart-Harris,Brentford,MID,0.000000,0.000000,0.000000,0.000000,1.000000,1,0.000000
37,132,paris maghoma|brentford,Paris Maghoma,Brentford,MID,0.000000,0.000000,0.000000,0.000000,,0,0.000000
37,27,reiss nelson|brentford,Reiss Nelson,Brentford,MID,0.000000,15.000000,0.000000,11.000000,9.000000,117,20.000000
37,826,riley owen|brentford,Riley Owen,Brentford,MID,0.000000,0.000000,0.000000,0.000000,,0,
37,130,romelle donovan|brentford,Romelle Donovan,Brentford,MID,0.000000,8.100000,0.000000,8.100000,4.000000,38,
37,134,ryan trevitt|brentford,Ryan Trevitt,Brentford,MID,0.000000,0.000000,0.000000,0.000000,,0,0.000000
37,125,vitaly janelt|brentford,Vitaly Janelt,Brentford,MID,0.750000,60.000000,0.565000,52.100000,23.000000,1282,100.000000
37,129,yehor yarmoliuk|brentford,Yehor Yarmoliuk,Brentford,MID,0.650000,65.000000,0.806000,69.100000,36.000000,2564,100.000000
37,131,yunus emre konak|brentford,Yunus Emre Konak,Brentford,MID,0.000000,0.000000,0.000000,0.000000,0.000000,0,0.000000
37,153,adam webster|brighton,Adam Webster,Brighton,DEF,0.000000,0.000000,0.000000,0.000000,,0,0.000000
37,156,charlie tasker|brighton,Charlie Tasker,Brighton,DEF,0.000000,0.000000,0.000000,0.000000,0.000000,0,
37,144,diego coppola|brighton,Diego Coppola,Brighton,DEF,0.000000,0.000000,0.000000,0.000000,5.000000,193,0.000000
37,154,eiran cashin|brighton,Eiran Cashin,Brighton,DEF,0.000000,0.000000,0.000000,0.000000,,0,0.000000
37,148,ferdi kad o lu|brighton,Ferdi Kadıoğlu,Brighton,DEF,0.914000,83.200000,0.914000,83.200000,35.000000,2950,100.000000
37,761,freddie simmonds|brighton,Freddie Simmonds,Brighton,DEF,0.000000,0.000000,0.000000,0.000000,,0,
37,149,igor julio dos santos de paulo|brighton,Igor Julio dos Santos de Paulo,Brighton,DEF,0.000000,0.000000,0.250000,22.900000,4.000000,103,0.000000
37,155,jacob slater|brighton,Jacob Slater,Brighton,DEF,0.000000,0.000000,0.000000,0.000000,0.000000,0,0.000000
37,151,jan paul van hecke|brighton,Jan Paul van Hecke,Brighton,DEF,1.000000,88.000000,1.000000,89.100000,34.000000,3030,100.000000
37,152,jo l veltman|brighton,Joël Veltman,Brighton,DEF,0.250000,15.000000,0.348000,38.600000,23.000000,983,50.000000
37,146,lewis dunk|brighton,Lewis Dunk,Brighton,DEF,0.800000,84.900000,0.935000,84.900000,31.000000,2657,90.000000
37,145,maxim de cuyper|brighton,Maxim De Cuyper,Brighton,DEF,0.800000,75.000000,0.536000,42.200000,28.000000,1269,90.000000
37,143,olivier boscagli|brighton,Olivier Boscagli,Brighton,DEF,0.200000,75.000000,0.750000,64.100000,12.000000,799,10.000000
37,147,pervis estupi n tenorio|brighton,Pervis Estupiñán Tenorio,Brighton,DEF,0.000000,0.000000,0.000000,0.000000,,0,0.000000
37,150,tariq lamptey|brighton,Tariq Lamptey,Brighton,DEF,0.000000,0.000000,0.000000,0.000000,0.000000,0,0.000000
37,181,charalampos kostoulas|brighton,Charalampos Kostoulas,Brighton,FWD,0.105000,14.200000,0.105000,14.200000,19.000000,312,10.000000
37,178,danny welbeck|brighton,Danny Welbeck,Brighton,FWD,0.800000,65.000000,0.686000,57.900000,35.000000,2127,80.000000
37,179,evan ferguson|brighton,Evan Ferguson,Brighton,FWD,0.000000,0.000000,0.000000,0.000000,,0,0.000000
37,180,stefanos tzimas|brighton,Stefanos Tzimas,Brighton,FWD,0.000000,0.000000,0.000000,0.000000,9.000000,132,0.000000
37,139,bart verbruggen|brighton,Bart Verbruggen,Brighton,GK,1.000000,90.000000,1.000000,90.000000,36.000000,3240,100.000000
37,141,carl rushworth|brighton,Carl Rushworth,Brighton,GK,0.000000,0.000000,0.000000,0.000000,,0,0.000000
37,138,jason steele|brighton,Jason Steele,Brighton,GK,0.000000,0.000000,0.000000,0.000000,0.000000,0,
37,142,kjell scherpen|brighton,Kjell Scherpen,Brighton,GK,0.000000,0.000000,0.000000,0.000000,,0,0.000000
37,140,tom mcgill|brighton,Tom McGill,Brighton,GK,0.000000,0.000000,0.000000,0.000000,0.000000,0,
37,165,abdallah sima|brighton,Abdallah Sima,Brighton,MID,0.000000,0.000000,0.000000,0.000000,,0,0.000000
37,176,adrian mazilu|brighton,Adrian Mazilu,Brighton,MID,0.000000,0.000000,0.000000,0.000000,,0,0.000000
37,177,andrew moran|brighton,Andrew Moran,Brighton,MID,0.000000,0.000000,0.000000,0.000000,,0,0.000000
37,162,brajan gruda|brighton,Brajan Gruda,Brighton,MID,0.000000,0.000000,0.000000,0.000000,18.000000,708,0.000000
37,167,carlos baleba|brighton,Carlos Baleba,Brighton,MID,0.759000,60.000000,0.759000,51.000000,29.000000,1534,100.000000
37,169,diego g mez amarilla|brighton,Diego Gómez Amarilla,Brighton,MID,0.750000,60.000000,0.417000,33.100000,30.000000,2034,75.000000
37,158,georginio rutter|brighton,Georginio Rutter,Brighton,MID,0.200000,15.000000,0.667000,54.900000,30.000000,1735,50.000000
37,795,harry howell|brighton,Harry Howell,Brighton,MID,0.000000,0.000000,0.333000,27.600000,3.000000,92,0.000000
37,163,jack hinshelwood|brighton,Jack Hinshelwood,Brighton,MID,0.900000,80.000000,0.720000,60.600000,25.000000,1582,100.000000
37,170,james milner|brighton,James Milner,Brighton,MID,0.050000,33.700000,0.316000,33.700000,19.000000,714,100.000000
37,171,jeremy sarmiento morante|brighton,Jeremy Sarmiento Morante,Brighton,MID,0.000000,0.000000,0.000000,0.000000,,0,0.000000
37,175,joe knight|brighton,Joe Knight,Brighton,MID,0.000000,0.000000,0.000000,0.000000,1.000000,1,0.000000
37,161,julio enciso esp nola|brighton,Julio Enciso Espínola,Brighton,MID,0.000000,0.000000,0.000000,0.000000,,0,0.000000
37,174,malick yalcouy|brighton,Malick Yalcouyé,Brighton,MID,0.000000,0.000000,0.000000,0.000000,,0,0.000000
37,173,mats wieffer|brighton,Mats Wieffer,Brighton,MID,0.250000,15.000000,0.440000,35.600000,25.000000,1811,20.000000
37,164,matt o riley|brighton,Matt O'Riley,Brighton,MID,0.000000,0.000000,0.333000,30.300000,6.000000,202,0.000000
37,157,mitoma kaoru|brighton,Mitoma Kaoru,Brighton,MID,0.800000,75.000000,0.570000,49.600000,25.000000,1714,80.000000
37,744,nehemiah oriola|brighton,Nehemiah Oriola,Brighton,MID,0.000000,0.800000,0.000000,0.800000,1.000000,1,
37,783,pascal gro|brighton,Pascal Groß,Brighton,MID,0.980000,84.900000,0.941000,84.900000,17.000000,1456,100.000000
37,159,solly march|brighton,Solly March,Brighton,MID,0.000000,2.600000,0.000000,2.600000,2.000000,6,0.000000
37,172,tom watson|brighton,Tom Watson,Brighton,MID,0.000000,0.000000,0.000000,0.000000,6.000000,57,0.000000
37,160,yankuba minteh|brighton,Yankuba Minteh,Brighton,MID,0.750000,60.000000,0.781000,68.100000,32.000000,2254,80.000000
37,166,yasin ayari|brighton,Yasin Ayari,Brighton,MID,0.100000,15.000000,0.714000,65.400000,28.000000,1913,20.000000
37,198,axel tuanzebe|burnley,Axel Tuanzebe,Burnley,DEF,1.000000,85.100000,1.000000,85.100000,12.000000,1021,100.000000
37,193,bashir humphreys|burnley,Bashir Humphreys,Burnley,DEF,0.000000,10.000000,0.889000,80.600000,18.000000,1476,20.000000
37,186,connor roberts|burnley,Connor Roberts,Burnley,DEF,0.000000,0.000000,0.000000,0.000000,,0,0.000000
37,188,hannes delcroix|burnley,Hannes Delcroix,Burnley,DEF,0.000000,0.000000,0.000000,0.000000,0.000000,0,0.000000
37,190,hjalmar ekdal|burnley,Hjalmar Ekdal,Burnley,DEF,0.000000,15.000000,0.895000,79.700000,19.000000,1539,0.000000
37,199,joe worrall|burnley,Joe Worrall,Burnley,DEF,0.100000,10.000000,0.455000,41.400000,11.000000,496,20.000000
37,194,jordan beyer|burnley,Jordan Beyer,Burnley,DEF,0.000000,0.000000,0.000000,0.000000,0.000000,0,0.000000
37,187,kyle walker|burnley,Kyle Walker,Burnley,DEF,0.980000,85.400000,0.971000,85.400000,34.000000,2915,100.000000
37,195,lucas pires silva|burnley,Lucas Pires Silva,Burnley,DEF,0.722000,65.200000,0.722000,65.200000,18.000000,1225,100.000000
37,191,maxime est ve|burnley,Maxime Estève,Burnley,DEF,1.000000,86.400000,1.000000,86.400000,33.000000,2852,100.000000
37,197,oliver sonne|burnley,Oliver Sonne,Burnley,DEF,0.000000,0.000000,0.000000,0.000000,7.000000,164,0.000000
37,189,owen dodgson|burnley,Owen Dodgson,Burnley,DEF,0.000000,0.000000,0.000000,0.000000,,0,0.000000
37,192,quilindschy hartman|burnley,Quilindschy Hartman,Burnley,DEF,1.000000,86.900000,1.000000,86.900000,21.000000,1825,
37,196,shurandy sambo|burnley,Shurandy Sambo,Burnley,DEF,0.000000,0.000000,0.000000,0.000000,,0,0.000000
37,680,armando broja|burnley,Armando Broja,Burnley,FWD,0.100000,15.000000,0.333000,31.600000,24.000000,843,100.000000
37,218,ashley barnes|burnley,Ashley Barnes,Burnley,FWD,0.000000,5.000000,0.000000,5.000000,6.000000,35,10.000000
37,217,lyle foster|burnley,Lyle Foster,Burnley,FWD,0.200000,20.000000,0.577000,49.000000,26.000000,1361,50.000000
37,219,michael obafemi|burnley,Michael Obafemi,Burnley,FWD,0.000000,0.000000,0.000000,0.000000,0.000000,0,0.000000
37,216,zeki amdouni|burnley,Zeki Amdouni,Burnley,FWD,0.000000,0.000000,0.000000,10.600000,2.000000,25,0.000000
37,215,zian flemming|burnley,Zian Flemming,Burnley,FWD,0.800000,60.000000,0.704000,56.300000,27.000000,1590,100.000000
37,184,etienne green|burnley,Etienne Green,Burnley,GK,0.000000,0.000000,0.000000,0.000000,0.000000,0,0.000000
37,470,martin d bravka|burnley,Martin Dúbravka,Burnley,GK,1.000000,90.000000,1.000000,90.000000,35.000000,3150,100.000000
37,183,max wei|burnley,Max Weiß,Burnley,GK,0.000000,0.000000,1.000000,90.000000,1.000000,90,0.000000
37,185,v clav hladk|burnley,Václav Hladký,Burnley,GK,0.000000,0.000000,0.000000,0.000000,0.000000,0,
37,211,aaron ramsey|burnley,Aaron Ramsey,Burnley,MID,0.000000,0.000000,0.000000,0.000000,0.000000,0,0.000000
37,204,darko churlinov|burnley,Darko Churlinov,Burnley,MID,0.000000,0.000000,0.000000,0.000000,,0,0.000000
37,203,enock agyei|burnley,Enock Agyei,Burnley,MID,0.000000,0.000000,0.000000,0.000000,,0,
37,722,florentino ibrain morris lu s|burnley,Florentino Ibrain Morris Luís,Burnley,MID,0.793000,65.000000,0.793000,64.600000,29.000000,1933,80.000000
37,784,george brierley|burnley,George Brierley,Burnley,MID,0.000000,0.000000,0.000000,0.000000,,0,
37,207,hannibal mejbri|burnley,Hannibal Mejbri,Burnley,MID,0.800000,65.000000,0.520000,40.300000,25.000000,1085,100.000000
37,202,jacob bruun larsen|burnley,Jacob Bruun Larsen,Burnley,MID,0.650000,75.000000,0.385000,34.900000,26.000000,1001,100.000000
37,200,jaidon anthony|burnley,Jaidon Anthony,Burnley,MID,0.980000,75.000000,0.857000,71.100000,35.000000,2543,100.000000
37,614,james ward prowse|burnley,James Ward-Prowse,Burnley,MID,0.350000,25.000000,0.750000,64.100000,16.000000,1065,75.000000
37,213,jaydon banel|burnley,Jaydon Banel,Burnley,MID,0.000000,0.000000,0.000000,0.000000,1.000000,9,0.000000
37,205,josh cullen|burnley,Josh Cullen,Burnley,MID,0.000000,0.000000,0.000000,0.000000,18.000000,1513,0.000000
37,209,josh laurent|burnley,Josh Laurent,Burnley,MID,0.350000,10.000000,0.562000,50.600000,32.000000,1733,20.000000
37,820,kian mcmahon brown|burnley,Kian McMahon-Brown,Burnley,MID,0.000000,0.000000,0.000000,0.000000,,0,
37,676,lesley ugochukwu|burnley,Lesley Ugochukwu,Burnley,MID,0.800000,75.000000,0.758000,63.800000,33.000000,2186,100.000000
37,210,loum tchaouna|burnley,Loum Tchaouna,Burnley,MID,0.200000,15.000000,0.444000,37.500000,27.000000,1104,30.000000
37,208,luca koleosho|burnley,Luca Koleosho,Burnley,MID,0.000000,0.000000,0.000000,0.000000,,0,0.000000
37,201,manuel benson hedilazio|burnley,Manuel Benson Hedilazio,Burnley,MID,0.000000,0.000000,0.000000,0.000000,,0,0.000000
37,206,marcus edwards|burnley,Marcus Edwards,Burnley,MID,0.200000,10.000000,0.500000,43.900000,22.000000,1043,20.000000
37,214,mike tr sor ndayishimiye|burnley,Mike Trésor Ndayishimiye,Burnley,MID,0.000000,5.200000,0.000000,5.200000,6.000000,37,0.000000
37,776,oliver pimlott|burnley,Oliver Pimlott,Burnley,MID,0.000000,0.000000,0.000000,0.000000,,0,
37,212,oluwaseun adewumi|burnley,Oluwaseun Adewumi,Burnley,MID,0.000000,0.000000,0.000000,0.000000,,0,0.000000
37,234,aar n anselmino|chelsea,Aarón Anselmino,Chelsea,DEF,0.000000,0.000000,0.000000,0.000000,0.000000,0,0.000000
37,229,beno t badiashile mukinayi|chelsea,Benoît Badiashile Mukinayi,Chelsea,DEF,0.000000,0.000000,0.750000,56.500000,8.000000,470,0.000000
37,672,jorrel hato|chelsea,Jorrel Hato,Chelsea,DEF,0.750000,65.000000,0.500000,46.200000,20.000000,998,100.000000
37,233,josh acheampong|chelsea,Josh Acheampong,Chelsea,DEF,0.250000,35.500000,0.467000,35.500000,15.000000,579,100.000000
37,227,levi samuels colwill|chelsea,Levi Samuels Colwill,Chelsea,DEF,1.000000,88.000000,0.500000,62.400000,2.000000,135,100.000000
37,228,malo gusto|chelsea,Malo Gusto,Chelsea,DEF,0.900000,85.000000,0.758000,63.400000,33.000000,2171,100.000000
37,231,mamadou sarr|chelsea,Mamadou Sarr,Chelsea,DEF,0.000000,0.000000,0.500000,42.100000,2.000000,91,0.000000
37,224,marc cucurella saseta|chelsea,Marc Cucurella Saseta,Chelsea,DEF,0.906000,85.000000,0.906000,77.800000,32.000000,2526,100.000000
37,225,reece james|chelsea,Reece James,Chelsea,DEF,0.750000,65.600000,0.714000,65.600000,28.000000,1919,100.000000
37,232,tosin adarabioyo|chelsea,Tosin Adarabioyo,Chelsea,DEF,0.000000,0.000000,0.500000,45.600000,16.000000,788,0.000000
37,226,trevoh chalobah|chelsea,Trevoh Chalobah,Chelsea,DEF,0.500000,85.000000,0.969000,85.200000,32.000000,2739,75.000000
37,230,wesley fofana|chelsea,Wesley Fofana,Chelsea,DEF,0.750000,85.000000,0.783000,66.300000,23.000000,1577,100.000000
37,249,jo o pedro junqueira de jesus|chelsea,João Pedro Junqueira de Jesus,Chelsea,FWD,0.980000,88.000000,0.882000,74.200000,34.000000,2568,100.000000
37,250,liam delap|chelsea,Liam Delap,Chelsea,FWD,0.100000,15.000000,0.423000,35.100000,26.000000,999,50.000000
37,252,marc guiu paz|chelsea,Marc Guiu Paz,Chelsea,FWD,0.000000,0.000000,0.100000,22.900000,10.000000,265,0.000000
37,251,nicolas jackson|chelsea,Nicolas Jackson,Chelsea,FWD,0.000000,0.000000,0.000000,0.000000,0.000000,0,0.000000
37,221,filip j rgensen|chelsea,Filip Jörgensen,Chelsea,GK,0.000000,0.000000,0.600000,71.100000,5.000000,378,0.000000
37,223,gabriel s onina|chelsea,Gabriel Słonina,Chelsea,GK,0.000000,0.000000,0.000000,0.000000,0.000000,0,
37,789,max merrick|chelsea,Max Merrick,Chelsea,GK,0.000000,0.000000,0.000000,0.000000,,0,
37,222,mike penders|chelsea,Mike Penders,Chelsea,GK,0.000000,0.000000,0.000000,0.000000,,0,0.000000
37,220,robert lynch s nchez|chelsea,Robert Lynch Sánchez,Chelsea,GK,1.000000,90.000000,0.500000,43.300000,33.000000,2860,100.000000
37,803,teddy sharman lowe|chelsea,Teddy Sharman-Lowe,Chelsea,GK,0.000000,0.000000,0.000000,0.000000,,0,
37,453,alejandro garnacho ferreyra|chelsea,Alejandro Garnacho Ferreyra,Chelsea,MID,0.200000,15.000000,0.304000,25.800000,23.000000,1260,30.000000
37,246,andrey nascimento dos santos|chelsea,Andrey Nascimento dos Santos,Chelsea,MID,0.750000,65.000000,0.462000,40.900000,26.000000,1157,80.000000
37,240,christopher nkunku|chelsea,Christopher Nkunku,Chelsea,MID,0.000000,0.000000,0.000000,0.000000,0.000000,0,0.000000
37,235,cole palmer|chelsea,Cole Palmer,Chelsea,MID,0.980000,88.000000,0.917000,73.100000,24.000000,1776,100.000000
37,247,d rio lu s essugo|chelsea,Dário Luís Essugo,Chelsea,MID,0.000000,10.600000,0.000000,10.600000,2.000000,25,100.000000
37,237,enzo fern ndez|chelsea,Enzo Fernández,Chelsea,MID,0.980000,88.000000,0.971000,85.900000,34.000000,2934,100.000000
37,238,est v o almeida de oliveira gon alves|chelsea,Estêvão Almeida de Oliveira Gonçalves,Chelsea,MID,0.200000,15.000000,0.000000,0.000000,22.000000,839,30.000000
37,239,jamie bynoe gittens|chelsea,Jamie Bynoe-Gittens,Chelsea,MID,0.000000,0.000000,0.078000,6.800000,16.000000,486,0.000000
37,829,jesse derry|chelsea,Jesse Derry,Chelsea,MID,0.000000,0.000000,0.000000,0.000000,1.000000,45,0.000000
37,248,kendry p ez andrade|chelsea,Kendry Páez Andrade,Chelsea,MID,0.000000,0.000000,0.000000,0.000000,,0,0.000000
37,743,landon emenalo|chelsea,Landon Emenalo,Chelsea,MID,0.000000,0.000000,0.000000,0.000000,,0,
37,833,mathis ebou|chelsea,Mathis Eboué,Chelsea,MID,0.000000,0.000000,0.000000,0.000000,,0,
37,241,mois s caicedo corozo|chelsea,Moisés Caicedo Corozo,Chelsea,MID,0.980000,85.000000,0.968000,84.200000,31.000000,2622,100.000000
37,245,mykhailo mudryk|chelsea,Mykhailo Mudryk,Chelsea,MID,0.000000,0.000000,0.000000,0.000000,,0,0.000000
37,236,pedro lomba neto|chelsea,Pedro Lomba Neto,Chelsea,MID,0.750000,75.000000,0.438000,38.000000,32.000000,2477,90.000000
37,244,rom o lavia|chelsea,Roméo Lavia,Chelsea,MID,0.333000,25.000000,0.333000,28.000000,12.000000,374,75.000000
37,834,ryan kavuma mcqueen|chelsea,Ryan Kavuma-McQueen,Chelsea,MID,0.000000,0.000000,0.000000,0.000000,,0,
37,259,borna sosa|crystal palace,Borna Sosa,Crystal Palace,DEF,0.000000,15.000000,0.000000,6.000000,7.000000,99,10.000000
37,265,caleb kporha|crystal palace,Caleb Kporha,Crystal Palace,DEF,0.000000,0.000000,0.000000,0.000000,,0,0.000000
37,262,chadi riad dnanou|crystal palace,Chadi Riad Dnanou,Crystal Palace,DEF,0.000000,0.000000,0.571000,51.700000,7.000000,387,0.000000
37,261,chris richards|crystal palace,Chris Richards,Crystal Palace,DEF,0.968000,86.900000,0.968000,86.900000,31.000000,2706,100.000000
37,256,daniel mu oz mej a|crystal palace,Daniel Muñoz Mejía,Crystal Palace,DEF,1.000000,84.000000,1.000000,84.000000,26.000000,2184,100.000000
37,798,danny imray|crystal palace,Danny Imray,Crystal Palace,DEF,0.000000,0.000000,0.000000,0.000000,,0,0.000000
37,773,dean benamar|crystal palace,Dean Benamar,Crystal Palace,DEF,0.000000,0.000000,0.000000,0.000000,,0,
37,793,george king|crystal palace,George King,Crystal Palace,DEF,0.000000,0.000000,0.000000,0.000000,,0,
37,723,jaydee canvot|crystal palace,Jaydee Canvot,Crystal Palace,DEF,0.800000,85.000000,0.667000,60.700000,18.000000,1151,100.000000
37,257,maxence lacroix|crystal palace,Maxence Lacroix,Crystal Palace,DEF,1.000000,88.900000,1.000000,88.900000,33.000000,2935,100.000000
37,263,nathaniel clyne|crystal palace,Nathaniel Clyne,Crystal Palace,DEF,0.000000,0.000000,0.750000,59.400000,8.000000,494,0.000000
37,264,rob holding|crystal palace,Rob Holding,Crystal Palace,DEF,0.000000,0.000000,0.000000,0.000000,,0,0.000000
37,258,tyrick mitchell|crystal palace,Tyrick Mitchell,Crystal Palace,DEF,0.971000,86.100000,0.971000,86.100000,35.000000,3028,100.000000
37,780,ben casey|crystal palace,Ben Casey,Crystal Palace,FWD,0.000000,0.000000,0.000000,0.000000,,0,
37,732,christantus uche|crystal palace,Christantus Uche,Crystal Palace,FWD,0.000000,9.700000,0.000000,9.700000,14.000000,159,
37,284,eddie nketiah|crystal palace,Eddie Nketiah,Crystal Palace,FWD,0.000000,0.000000,0.000000,0.000000,12.000000,414,0.000000
37,283,jean philippe mateta|crystal palace,Jean-Philippe Mateta,Crystal Palace,FWD,0.800000,60.000000,0.828000,70.800000,29.000000,2109,100.000000
37,654,j rgen strand larsen|crystal palace,Jørgen Strand Larsen,Crystal Palace,FWD,0.200000,30.000000,0.727000,62.100000,33.000000,2135,100.000000
37,285,odsonne douard|crystal palace,Odsonne Édouard,Crystal Palace,FWD,0.000000,0.000000,0.000000,0.000000,1.000000,2,0.000000
37,286,zach marsh|crystal palace,Zach Marsh,Crystal Palace,FWD,0.000000,0.000000,0.000000,0.000000,0.000000,0,
37,253,dean henderson|crystal palace,Dean Henderson,Crystal Palace,GK,1.000000,90.000000,1.000000,90.000000,34.000000,3060,100.000000
37,255,remi matthews|crystal palace,Remi Matthews,Crystal Palace,GK,0.000000,0.000000,0.000000,0.000000,0.000000,0,
37,254,walter ben tez|crystal palace,Walter Benítez,Crystal Palace,GK,1.000000,90.000000,1.000000,90.000000,1.000000,90,100.000000
37,273,adam wharton|crystal palace,Adam Wharton,Crystal Palace,MID,0.903000,76.800000,0.903000,76.800000,31.000000,2416,100.000000
37,274,asher agbinone|crystal palace,Asher Agbinone,Crystal Palace,MID,0.000000,0.000000,0.000000,0.000000,0.000000,0,
37,580,brennan johnson|crystal palace,Brennan Johnson,Crystal Palace,MID,0.562000,60.000000,0.562000,46.500000,32.000000,1591,100.000000
37,268,cheick doucour|crystal palace,Cheick Doucouré,Crystal Palace,MID,0.000000,0.000000,0.000000,0.000000,,0,0.000000
37,271,daichi kamada|crystal palace,Daichi Kamada,Crystal Palace,MID,0.800000,67.900000,0.800000,67.900000,25.000000,1749,100.000000
37,280,david ozoh|crystal palace,David Ozoh,Crystal Palace,MID,0.000000,0.000000,0.000000,0.000000,,0,0.000000
37,677,evann guessand|crystal palace,Evann Guessand,Crystal Palace,MID,0.237000,21.300000,0.237000,21.300000,19.000000,880,50.000000
37,282,franco umeh chibueze|crystal palace,Franco Umeh-Chibueze,Crystal Palace,MID,0.000000,0.000000,0.000000,0.000000,,0,0.000000
37,267,isma la sarr|crystal palace,Ismaïla Sarr,Crystal Palace,MID,0.880000,78.900000,0.880000,78.900000,25.000000,2008,100.000000
37,272,jefferson lerma sol s|crystal palace,Jefferson Lerma Solís,Crystal Palace,MID,0.571000,51.000000,0.571000,51.000000,28.000000,1526,100.000000
37,278,jesurun rak sakyi|crystal palace,Jesurun Rak-Sakyi,Crystal Palace,MID,0.000000,0.000000,0.000000,0.000000,,0,0.000000
37,762,jo l drakes thomas|crystal palace,Joél Drakes-Thomas,Crystal Palace,MID,0.000000,3.000000,0.000000,3.000000,2.000000,7,
37,276,justin devenny|crystal palace,Justin Devenny,Crystal Palace,MID,0.300000,31.100000,0.300000,31.100000,20.000000,695,65.000000
37,281,kaden rodney|crystal palace,Kaden Rodney,Crystal Palace,MID,0.000000,2.600000,0.000000,2.600000,1.000000,3,
37,277,malcolm ebiowei|crystal palace,Malcolm Ebiowei,Crystal Palace,MID,0.000000,0.000000,0.000000,0.000000,,0,0.000000
37,279,matheus fran a de oliveira|crystal palace,Matheus França de Oliveira,Crystal Palace,MID,0.000000,0.000000,0.000000,0.000000,,0,0.000000
37,275,naouirou ahamada|crystal palace,Naouirou Ahamada,Crystal Palace,MID,0.000000,0.000000,0.000000,0.000000,,0,0.000000
37,690,rio cardines|crystal palace,Rio Cardines,Crystal Palace,MID,0.000000,0.000000,0.000000,0.000000,0.000000,0,0.000000
37,269,romain esse|crystal palace,Romain Esse,Crystal Palace,MID,0.000000,0.000000,0.000000,0.000000,4.000000,40,0.000000
37,270,will hughes|crystal palace,Will Hughes,Crystal Palace,MID,0.800000,75.000000,0.586000,45.600000,29.000000,1411,100.000000
37,712,y remy pino santos|crystal palace,Yéremy Pino Santos,Crystal Palace,MID,0.774000,60.000000,0.774000,60.000000,31.000000,1925,100.000000
37,667,adam aznou|everton,Adam Aznou,Everton,DEF,0.000000,0.000000,0.000000,0.000000,0.000000,0,100.000000
37,705,elijah campbell|everton,Elijah Campbell,Everton,DEF,0.000000,0.000000,0.000000,0.000000,0.000000,0,0.000000
37,293,jake o brien|everton,Jake O'Brien,Everton,DEF,0.943000,85.000000,0.943000,84.100000,35.000000,2970,100.000000
37,291,james tarkowski|everton,James Tarkowski,Everton,DEF,1.000000,90.000000,1.000000,90.000000,35.000000,3150,100.000000
37,290,jarrad branthwaite|everton,Jarrad Branthwaite,Everton,DEF,0.000000,0.000000,0.000000,0.000000,10.000000,678,0.000000
37,295,michael keane|everton,Michael Keane,Everton,DEF,0.980000,88.000000,0.871000,76.200000,31.000000,2408,100.000000
37,296,nathan patterson|everton,Nathan Patterson,Everton,DEF,0.050000,5.000000,0.429000,31.100000,7.000000,238,10.000000
37,298,reece welch|everton,Reece Welch,Everton,DEF,0.000000,0.000000,0.000000,0.000000,0.000000,0,
37,297,roman dixon|everton,Roman Dixon,Everton,DEF,0.000000,0.000000,0.000000,0.000000,0.000000,0,0.000000
37,294,s amus coleman|everton,Séamus Coleman,Everton,DEF,0.000000,0.000000,0.333000,3.300000,3.000000,11,0.000000
37,292,vitalii mykolenko|everton,Vitalii Mykolenko,Everton,DEF,1.000000,89.600000,1.000000,89.600000,31.000000,2779,100.000000
37,779,braiden graham|everton,Braiden Graham,Everton,FWD,0.000000,0.000000,0.000000,0.000000,,0,
37,313,martin sherif|everton,Martin Sherif,Everton,FWD,0.000000,0.000000,0.000000,0.000000,0.000000,0,0.000000
37,311,norberto bercique gomes betuncal|everton,Norberto Bercique Gomes Betuncal,Everton,FWD,0.650000,60.000000,0.457000,38.700000,35.000000,1473,100.000000
37,310,thierno barry|everton,Thierno Barry,Everton,FWD,0.350000,30.000000,0.556000,46.600000,36.000000,1798,100.000000
37,312,youssef ramalho chermiti|everton,Youssef Ramalho Chermiti,Everton,FWD,0.000000,0.000000,0.000000,0.000000,0.000000,0,0.000000
37,289,harry tyrer|everton,Harry Tyrer,Everton,GK,0.000000,0.000000,0.000000,0.000000,0.000000,0,0.000000
37,287,jordan pickford|everton,Jordan Pickford,Everton,GK,1.000000,90.000000,1.000000,90.000000,36.000000,3240,100.000000
37,288,mark travers|everton,Mark Travers,Everton,GK,0.000000,0.000000,0.000000,0.000000,0.000000,0,100.000000
37,630,tom king|everton,Tom King,Everton,GK,0.000000,0.000000,0.000000,0.000000,0.000000,0,
37,306,callum bates|everton,Callum Bates,Everton,MID,0.000000,0.000000,0.000000,0.000000,0.000000,0,
37,301,carlos alcaraz dur n|everton,Carlos Alcaraz Durán,Everton,MID,0.316000,31.800000,0.316000,31.800000,19.000000,673,65.000000
37,307,coby ebere|everton,Coby Ebere,Everton,MID,0.000000,0.000000,0.000000,0.000000,,0,
37,300,dwight mcneil|everton,Dwight McNeil,Everton,MID,0.050000,5.000000,0.667000,52.400000,21.000000,1159,10.000000
37,305,harrison armstrong|everton,Harrison Armstrong,Everton,MID,0.000000,0.000000,0.500000,38.200000,12.000000,496,0.000000
37,302,idrissa gana gueye|everton,Idrissa Gana Gueye,Everton,MID,0.000000,0.000000,0.500000,41.900000,25.000000,2094,0.000000
37,299,iliman ndiaye|everton,Iliman Ndiaye,Everton,MID,1.000000,86.700000,1.000000,86.700000,30.000000,2601,100.000000
37,308,isaac heath|everton,Isaac Heath,Everton,MID,0.000000,0.000000,0.000000,0.000000,,0,0.000000
37,419,jack grealish|everton,Jack Grealish,Everton,MID,0.000000,0.000000,0.000000,0.000000,20.000000,1627,0.000000
37,303,james garner|everton,James Garner,Everton,MID,1.000000,89.800000,1.000000,89.800000,36.000000,3233,100.000000
37,309,jenson metcalfe|everton,Jenson Metcalfe,Everton,MID,0.000000,0.000000,0.000000,0.000000,,0,0.000000
37,242,kiernan dewsbury hall|everton,Kiernan Dewsbury-Hall,Everton,MID,0.966000,84.300000,0.966000,84.300000,29.000000,2456,100.000000
37,728,merlin r hl|everton,Merlin Röhl,Everton,MID,0.050000,10.000000,0.286000,33.600000,14.000000,527,20.000000
37,304,tim iroegbunam|everton,Tim Iroegbunam,Everton,MID,0.800000,60.000000,0.556000,45.700000,27.000000,1322,100.000000
37,707,tyler dibling|everton,Tyler Dibling,Everton,MID,0.000000,22.300000,0.286000,22.300000,14.000000,349,0.000000
37,704,tyler onyango|everton,Tyler Onyango,Everton,MID,0.000000,0.000000,0.000000,0.000000,,0,0.000000
37,243,tyrique george|everton,Tyrique George,Everton,MID,0.077000,20.300000,0.077000,20.300000,13.000000,306,100.000000
37,316,antonee robinson|fulham,Antonee Robinson,Fulham,DEF,0.800000,85.000000,0.750000,62.900000,20.000000,1307,90.000000
37,318,calvin bassey|fulham,Calvin Bassey,Fulham,DEF,0.929000,83.100000,0.929000,83.100000,28.000000,2352,100.000000
37,320,issa diop|fulham,Issa Diop,Fulham,DEF,0.800000,54.000000,0.545000,54.000000,11.000000,637,20.000000
37,317,joachim andersen|fulham,Joachim Andersen,Fulham,DEF,0.000000,0.000000,0.000000,0.000000,33.000000,2882,0.000000
37,321,jorge cuenca barreno|fulham,Jorge Cuenca Barreno,Fulham,DEF,0.000000,0.000000,0.786000,64.400000,14.000000,931,0.000000
37,322,kenny tete|fulham,Kenny Tete,Fulham,DEF,0.200000,10.000000,0.955000,80.900000,22.000000,1791,100.000000
37,323,samuel amissah|fulham,Samuel Amissah,Fulham,DEF,0.000000,0.000000,0.000000,0.000000,0.000000,0,
37,319,timothy castagne|fulham,Timothy Castagne,Fulham,DEF,0.980000,85.000000,0.643000,56.000000,28.000000,1658,100.000000
37,737,jonah kusi asare|fulham,Jonah Kusi-Asare,Fulham,FWD,0.000000,6.000000,0.000000,6.000000,7.000000,49,
37,337,ra l jim nez rodr guez|fulham,Raúl Jiménez Rodríguez,Fulham,FWD,0.800000,61.100000,0.794000,61.100000,34.000000,2142,100.000000
37,338,rodrigo muniz carvalho|fulham,Rodrigo Muniz Carvalho,Fulham,FWD,0.200000,30.000000,0.421000,40.900000,19.000000,850,100.000000
37,786,alfie mcnally|fulham,Alfie McNally,Fulham,GK,0.000000,0.000000,0.000000,0.000000,,0,
37,664,benjamin lecomte|fulham,Benjamin Lecomte,Fulham,GK,0.000000,0.000000,0.000000,0.000000,0.000000,0,
37,314,bernd leno|fulham,Bernd Leno,Fulham,GK,1.000000,90.000000,1.000000,90.000000,36.000000,3240,100.000000
37,315,steven benda|fulham,Steven Benda,Fulham,GK,0.000000,0.000000,0.000000,0.000000,,0,0.000000
37,324,alex iwobi|fulham,Alex Iwobi,Fulham,MID,1.000000,88.000000,0.000000,0.000000,27.000000,2264,100.000000
37,327,andreas hoelgebaum pereira|fulham,Andreas Hoelgebaum Pereira,Fulham,MID,0.000000,0.000000,0.000000,0.000000,0.000000,0,0.000000
37,325,emile smith rowe|fulham,Emile Smith Rowe,Fulham,MID,0.750000,60.000000,0.571000,47.100000,35.000000,1760,100.000000
37,336,harrison reed|fulham,Harrison Reed,Fulham,MID,0.143000,11.100000,0.143000,11.100000,7.000000,89,100.000000
37,329,harry wilson|fulham,Harry Wilson,Fulham,MID,0.980000,65.000000,0.941000,77.100000,34.000000,2645,100.000000
37,335,josh king|fulham,Josh King,Fulham,MID,0.050000,10.000000,0.500000,38.500000,30.000000,1249,50.000000
37,731,kevin santos lopes de macedo|fulham,Kevin Santos Lopes de Macedo,Fulham,MID,0.000000,0.000000,0.333000,34.700000,24.000000,926,0.000000
37,334,luke harris|fulham,Luke Harris,Fulham,MID,0.000000,0.000000,0.000000,0.000000,,0,0.000000
37,333,martial godo|fulham,Martial Godo,Fulham,MID,0.000000,0.000000,0.000000,0.000000,,0,0.000000
37,424,oscar bobb|fulham,Oscar Bobb,Fulham,MID,0.250000,25.000000,0.429000,38.400000,21.000000,881,80.000000
37,328,ryan sessegnon|fulham,Ryan Sessegnon,Fulham,MID,0.050000,5.000000,0.370000,32.300000,27.000000,1816,10.000000
37,727,samuel chukwueze|fulham,Samuel Chukwueze,Fulham,MID,0.455000,60.000000,0.455000,44.100000,22.000000,1056,100.000000
37,330,sander berge|fulham,Sander Berge,Fulham,MID,0.000000,83.500000,0.970000,83.500000,33.000000,2769,0.000000
37,332,sa a luki|fulham,Saša Lukić,Fulham,MID,0.760000,63.200000,0.760000,63.200000,25.000000,1640,100.000000
37,770,seth ridgeon|fulham,Seth Ridgeon,Fulham,MID,0.000000,0.000000,0.000000,0.000000,,0,
37,331,tom cairney|fulham,Tom Cairney,Fulham,MID,0.261000,28.100000,0.261000,28.100000,23.000000,726,100.000000
37,347,gabriel gudmundsson|leeds,Gabriel Gudmundsson,Leeds,DEF,0.000000,0.000000,0.484000,41.000000,32.000000,2637,0.000000
37,349,isaac schmidt|leeds,Isaac Schmidt,Leeds,DEF,0.000000,0.000000,0.000000,0.000000,0.000000,0,0.000000
37,344,jaka bijol|leeds,Jaka Bijol,Leeds,DEF,0.826000,75.000000,0.826000,73.200000,23.000000,1729,100.000000
37,706,james justin|leeds,James Justin,Leeds,DEF,0.980000,85.000000,0.704000,60.600000,27.000000,1713,100.000000
37,342,jayden bogle|leeds,Jayden Bogle,Leeds,DEF,0.980000,81.600000,0.939000,81.600000,33.000000,2718,100.000000
37,837,jayden lienou|leeds,Jayden Lienou,Leeds,DEF,0.000000,0.000000,0.000000,0.000000,,0,
37,348,joe rodon|leeds,Joe Rodon,Leeds,DEF,0.939000,88.000000,0.939000,83.200000,33.000000,2772,100.000000
37,343,pascal struijk|leeds,Pascal Struijk,Leeds,DEF,0.200000,10.000000,0.727000,64.400000,33.000000,2845,75.000000
37,346,sam byram|leeds,Sam Byram,Leeds,DEF,0.000000,6.000000,0.000000,6.000000,1.000000,7,
37,345,sebastiaan bornauw|leeds,Sebastiaan Bornauw,Leeds,DEF,0.050000,10.000000,0.400000,30.800000,10.000000,338,30.000000
37,691,dominic calvert lewin|leeds,Dominic Calvert-Lewin,Leeds,FWD,0.980000,88.000000,0.848000,75.900000,33.000000,2563,100.000000
37,741,harry gray|leeds,Harry Gray,Leeds,FWD,0.000000,0.000000,0.000000,0.000000,0.000000,0,0.000000
37,362,jo l piroe|leeds,Joël Piroe,Leeds,FWD,0.000000,0.000000,0.143000,13.400000,14.000000,216,0.000000
37,365,lukas nmecha|leeds,Lukas Nmecha,Leeds,FWD,0.050000,20.000000,0.310000,29.200000,29.000000,945,70.000000
37,364,mateo joseph fern ndez regatillo|leeds,Mateo Joseph Fernández-Regatillo,Leeds,FWD,0.000000,0.000000,0.000000,0.000000,,0,0.000000
37,363,patrick bamford|leeds,Patrick Bamford,Leeds,FWD,0.000000,0.000000,0.000000,0.000000,0.000000,0,0.000000
37,340,alex cairns|leeds,Alex Cairns,Leeds,GK,0.000000,0.000000,0.000000,0.000000,0.000000,0,
37,339,illan meslier|leeds,Illan Meslier,Leeds,GK,0.000000,0.000000,0.000000,0.000000,0.000000,0,
37,341,karl darlow|leeds,Karl Darlow,Leeds,GK,1.000000,90.000000,1.000000,90.000000,20.000000,1800,100.000000
37,665,lucas estella perri|leeds,Lucas Estella Perri,Leeds,GK,0.000000,0.000000,1.000000,90.000000,16.000000,1440,0.000000
37,660,anton stach|leeds,Anton Stach,Leeds,MID,0.980000,85.000000,0.964000,81.600000,28.000000,2296,100.000000
37,350,brenden aaronson|leeds,Brenden Aaronson,Leeds,MID,0.800000,63.700000,0.800000,63.700000,35.000000,2300,100.000000
37,359,charlie crew|leeds,Charlie Crew,Leeds,MID,0.000000,0.000000,0.000000,0.000000,,0,0.000000
37,353,daniel james|leeds,Daniel James,Leeds,MID,0.050000,15.000000,0.294000,24.600000,17.000000,468,33.000000
37,361,darko gyabi|leeds,Darko Gyabi,Leeds,MID,0.000000,0.000000,0.000000,0.000000,,0,0.000000
37,354,ethan ampadu|leeds,Ethan Ampadu,Leeds,MID,1.000000,89.100000,1.000000,89.100000,33.000000,2939,100.000000
37,168,facundo buonanotte|leeds,Facundo Buonanotte,Leeds,MID,0.000000,0.000000,0.000000,0.000000,3.000000,69,0.000000
37,356,ilia gruev|leeds,Ilia Gruev,Leeds,MID,0.000000,0.000000,0.000000,0.000000,23.000000,1318,0.000000
37,352,jack harrison|leeds,Jack Harrison,Leeds,MID,0.000000,0.000000,0.000000,0.000000,11.000000,262,0.000000
37,360,joe gelhardt|leeds,Joe Gelhardt,Leeds,MID,0.000000,0.000000,0.000000,0.000000,,0,0.000000
37,357,largie ramazani|leeds,Largie Ramazani,Leeds,MID,0.000000,0.000000,0.000000,0.000000,,0,0.000000
37,698,noah okafor|leeds,Noah Okafor,Leeds,MID,0.000000,0.000000,0.000000,0.000000,28.000000,1553,0.000000
37,838,rhys chadwick|leeds,Rhys Chadwick,Leeds,MID,0.000000,0.000000,0.000000,0.000000,,0,
37,787,sam chambers|leeds,Sam Chambers,Leeds,MID,0.000000,0.000000,0.000000,0.000000,,0,
37,355,sam greenwood|leeds,Sam Greenwood,Leeds,MID,0.000000,0.000000,0.000000,0.000000,,0,0.000000
37,493,sean longstaff|leeds,Sean Longstaff,Leeds,MID,0.050000,5.000000,0.455000,40.600000,22.000000,973,75.000000
37,358,tanaka ao|leeds,Tanaka Ao,Leeds,MID,0.800000,80.000000,0.462000,41.400000,26.000000,1171,100.000000
37,351,wilfried gnonto|leeds,Wilfried Gnonto,Leeds,MID,0.200000,15.000000,0.190000,19.700000,21.000000,470,75.000000
37,378,amara nallo|liverpool,Amara Nallo,Liverpool,DEF,0.000000,0.000000,0.000000,0.000000,0.000000,0,0.000000
37,372,andrew robertson|liverpool,Andrew Robertson,Liverpool,DEF,0.150000,15.000000,0.435000,43.100000,23.000000,1083,90.000000
37,380,calvin ramsay|liverpool,Calvin Ramsay,Liverpool,DEF,0.000000,0.000000,0.000000,0.000000,0.000000,0,0.000000
37,375,conor bradley|liverpool,Conor Bradley,Liverpool,DEF,0.000000,0.000000,0.000000,0.000000,15.000000,928,0.000000
37,692,giovanni leoni|liverpool,Giovanni Leoni,Liverpool,DEF,0.000000,0.000000,0.000000,0.000000,,0,0.000000
37,374,ibrahima konat|liverpool,Ibrahima Konaté,Liverpool,DEF,1.000000,85.600000,1.000000,85.600000,34.000000,2912,100.000000
37,370,jeremie frimpong|liverpool,Jeremie Frimpong,Liverpool,DEF,0.600000,60.000000,0.600000,47.800000,20.000000,1016,100.000000
37,376,joe gomez|liverpool,Joe Gomez,Liverpool,DEF,0.000000,5.000000,0.316000,24.900000,19.000000,528,20.000000
37,377,konstantinos tsimikas|liverpool,Konstantinos Tsimikas,Liverpool,DEF,0.000000,0.000000,0.000000,0.000000,,0,0.000000
37,371,milos kerkez|liverpool,Milos Kerkez,Liverpool,DEF,0.812000,75.000000,0.812000,65.400000,32.000000,2154,100.000000
37,379,rhys williams|liverpool,Rhys Williams,Liverpool,DEF,0.000000,0.000000,0.000000,0.000000,0.000000,0,0.000000
37,832,talla ndiaye|liverpool,Talla Ndiaye,Liverpool,DEF,0.000000,0.000000,0.000000,0.000000,,0,0.000000
37,373,virgil van dijk|liverpool,Virgil van Dijk,Liverpool,DEF,1.000000,90.000000,1.000000,90.000000,36.000000,3240,100.000000
37,760,wellity lucky|liverpool,Wellity Lucky,Liverpool,DEF,0.000000,0.000000,0.000000,0.000000,,0,0.000000
37,499,alexander isak|liverpool,Alexander Isak,Liverpool,FWD,0.500000,60.000000,0.571000,46.400000,14.000000,694,100.000000
37,397,darwin n ez ribeiro|liverpool,Darwin Núñez Ribeiro,Liverpool,FWD,0.000000,0.000000,0.000000,0.000000,0.000000,0,0.000000
37,661,hugo ekitik|liverpool,Hugo Ekitiké,Liverpool,FWD,0.000000,0.000000,0.000000,0.000000,28.000000,1797,0.000000
37,398,jayden danns|liverpool,Jayden Danns,Liverpool,FWD,0.000000,0.000000,0.000000,0.000000,0.000000,0,0.000000
37,830,will wright|liverpool,Will Wright,Liverpool,FWD,0.000000,0.000000,0.000000,0.000000,,0,0.000000
37,366,alisson becker|liverpool,Alisson Becker,Liverpool,GK,0.500000,45.000000,0.500000,45.000000,25.000000,2250,50.000000
37,369,freddie woodman|liverpool,Freddie Woodman,Liverpool,GK,0.667000,67.100000,0.667000,67.100000,3.000000,212,0.000000
37,367,giorgi mamardashvili|liverpool,Giorgi Mamardashvili,Liverpool,GK,1.000000,86.300000,1.000000,86.300000,9.000000,777,100.000000
37,368,rmin p csi|liverpool,Ármin Pécsi,Liverpool,GK,0.000000,0.000000,0.000000,0.000000,0.000000,0,0.000000
37,386,alexis mac allister|liverpool,Alexis Mac Allister,Liverpool,MID,0.829000,68.900000,0.829000,68.900000,35.000000,2474,100.000000
37,384,cody gakpo|liverpool,Cody Gakpo,Liverpool,MID,0.882000,74.300000,0.882000,74.300000,34.000000,2573,100.000000
37,388,curtis jones|liverpool,Curtis Jones,Liverpool,MID,0.500000,50.400000,0.500000,50.400000,32.000000,1743,100.000000
37,387,dominik szoboszlai|liverpool,Dominik Szoboszlai,Liverpool,MID,1.000000,89.800000,1.000000,89.800000,34.000000,3052,100.000000
37,392,endo wataru|liverpool,Endo Wataru,Liverpool,MID,0.000000,0.000000,0.000000,0.000000,8.000000,170,0.000000
37,385,federico chiesa|liverpool,Federico Chiesa,Liverpool,MID,0.040000,10.000000,0.040000,10.000000,25.000000,293,100.000000
37,382,florian wirtz|liverpool,Florian Wirtz,Liverpool,MID,0.871000,73.800000,0.871000,73.800000,31.000000,2333,100.000000
37,394,james mcconnell|liverpool,James McConnell,Liverpool,MID,0.000000,0.000000,0.000000,0.000000,,0,0.000000
37,746,kieran morrison|liverpool,Kieran Morrison,Liverpool,MID,0.000000,0.000000,0.000000,0.000000,,0,
37,383,luis d az marulanda|liverpool,Luis Díaz Marulanda,Liverpool,MID,0.000000,0.000000,0.000000,0.000000,,0,0.000000
37,381,mohamed salah|liverpool,Mohamed Salah,Liverpool,MID,0.000000,0.000000,0.440000,40.400000,25.000000,2055,0.000000
37,686,rio ngumoha|liverpool,Rio Ngumoha,Liverpool,MID,0.050000,15.000000,0.176000,19.800000,17.000000,385,50.000000
37,390,ryan gravenberch|liverpool,Ryan Gravenberch,Liverpool,MID,0.941000,82.900000,0.941000,82.900000,34.000000,2844,100.000000
37,393,stefan baj eti maquieira|liverpool,Stefan Bajčetić Maquieira,Liverpool,MID,0.000000,0.000000,0.000000,0.000000,0.000000,0,0.000000
37,396,trey nyoni|liverpool,Trey Nyoni,Liverpool,MID,0.000000,2.400000,0.000000,2.400000,5.000000,14,
37,395,tyler morton|liverpool,Tyler Morton,Liverpool,MID,0.000000,0.000000,0.000000,0.000000,,0,0.000000
37,406,abdukodir khusanov|manchester city,Abdukodir Khusanov,Man City,DEF,0.800000,75.000000,0.684000,62.500000,19.000000,1247,100.000000
37,409,john stones|manchester city,John Stones,Man City,DEF,0.000000,0.000000,0.571000,46.900000,7.000000,351,0.000000
37,403,jo ko gvardiol|manchester city,Joško Gvardiol,Man City,DEF,0.000000,0.000000,0.703000,60.400000,16.000000,1301,0.000000
37,404,manuel akanji|manchester city,Manuel Akanji,Man City,DEF,0.000000,0.000000,0.000000,0.000000,0.000000,0,0.000000
37,260,marc gu hi|manchester city,Marc Guéhi,Man City,DEF,1.000000,90.000000,1.000000,90.000000,33.000000,2970,100.000000
37,407,matheus nunes|manchester city,Matheus Nunes,Man City,DEF,0.938000,84.000000,0.938000,84.000000,32.000000,2714,100.000000
37,794,max alleyne|manchester city,Max Alleyne,Man City,DEF,0.000000,0.000000,1.000000,67.500000,2.000000,135,0.000000
37,405,nathan ak|manchester city,Nathan Aké,Man City,DEF,0.200000,15.000000,0.312000,32.400000,16.000000,578,75.000000
37,411,nico o reilly|manchester city,Nico O'Reilly,Man City,DEF,0.900000,75.600000,0.848000,75.600000,33.000000,2553,100.000000
37,402,rayan a t nouri|manchester city,Rayan Aït-Nouri,Man City,DEF,0.500000,60.000000,0.733000,55.600000,15.000000,868,100.000000
37,410,rico lewis|manchester city,Rico Lewis,Man City,DEF,0.000000,0.000000,0.300000,27.800000,10.000000,311,0.000000
37,408,r ben dos santos gato alves dias|manchester city,Rúben dos Santos Gato Alves Dias,Man City,DEF,0.000000,0.000000,0.920000,81.000000,25.000000,2049,0.000000
37,740,stephen mfuni|manchester city,Stephen Mfuni,Man City,DEF,0.000000,0.000000,0.000000,0.000000,,0,0.000000
37,412,vitor de oliveira nunes dos reis|manchester city,Vitor de Oliveira Nunes dos Reis,Man City,DEF,0.000000,0.000000,0.000000,0.000000,,0,0.000000
37,430,erling haaland|manchester city,Erling Haaland,Man City,FWD,1.000000,88.000000,0.971000,83.800000,34.000000,2863,100.000000
37,399,ederson santana de moraes|manchester city,Ederson Santana de Moraes,Man City,GK,0.000000,0.000000,0.000000,0.000000,0.000000,0,0.000000
37,736,gianluigi donnarumma|manchester city,Gianluigi Donnarumma,Man City,GK,1.000000,90.000000,1.000000,90.000000,32.000000,2880,100.000000
37,182,james trafford|manchester city,James Trafford,Man City,GK,0.000000,0.000000,1.000000,90.000000,3.000000,270,0.000000
37,401,marcus bettinelli|manchester city,Marcus Bettinelli,Man City,GK,0.000000,0.000000,0.000000,0.000000,0.000000,0,100.000000
37,82,antoine semenyo|manchester city,Antoine Semenyo,Man City,MID,0.900000,85.000000,1.000000,88.200000,34.000000,2998,100.000000
37,416,bernardo mota veiga de carvalho e silva|manchester city,Bernardo Mota Veiga de Carvalho e Silva,Man City,MID,0.886000,75.200000,0.886000,75.200000,35.000000,2678,100.000000
37,763,charlie gray|manchester city,Charlie Gray,Man City,MID,0.000000,0.000000,0.000000,0.000000,,0,
37,425,claudio echeverri|manchester city,Claudio Echeverri,Man City,MID,0.000000,0.000000,0.000000,0.000000,,0,0.000000
37,739,divine mukasa|manchester city,Divine Mukasa,Man City,MID,0.000000,0.000000,0.000000,0.000000,2.000000,25,0.000000
37,418,j r my doku|manchester city,Jérémy Doku,Man City,MID,0.900000,75.000000,0.667000,58.200000,27.000000,1653,100.000000
37,429,kalvin phillips|manchester city,Kalvin Phillips,Man City,MID,0.000000,0.000000,0.000000,0.000000,0.000000,0,0.000000
37,422,mateo kova i|manchester city,Mateo Kovačić,Man City,MID,0.000000,0.000000,0.000000,7.900000,3.000000,28,0.000000
37,423,nico gonz lez iglesias|manchester city,Nico González Iglesias,Man City,MID,0.150000,15.000000,0.667000,58.200000,24.000000,1471,33.000000
37,413,omar marmoush|manchester city,Omar Marmoush,Man City,MID,0.050000,25.000000,0.368000,28.500000,19.000000,599,50.000000
37,414,phil foden|manchester city,Phil Foden,Man City,MID,0.150000,15.000000,0.700000,59.600000,30.000000,1873,50.000000
37,417,rayan cherki|manchester city,Rayan Cherki,Man City,MID,0.800000,65.000000,0.633000,53.400000,30.000000,1695,100.000000
37,764,reigan heskey|manchester city,Reigan Heskey,Man City,MID,0.000000,0.000000,0.000000,0.000000,,0,
37,421,rodrigo rodri hernandez cascante|manchester city,Rodrigo 'Rodri' Hernandez Cascante,Man City,MID,0.000000,0.000000,0.600000,51.700000,20.000000,1420,0.000000
37,742,ryan mcaidoo|manchester city,Ryan McAidoo,Man City,MID,0.000000,0.000000,0.000000,0.000000,,0,
37,428,sverre nypan|manchester city,Sverre Nypan,Man City,MID,0.000000,0.000000,0.000000,0.000000,,0,100.000000
37,415,s vio moreira de oliveira|manchester city,Sávio Moreira de Oliveira,Man City,MID,0.050000,5.000000,0.238000,25.400000,21.000000,603,15.000000
37,427,tijjani reijnders|manchester city,Tijjani Reijnders,Man City,MID,0.100000,15.000000,0.667000,54.400000,27.000000,1547,33.000000
37,420,i lkay g ndo an|manchester city,İlkay Gündoğan,Man City,MID,0.000000,0.000000,0.000000,0.000000,0.000000,0,0.000000
37,447,ayden heaven|manchester united,Ayden Heaven,Man Utd,DEF,0.100000,10.000000,0.647000,51.300000,17.000000,920,20.000000
37,439,diego le n blanco|manchester united,Diego León Blanco,Man Utd,DEF,0.000000,0.000000,0.000000,0.000000,0.000000,0,
37,440,diogo dalot teixeira|manchester united,Diogo Dalot Teixeira,Man Utd,DEF,0.848000,80.000000,0.848000,74.600000,33.000000,2519,100.000000
37,788,godwill kukonki|manchester united,Godwill Kukonki,Man Utd,DEF,0.000000,0.000000,0.000000,0.000000,,0,
37,445,harry amass|manchester united,Harry Amass,Man Utd,DEF,0.000000,0.000000,0.000000,0.000000,0.000000,0,0.000000
37,442,harry maguire|manchester united,Harry Maguire,Man Utd,DEF,0.810000,80.000000,0.810000,68.000000,21.000000,1469,100.000000
37,444,leny yoro|manchester united,Leny Yoro,Man Utd,DEF,0.100000,10.000000,0.581000,51.800000,31.000000,1714,30.000000
37,437,lisandro mart nez|manchester united,Lisandro Martínez,Man Utd,DEF,0.750000,80.000000,0.688000,62.500000,16.000000,1049,100.000000
37,443,luke shaw|manchester united,Luke Shaw,Man Utd,DEF,1.000000,84.700000,1.000000,84.700000,36.000000,3049,100.000000
37,436,matthijs de ligt|manchester united,Matthijs de Ligt,Man Utd,DEF,0.000000,0.000000,0.000000,0.000000,13.000000,1170,0.000000
37,438,noussair mazraoui|manchester united,Noussair Mazraoui,Man Utd,DEF,0.526000,60.000000,0.526000,44.200000,19.000000,904,100.000000
37,441,patrick dorgu|manchester united,Patrick Dorgu,Man Utd,DEF,0.100000,15.000000,0.583000,53.500000,24.000000,1369,75.000000
37,446,tyler fredricson|manchester united,Tyler Fredricson,Man Utd,DEF,0.000000,1.700000,0.000000,1.700000,1.000000,2,0.000000
37,448,tyrell malacia|manchester united,Tyrell Malacia,Man Utd,DEF,0.000000,3.000000,0.000000,3.000000,2.000000,7,0.000000
37,681,benjamin sesko|manchester united,Benjamin Sesko,Man Utd,FWD,0.500000,60.000000,0.425000,38.100000,30.000000,1630,100.000000
37,467,chido obi|manchester united,Chido Obi,Man Utd,FWD,0.000000,0.000000,0.000000,0.000000,0.000000,0,
37,468,ethan wheatley|manchester united,Ethan Wheatley,Man Utd,FWD,0.000000,0.000000,0.000000,0.000000,0.000000,0,0.000000
37,466,joshua zirkzee|manchester united,Joshua Zirkzee,Man Utd,FWD,0.227000,23.300000,0.227000,23.300000,22.000000,581,100.000000
37,465,rasmus h jlund|manchester united,Rasmus Højlund,Man Utd,FWD,0.000000,0.000000,0.000000,0.000000,0.000000,0,0.000000
37,431,altay bay nd r|manchester united,Altay Bayındır,Man Utd,GK,0.000000,0.000000,1.000000,90.000000,6.000000,540,0.000000
37,432,andr onana|manchester united,André Onana,Man Utd,GK,0.000000,0.000000,0.000000,0.000000,0.000000,0,0.000000
37,435,dermot mee|manchester united,Dermot Mee,Man Utd,GK,0.000000,0.000000,0.000000,0.000000,0.000000,0,
37,433,elyh harrison|manchester united,Elyh Harrison,Man Utd,GK,0.000000,0.000000,0.000000,0.000000,,0,0.000000
37,733,senne lammens|manchester united,Senne Lammens,Man Utd,GK,1.000000,90.000000,1.000000,90.000000,30.000000,2700,100.000000
37,434,tom heaton|manchester united,Tom Heaton,Man Utd,GK,0.000000,0.000000,0.000000,0.000000,0.000000,0,
37,452,amad diallo|manchester united,Amad Diallo,Man Utd,MID,0.350000,25.000000,0.833000,70.200000,30.000000,2159,100.000000
37,454,antony dos santos|manchester united,Antony dos Santos,Man Utd,MID,0.000000,0.000000,0.000000,0.000000,0.000000,0,0.000000
37,769,bendito mantato|manchester united,Bendito Mantato,Man Utd,MID,0.000000,12.800000,0.000000,12.800000,1.000000,15,0.000000
37,449,bruno borges fernandes|manchester united,Bruno Borges Fernandes,Man Utd,MID,1.000000,88.000000,1.000000,87.400000,33.000000,2885,100.000000
37,119,bryan mbeumo|manchester united,Bryan Mbeumo,Man Utd,MID,0.900000,78.600000,0.935000,78.600000,31.000000,2459,100.000000
37,457,carlos henrique casimiro|manchester united,Carlos Henrique Casimiro,Man Utd,MID,0.970000,80.000000,0.970000,75.300000,33.000000,2495,100.000000
37,462,jack fletcher|manchester united,Jack Fletcher,Man Utd,MID,0.000000,30.300000,0.000000,30.300000,3.000000,107,
37,464,jack moorhouse|manchester united,Jack Moorhouse,Man Utd,MID,0.000000,0.000000,0.000000,0.000000,,0,0.000000
37,461,jayce fitzgerald|manchester united,Jayce Fitzgerald,Man Utd,MID,0.000000,0.000000,0.000000,0.000000,,0,
37,827,jim thwaites|manchester united,Jim Thwaites,Man Utd,MID,0.000000,0.000000,0.000000,0.000000,,0,
37,458,kobbie mainoo|manchester united,Kobbie Mainoo,Man Utd,MID,0.800000,75.000000,0.538000,52.700000,26.000000,1473,100.000000
37,459,manuel ugarte ribeiro|manchester united,Manuel Ugarte Ribeiro,Man Utd,MID,0.050000,15.000000,0.273000,27.000000,22.000000,876,20.000000
37,451,marcus rashford|manchester united,Marcus Rashford,Man Utd,MID,0.000000,0.000000,0.000000,0.000000,,0,0.000000
37,455,mason mount|manchester united,Mason Mount,Man Utd,MID,0.100000,5.000000,0.524000,41.000000,21.000000,928,10.000000
37,450,matheus santos carneiro da cunha|manchester united,Matheus Santos Carneiro da Cunha,Man Utd,MID,0.900000,85.000000,0.875000,74.000000,32.000000,2414,100.000000
37,755,shea lacey|manchester united,Shea Lacey,Man Utd,MID,0.000000,5.100000,0.000000,5.100000,2.000000,12,100.000000
37,463,s kou kon|manchester united,Sékou Koné,Man Utd,MID,0.000000,0.000000,0.000000,0.000000,0.000000,0,0.000000
37,460,toby collyer|manchester united,Toby Collyer,Man Utd,MID,0.000000,0.000000,0.000000,0.000000,,0,0.000000
37,771,tyler fletcher|manchester united,Tyler Fletcher,Man Utd,MID,0.000000,0.800000,0.000000,0.800000,1.000000,1,
37,481,alex murphy|newcastle united,Alex Murphy,Newcastle,DEF,0.000000,0.800000,0.000000,0.800000,1.000000,1,
37,476,dan burn|newcastle united,Dan Burn,Newcastle,DEF,0.889000,76.400000,0.889000,76.400000,27.000000,2097,100.000000
37,479,emil krafth|newcastle united,Emil Krafth,Newcastle,DEF,0.000000,0.000000,0.000000,0.000000,1.000000,45,0.000000
37,474,fabian sch r|newcastle united,Fabian Schär,Newcastle,DEF,0.000000,0.000000,0.000000,0.000000,16.000000,1089,0.000000
37,482,harrison ashby|newcastle united,Harrison Ashby,Newcastle,DEF,0.000000,0.000000,0.000000,0.000000,0.000000,0,0.000000
37,480,jamaal lascelles|newcastle united,Jamaal Lascelles,Newcastle,DEF,0.000000,0.000000,0.000000,0.000000,2.000000,19,0.000000
37,478,kieran trippier|newcastle united,Kieran Trippier,Newcastle,DEF,0.050000,5.000000,0.850000,73.400000,20.000000,1502,20.000000
37,765,leo shahar|newcastle united,Leo Shahar,Newcastle,DEF,0.000000,0.000000,0.000000,0.000000,,0,
37,473,lewis hall|newcastle united,Lewis Hall,Newcastle,DEF,0.786000,69.000000,0.786000,69.000000,28.000000,1996,100.000000
37,684,malick thiaw|newcastle united,Malick Thiaw,Newcastle,DEF,0.939000,85.000000,0.939000,83.600000,33.000000,2783,100.000000
37,484,matt targett|newcastle united,Matt Targett,Newcastle,DEF,0.000000,0.000000,0.000000,0.000000,0.000000,0,0.000000
37,483,miodrag piva|newcastle united,Miodrag Pivaš,Newcastle,DEF,0.000000,0.000000,0.000000,0.000000,0.000000,0,
37,475,sven botman|newcastle united,Sven Botman,Newcastle,DEF,0.826000,70.000000,0.826000,70.000000,23.000000,1654,100.000000
37,477,tino livramento|newcastle united,Tino Livramento,Newcastle,DEF,0.000000,0.000000,0.000000,0.000000,17.000000,1326,0.000000
37,714,nick woltemade|newcastle united,Nick Woltemade,Newcastle,FWD,0.710000,60.000000,0.710000,53.800000,31.000000,1745,100.000000
37,501,sean neave|newcastle united,Sean Neave,Newcastle,FWD,0.000000,0.000000,0.000000,0.000000,0.000000,0,
37,500,william osula|newcastle united,William Osula,Newcastle,FWD,0.800000,65.000000,0.273000,26.600000,22.000000,656,100.000000
37,135,yoane wissa|newcastle united,Yoane Wissa,Newcastle,FWD,0.100000,25.000000,0.235000,25.400000,17.000000,488,30.000000
37,674,aaron ramsdale|newcastle united,Aaron Ramsdale,Newcastle,GK,0.000000,0.000000,0.917000,82.500000,12.000000,1003,0.000000
37,753,john ruddy|newcastle united,John Ruddy,Newcastle,GK,0.000000,0.000000,0.000000,0.000000,,0,
37,471,mark gillespie|newcastle united,Mark Gillespie,Newcastle,GK,0.000000,0.000000,0.000000,0.000000,0.000000,0,
37,469,nick pope|newcastle united,Nick Pope,Newcastle,GK,1.000000,89.400000,1.000000,89.400000,25.000000,2236,100.000000
37,472,odysseas vlachodimos|newcastle united,Odysseas Vlachodimos,Newcastle,GK,0.000000,0.000000,0.000000,0.000000,,0,0.000000
37,486,anthony elanga|newcastle united,Anthony Elanga,Newcastle,MID,0.467000,60.000000,0.467000,39.000000,30.000000,1273,100.000000
37,485,anthony gordon|newcastle united,Anthony Gordon,Newcastle,MID,0.000000,0.000000,0.923000,68.400000,26.000000,1798,0.000000
37,492,anto ito cordero campillo|newcastle united,Antoñito Cordero Campillo,Newcastle,MID,0.000000,0.000000,0.000000,0.000000,,0,0.000000
37,488,bruno guimar es rodriguez moura|newcastle united,Bruno Guimarães Rodriguez Moura,Newcastle,MID,0.926000,84.300000,0.926000,84.300000,27.000000,2301,100.000000
37,496,garang kuol|newcastle united,Garang Kuol,Newcastle,MID,0.000000,0.000000,0.000000,0.000000,,0,0.000000
37,487,harvey barnes|newcastle united,Harvey Barnes,Newcastle,MID,0.514000,60.000000,0.514000,48.500000,35.000000,1832,100.000000
37,495,isaac hayden|newcastle united,Isaac Hayden,Newcastle,MID,0.000000,0.000000,0.000000,0.000000,,0,0.000000
37,489,jacob murphy|newcastle united,Jacob Murphy,Newcastle,MID,0.581000,30.000000,0.581000,46.700000,31.000000,1546,100.000000
37,52,jacob ramsey|newcastle united,Jacob Ramsey,Newcastle,MID,0.500000,30.000000,0.500000,44.900000,26.000000,1261,100.000000
37,498,joe white|newcastle united,Joe White,Newcastle,MID,0.000000,0.000000,0.000000,0.000000,,0,0.000000
37,494,joe willock|newcastle united,Joe Willock,Newcastle,MID,0.050000,10.000000,0.409000,35.000000,22.000000,845,100.000000
37,490,joelinton c ssio apolin rio de lira|newcastle united,Joelinton Cássio Apolinário de Lira,Newcastle,MID,0.000000,0.000000,0.852000,70.600000,27.000000,1950,0.000000
37,497,lewis miley|newcastle united,Lewis Miley,Newcastle,MID,0.000000,0.000000,0.000000,0.000000,23.000000,1493,0.000000
37,772,sam alabi|newcastle united,Sam Alabi,Newcastle,MID,0.000000,0.000000,0.000000,0.000000,,0,
37,491,sandro tonali|newcastle united,Sandro Tonali,Newcastle,MID,0.882000,85.000000,0.882000,71.700000,34.000000,2482,100.000000
37,689,seung soo park|newcastle united,Seung-Soo Park,Newcastle,MID,0.000000,0.000000,0.000000,0.000000,0.000000,0,
37,509,david mota veiga teixeira do carmo|nottingham forest,David Mota Veiga Teixeira do Carmo,Nott'm Forest,DEF,0.000000,0.000000,0.000000,0.000000,,0,0.000000
37,511,felipe rodrigues da silva|nottingham forest,Felipe Rodrigues da Silva,Nott'm Forest,DEF,0.800000,80.000000,0.632000,57.700000,19.000000,1160,100.000000
37,510,jair paula da cunha filho|nottingham forest,Jair Paula da Cunha Filho,Nott'm Forest,DEF,0.800000,80.000000,0.714000,61.000000,7.000000,446,100.000000
37,814,luca netz|nottingham forest,Luca Netz,Nott'm Forest,DEF,0.800000,80.000000,0.400000,44.200000,5.000000,243,100.000000
37,729,luis eduardo soares da silva|nottingham forest,Luis Eduardo Soares da Silva,Nott'm Forest,DEF,0.000000,0.000000,0.000000,0.000000,,0,0.000000
37,506,murillo costa dos santos|nottingham forest,Murillo Costa dos Santos,Nott'm Forest,DEF,0.000000,0.000000,0.500000,42.600000,25.000000,2130,0.000000
37,508,neco williams|nottingham forest,Neco Williams,Nott'm Forest,DEF,0.971000,86.000000,0.971000,86.000000,35.000000,3023,100.000000
37,716,nicol savona|nottingham forest,Nicolò Savona,Nott'm Forest,DEF,0.000000,0.000000,0.000000,0.000000,14.000000,1025,0.000000
37,505,nikola milenkovi|nottingham forest,Nikola Milenković,Nott'm Forest,DEF,0.972000,88.400000,0.972000,88.400000,36.000000,3195,100.000000
37,507,ola aina|nottingham forest,Ola Aina,Nott'm Forest,DEF,0.000000,0.000000,0.500000,44.100000,18.000000,1587,0.000000
37,12,oleksandr zinchenko|nottingham forest,Oleksandr Zinchenko,Nott'm Forest,DEF,0.000000,0.000000,0.000000,0.000000,5.000000,352,0.000000
37,512,omar richards|nottingham forest,Omar Richards,Nott'm Forest,DEF,0.000000,0.000000,0.000000,0.000000,,0,0.000000
37,514,willy boly|nottingham forest,Willy Boly,Nott'm Forest,DEF,0.000000,0.000000,0.000000,0.000000,0.000000,0,0.000000
37,513,zach abbott|nottingham forest,Zach Abbott,Nott'm Forest,DEF,0.333000,26.100000,0.333000,26.100000,3.000000,165,50.000000
37,696,arnaud kalimuendo|nottingham forest,Arnaud Kalimuendo,Nott'm Forest,FWD,0.000000,0.000000,0.000000,0.000000,9.000000,89,0.000000
37,525,chris wood|nottingham forest,Chris Wood,Nott'm Forest,FWD,0.900000,75.000000,0.692000,56.200000,13.000000,766,100.000000
37,526,igor jesus maciel da cruz|nottingham forest,Igor Jesus Maciel da Cruz,Nott'm Forest,FWD,0.800000,65.000000,0.743000,58.200000,35.000000,2120,100.000000
37,805,lorenzo lucca|nottingham forest,Lorenzo Lucca,Nott'm Forest,FWD,0.000000,15.000000,0.250000,28.000000,4.000000,126,30.000000
37,527,taiwo awoniyi|nottingham forest,Taiwo Awoniyi,Nott'm Forest,FWD,0.100000,15.000000,0.200000,25.300000,15.000000,432,75.000000
37,675,angus gunn|nottingham forest,Angus Gunn,Nott'm Forest,GK,0.000000,0.000000,0.000000,38.200000,1.000000,45,0.000000
37,503,carlos miguel dos santos pereira|nottingham forest,Carlos Miguel dos Santos Pereira,Nott'm Forest,GK,0.000000,0.000000,0.000000,0.000000,0.000000,0,0.000000
37,715,john victor maciel furtado|nottingham forest,John Victor Maciel Furtado,Nott'm Forest,GK,0.000000,0.000000,0.000000,0.000000,5.000000,437,0.000000
37,504,matt turner|nottingham forest,Matt Turner,Nott'm Forest,GK,0.000000,0.000000,0.000000,0.000000,0.000000,0,0.000000
37,502,matz sels|nottingham forest,Matz Sels,Nott'm Forest,GK,1.000000,90.000000,0.966000,85.300000,29.000000,2487,100.000000
37,400,stefan ortega moreno|nottingham forest,Stefan Ortega Moreno,Nott'm Forest,GK,0.000000,0.000000,1.000000,90.000000,3.000000,270,0.000000
37,835,archie whitehall|nottingham forest,Archie Whitehall,Nott'm Forest,MID,0.000000,0.000000,0.000000,0.000000,,0,
37,516,callum hudson odoi|nottingham forest,Callum Hudson-Odoi,Nott'm Forest,MID,0.000000,0.000000,0.000000,0.000000,30.000000,1838,0.000000
37,669,dan ndoye|nottingham forest,Dan Ndoye,Nott'm Forest,MID,0.000000,0.000000,0.292000,22.800000,24.000000,1167,0.000000
37,734,dilane bakwa|nottingham forest,Dilane Bakwa,Nott'm Forest,MID,0.462000,37.400000,0.462000,37.400000,13.000000,529,100.000000
37,517,elliot anderson|nottingham forest,Elliot Anderson,Nott'm Forest,MID,0.972000,87.900000,0.972000,87.900000,36.000000,3178,100.000000
37,523,eric da silva moreira|nottingham forest,Eric da Silva Moreira,Nott'm Forest,MID,0.000000,0.000000,0.000000,0.000000,0.000000,0,100.000000
37,521,ibrahim sangar|nottingham forest,Ibrahim Sangaré,Nott'm Forest,MID,0.000000,0.000000,0.462000,37.800000,26.000000,1989,0.000000
37,426,james mcatee|nottingham forest,James McAtee,Nott'm Forest,MID,0.167000,15.000000,0.167000,19.700000,12.000000,270,50.000000
37,836,jimmy sinclair|nottingham forest,Jimmy Sinclair,Nott'm Forest,MID,0.000000,0.000000,0.000000,0.000000,,0,
37,518,jo o pedro ferreira da silva|nottingham forest,João Pedro Ferreira da Silva,Nott'm Forest,MID,0.000000,0.000000,0.000000,0.000000,1.000000,11,0.000000
37,520,lewis o brien|nottingham forest,Lewis O'Brien,Nott'm Forest,MID,0.000000,0.000000,0.000000,0.000000,,0,0.000000
37,524,marko stameni|nottingham forest,Marko Stamenić,Nott'm Forest,MID,0.000000,0.000000,0.000000,0.000000,,0,0.000000
37,515,morgan gibbs white|nottingham forest,Morgan Gibbs-White,Nott'm Forest,MID,0.000000,0.000000,0.471000,41.400000,35.000000,2921,0.000000
37,519,nicol s dom nguez|nottingham forest,Nicolás Domínguez,Nott'm Forest,MID,0.800000,75.000000,0.640000,40.600000,25.000000,1074,100.000000
37,693,omari hutchinson|nottingham forest,Omari Hutchinson,Nott'm Forest,MID,0.517000,15.000000,0.517000,48.900000,29.000000,1530,75.000000
37,522,ryan yates|nottingham forest,Ryan Yates,Nott'm Forest,MID,0.095000,23.700000,0.095000,23.700000,21.000000,577,50.000000
37,576,ashley phillips|tottenham,Ashley Phillips,Spurs,DEF,0.000000,0.000000,0.000000,0.000000,,0,0.000000
37,571,ben davies|tottenham,Ben Davies,Spurs,DEF,0.000000,0.000000,0.000000,0.000000,3.000000,136,0.000000
37,569,cristian romero|tottenham,Cristian Romero,Spurs,DEF,0.000000,0.000000,0.000000,0.000000,23.000000,1869,0.000000
37,574,destiny udogie|tottenham,Destiny Udogie,Spurs,DEF,0.800000,75.000000,0.667000,62.200000,18.000000,1178,100.000000
37,573,djed spence|tottenham,Djed Spence,Spurs,DEF,0.200000,15.000000,0.786000,67.000000,28.000000,1938,100.000000
37,750,james rowswell|tottenham,James Rowswell,Spurs,DEF,0.000000,0.800000,0.000000,0.800000,1.000000,1,
37,804,jo o victor de souza menezes|tottenham,João Victor de Souza Menezes,Spurs,DEF,0.500000,32.800000,0.500000,32.800000,4.000000,142,
37,745,jun ai byfield|tottenham,Jun'ai Byfield,Spurs,DEF,0.000000,0.800000,0.000000,0.800000,1.000000,1,
37,570,kevin danso|tottenham,Kevin Danso,Spurs,DEF,0.900000,85.000000,0.682000,56.700000,22.000000,1309,100.000000
37,578,luka vu kovi|tottenham,Luka Vušković,Spurs,DEF,0.000000,0.000000,0.000000,0.000000,0.000000,0,0.000000
37,575,micky van de ven|tottenham,Micky van de Ven,Spurs,DEF,1.000000,86.700000,1.000000,86.700000,33.000000,2861,100.000000
37,568,pedro porro sauceda|tottenham,Pedro Porro Sauceda,Spurs,DEF,0.938000,80.900000,0.938000,80.900000,32.000000,2613,100.000000
37,572,radu dr gu in|tottenham,Radu Drăgușin,Spurs,DEF,0.000000,5.000000,0.556000,53.300000,9.000000,514,20.000000
37,577,takai k ta|tottenham,Takai Kōta,Spurs,DEF,0.000000,0.000000,0.000000,0.000000,,0,0.000000
37,599,dane scarlett|tottenham,Dane Scarlett,Spurs,FWD,0.000000,0.000000,0.000000,0.000000,2.000000,7,0.000000
37,596,dominic solanke mitchell|tottenham,Dominic Solanke-Mitchell,Spurs,FWD,0.000000,0.000000,0.183000,16.000000,15.000000,997,0.000000
37,818,james wilson|tottenham,James Wilson,Spurs,FWD,0.000000,0.000000,0.000000,0.000000,,0,
37,726,randal kolo muani|tottenham,Randal Kolo Muani,Spurs,FWD,0.714000,60.000000,0.714000,53.700000,28.000000,1570,100.000000
37,597,richarlison de andrade|tottenham,Richarlison de Andrade,Spurs,FWD,0.900000,80.000000,0.600000,56.100000,30.000000,1792,100.000000
37,598,will lankshear|tottenham,Will Lankshear,Spurs,FWD,0.000000,0.000000,0.000000,0.000000,,0,0.000000
37,567,anton n kinsk|tottenham,Antonín Kinský,Spurs,GK,1.000000,90.000000,1.000000,90.000000,5.000000,450,100.000000
37,566,brandon austin|tottenham,Brandon Austin,Spurs,GK,0.000000,0.000000,0.000000,0.000000,0.000000,0,0.000000
37,565,guglielmo vicario|tottenham,Guglielmo Vicario,Spurs,GK,0.000000,0.000000,0.000000,0.000000,31.000000,2790,0.000000
37,591,archie gray|tottenham,Archie Gray,Spurs,MID,0.500000,61.500000,0.783000,61.500000,23.000000,1463,75.000000
37,590,bryan gil salvatierra|tottenham,Bryan Gil Salvatierra,Spurs,MID,0.000000,0.000000,0.000000,0.000000,,0,0.000000
37,595,callum olusesi|tottenham,Callum Olusesi,Spurs,MID,0.000000,11.900000,0.000000,11.900000,1.000000,14,
37,796,conor gallagher|tottenham,Conor Gallagher,Spurs,MID,0.857000,70.700000,0.857000,70.700000,14.000000,1012,100.000000
37,583,dejan kulusevski|tottenham,Dejan Kulusevski,Spurs,MID,0.000000,0.000000,0.000000,0.000000,,0,0.000000
37,581,james maddison|tottenham,James Maddison,Spurs,MID,0.000000,5.000000,0.000000,4.200000,1.000000,5,100.000000
37,673,jo o maria lobo alves palhares costa palhinha gon alves|tottenham,João Maria Lobo Alves Palhares Costa Palhinha Gonçalves,Spurs,MID,0.677000,62.400000,0.677000,62.400000,31.000000,2034,100.000000
37,586,lucas bergvall|tottenham,Lucas Bergvall,Spurs,MID,0.478000,30.000000,0.478000,38.300000,23.000000,955,100.000000
37,790,luc williams barnett|tottenham,Lucá Williams-Barnett,Spurs,MID,0.000000,0.000000,0.000000,0.000000,,0,
37,589,manor solomon|tottenham,Manor Solomon,Spurs,MID,0.000000,0.000000,0.000000,0.000000,,0,0.000000
37,584,mathys tel|tottenham,Mathys Tel,Spurs,MID,0.750000,60.000000,0.379000,36.700000,29.000000,1172,100.000000
37,592,mikey moore|tottenham,Mikey Moore,Spurs,MID,0.000000,0.000000,0.000000,0.000000,,0,0.000000
37,582,mohammed kudus|tottenham,Mohammed Kudus,Spurs,MID,0.000000,0.000000,0.000000,0.000000,19.000000,1535,0.000000
37,593,pape matar sarr|tottenham,Pape Matar Sarr,Spurs,MID,0.000000,52.400000,0.542000,52.400000,24.000000,1350,100.000000
37,811,rio kyerematen|tottenham,Rio Kyerematen,Spurs,MID,0.000000,0.000000,0.000000,0.000000,,0,
37,585,rodrigo bentancur|tottenham,Rodrigo Bentancur,Spurs,MID,0.875000,75.000000,0.875000,69.900000,24.000000,1709,100.000000
37,579,son heung min|tottenham,Son Heung-min,Spurs,MID,0.000000,0.000000,0.000000,0.000000,0.000000,0,0.000000
37,588,wilson odobert|tottenham,Wilson Odobert,Spurs,MID,0.000000,0.000000,0.000000,0.000000,24.000000,972,0.000000
37,717,xavi simons|tottenham,Xavi Simons,Spurs,MID,0.000000,0.000000,0.000000,0.000000,28.000000,1747,0.000000
37,594,yang min hyeok|tottenham,Yang Min-hyeok,Spurs,MID,0.000000,0.000000,0.000000,0.000000,,0,0.000000
37,751,yusuf akhamrich|tottenham,Yusuf Akhamrich,Spurs,MID,0.000000,0.000000,0.000000,0.000000,,0,0.000000
37,587,yves bissouma|tottenham,Yves Bissouma,Spurs,MID,0.000000,5.000000,0.636000,51.600000,11.000000,600,20.000000
37,533,aji alese|sunderland,Aji Alese,Sunderland,DEF,0.000000,0.000000,0.000000,0.000000,,0,0.000000
37,678,arthur masuaku|sunderland,Arthur Masuaku,Sunderland,DEF,0.000000,0.000000,0.000000,0.000000,3.000000,125,0.000000
37,531,daniel ballard|sunderland,Daniel Ballard,Sunderland,DEF,0.000000,0.000000,0.000000,0.000000,29.000000,2144,0.000000
37,535,dennis cirkin|sunderland,Dennis Cirkin,Sunderland,DEF,0.375000,36.100000,0.375000,36.100000,8.000000,319,100.000000
37,774,jenson jones|sunderland,Jenson Jones,Sunderland,DEF,0.000000,0.000000,0.000000,0.000000,,0,
37,542,jenson seelt|sunderland,Jenson Seelt,Sunderland,DEF,0.000000,0.000000,0.000000,0.000000,2.000000,133,0.000000
37,534,joe anderson|sunderland,Joe Anderson,Sunderland,DEF,0.000000,0.000000,0.000000,0.000000,0.000000,0,0.000000
37,536,leo fuhr hjelde|sunderland,Leo Fuhr Hjelde,Sunderland,DEF,0.000000,0.000000,0.000000,0.000000,,0,0.000000
37,539,luke o nien|sunderland,Luke O'Nien,Sunderland,DEF,0.400000,37.100000,0.400000,37.100000,10.000000,408,100.000000
37,724,lutsharel geertruida|sunderland,Lutsharel Geertruida,Sunderland,DEF,0.577000,54.100000,0.577000,54.100000,26.000000,1501,
37,537,niall huggins|sunderland,Niall Huggins,Sunderland,DEF,0.000000,0.000000,0.000000,0.000000,0.000000,0,0.000000
37,694,nordi mukiele|sunderland,Nordi Mukiele,Sunderland,DEF,1.000000,86.800000,1.000000,86.800000,30.000000,2604,100.000000
37,683,omar alderete|sunderland,Omar Alderete,Sunderland,DEF,0.969000,86.300000,0.969000,86.300000,32.000000,2775,100.000000
37,541,reinildo mandava|sunderland,Reinildo Mandava,Sunderland,DEF,0.913000,76.600000,0.913000,76.600000,23.000000,1786,100.000000
37,540,timoth e pemb l|sunderland,Timothée Pembélé,Sunderland,DEF,0.000000,0.000000,0.000000,0.000000,0.000000,0,0.000000
37,532,trai hume|sunderland,Trai Hume,Sunderland,DEF,0.889000,78.700000,0.889000,78.700000,36.000000,2883,
37,538,zak johnson|sunderland,Zak Johnson,Sunderland,DEF,0.000000,0.000000,0.000000,0.000000,0.000000,0,0.000000
37,562,ahmed abdullahi|sunderland,Ahmed Abdullahi,Sunderland,FWD,0.000000,0.000000,0.000000,0.000000,0.000000,0,
37,730,brian brobbey|sunderland,Brian Brobbey,Sunderland,FWD,0.690000,58.700000,0.690000,58.700000,29.000000,1784,100.000000
37,561,eliezer mayenda dossou|sunderland,Eliezer Mayenda Dossou,Sunderland,FWD,0.400000,34.200000,0.400000,34.200000,20.000000,751,40.000000
37,563,lu s hemir silva semedo|sunderland,Luís Hemir Silva Semedo,Sunderland,FWD,0.000000,0.000000,0.000000,0.000000,0.000000,0,0.000000
37,564,nazarii rusyn|sunderland,Nazarii Rusyn,Sunderland,FWD,0.000000,0.000000,0.000000,0.000000,0.000000,0,0.000000
37,560,wilson isidor|sunderland,Wilson Isidor,Sunderland,FWD,0.367000,33.400000,0.367000,33.400000,30.000000,1106,100.000000
37,528,anthony patterson|sunderland,Anthony Patterson,Sunderland,GK,0.000000,0.000000,0.000000,0.000000,0.000000,0,0.000000
37,530,blondy nna noukeu|sunderland,Blondy Nna Noukeu,Sunderland,GK,0.000000,0.000000,0.000000,0.000000,0.000000,0,0.000000
37,812,melker ellborg|sunderland,Melker Ellborg,Sunderland,GK,0.000000,0.000000,1.000000,90.000000,3.000000,270,0.000000
37,670,robin roefs|sunderland,Robin Roefs,Sunderland,GK,1.000000,90.000000,1.000000,90.000000,33.000000,2970,100.000000
37,529,simon moore|sunderland,Simon Moore,Sunderland,GK,0.000000,0.000000,0.000000,0.000000,0.000000,0,0.000000
37,554,abdoullah ba|sunderland,Abdoullah Ba,Sunderland,MID,0.000000,0.000000,0.000000,0.000000,0.000000,0,
37,555,alan browne|sunderland,Alan Browne,Sunderland,MID,0.000000,0.000000,0.000000,0.000000,,0,0.000000
37,735,bertrand traor|sunderland,Bertrand Traoré,Sunderland,MID,0.750000,50.900000,0.750000,50.900000,12.000000,634,100.000000
37,553,chemsdine talbi|sunderland,Chemsdine Talbi,Sunderland,MID,0.593000,53.000000,0.593000,53.000000,27.000000,1523,100.000000
37,551,chris rigg|sunderland,Chris Rigg,Sunderland,MID,0.688000,44.300000,0.688000,44.300000,16.000000,744,
37,549,dan neil|sunderland,Dan Neil,Sunderland,MID,0.000000,0.000000,0.000000,0.000000,3.000000,13,0.000000
37,800,djiamgone jocelin ta bi|sunderland,Djiamgone Jocelin Ta Bi,Sunderland,MID,1.000000,38.000000,1.000000,38.000000,1.000000,38,100.000000
37,547,enzo le f e|sunderland,Enzo Le Fée,Sunderland,MID,0.912000,79.800000,0.912000,79.800000,34.000000,2750,100.000000
37,668,granit xhaka|sunderland,Granit Xhaka,Sunderland,MID,0.938000,84.200000,0.938000,84.200000,32.000000,2721,100.000000
37,544,habib diarra|sunderland,Habib Diarra,Sunderland,MID,0.833000,73.700000,0.833000,73.700000,18.000000,1361,100.000000
37,557,harrison jones|sunderland,Harrison Jones,Sunderland,MID,0.000000,0.000000,0.000000,0.000000,0.000000,0,
37,550,ian poveda ocampo|sunderland,Ian Poveda-Ocampo,Sunderland,MID,0.000000,0.000000,0.000000,0.000000,,0,
37,821,jack whittaker|sunderland,Jack Whittaker,Sunderland,MID,0.000000,0.000000,0.000000,0.000000,,0,
37,558,jay matete|sunderland,Jay Matete,Sunderland,MID,0.000000,0.000000,0.000000,0.000000,0.000000,0,0.000000
37,822,jaydon jones|sunderland,Jaydon Jones,Sunderland,MID,0.000000,0.000000,0.000000,0.000000,,0,
37,546,milan aleksi|sunderland,Milan Aleksić,Sunderland,MID,0.000000,0.000000,0.000000,0.000000,,0,100.000000
37,559,nectarios triantis|sunderland,Nectarios Triantis,Sunderland,MID,0.000000,0.000000,0.000000,0.000000,,0,0.000000
37,813,nilson angulo|sunderland,,Sunderland,MID,0.000000,0.000000,0.500000,40.900000,6.000000,265,0.000000
37,552,noah sadiki|sunderland,Noah Sadiki,Sunderland,MID,1.000000,87.900000,1.000000,87.900000,31.000000,2725,100.000000
37,545,patrick roberts|sunderland,Patrick Roberts,Sunderland,MID,0.000000,0.000000,0.000000,0.000000,1.000000,27,0.000000
37,556,pierre ekwah elimby|sunderland,Pierre Ekwah Elimby,Sunderland,MID,0.000000,0.000000,0.000000,0.000000,,0,0.000000
37,548,romaine mundle|sunderland,Romaine Mundle,Sunderland,MID,0.000000,0.000000,0.000000,0.000000,14.000000,399,0.000000
37,543,simon adingra|sunderland,Simon Adingra,Sunderland,MID,0.000000,0.000000,0.000000,0.000000,14.000000,649,0.000000
37,775,tymur tutierov|sunderland,Tymur Tutierov,Sunderland,MID,0.000000,0.000000,0.000000,0.000000,,0,0.000000
37,610,aaron wan bissaka|west ham,Aaron Wan-Bissaka,West Ham,DEF,0.917000,83.000000,0.917000,83.000000,24.000000,2018,100.000000
37,752,airidas golambeckis|west ham,Airidas Golambeckis,West Ham,DEF,0.000000,0.000000,0.000000,0.000000,,0,
37,815,axel disasi|west ham,Axel Disasi,West Ham,DEF,1.000000,89.500000,1.000000,89.500000,12.000000,1074,100.000000
37,603,el hadji malick diouf|west ham,El Hadji Malick Diouf,West Ham,DEF,0.933000,83.400000,0.933000,83.400000,30.000000,2526,100.000000
37,604,emerson palmieri dos santos|west ham,Emerson Palmieri dos Santos,West Ham,DEF,0.000000,0.000000,0.000000,0.000000,,0,0.000000
37,747,ezra mayers|west ham,Ezra Mayers,West Ham,DEF,0.000000,16.000000,0.000000,16.000000,6.000000,113,
37,609,jean clair todibo|west ham,Jean-Clair Todibo,West Ham,DEF,0.955000,80.900000,0.955000,80.900000,22.000000,1792,100.000000
37,611,kaelan casey|west ham,Kaelan Casey,West Ham,DEF,0.000000,0.000000,0.000000,0.000000,0.000000,0,0.000000
37,606,konstantinos mavropanos|west ham,Konstantinos Mavropanos,West Ham,DEF,0.862000,79.400000,0.862000,79.400000,29.000000,2352,100.000000
37,659,kyle walker peters|west ham,Kyle Walker-Peters,West Ham,DEF,0.100000,15.000000,0.636000,55.400000,22.000000,1288,50.000000
37,605,maximilian kilman|west ham,Maximilian Kilman,West Ham,DEF,0.810000,72.100000,0.810000,72.100000,21.000000,1559,100.000000
37,607,nayef aguerd|west ham,Nayef Aguerd,West Ham,DEF,0.000000,0.000000,0.000000,0.000000,2.000000,180,0.000000
37,608,ollie scarles|west ham,Ollie Scarles,West Ham,DEF,0.000000,0.000000,0.692000,48.100000,13.000000,656,0.000000
37,626,callum marshall|west ham,Callum Marshall,West Ham,FWD,0.000000,0.000000,0.000000,0.000000,2.000000,58,0.000000
37,671,callum wilson|west ham,Callum Wilson,West Ham,FWD,0.333000,33.000000,0.333000,33.000000,30.000000,1099,100.000000
37,624,jarrod bowen|west ham,Jarrod Bowen,West Ham,FWD,1.000000,89.600000,1.000000,89.600000,36.000000,3226,100.000000
37,625,niclas f llkrug|west ham,Niclas Füllkrug,West Ham,FWD,0.000000,0.000000,0.000000,0.000000,8.000000,407,0.000000
37,785,pablo felipe pereira de jesus|west ham,Pablo Felipe Pereira de Jesus,West Ham,FWD,0.750000,60.000000,0.750000,59.900000,12.000000,747,100.000000
37,791,valent n castellanos|west ham,Valentín Castellanos,West Ham,FWD,1.000000,77.100000,1.000000,77.100000,16.000000,1233,100.000000
37,600,alphonse areola|west ham,Alphonse Areola,West Ham,GK,0.000000,0.000000,1.000000,90.000000,20.000000,1800,0.000000
37,825,finlay herrick|west ham,Finlay Herrick,West Ham,GK,0.000000,0.000000,0.000000,0.000000,,0,0.000000
37,602,kriszti n hegyi|west ham,Krisztián Hegyi,West Ham,GK,0.000000,0.000000,0.000000,0.000000,0.000000,0,0.000000
37,738,lukasz fabianski|west ham,Lukasz Fabianski,West Ham,GK,0.000000,0.000000,0.000000,0.000000,,0,100.000000
37,679,mads hermansen|west ham,Mads Hermansen,West Ham,GK,1.000000,90.000000,1.000000,90.000000,16.000000,1440,100.000000
37,601,wes foderingham|west ham,Wes Foderingham,West Ham,GK,0.000000,0.000000,0.000000,0.000000,0.000000,0,0.000000
37,326,adama traor diarra|west ham,Adama Traoré Diarra,West Ham,MID,0.031000,10.100000,0.031000,10.100000,24.000000,376,75.000000
37,621,andy irving|west ham,Andy Irving,West Ham,MID,0.000000,0.000000,0.000000,0.000000,7.000000,156,0.000000
37,615,crysencio summerville|west ham,Crysencio Summerville,West Ham,MID,0.931000,78.100000,0.931000,78.100000,29.000000,2290,100.000000
37,616,edson lvarez vel zquez|west ham,Edson Álvarez Velázquez,West Ham,MID,0.000000,0.000000,0.000000,0.000000,,0,0.000000
37,623,freddie potts|west ham,Freddie Potts,West Ham,MID,0.000000,9.000000,0.545000,49.200000,22.000000,1162,50.000000
37,620,george earthy|west ham,George Earthy,West Ham,MID,0.000000,0.000000,0.000000,0.000000,1.000000,8,0.000000
37,618,guido rodr guez|west ham,Guido Rodríguez,West Ham,MID,0.000000,0.000000,0.000000,0.000000,6.000000,175,0.000000
37,802,keiber lamadrid|west ham,Keiber Lamadrid,West Ham,MID,0.000000,0.000000,0.000000,0.000000,,0,
37,622,lewis orford|west ham,Lewis Orford,West Ham,MID,0.000000,0.000000,0.000000,0.000000,0.000000,0,0.000000
37,612,lucas tolentino coelho de lima|west ham,Lucas Tolentino Coelho de Lima,West Ham,MID,0.000000,0.000000,0.000000,0.000000,18.000000,1513,0.000000
37,619,luis guilherme lira dos santos|west ham,Luis Guilherme Lira dos Santos,West Ham,MID,0.000000,0.000000,0.000000,0.000000,5.000000,121,0.000000
37,708,mateus gon alo espanha fernandes|west ham,Mateus Gonçalo Espanha Fernandes,West Ham,MID,0.971000,83.100000,0.971000,83.100000,34.000000,2837,100.000000
37,617,maxwel cornet|west ham,Maxwel Cornet,West Ham,MID,0.000000,0.000000,0.000000,0.000000,,0,0.000000
37,758,mohamadou kant|west ham,Mohamadou Kanté,West Ham,MID,0.000000,3.600000,0.000000,3.600000,9.000000,38,
37,718,soungoutou magassa|west ham,Soungoutou Magassa,West Ham,MID,0.500000,40.800000,0.500000,40.800000,22.000000,971,
37,613,tom sou ek|west ham,Tomáš Souček,West Ham,MID,0.667000,58.700000,0.667000,58.700000,33.000000,2038,100.000000
37,641,alfie pond|wolverhampton wanderers,Alfie Pond,Wolves,DEF,0.000000,0.000000,0.000000,0.000000,0.000000,0,0.000000
37,639,bastien meupiyou menadjou|wolverhampton wanderers,Bastien Meupiyou Menadjou,Wolves,DEF,0.000000,0.000000,0.000000,0.000000,,0,0.000000
37,682,david m ller wolfe|wolverhampton wanderers,David Møller Wolfe,Wolves,DEF,0.100000,15.000000,0.450000,40.600000,20.000000,885,100.000000
37,631,emmanuel agbadou|wolverhampton wanderers,Emmanuel Agbadou,Wolves,DEF,0.000000,0.000000,0.000000,0.000000,14.000000,1100,0.000000
37,633,hugo bueno l pez|wolverhampton wanderers,Hugo Bueno López,Wolves,DEF,0.788000,68.600000,0.788000,68.600000,33.000000,2338,100.000000
37,695,jackson tchatchoua|wolverhampton wanderers,Jackson Tchatchoua,Wolves,DEF,0.613000,55.700000,0.613000,55.700000,31.000000,1834,
37,638,ki jana hoever|wolverhampton wanderers,Ki-Jana Hoever,Wolves,DEF,0.000000,0.000000,0.000000,0.000000,8.000000,423,0.000000
37,709,ladislav krejc|wolverhampton wanderers,Ladislav Krejcí,Wolves,DEF,0.962000,84.200000,0.962000,84.200000,26.000000,2201,100.000000
37,632,matt doherty|wolverhampton wanderers,Matt Doherty,Wolves,DEF,1.000000,71.500000,1.000000,71.500000,11.000000,786,100.000000
37,640,pedro cardoso de lima|wolverhampton wanderers,Pedro Cardoso de Lima,Wolves,DEF,0.429000,31.900000,0.429000,31.900000,7.000000,244,100.000000
37,635,rodrigo martins gomes|wolverhampton wanderers,Rodrigo Martins Gomes,Wolves,DEF,0.350000,35.600000,0.350000,35.600000,20.000000,789,100.000000
37,766,saheed olagunju|wolverhampton wanderers,Saheed Olagunju,Wolves,DEF,0.000000,0.000000,0.000000,0.000000,,0,
37,636,santiago ignacio bueno|wolverhampton wanderers,Santiago Ignacio Bueno,Wolves,DEF,0.963000,87.400000,0.963000,87.400000,27.000000,2372,100.000000
37,637,toti gomes|wolverhampton wanderers,Toti Gomes,Wolves,DEF,0.944000,77.100000,0.944000,77.100000,18.000000,1399,100.000000
37,634,yerson mosquera valdelamar|wolverhampton wanderers,Yerson Mosquera Valdelamar,Wolves,DEF,0.880000,76.900000,0.880000,76.900000,25.000000,1957,100.000000
37,817,adam armstrong|wolverhampton wanderers,Adam Armstrong,Wolves,FWD,1.000000,83.100000,1.000000,83.100000,12.000000,997,
37,655,f bio soares silva|wolverhampton wanderers,Fábio Soares Silva,Wolves,FWD,0.000000,0.000000,0.000000,0.000000,0.000000,0,0.000000
37,657,leon chiwome|wolverhampton wanderers,Leon Chiwome,Wolves,FWD,0.000000,0.000000,0.000000,0.000000,,0,100.000000
37,749,mateus man|wolverhampton wanderers,Mateus Mané,Wolves,FWD,0.680000,61.200000,0.680000,61.200000,25.000000,1607,
37,658,nathan fraser|wolverhampton wanderers,Nathan Fraser,Wolves,FWD,0.000000,0.000000,0.000000,0.000000,0.000000,0,
37,656,sa a kalajd i|wolverhampton wanderers,Saša Kalajdžić,Wolves,FWD,0.000000,0.000000,0.000000,0.000000,1.000000,14,0.000000
37,720,tolu arokodare|wolverhampton wanderers,Tolu Arokodare,Wolves,FWD,0.419000,40.000000,0.419000,40.000000,31.000000,1360,
37,828,alfie brooks|wolverhampton wanderers,Alfie Brooks,Wolves,GK,0.000000,0.000000,0.000000,0.000000,,0,
37,629,daniel bentley|wolverhampton wanderers,Daniel Bentley,Wolves,GK,0.000000,0.000000,1.000000,90.000000,3.000000,270,0.000000
37,831,josh gracey|wolverhampton wanderers,Josh Gracey,Wolves,GK,0.000000,0.000000,0.000000,0.000000,,0,
37,628,jos malheiro de s|wolverhampton wanderers,José Malheiro de Sá,Wolves,GK,1.000000,90.000000,0.500000,45.000000,21.000000,1890,90.000000
37,627,sam johnstone|wolverhampton wanderers,Sam Johnstone,Wolves,GK,0.000000,0.000000,0.000000,0.000000,12.000000,1080,0.000000
37,643,andr trindade da costa neto|wolverhampton wanderers,André Trindade da Costa Neto,Wolves,MID,0.848000,76.400000,0.848000,76.400000,33.000000,2580,100.000000
37,816,angel gomes|wolverhampton wanderers,Angel Gomes,Wolves,MID,0.545000,33.200000,0.545000,33.200000,11.000000,392,100.000000
37,649,boubacar traor|wolverhampton wanderers,Boubacar Traoré,Wolves,MID,0.000000,0.000000,0.000000,0.000000,,0,0.000000
37,652,enso gonz lez medina|wolverhampton wanderers,Enso González Medina,Wolves,MID,0.000000,0.000000,0.000000,0.000000,0.000000,0,
37,778,ethan sutherland|wolverhampton wanderers,Ethan Sutherland,Wolves,MID,0.000000,0.000000,0.000000,0.000000,,0,
37,645,fer l pez gonz lez|wolverhampton wanderers,Fer López González,Wolves,MID,0.000000,0.000000,0.000000,0.000000,9.000000,228,0.000000
37,647,gon alo manuel ganchinho guedes|wolverhampton wanderers,Gonçalo Manuel Ganchinho Guedes,Wolves,MID,0.000000,0.000000,0.000000,0.000000,,0,0.000000
37,642,hwang hee chan|wolverhampton wanderers,Hwang Hee-chan,Wolves,MID,0.667000,50.300000,0.667000,50.300000,24.000000,1271,100.000000
37,644,jean ricner bellegarde|wolverhampton wanderers,Jean-Ricner Bellegarde,Wolves,MID,0.600000,46.200000,0.600000,46.200000,25.000000,1228,100.000000
37,809,jerome abbey|wolverhampton wanderers,Jerome Abbey,Wolves,MID,0.000000,0.000000,0.000000,0.000000,,0,
37,663,jhon arias|wolverhampton wanderers,Jhon Arias,Wolves,MID,0.000000,0.000000,0.000000,0.000000,23.000000,1117,0.000000
37,653,joe hodge|wolverhampton wanderers,Joe Hodge,Wolves,MID,0.000000,0.000000,0.000000,0.000000,,0,0.000000
37,646,jo o victor gomes da silva|wolverhampton wanderers,João Victor Gomes da Silva,Wolves,MID,0.912000,79.500000,0.912000,79.500000,34.000000,2739,100.000000
37,767,luke rawlings|wolverhampton wanderers,Luke Rawlings,Wolves,MID,0.000000,0.000000,0.000000,0.000000,,0,
37,648,marshall munetsi|wolverhampton wanderers,Marshall Munetsi,Wolves,MID,0.000000,0.000000,0.000000,0.000000,13.000000,872,0.000000
37,650,tawanda chirewa|wolverhampton wanderers,Tawanda Chirewa,Wolves,MID,0.000000,0.000000,0.000000,0.000000,2.000000,25,0.000000
37,777,temple ojinnaka|wolverhampton wanderers,Temple Ojinnaka,Wolves,MID,0.000000,0.000000,0.000000,0.000000,,0,0.000000
37,651,tom edozie|wolverhampton wanderers,Tom Edozie,Wolves,MID,0.000000,3.400000,0.000000,3.400000,3.000000,12,
38,11,benjamin white|arsenal,Benjamin White,Arsenal,DEF,0.000000,0.000000,0.375000,28.000000,12.000000,699,0.000000
38,13,brayden clarke|arsenal,Brayden Clarke,Arsenal,DEF,0.000000,0.000000,0.000000,0.000000,0.000000,0,
38,662,cristhian mosquera|arsenal,Cristhian Mosquera,Arsenal,DEF,0.800000,75.000000,0.389000,40.700000,18.000000,806,100.000000
38,5,gabriel dos santos magalh es|arsenal,Gabriel dos Santos Magalhães,Arsenal,DEF,1.000000,90.000000,0.967000,86.700000,30.000000,2615,100.000000
38,9,jakub kiwior|arsenal,Jakub Kiwior,Arsenal,DEF,0.000000,0.000000,0.000000,0.000000,,0,0.000000
38,15,josh nichols|arsenal,Josh Nichols,Arsenal,DEF,0.000000,0.000000,0.000000,0.000000,0.000000,0,
38,8,jurri n timber|arsenal,Jurriën Timber,Arsenal,DEF,0.000000,0.000000,0.000000,0.000000,30.000000,2452,0.000000
38,14,maldini kacurri|arsenal,Maldini Kacurri,Arsenal,DEF,0.000000,0.000000,0.000000,0.000000,0.000000,0,0.000000
38,759,marli salmon|arsenal,Marli Salmon,Arsenal,DEF,0.000000,0.000000,0.000000,0.000000,,0,
38,10,myles lewis skelly|arsenal,Myles Lewis-Skelly,Arsenal,DEF,0.800000,75.000000,0.222000,29.000000,18.000000,590,100.000000
38,725,piero hincapi|arsenal,Piero Hincapié,Arsenal,DEF,0.200000,15.000000,0.826000,71.100000,23.000000,1679,75.000000
38,7,riccardo calafiori|arsenal,Riccardo Calafiori,Arsenal,DEF,0.800000,75.000000,0.625000,48.200000,24.000000,1581,100.000000
38,6,william saliba|arsenal,William Saliba,Arsenal,DEF,0.980000,88.000000,0.967000,83.700000,30.000000,2524,100.000000
38,31,gabriel fernando de jesus|arsenal,Gabriel Fernando de Jesus,Arsenal,FWD,0.000000,10.000000,0.154000,23.100000,13.000000,344,20.000000
38,30,kai havertz|arsenal,Kai Havertz,Arsenal,FWD,0.200000,15.000000,0.600000,43.200000,10.000000,460,100.000000
38,666,viktor gy keres|arsenal,Viktor Gyökeres,Arsenal,FWD,0.800000,75.000000,0.765000,62.200000,34.000000,2193,100.000000
38,1,david raya mart n|arsenal,David Raya Martín,Arsenal,GK,1.000000,90.000000,1.000000,90.000000,36.000000,3240,100.000000
38,3,karl hein|arsenal,Karl Hein,Arsenal,GK,0.000000,0.000000,0.000000,0.000000,0.000000,0,0.000000
38,2,kepa arrizabalaga revuelta|arsenal,Kepa Arrizabalaga Revuelta,Arsenal,GK,0.000000,0.000000,0.000000,0.000000,0.000000,0,
38,4,tommy setford|arsenal,Tommy Setford,Arsenal,GK,0.000000,0.000000,0.000000,0.000000,0.000000,0,
38,29,albert sambi lokonga|arsenal,Albert Sambi Lokonga,Arsenal,MID,0.000000,0.000000,0.000000,0.000000,,0,0.000000
38,711,andre harriman annous|arsenal,Andre Harriman-Annous,Arsenal,MID,0.000000,0.000000,0.000000,0.000000,,0,
38,16,bukayo saka|arsenal,Bukayo Saka,Arsenal,MID,0.980000,75.000000,0.800000,68.800000,30.000000,2128,100.000000
38,24,christian n rgaard|arsenal,Christian Nørgaard,Arsenal,MID,0.000000,7.900000,0.000000,7.900000,6.000000,56,5.000000
38,21,declan rice|arsenal,Declan Rice,Arsenal,MID,1.000000,88.000000,0.971000,85.400000,35.000000,3003,100.000000
38,266,eberechi eze|arsenal,Eberechi Eze,Arsenal,MID,0.650000,65.000000,0.677000,55.200000,31.000000,1798,100.000000
38,25,ethan nwaneri|arsenal,Ethan Nwaneri,Arsenal,MID,0.000000,0.000000,0.000000,0.000000,6.000000,165,0.000000
38,23,f bio ferreira vieira|arsenal,Fábio Ferreira Vieira,Arsenal,MID,0.000000,0.000000,0.000000,0.000000,,0,0.000000
38,19,gabriel martinelli silva|arsenal,Gabriel Martinelli Silva,Arsenal,MID,0.350000,30.000000,0.357000,31.400000,28.000000,974,75.000000
38,28,ismeal kabia|arsenal,Ismeal Kabia,Arsenal,MID,0.000000,0.000000,0.000000,0.000000,0.000000,0,0.000000
38,20,leandro trossard|arsenal,Leandro Trossard,Arsenal,MID,0.650000,60.400000,0.667000,60.400000,30.000000,1907,100.000000
38,17,martin degaard|arsenal,Martin Ødegaard,Arsenal,MID,0.350000,25.000000,0.652000,52.500000,23.000000,1273,100.000000
38,26,mart n zubimendi ib ez|arsenal,Martín Zubimendi Ibáñez,Arsenal,MID,0.200000,15.000000,0.917000,79.500000,36.000000,2900,100.000000
38,700,max dowman|arsenal,Max Dowman,Arsenal,MID,0.000000,15.500000,0.000000,15.500000,5.000000,91,15.000000
38,22,mikel merino zaz n|arsenal,Mikel Merino Zazón,Arsenal,MID,0.000000,0.000000,0.000000,0.000000,21.000000,996,0.000000
38,18,noni madueke|arsenal,Noni Madueke,Arsenal,MID,0.020000,15.000000,0.600000,42.200000,25.000000,1122,75.000000
38,42,andr s garc a|aston villa,Andrés García,Aston Villa,DEF,0.000000,6.500000,0.000000,6.500000,5.000000,38,10.000000
38,38,ezri konsa ngoyo|aston villa,Ezri Konsa Ngoyo,Aston Villa,DEF,1.000000,89.200000,1.000000,89.200000,33.000000,2945,100.000000
38,39,ian maatsen|aston villa,Ian Maatsen,Aston Villa,DEF,0.500000,60.000000,0.571000,50.000000,28.000000,1495,100.000000
38,44,lamare bogarde|aston villa,Lamare Bogarde,Aston Villa,DEF,0.500000,32.500000,0.370000,32.500000,27.000000,970,100.000000
38,768,leon routh|aston villa,Leon Routh,Aston Villa,DEF,0.000000,0.000000,0.000000,0.000000,,0,
38,45,lino da cruz sousa|aston villa,Lino da Cruz Sousa,Aston Villa,DEF,0.000000,0.000000,0.000000,0.000000,0.000000,0,0.000000
38,37,lucas digne|aston villa,Lucas Digne,Aston Villa,DEF,0.500000,30.000000,0.667000,55.500000,30.000000,1752,100.000000
38,36,matty cash|aston villa,Matty Cash,Aston Villa,DEF,0.980000,85.000000,1.000000,87.300000,33.000000,2881,100.000000
38,41,pau torres|aston villa,Pau Torres,Aston Villa,DEF,0.800000,85.000000,0.895000,81.100000,19.000000,1566,100.000000
38,781,tj carroll|aston villa,TJ Carroll,Aston Villa,DEF,0.000000,0.000000,0.000000,0.000000,,0,
38,710,travis patterson|aston villa,Travis Patterson,Aston Villa,DEF,0.000000,0.000000,0.000000,0.000000,0.000000,0,
38,701,triston rowe|aston villa,Triston Rowe,Aston Villa,DEF,0.000000,0.000000,0.000000,0.000000,0.000000,0,0.000000
38,40,tyrone mings|aston villa,Tyrone Mings,Aston Villa,DEF,0.875000,75.600000,0.875000,75.600000,16.000000,1232,100.000000
38,719,victor lindel f|aston villa,Victor Lindelöf,Aston Villa,DEF,0.200000,15.000000,0.600000,51.700000,15.000000,825,100.000000
38,46,yasin zcan|aston villa,Yasin Özcan,Aston Villa,DEF,0.000000,0.000000,0.000000,0.000000,0.000000,0,0.000000
38,43,lex moreno lopera|aston villa,Álex Moreno Lopera,Aston Villa,DEF,0.000000,0.000000,0.000000,0.000000,0.000000,0,0.000000
38,64,ollie watkins|aston villa,Ollie Watkins,Aston Villa,FWD,0.800000,75.000000,0.886000,74.500000,35.000000,2653,100.000000
38,808,tammy abraham|aston villa,Tammy Abraham,Aston Villa,FWD,0.200000,15.000000,0.167000,20.300000,12.000000,278,100.000000
38,65,z piqueno redmond|aston villa,Zépiqueno Redmond,Aston Villa,FWD,0.000000,0.000000,0.000000,0.000000,0.000000,0,0.000000
38,32,emiliano mart nez romero|aston villa,Emiliano Martínez Romero,Aston Villa,GK,1.000000,88.500000,1.000000,88.500000,31.000000,2745,100.000000
38,35,filip marschall|aston villa,Filip Marschall,Aston Villa,GK,0.000000,0.000000,0.000000,0.000000,,0,0.000000
38,688,james wright|aston villa,James Wright,Aston Villa,GK,0.000000,0.000000,0.000000,0.000000,0.000000,0,
38,34,joe gauci|aston villa,Joe Gauci,Aston Villa,GK,0.000000,0.000000,0.000000,0.000000,0.000000,0,0.000000
38,33,marco bizot|aston villa,Marco Bizot,Aston Villa,GK,0.000000,0.000000,0.833000,80.400000,6.000000,495,0.000000
38,757,ronnie hollingshead|aston villa,Ronnie Hollingshead,Aston Villa,GK,0.000000,0.000000,0.000000,0.000000,,0,
38,703,sam proctor|aston villa,Sam Proctor,Aston Villa,GK,0.000000,0.000000,0.000000,0.000000,0.000000,0,
38,792,alysson edward franco da rocha dos santos|aston villa,Alysson Edward Franco da Rocha dos Santos,Aston Villa,MID,0.000000,13.300000,0.000000,13.300000,3.000000,47,5.000000
38,59,amadou onana|aston villa,Amadou Onana,Aston Villa,MID,0.219000,17.800000,0.219000,17.800000,24.000000,1738,25.000000
38,60,ben broggio|aston villa,Ben Broggio,Aston Villa,MID,0.000000,0.000000,0.000000,0.000000,0.000000,0,0.000000
38,58,boubacar kamara|aston villa,Boubacar Kamara,Aston Villa,MID,0.000000,0.000000,0.000000,0.000000,18.000000,1410,0.000000
38,702,bradley burrowes|aston villa,Bradley Burrowes,Aston Villa,MID,0.000000,13.600000,0.000000,13.600000,1.000000,16,0.000000
38,53,donyell malen|aston villa,Donyell Malen,Aston Villa,MID,0.000000,0.000000,0.000000,0.000000,21.000000,640,0.000000
38,699,douglas luiz soares de paulo|aston villa,Douglas Luiz Soares de Paulo,Aston Villa,MID,0.300000,25.000000,0.579000,41.400000,19.000000,840,100.000000
38,50,emiliano buend a stati|aston villa,Emiliano Buendía Stati,Aston Villa,MID,0.600000,60.000000,0.559000,43.400000,34.000000,1579,100.000000
38,56,enzo barrenechea|aston villa,Enzo Barrenechea,Aston Villa,MID,0.000000,0.000000,0.000000,0.000000,,0,0.000000
38,754,george hemmings|aston villa,George Hemmings,Aston Villa,MID,0.000000,10.600000,0.000000,10.600000,2.000000,25,
38,389,harvey elliott|aston villa,Harvey Elliott,Aston Villa,MID,0.000000,0.000000,0.000000,0.000000,5.000000,110,0.000000
38,456,jadon sancho|aston villa,Jadon Sancho,Aston Villa,MID,0.409000,35.700000,0.409000,35.700000,22.000000,862,100.000000
38,62,jamaldeen jimoh aloba|aston villa,Jamaldeen Jimoh-Aloba,Aston Villa,MID,0.000000,0.000000,0.000000,0.000000,1.000000,8,0.000000
38,54,john mcginn|aston villa,John McGinn,Aston Villa,MID,0.964000,72.600000,0.964000,72.600000,28.000000,2043,100.000000
38,63,kadan young|aston villa,Kadan Young,Aston Villa,MID,0.000000,0.000000,0.000000,0.000000,0.000000,0,0.000000
38,61,leander dendoncker|aston villa,Leander Dendoncker,Aston Villa,MID,0.000000,0.000000,0.000000,0.000000,0.000000,0,0.000000
38,49,leon bailey|aston villa,Leon Bailey,Aston Villa,MID,0.167000,15.000000,0.167000,26.200000,12.000000,360,100.000000
38,57,lewis dobbin|aston villa,Lewis Dobbin,Aston Villa,MID,0.000000,0.000000,0.000000,0.000000,,0,0.000000
38,47,morgan rogers|aston villa,Morgan Rogers,Aston Villa,MID,1.000000,88.000000,1.000000,88.600000,36.000000,3190,100.000000
38,55,ross barkley|aston villa,Ross Barkley,Aston Villa,MID,0.150000,15.000000,0.316000,33.700000,19.000000,714,50.000000
38,51,samuel iling junior|aston villa,Samuel Iling-Junior,Aston Villa,MID,0.000000,0.000000,0.000000,0.000000,,0,0.000000
38,48,youri tielemans|aston villa,Youri Tielemans,Aston Villa,MID,0.870000,74.600000,0.870000,74.600000,23.000000,1751,100.000000
38,73,adam smith|bournemouth,Adam Smith,Bournemouth,DEF,0.600000,42.100000,0.600000,42.100000,20.000000,895,100.000000
38,74,adrien truffert|bournemouth,Adrien Truffert,Bournemouth,DEF,1.000000,88.800000,1.000000,88.800000,36.000000,3198,
38,685,bafod diakit|bournemouth,Bafodé Diakité,Bournemouth,DEF,0.000000,0.000000,0.833000,69.100000,18.000000,1275,0.000000
38,79,chris mepham|bournemouth,Chris Mepham,Bournemouth,DEF,0.000000,0.000000,0.000000,0.000000,0.000000,0,0.000000
38,71,illia zabarnyi|bournemouth,Illia Zabarnyi,Bournemouth,DEF,0.000000,0.000000,0.000000,0.000000,,0,0.000000
38,77,james hill|bournemouth,James Hill,Bournemouth,DEF,0.980000,88.000000,0.741000,68.400000,27.000000,1922,100.000000
38,80,julio soler barreto|bournemouth,Julio Soler Barreto,Bournemouth,DEF,0.000000,9.600000,0.000000,9.600000,3.000000,34,100.000000
38,78,juli n araujo z iga|bournemouth,Julián Araujo Zúñiga,Bournemouth,DEF,0.000000,0.000000,0.000000,0.000000,0.000000,0,0.000000
38,72,marcos senesi bar n|bournemouth,Marcos Senesi Barón,Bournemouth,DEF,1.000000,90.000000,1.000000,88.800000,35.000000,3108,100.000000
38,75,matai akinmboni|bournemouth,Matai Akinmboni,Bournemouth,DEF,0.000000,0.000000,0.000000,0.000000,0.000000,0,100.000000
38,76,owen bevan|bournemouth,Owen Bevan,Bournemouth,DEF,0.000000,0.000000,0.000000,0.000000,0.000000,0,
38,721,veljko milosavljevic|bournemouth,Veljko Milosavljevic,Bournemouth,DEF,0.000000,0.000000,0.571000,49.100000,7.000000,367,0.000000
38,713,lex jim nez s nchez|bournemouth,Álex Jiménez Sánchez,Bournemouth,DEF,0.000000,0.000000,0.000000,0.000000,31.000000,2315,0.000000
38,99,daniel adu adjei|bournemouth,Daniel Adu-Adjei,Bournemouth,FWD,0.000000,0.000000,0.000000,0.000000,0.000000,0,0.000000
38,98,enes nal|bournemouth,Enes Ünal,Bournemouth,FWD,0.000000,7.900000,0.000000,7.900000,21.000000,196,20.000000
38,97,francisco evanilson de lima barbosa|bournemouth,Francisco Evanilson de Lima Barbosa,Bournemouth,FWD,0.980000,75.000000,0.882000,74.600000,34.000000,2581,100.000000
38,100,junior kroupi|bournemouth,Junior Kroupi,Bournemouth,FWD,0.980000,65.000000,0.613000,46.100000,31.000000,1516,100.000000
38,70,alex paulsen|bournemouth,Alex Paulsen,Bournemouth,GK,0.000000,0.000000,0.000000,0.000000,0.000000,0,0.000000
38,69,callan mckenna|bournemouth,Callan McKenna,Bournemouth,GK,0.000000,0.000000,0.000000,0.000000,0.000000,0,
38,806,christos mandas|bournemouth,Christos Mandas,Bournemouth,GK,0.000000,0.000000,0.000000,0.000000,,0,
38,782,fraser forster|bournemouth,Fraser Forster,Bournemouth,GK,0.000000,0.000000,0.000000,0.000000,,0,
38,66,norberto murara neto|bournemouth,Norberto Murara Neto,Bournemouth,GK,0.000000,0.000000,0.000000,0.000000,0.000000,0,0.000000
38,68,will dennis|bournemouth,Will Dennis,Bournemouth,GK,0.000000,0.000000,0.000000,0.000000,0.000000,0,0.000000
38,67,or e petrovi|bournemouth,Đorđe Petrović,Bournemouth,GK,1.000000,90.000000,1.000000,90.000000,36.000000,3240,100.000000
38,90,alex scott|bournemouth,Alex Scott,Bournemouth,MID,0.900000,88.000000,0.917000,75.700000,36.000000,2758,100.000000
38,801,alex t th|bournemouth,Alex Tóth,Bournemouth,MID,0.000000,0.000000,0.125000,8.600000,8.000000,79,20.000000
38,697,amine adli|bournemouth,Amine Adli,Bournemouth,MID,0.150000,10.000000,0.333000,31.700000,30.000000,1057,20.000000
38,391,ben gannon doak|bournemouth,Ben Gannon-Doak,Bournemouth,MID,0.000000,8.700000,0.000000,8.700000,7.000000,72,0.000000
38,96,ben winterburn|bournemouth,Ben Winterburn,Bournemouth,MID,0.000000,0.000000,0.000000,0.000000,1.000000,6,0.000000
38,799,charlie stevens|bournemouth,Charlie Stevens,Bournemouth,MID,0.000000,0.000000,0.000000,0.000000,,0,
38,86,david brooks|bournemouth,David Brooks,Bournemouth,MID,0.350000,25.000000,0.433000,36.100000,30.000000,1182,100.000000
38,94,dominic sadi|bournemouth,Dominic Sadi,Bournemouth,MID,0.000000,0.000000,0.000000,0.000000,,0,0.000000
38,93,hamed traor|bournemouth,Hamed Traorè,Bournemouth,MID,0.000000,0.000000,0.000000,0.000000,1.000000,16,0.000000
38,81,justin kluivert|bournemouth,Justin Kluivert,Bournemouth,MID,0.000000,0.000000,0.556000,47.400000,18.000000,914,0.000000
38,88,lewis cook|bournemouth,Lewis Cook,Bournemouth,MID,0.250000,25.100000,0.250000,25.100000,16.000000,870,50.000000
38,91,luis sinisterra lucum|bournemouth,Luis Sinisterra Lucumí,Bournemouth,MID,0.000000,0.000000,0.000000,0.000000,,0,0.000000
38,756,malcom dacosta|bournemouth,Malcom DaCosta,Bournemouth,MID,0.000000,0.000000,0.000000,0.000000,,0,
38,84,marcus tavernier|bournemouth,Marcus Tavernier,Bournemouth,MID,0.980000,88.000000,0.906000,78.600000,32.000000,2552,100.000000
38,89,philip billing|bournemouth,Philip Billing,Bournemouth,MID,0.000000,0.000000,0.000000,0.000000,,0,0.000000
38,807,rayan vitor simpl cio rocha|bournemouth,Rayan Vitor Simplício Rocha,Bournemouth,MID,0.980000,75.000000,0.846000,71.800000,13.000000,955,100.000000
38,687,remy rees dottin|bournemouth,Remy Rees-Dottin,Bournemouth,MID,0.000000,0.000000,0.000000,0.000000,0.000000,0,
38,92,romain faivre|bournemouth,Romain Faivre,Bournemouth,MID,0.000000,0.000000,0.000000,0.000000,0.000000,0,0.000000
38,87,ryan christie|bournemouth,Ryan Christie,Bournemouth,MID,0.150000,15.000000,0.000000,0.000000,26.000000,978,75.000000
38,85,tyler adams|bournemouth,Tyler Adams,Bournemouth,MID,0.826000,75.000000,0.826000,67.300000,23.000000,1589,100.000000
38,95,zain silcott duberry|bournemouth,Zain Silcott-Duberry,Bournemouth,MID,0.000000,0.000000,0.000000,0.000000,0.000000,0,0.000000
38,116,aaron hickey|brentford,Aaron Hickey,Brentford,DEF,0.400000,30.000000,0.400000,29.500000,20.000000,649,100.000000
38,114,benjamin arthur|brentford,Benjamin Arthur,Brentford,DEF,0.000000,0.000000,0.000000,0.000000,0.000000,0,0.000000
38,115,benjamin fredrick|brentford,Benjamin Fredrick,Brentford,DEF,0.000000,0.000000,0.000000,0.000000,0.000000,0,0.000000
38,824,conor mcmanus|brentford,Conor McManus,Brentford,DEF,0.000000,0.000000,0.000000,0.000000,,0,
38,111,ethan pinnock|brentford,Ethan Pinnock,Brentford,DEF,0.050000,10.000000,1.000000,79.500000,4.000000,318,10.000000
38,118,jayden meghoma|brentford,Jayden Meghoma,Brentford,DEF,0.000000,0.000000,0.000000,0.000000,,0,0.000000
38,823,joshua stephenson|brentford,Joshua Stephenson,Brentford,DEF,0.000000,0.000000,0.000000,0.000000,,0,
38,107,keane lewis potter|brentford,Keane Lewis-Potter,Brentford,DEF,0.200000,15.000000,0.588000,49.200000,34.000000,1782,50.000000
38,117,kim ji soo|brentford,Kim Ji-soo,Brentford,DEF,0.000000,0.000000,0.000000,0.000000,0.000000,0,0.000000
38,108,kristoffer ajer|brentford,Kristoffer Ajer,Brentford,DEF,0.650000,65.000000,0.731000,63.600000,26.000000,1724,100.000000
38,112,mads roerslev rasmussen|brentford,Mads Roerslev Rasmussen,Brentford,DEF,0.000000,0.000000,0.000000,0.000000,,0,0.000000
38,110,michael kayode|brentford,Michael Kayode,Brentford,DEF,1.000000,88.000000,1.000000,87.900000,35.000000,3078,100.000000
38,106,nathan collins|brentford,Nathan Collins,Brentford,DEF,0.900000,85.000000,0.909000,83.400000,33.000000,2791,90.000000
38,819,ollie shield|brentford,Ollie Shield,Brentford,DEF,0.000000,0.000000,0.000000,0.000000,,0,
38,109,rico henry|brentford,Rico Henry,Brentford,DEF,0.000000,0.000000,0.000000,0.000000,25.000000,1322,0.000000
38,113,sepp van den berg|brentford,Sepp van den Berg,Brentford,DEF,0.980000,88.300000,0.967000,88.300000,30.000000,2663,100.000000
38,136,igor thiago nascimento rodrigues|brentford,Igor Thiago Nascimento Rodrigues,Brentford,FWD,1.000000,88.000000,0.972000,85.800000,36.000000,3102,100.000000
38,137,iwan morgan|brentford,Iwan Morgan,Brentford,FWD,0.000000,0.000000,0.000000,0.000000,0.000000,0,0.000000
38,797,kaye furo|brentford,Kaye Furo,Brentford,FWD,0.000000,0.800000,0.000000,0.800000,1.000000,1,100.000000
38,101,caoimh n kelleher|brentford,Caoimhín Kelleher,Brentford,GK,1.000000,90.000000,1.000000,90.000000,35.000000,3150,100.000000
38,102,ellery balcombe|brentford,Ellery Balcombe,Brentford,GK,0.000000,0.000000,0.000000,0.000000,0.000000,0,
38,105,h kon rafn valdimarsson|brentford,Hákon Rafn Valdimarsson,Brentford,GK,0.000000,90.000000,1.000000,90.000000,1.000000,90,0.000000
38,104,julian eyestone|brentford,Julian Eyestone,Brentford,GK,0.000000,0.000000,0.000000,0.000000,0.000000,0,
38,103,matthew cox|brentford,Matthew Cox,Brentford,GK,0.000000,0.000000,0.000000,0.000000,0.000000,0,0.000000
38,122,antoni milambo|brentford,Antoni Milambo,Brentford,MID,0.000000,0.000000,0.000000,0.000000,1.000000,45,0.000000
38,83,dango ouattara|brentford,Dango Ouattara,Brentford,MID,0.900000,75.000000,0.767000,67.300000,30.000000,2091,100.000000
38,128,frank onyeka|brentford,Frank Onyeka,Brentford,MID,0.000000,0.000000,0.000000,0.000000,6.000000,88,0.000000
38,123,f bio freitas gouveia carvalho|brentford,Fábio Freitas Gouveia Carvalho,Brentford,MID,0.000000,0.000000,0.000000,0.000000,6.000000,100,0.000000
38,127,gustavo nunes fernandes gomes|brentford,Gustavo Nunes Fernandes Gomes,Brentford,MID,0.000000,0.000000,0.000000,0.000000,,0,0.000000
38,124,jordan henderson|brentford,Jordan Henderson,Brentford,MID,0.700000,60.000000,0.700000,58.100000,30.000000,1825,90.000000
38,748,josh dasilva|brentford,Josh Dasilva,Brentford,MID,0.000000,0.800000,0.000000,0.800000,1.000000,1,0.000000
38,120,kevin schade|brentford,Kevin Schade,Brentford,MID,0.980000,82.000000,0.939000,78.900000,33.000000,2627,100.000000
38,810,luka bentt|brentford,Luka Bentt,Brentford,MID,0.000000,0.000000,0.000000,0.000000,,0,
38,126,mathias jensen|brentford,Mathias Jensen,Brentford,MID,0.800000,65.000000,0.706000,58.900000,34.000000,2095,
38,121,mikkel damsgaard|brentford,Mikkel Damsgaard,Brentford,MID,0.750000,65.000000,0.742000,60.400000,31.000000,1949,100.000000
38,133,myles peart harris|brentford,Myles Peart-Harris,Brentford,MID,0.000000,0.000000,0.000000,0.000000,1.000000,1,0.000000
38,132,paris maghoma|brentford,Paris Maghoma,Brentford,MID,0.000000,0.000000,0.000000,0.000000,,0,0.000000
38,27,reiss nelson|brentford,Reiss Nelson,Brentford,MID,0.000000,15.000000,0.000000,11.000000,9.000000,117,20.000000
38,826,riley owen|brentford,Riley Owen,Brentford,MID,0.000000,0.000000,0.000000,0.000000,,0,
38,130,romelle donovan|brentford,Romelle Donovan,Brentford,MID,0.000000,8.100000,0.000000,8.100000,4.000000,38,
38,134,ryan trevitt|brentford,Ryan Trevitt,Brentford,MID,0.000000,0.000000,0.000000,0.000000,,0,0.000000
38,125,vitaly janelt|brentford,Vitaly Janelt,Brentford,MID,0.750000,60.000000,0.565000,52.100000,23.000000,1282,100.000000
38,129,yehor yarmoliuk|brentford,Yehor Yarmoliuk,Brentford,MID,0.650000,65.000000,0.806000,69.100000,36.000000,2564,100.000000
38,131,yunus emre konak|brentford,Yunus Emre Konak,Brentford,MID,0.000000,0.000000,0.000000,0.000000,0.000000,0,0.000000
38,153,adam webster|brighton,Adam Webster,Brighton,DEF,0.000000,0.000000,0.000000,0.000000,,0,0.000000
38,156,charlie tasker|brighton,Charlie Tasker,Brighton,DEF,0.000000,0.000000,0.000000,0.000000,0.000000,0,
38,144,diego coppola|brighton,Diego Coppola,Brighton,DEF,0.000000,0.000000,0.000000,0.000000,5.000000,193,0.000000
38,154,eiran cashin|brighton,Eiran Cashin,Brighton,DEF,0.000000,0.000000,0.000000,0.000000,,0,0.000000
38,148,ferdi kad o lu|brighton,Ferdi Kadıoğlu,Brighton,DEF,0.914000,83.200000,0.914000,83.200000,35.000000,2950,100.000000
38,761,freddie simmonds|brighton,Freddie Simmonds,Brighton,DEF,0.000000,0.000000,0.000000,0.000000,,0,
38,149,igor julio dos santos de paulo|brighton,Igor Julio dos Santos de Paulo,Brighton,DEF,0.000000,0.000000,0.250000,22.900000,4.000000,103,0.000000
38,155,jacob slater|brighton,Jacob Slater,Brighton,DEF,0.000000,0.000000,0.000000,0.000000,0.000000,0,0.000000
38,151,jan paul van hecke|brighton,Jan Paul van Hecke,Brighton,DEF,1.000000,88.000000,1.000000,89.100000,34.000000,3030,100.000000
38,152,jo l veltman|brighton,Joël Veltman,Brighton,DEF,0.250000,15.000000,0.348000,38.600000,23.000000,983,50.000000
38,146,lewis dunk|brighton,Lewis Dunk,Brighton,DEF,0.800000,84.900000,0.935000,84.900000,31.000000,2657,90.000000
38,145,maxim de cuyper|brighton,Maxim De Cuyper,Brighton,DEF,0.800000,75.000000,0.536000,42.200000,28.000000,1269,90.000000
38,143,olivier boscagli|brighton,Olivier Boscagli,Brighton,DEF,0.200000,75.000000,0.750000,64.100000,12.000000,799,10.000000
38,147,pervis estupi n tenorio|brighton,Pervis Estupiñán Tenorio,Brighton,DEF,0.000000,0.000000,0.000000,0.000000,,0,0.000000
38,150,tariq lamptey|brighton,Tariq Lamptey,Brighton,DEF,0.000000,0.000000,0.000000,0.000000,0.000000,0,0.000000
38,181,charalampos kostoulas|brighton,Charalampos Kostoulas,Brighton,FWD,0.105000,14.200000,0.105000,14.200000,19.000000,312,10.000000
38,178,danny welbeck|brighton,Danny Welbeck,Brighton,FWD,0.800000,65.000000,0.686000,57.900000,35.000000,2127,80.000000
38,179,evan ferguson|brighton,Evan Ferguson,Brighton,FWD,0.000000,0.000000,0.000000,0.000000,,0,0.000000
38,180,stefanos tzimas|brighton,Stefanos Tzimas,Brighton,FWD,0.000000,0.000000,0.000000,0.000000,9.000000,132,0.000000
38,139,bart verbruggen|brighton,Bart Verbruggen,Brighton,GK,1.000000,90.000000,1.000000,90.000000,36.000000,3240,100.000000
38,141,carl rushworth|brighton,Carl Rushworth,Brighton,GK,0.000000,0.000000,0.000000,0.000000,,0,0.000000
38,138,jason steele|brighton,Jason Steele,Brighton,GK,0.000000,0.000000,0.000000,0.000000,0.000000,0,
38,142,kjell scherpen|brighton,Kjell Scherpen,Brighton,GK,0.000000,0.000000,0.000000,0.000000,,0,0.000000
38,140,tom mcgill|brighton,Tom McGill,Brighton,GK,0.000000,0.000000,0.000000,0.000000,0.000000,0,
38,165,abdallah sima|brighton,Abdallah Sima,Brighton,MID,0.000000,0.000000,0.000000,0.000000,,0,0.000000
38,176,adrian mazilu|brighton,Adrian Mazilu,Brighton,MID,0.000000,0.000000,0.000000,0.000000,,0,0.000000
38,177,andrew moran|brighton,Andrew Moran,Brighton,MID,0.000000,0.000000,0.000000,0.000000,,0,0.000000
38,162,brajan gruda|brighton,Brajan Gruda,Brighton,MID,0.000000,0.000000,0.000000,0.000000,18.000000,708,0.000000
38,167,carlos baleba|brighton,Carlos Baleba,Brighton,MID,0.759000,60.000000,0.759000,51.000000,29.000000,1534,100.000000
38,169,diego g mez amarilla|brighton,Diego Gómez Amarilla,Brighton,MID,0.750000,60.000000,0.417000,33.100000,30.000000,2034,75.000000
38,158,georginio rutter|brighton,Georginio Rutter,Brighton,MID,0.200000,15.000000,0.667000,54.900000,30.000000,1735,50.000000
38,795,harry howell|brighton,Harry Howell,Brighton,MID,0.000000,0.000000,0.333000,27.600000,3.000000,92,0.000000
38,163,jack hinshelwood|brighton,Jack Hinshelwood,Brighton,MID,0.900000,80.000000,0.720000,60.600000,25.000000,1582,100.000000
38,170,james milner|brighton,James Milner,Brighton,MID,0.050000,33.700000,0.316000,33.700000,19.000000,714,100.000000
38,171,jeremy sarmiento morante|brighton,Jeremy Sarmiento Morante,Brighton,MID,0.000000,0.000000,0.000000,0.000000,,0,0.000000
38,175,joe knight|brighton,Joe Knight,Brighton,MID,0.000000,0.000000,0.000000,0.000000,1.000000,1,0.000000
38,161,julio enciso esp nola|brighton,Julio Enciso Espínola,Brighton,MID,0.000000,0.000000,0.000000,0.000000,,0,0.000000
38,174,malick yalcouy|brighton,Malick Yalcouyé,Brighton,MID,0.000000,0.000000,0.000000,0.000000,,0,0.000000
38,173,mats wieffer|brighton,Mats Wieffer,Brighton,MID,0.250000,15.000000,0.440000,35.600000,25.000000,1811,20.000000
38,164,matt o riley|brighton,Matt O'Riley,Brighton,MID,0.000000,0.000000,0.333000,30.300000,6.000000,202,0.000000
38,157,mitoma kaoru|brighton,Mitoma Kaoru,Brighton,MID,0.800000,75.000000,0.570000,49.600000,25.000000,1714,80.000000
38,744,nehemiah oriola|brighton,Nehemiah Oriola,Brighton,MID,0.000000,0.800000,0.000000,0.800000,1.000000,1,
38,783,pascal gro|brighton,Pascal Groß,Brighton,MID,0.980000,84.900000,0.941000,84.900000,17.000000,1456,100.000000
38,159,solly march|brighton,Solly March,Brighton,MID,0.000000,2.600000,0.000000,2.600000,2.000000,6,0.000000
38,172,tom watson|brighton,Tom Watson,Brighton,MID,0.000000,0.000000,0.000000,0.000000,6.000000,57,0.000000
38,160,yankuba minteh|brighton,Yankuba Minteh,Brighton,MID,0.750000,60.000000,0.781000,68.100000,32.000000,2254,80.000000
38,166,yasin ayari|brighton,Yasin Ayari,Brighton,MID,0.100000,15.000000,0.714000,65.400000,28.000000,1913,20.000000
38,198,axel tuanzebe|burnley,Axel Tuanzebe,Burnley,DEF,1.000000,85.100000,1.000000,85.100000,12.000000,1021,100.000000
38,193,bashir humphreys|burnley,Bashir Humphreys,Burnley,DEF,0.000000,10.000000,0.889000,80.600000,18.000000,1476,20.000000
38,186,connor roberts|burnley,Connor Roberts,Burnley,DEF,0.000000,0.000000,0.000000,0.000000,,0,0.000000
38,188,hannes delcroix|burnley,Hannes Delcroix,Burnley,DEF,0.000000,0.000000,0.000000,0.000000,0.000000,0,0.000000
38,190,hjalmar ekdal|burnley,Hjalmar Ekdal,Burnley,DEF,0.000000,15.000000,0.895000,79.700000,19.000000,1539,0.000000
38,199,joe worrall|burnley,Joe Worrall,Burnley,DEF,0.100000,10.000000,0.455000,41.400000,11.000000,496,20.000000
38,194,jordan beyer|burnley,Jordan Beyer,Burnley,DEF,0.000000,0.000000,0.000000,0.000000,0.000000,0,0.000000
38,187,kyle walker|burnley,Kyle Walker,Burnley,DEF,0.980000,85.400000,0.971000,85.400000,34.000000,2915,100.000000
38,195,lucas pires silva|burnley,Lucas Pires Silva,Burnley,DEF,0.722000,65.200000,0.722000,65.200000,18.000000,1225,100.000000
38,191,maxime est ve|burnley,Maxime Estève,Burnley,DEF,1.000000,86.400000,1.000000,86.400000,33.000000,2852,100.000000
38,197,oliver sonne|burnley,Oliver Sonne,Burnley,DEF,0.000000,0.000000,0.000000,0.000000,7.000000,164,0.000000
38,189,owen dodgson|burnley,Owen Dodgson,Burnley,DEF,0.000000,0.000000,0.000000,0.000000,,0,0.000000
38,192,quilindschy hartman|burnley,Quilindschy Hartman,Burnley,DEF,1.000000,86.900000,1.000000,86.900000,21.000000,1825,
38,196,shurandy sambo|burnley,Shurandy Sambo,Burnley,DEF,0.000000,0.000000,0.000000,0.000000,,0,0.000000
38,680,armando broja|burnley,Armando Broja,Burnley,FWD,0.100000,15.000000,0.333000,31.600000,24.000000,843,100.000000
38,218,ashley barnes|burnley,Ashley Barnes,Burnley,FWD,0.000000,5.000000,0.000000,5.000000,6.000000,35,10.000000
38,217,lyle foster|burnley,Lyle Foster,Burnley,FWD,0.200000,20.000000,0.577000,49.000000,26.000000,1361,50.000000
38,219,michael obafemi|burnley,Michael Obafemi,Burnley,FWD,0.000000,0.000000,0.000000,0.000000,0.000000,0,0.000000
38,216,zeki amdouni|burnley,Zeki Amdouni,Burnley,FWD,0.000000,0.000000,0.000000,10.600000,2.000000,25,0.000000
38,215,zian flemming|burnley,Zian Flemming,Burnley,FWD,0.800000,60.000000,0.704000,56.300000,27.000000,1590,100.000000
38,184,etienne green|burnley,Etienne Green,Burnley,GK,0.000000,0.000000,0.000000,0.000000,0.000000,0,0.000000
38,470,martin d bravka|burnley,Martin Dúbravka,Burnley,GK,1.000000,90.000000,1.000000,90.000000,35.000000,3150,100.000000
38,183,max wei|burnley,Max Weiß,Burnley,GK,0.000000,0.000000,1.000000,90.000000,1.000000,90,0.000000
38,185,v clav hladk|burnley,Václav Hladký,Burnley,GK,0.000000,0.000000,0.000000,0.000000,0.000000,0,
38,211,aaron ramsey|burnley,Aaron Ramsey,Burnley,MID,0.000000,0.000000,0.000000,0.000000,0.000000,0,0.000000
38,204,darko churlinov|burnley,Darko Churlinov,Burnley,MID,0.000000,0.000000,0.000000,0.000000,,0,0.000000
38,203,enock agyei|burnley,Enock Agyei,Burnley,MID,0.000000,0.000000,0.000000,0.000000,,0,
38,722,florentino ibrain morris lu s|burnley,Florentino Ibrain Morris Luís,Burnley,MID,0.793000,65.000000,0.793000,64.600000,29.000000,1933,80.000000
38,784,george brierley|burnley,George Brierley,Burnley,MID,0.000000,0.000000,0.000000,0.000000,,0,
38,207,hannibal mejbri|burnley,Hannibal Mejbri,Burnley,MID,0.800000,65.000000,0.520000,40.300000,25.000000,1085,100.000000
38,202,jacob bruun larsen|burnley,Jacob Bruun Larsen,Burnley,MID,0.650000,75.000000,0.385000,34.900000,26.000000,1001,100.000000
38,200,jaidon anthony|burnley,Jaidon Anthony,Burnley,MID,0.980000,75.000000,0.857000,71.100000,35.000000,2543,100.000000
38,614,james ward prowse|burnley,James Ward-Prowse,Burnley,MID,0.350000,25.000000,0.750000,64.100000,16.000000,1065,75.000000
38,213,jaydon banel|burnley,Jaydon Banel,Burnley,MID,0.000000,0.000000,0.000000,0.000000,1.000000,9,0.000000
38,205,josh cullen|burnley,Josh Cullen,Burnley,MID,0.000000,0.000000,0.000000,0.000000,18.000000,1513,0.000000
38,209,josh laurent|burnley,Josh Laurent,Burnley,MID,0.350000,10.000000,0.562000,50.600000,32.000000,1733,20.000000
38,820,kian mcmahon brown|burnley,Kian McMahon-Brown,Burnley,MID,0.000000,0.000000,0.000000,0.000000,,0,
38,676,lesley ugochukwu|burnley,Lesley Ugochukwu,Burnley,MID,0.800000,75.000000,0.758000,63.800000,33.000000,2186,100.000000
38,210,loum tchaouna|burnley,Loum Tchaouna,Burnley,MID,0.200000,15.000000,0.444000,37.500000,27.000000,1104,30.000000
38,208,luca koleosho|burnley,Luca Koleosho,Burnley,MID,0.000000,0.000000,0.000000,0.000000,,0,0.000000
38,201,manuel benson hedilazio|burnley,Manuel Benson Hedilazio,Burnley,MID,0.000000,0.000000,0.000000,0.000000,,0,0.000000
38,206,marcus edwards|burnley,Marcus Edwards,Burnley,MID,0.200000,10.000000,0.500000,43.900000,22.000000,1043,20.000000
38,214,mike tr sor ndayishimiye|burnley,Mike Trésor Ndayishimiye,Burnley,MID,0.000000,5.200000,0.000000,5.200000,6.000000,37,0.000000
38,776,oliver pimlott|burnley,Oliver Pimlott,Burnley,MID,0.000000,0.000000,0.000000,0.000000,,0,
38,212,oluwaseun adewumi|burnley,Oluwaseun Adewumi,Burnley,MID,0.000000,0.000000,0.000000,0.000000,,0,0.000000
38,234,aar n anselmino|chelsea,Aarón Anselmino,Chelsea,DEF,0.000000,0.000000,0.000000,0.000000,0.000000,0,0.000000
38,229,beno t badiashile mukinayi|chelsea,Benoît Badiashile Mukinayi,Chelsea,DEF,0.000000,0.000000,0.750000,56.500000,8.000000,470,0.000000
38,672,jorrel hato|chelsea,Jorrel Hato,Chelsea,DEF,0.750000,65.000000,0.500000,46.200000,20.000000,998,100.000000
38,233,josh acheampong|chelsea,Josh Acheampong,Chelsea,DEF,0.250000,35.500000,0.467000,35.500000,15.000000,579,100.000000
38,227,levi samuels colwill|chelsea,Levi Samuels Colwill,Chelsea,DEF,1.000000,88.000000,0.500000,62.400000,2.000000,135,100.000000
38,228,malo gusto|chelsea,Malo Gusto,Chelsea,DEF,0.900000,85.000000,0.758000,63.400000,33.000000,2171,100.000000
38,231,mamadou sarr|chelsea,Mamadou Sarr,Chelsea,DEF,0.000000,0.000000,0.500000,42.100000,2.000000,91,0.000000
38,224,marc cucurella saseta|chelsea,Marc Cucurella Saseta,Chelsea,DEF,0.906000,85.000000,0.906000,77.800000,32.000000,2526,100.000000
38,225,reece james|chelsea,Reece James,Chelsea,DEF,0.750000,65.600000,0.714000,65.600000,28.000000,1919,100.000000
38,232,tosin adarabioyo|chelsea,Tosin Adarabioyo,Chelsea,DEF,0.000000,0.000000,0.500000,45.600000,16.000000,788,0.000000
38,226,trevoh chalobah|chelsea,Trevoh Chalobah,Chelsea,DEF,0.500000,85.000000,0.969000,85.200000,32.000000,2739,75.000000
38,230,wesley fofana|chelsea,Wesley Fofana,Chelsea,DEF,0.750000,85.000000,0.783000,66.300000,23.000000,1577,100.000000
38,249,jo o pedro junqueira de jesus|chelsea,João Pedro Junqueira de Jesus,Chelsea,FWD,0.980000,88.000000,0.882000,74.200000,34.000000,2568,100.000000
38,250,liam delap|chelsea,Liam Delap,Chelsea,FWD,0.100000,15.000000,0.423000,35.100000,26.000000,999,50.000000
38,252,marc guiu paz|chelsea,Marc Guiu Paz,Chelsea,FWD,0.000000,0.000000,0.100000,22.900000,10.000000,265,0.000000
38,251,nicolas jackson|chelsea,Nicolas Jackson,Chelsea,FWD,0.000000,0.000000,0.000000,0.000000,0.000000,0,0.000000
38,221,filip j rgensen|chelsea,Filip Jörgensen,Chelsea,GK,0.000000,0.000000,0.600000,71.100000,5.000000,378,0.000000
38,223,gabriel s onina|chelsea,Gabriel Słonina,Chelsea,GK,0.000000,0.000000,0.000000,0.000000,0.000000,0,
38,789,max merrick|chelsea,Max Merrick,Chelsea,GK,0.000000,0.000000,0.000000,0.000000,,0,
38,222,mike penders|chelsea,Mike Penders,Chelsea,GK,0.000000,0.000000,0.000000,0.000000,,0,0.000000
38,220,robert lynch s nchez|chelsea,Robert Lynch Sánchez,Chelsea,GK,1.000000,90.000000,0.500000,43.300000,33.000000,2860,100.000000
38,803,teddy sharman lowe|chelsea,Teddy Sharman-Lowe,Chelsea,GK,0.000000,0.000000,0.000000,0.000000,,0,
38,453,alejandro garnacho ferreyra|chelsea,Alejandro Garnacho Ferreyra,Chelsea,MID,0.200000,15.000000,0.304000,25.800000,23.000000,1260,30.000000
38,246,andrey nascimento dos santos|chelsea,Andrey Nascimento dos Santos,Chelsea,MID,0.750000,65.000000,0.462000,40.900000,26.000000,1157,80.000000
38,240,christopher nkunku|chelsea,Christopher Nkunku,Chelsea,MID,0.000000,0.000000,0.000000,0.000000,0.000000,0,0.000000
38,235,cole palmer|chelsea,Cole Palmer,Chelsea,MID,0.980000,88.000000,0.917000,73.100000,24.000000,1776,100.000000
38,247,d rio lu s essugo|chelsea,Dário Luís Essugo,Chelsea,MID,0.000000,10.600000,0.000000,10.600000,2.000000,25,100.000000
38,237,enzo fern ndez|chelsea,Enzo Fernández,Chelsea,MID,0.980000,88.000000,0.971000,85.900000,34.000000,2934,100.000000
38,238,est v o almeida de oliveira gon alves|chelsea,Estêvão Almeida de Oliveira Gonçalves,Chelsea,MID,0.200000,15.000000,0.000000,0.000000,22.000000,839,30.000000
38,239,jamie bynoe gittens|chelsea,Jamie Bynoe-Gittens,Chelsea,MID,0.000000,0.000000,0.078000,6.800000,16.000000,486,0.000000
38,829,jesse derry|chelsea,Jesse Derry,Chelsea,MID,0.000000,0.000000,0.000000,0.000000,1.000000,45,0.000000
38,248,kendry p ez andrade|chelsea,Kendry Páez Andrade,Chelsea,MID,0.000000,0.000000,0.000000,0.000000,,0,0.000000
38,743,landon emenalo|chelsea,Landon Emenalo,Chelsea,MID,0.000000,0.000000,0.000000,0.000000,,0,
38,833,mathis ebou|chelsea,Mathis Eboué,Chelsea,MID,0.000000,0.000000,0.000000,0.000000,,0,
38,241,mois s caicedo corozo|chelsea,Moisés Caicedo Corozo,Chelsea,MID,0.980000,85.000000,0.968000,84.200000,31.000000,2622,100.000000
38,245,mykhailo mudryk|chelsea,Mykhailo Mudryk,Chelsea,MID,0.000000,0.000000,0.000000,0.000000,,0,0.000000
38,236,pedro lomba neto|chelsea,Pedro Lomba Neto,Chelsea,MID,0.750000,75.000000,0.438000,38.000000,32.000000,2477,90.000000
38,244,rom o lavia|chelsea,Roméo Lavia,Chelsea,MID,0.333000,25.000000,0.333000,28.000000,12.000000,374,75.000000
38,834,ryan kavuma mcqueen|chelsea,Ryan Kavuma-McQueen,Chelsea,MID,0.000000,0.000000,0.000000,0.000000,,0,
38,259,borna sosa|crystal palace,Borna Sosa,Crystal Palace,DEF,0.000000,15.000000,0.000000,6.000000,7.000000,99,10.000000
38,265,caleb kporha|crystal palace,Caleb Kporha,Crystal Palace,DEF,0.000000,0.000000,0.000000,0.000000,,0,0.000000
38,262,chadi riad dnanou|crystal palace,Chadi Riad Dnanou,Crystal Palace,DEF,0.000000,0.000000,0.571000,51.700000,7.000000,387,0.000000
38,261,chris richards|crystal palace,Chris Richards,Crystal Palace,DEF,0.968000,86.900000,0.968000,86.900000,31.000000,2706,100.000000
38,256,daniel mu oz mej a|crystal palace,Daniel Muñoz Mejía,Crystal Palace,DEF,1.000000,84.000000,1.000000,84.000000,26.000000,2184,100.000000
38,798,danny imray|crystal palace,Danny Imray,Crystal Palace,DEF,0.000000,0.000000,0.000000,0.000000,,0,0.000000
38,773,dean benamar|crystal palace,Dean Benamar,Crystal Palace,DEF,0.000000,0.000000,0.000000,0.000000,,0,
38,793,george king|crystal palace,George King,Crystal Palace,DEF,0.000000,0.000000,0.000000,0.000000,,0,
38,723,jaydee canvot|crystal palace,Jaydee Canvot,Crystal Palace,DEF,0.800000,85.000000,0.667000,60.700000,18.000000,1151,100.000000
38,257,maxence lacroix|crystal palace,Maxence Lacroix,Crystal Palace,DEF,1.000000,88.900000,1.000000,88.900000,33.000000,2935,100.000000
38,263,nathaniel clyne|crystal palace,Nathaniel Clyne,Crystal Palace,DEF,0.000000,0.000000,0.750000,59.400000,8.000000,494,0.000000
38,264,rob holding|crystal palace,Rob Holding,Crystal Palace,DEF,0.000000,0.000000,0.000000,0.000000,,0,0.000000
38,258,tyrick mitchell|crystal palace,Tyrick Mitchell,Crystal Palace,DEF,0.971000,86.100000,0.971000,86.100000,35.000000,3028,100.000000
38,780,ben casey|crystal palace,Ben Casey,Crystal Palace,FWD,0.000000,0.000000,0.000000,0.000000,,0,
38,732,christantus uche|crystal palace,Christantus Uche,Crystal Palace,FWD,0.000000,9.700000,0.000000,9.700000,14.000000,159,
38,284,eddie nketiah|crystal palace,Eddie Nketiah,Crystal Palace,FWD,0.000000,0.000000,0.000000,0.000000,12.000000,414,0.000000
38,283,jean philippe mateta|crystal palace,Jean-Philippe Mateta,Crystal Palace,FWD,0.800000,60.000000,0.828000,70.800000,29.000000,2109,100.000000
38,654,j rgen strand larsen|crystal palace,Jørgen Strand Larsen,Crystal Palace,FWD,0.200000,30.000000,0.727000,62.100000,33.000000,2135,100.000000
38,285,odsonne douard|crystal palace,Odsonne Édouard,Crystal Palace,FWD,0.000000,0.000000,0.000000,0.000000,1.000000,2,0.000000
38,286,zach marsh|crystal palace,Zach Marsh,Crystal Palace,FWD,0.000000,0.000000,0.000000,0.000000,0.000000,0,
38,253,dean henderson|crystal palace,Dean Henderson,Crystal Palace,GK,1.000000,90.000000,1.000000,90.000000,34.000000,3060,100.000000
38,255,remi matthews|crystal palace,Remi Matthews,Crystal Palace,GK,0.000000,0.000000,0.000000,0.000000,0.000000,0,
38,254,walter ben tez|crystal palace,Walter Benítez,Crystal Palace,GK,1.000000,90.000000,1.000000,90.000000,1.000000,90,100.000000
38,273,adam wharton|crystal palace,Adam Wharton,Crystal Palace,MID,0.903000,76.800000,0.903000,76.800000,31.000000,2416,100.000000
38,274,asher agbinone|crystal palace,Asher Agbinone,Crystal Palace,MID,0.000000,0.000000,0.000000,0.000000,0.000000,0,
38,580,brennan johnson|crystal palace,Brennan Johnson,Crystal Palace,MID,0.562000,60.000000,0.562000,46.500000,32.000000,1591,100.000000
38,268,cheick doucour|crystal palace,Cheick Doucouré,Crystal Palace,MID,0.000000,0.000000,0.000000,0.000000,,0,0.000000
38,271,daichi kamada|crystal palace,Daichi Kamada,Crystal Palace,MID,0.800000,67.900000,0.800000,67.900000,25.000000,1749,100.000000
38,280,david ozoh|crystal palace,David Ozoh,Crystal Palace,MID,0.000000,0.000000,0.000000,0.000000,,0,0.000000
38,677,evann guessand|crystal palace,Evann Guessand,Crystal Palace,MID,0.237000,21.300000,0.237000,21.300000,19.000000,880,50.000000
38,282,franco umeh chibueze|crystal palace,Franco Umeh-Chibueze,Crystal Palace,MID,0.000000,0.000000,0.000000,0.000000,,0,0.000000
38,267,isma la sarr|crystal palace,Ismaïla Sarr,Crystal Palace,MID,0.880000,78.900000,0.880000,78.900000,25.000000,2008,100.000000
38,272,jefferson lerma sol s|crystal palace,Jefferson Lerma Solís,Crystal Palace,MID,0.571000,51.000000,0.571000,51.000000,28.000000,1526,100.000000
38,278,jesurun rak sakyi|crystal palace,Jesurun Rak-Sakyi,Crystal Palace,MID,0.000000,0.000000,0.000000,0.000000,,0,0.000000
38,762,jo l drakes thomas|crystal palace,Joél Drakes-Thomas,Crystal Palace,MID,0.000000,3.000000,0.000000,3.000000,2.000000,7,
38,276,justin devenny|crystal palace,Justin Devenny,Crystal Palace,MID,0.300000,31.100000,0.300000,31.100000,20.000000,695,65.000000
38,281,kaden rodney|crystal palace,Kaden Rodney,Crystal Palace,MID,0.000000,2.600000,0.000000,2.600000,1.000000,3,
38,277,malcolm ebiowei|crystal palace,Malcolm Ebiowei,Crystal Palace,MID,0.000000,0.000000,0.000000,0.000000,,0,0.000000
38,279,matheus fran a de oliveira|crystal palace,Matheus França de Oliveira,Crystal Palace,MID,0.000000,0.000000,0.000000,0.000000,,0,0.000000
38,275,naouirou ahamada|crystal palace,Naouirou Ahamada,Crystal Palace,MID,0.000000,0.000000,0.000000,0.000000,,0,0.000000
38,690,rio cardines|crystal palace,Rio Cardines,Crystal Palace,MID,0.000000,0.000000,0.000000,0.000000,0.000000,0,0.000000
38,269,romain esse|crystal palace,Romain Esse,Crystal Palace,MID,0.000000,0.000000,0.000000,0.000000,4.000000,40,0.000000
38,270,will hughes|crystal palace,Will Hughes,Crystal Palace,MID,0.800000,75.000000,0.586000,45.600000,29.000000,1411,100.000000
38,712,y remy pino santos|crystal palace,Yéremy Pino Santos,Crystal Palace,MID,0.774000,60.000000,0.774000,60.000000,31.000000,1925,100.000000
38,667,adam aznou|everton,Adam Aznou,Everton,DEF,0.000000,0.000000,0.000000,0.000000,0.000000,0,100.000000
38,705,elijah campbell|everton,Elijah Campbell,Everton,DEF,0.000000,0.000000,0.000000,0.000000,0.000000,0,0.000000
38,293,jake o brien|everton,Jake O'Brien,Everton,DEF,0.943000,85.000000,0.943000,84.100000,35.000000,2970,100.000000
38,291,james tarkowski|everton,James Tarkowski,Everton,DEF,1.000000,90.000000,1.000000,90.000000,35.000000,3150,100.000000
38,290,jarrad branthwaite|everton,Jarrad Branthwaite,Everton,DEF,0.000000,0.000000,0.000000,0.000000,10.000000,678,0.000000
38,295,michael keane|everton,Michael Keane,Everton,DEF,0.980000,88.000000,0.871000,76.200000,31.000000,2408,100.000000
38,296,nathan patterson|everton,Nathan Patterson,Everton,DEF,0.050000,5.000000,0.429000,31.100000,7.000000,238,10.000000
38,298,reece welch|everton,Reece Welch,Everton,DEF,0.000000,0.000000,0.000000,0.000000,0.000000,0,
38,297,roman dixon|everton,Roman Dixon,Everton,DEF,0.000000,0.000000,0.000000,0.000000,0.000000,0,0.000000
38,294,s amus coleman|everton,Séamus Coleman,Everton,DEF,0.000000,0.000000,0.333000,3.300000,3.000000,11,0.000000
38,292,vitalii mykolenko|everton,Vitalii Mykolenko,Everton,DEF,1.000000,89.600000,1.000000,89.600000,31.000000,2779,100.000000
38,779,braiden graham|everton,Braiden Graham,Everton,FWD,0.000000,0.000000,0.000000,0.000000,,0,
38,313,martin sherif|everton,Martin Sherif,Everton,FWD,0.000000,0.000000,0.000000,0.000000,0.000000,0,0.000000
38,311,norberto bercique gomes betuncal|everton,Norberto Bercique Gomes Betuncal,Everton,FWD,0.650000,60.000000,0.457000,38.700000,35.000000,1473,100.000000
38,310,thierno barry|everton,Thierno Barry,Everton,FWD,0.350000,30.000000,0.556000,46.600000,36.000000,1798,100.000000
38,312,youssef ramalho chermiti|everton,Youssef Ramalho Chermiti,Everton,FWD,0.000000,0.000000,0.000000,0.000000,0.000000,0,0.000000
38,289,harry tyrer|everton,Harry Tyrer,Everton,GK,0.000000,0.000000,0.000000,0.000000,0.000000,0,0.000000
38,287,jordan pickford|everton,Jordan Pickford,Everton,GK,1.000000,90.000000,1.000000,90.000000,36.000000,3240,100.000000
38,288,mark travers|everton,Mark Travers,Everton,GK,0.000000,0.000000,0.000000,0.000000,0.000000,0,100.000000
38,630,tom king|everton,Tom King,Everton,GK,0.000000,0.000000,0.000000,0.000000,0.000000,0,
38,306,callum bates|everton,Callum Bates,Everton,MID,0.000000,0.000000,0.000000,0.000000,0.000000,0,
38,301,carlos alcaraz dur n|everton,Carlos Alcaraz Durán,Everton,MID,0.316000,31.800000,0.316000,31.800000,19.000000,673,65.000000
38,307,coby ebere|everton,Coby Ebere,Everton,MID,0.000000,0.000000,0.000000,0.000000,,0,
38,300,dwight mcneil|everton,Dwight McNeil,Everton,MID,0.050000,5.000000,0.667000,52.400000,21.000000,1159,10.000000
38,305,harrison armstrong|everton,Harrison Armstrong,Everton,MID,0.000000,0.000000,0.500000,38.200000,12.000000,496,0.000000
38,302,idrissa gana gueye|everton,Idrissa Gana Gueye,Everton,MID,0.000000,0.000000,0.500000,41.900000,25.000000,2094,0.000000
38,299,iliman ndiaye|everton,Iliman Ndiaye,Everton,MID,1.000000,86.700000,1.000000,86.700000,30.000000,2601,100.000000
38,308,isaac heath|everton,Isaac Heath,Everton,MID,0.000000,0.000000,0.000000,0.000000,,0,0.000000
38,419,jack grealish|everton,Jack Grealish,Everton,MID,0.000000,0.000000,0.000000,0.000000,20.000000,1627,0.000000
38,303,james garner|everton,James Garner,Everton,MID,1.000000,89.800000,1.000000,89.800000,36.000000,3233,100.000000
38,309,jenson metcalfe|everton,Jenson Metcalfe,Everton,MID,0.000000,0.000000,0.000000,0.000000,,0,0.000000
38,242,kiernan dewsbury hall|everton,Kiernan Dewsbury-Hall,Everton,MID,0.966000,84.300000,0.966000,84.300000,29.000000,2456,100.000000
38,728,merlin r hl|everton,Merlin Röhl,Everton,MID,0.050000,10.000000,0.286000,33.600000,14.000000,527,20.000000
38,304,tim iroegbunam|everton,Tim Iroegbunam,Everton,MID,0.800000,60.000000,0.556000,45.700000,27.000000,1322,100.000000
38,707,tyler dibling|everton,Tyler Dibling,Everton,MID,0.000000,22.300000,0.286000,22.300000,14.000000,349,0.000000
38,704,tyler onyango|everton,Tyler Onyango,Everton,MID,0.000000,0.000000,0.000000,0.000000,,0,0.000000
38,243,tyrique george|everton,Tyrique George,Everton,MID,0.077000,20.300000,0.077000,20.300000,13.000000,306,100.000000
38,316,antonee robinson|fulham,Antonee Robinson,Fulham,DEF,0.800000,85.000000,0.750000,62.900000,20.000000,1307,90.000000
38,318,calvin bassey|fulham,Calvin Bassey,Fulham,DEF,0.929000,83.100000,0.929000,83.100000,28.000000,2352,100.000000
38,320,issa diop|fulham,Issa Diop,Fulham,DEF,0.800000,54.000000,0.545000,54.000000,11.000000,637,20.000000
38,317,joachim andersen|fulham,Joachim Andersen,Fulham,DEF,0.000000,0.000000,0.000000,0.000000,33.000000,2882,0.000000
38,321,jorge cuenca barreno|fulham,Jorge Cuenca Barreno,Fulham,DEF,0.000000,0.000000,0.786000,64.400000,14.000000,931,0.000000
38,322,kenny tete|fulham,Kenny Tete,Fulham,DEF,0.200000,10.000000,0.955000,80.900000,22.000000,1791,100.000000
38,323,samuel amissah|fulham,Samuel Amissah,Fulham,DEF,0.000000,0.000000,0.000000,0.000000,0.000000,0,
38,319,timothy castagne|fulham,Timothy Castagne,Fulham,DEF,0.980000,85.000000,0.643000,56.000000,28.000000,1658,100.000000
38,737,jonah kusi asare|fulham,Jonah Kusi-Asare,Fulham,FWD,0.000000,6.000000,0.000000,6.000000,7.000000,49,
38,337,ra l jim nez rodr guez|fulham,Raúl Jiménez Rodríguez,Fulham,FWD,0.800000,61.100000,0.794000,61.100000,34.000000,2142,100.000000
38,338,rodrigo muniz carvalho|fulham,Rodrigo Muniz Carvalho,Fulham,FWD,0.200000,30.000000,0.421000,40.900000,19.000000,850,100.000000
38,786,alfie mcnally|fulham,Alfie McNally,Fulham,GK,0.000000,0.000000,0.000000,0.000000,,0,
38,664,benjamin lecomte|fulham,Benjamin Lecomte,Fulham,GK,0.000000,0.000000,0.000000,0.000000,0.000000,0,
38,314,bernd leno|fulham,Bernd Leno,Fulham,GK,1.000000,90.000000,1.000000,90.000000,36.000000,3240,100.000000
38,315,steven benda|fulham,Steven Benda,Fulham,GK,0.000000,0.000000,0.000000,0.000000,,0,0.000000
38,324,alex iwobi|fulham,Alex Iwobi,Fulham,MID,1.000000,88.000000,0.000000,0.000000,27.000000,2264,100.000000
38,327,andreas hoelgebaum pereira|fulham,Andreas Hoelgebaum Pereira,Fulham,MID,0.000000,0.000000,0.000000,0.000000,0.000000,0,0.000000
38,325,emile smith rowe|fulham,Emile Smith Rowe,Fulham,MID,0.750000,60.000000,0.571000,47.100000,35.000000,1760,100.000000
38,336,harrison reed|fulham,Harrison Reed,Fulham,MID,0.143000,11.100000,0.143000,11.100000,7.000000,89,100.000000
38,329,harry wilson|fulham,Harry Wilson,Fulham,MID,0.980000,65.000000,0.941000,77.100000,34.000000,2645,100.000000
38,335,josh king|fulham,Josh King,Fulham,MID,0.050000,10.000000,0.500000,38.500000,30.000000,1249,50.000000
38,731,kevin santos lopes de macedo|fulham,Kevin Santos Lopes de Macedo,Fulham,MID,0.000000,0.000000,0.333000,34.700000,24.000000,926,0.000000
38,334,luke harris|fulham,Luke Harris,Fulham,MID,0.000000,0.000000,0.000000,0.000000,,0,0.000000
38,333,martial godo|fulham,Martial Godo,Fulham,MID,0.000000,0.000000,0.000000,0.000000,,0,0.000000
38,424,oscar bobb|fulham,Oscar Bobb,Fulham,MID,0.250000,25.000000,0.429000,38.400000,21.000000,881,80.000000
38,328,ryan sessegnon|fulham,Ryan Sessegnon,Fulham,MID,0.050000,5.000000,0.370000,32.300000,27.000000,1816,10.000000
38,727,samuel chukwueze|fulham,Samuel Chukwueze,Fulham,MID,0.455000,60.000000,0.455000,44.100000,22.000000,1056,100.000000
38,330,sander berge|fulham,Sander Berge,Fulham,MID,0.000000,83.500000,0.970000,83.500000,33.000000,2769,0.000000
38,332,sa a luki|fulham,Saša Lukić,Fulham,MID,0.760000,63.200000,0.760000,63.200000,25.000000,1640,100.000000
38,770,seth ridgeon|fulham,Seth Ridgeon,Fulham,MID,0.000000,0.000000,0.000000,0.000000,,0,
38,331,tom cairney|fulham,Tom Cairney,Fulham,MID,0.261000,28.100000,0.261000,28.100000,23.000000,726,100.000000
38,347,gabriel gudmundsson|leeds,Gabriel Gudmundsson,Leeds,DEF,0.000000,0.000000,0.484000,41.000000,32.000000,2637,0.000000
38,349,isaac schmidt|leeds,Isaac Schmidt,Leeds,DEF,0.000000,0.000000,0.000000,0.000000,0.000000,0,0.000000
38,344,jaka bijol|leeds,Jaka Bijol,Leeds,DEF,0.826000,75.000000,0.826000,73.200000,23.000000,1729,100.000000
38,706,james justin|leeds,James Justin,Leeds,DEF,0.980000,85.000000,0.704000,60.600000,27.000000,1713,100.000000
38,342,jayden bogle|leeds,Jayden Bogle,Leeds,DEF,0.980000,81.600000,0.939000,81.600000,33.000000,2718,100.000000
38,837,jayden lienou|leeds,Jayden Lienou,Leeds,DEF,0.000000,0.000000,0.000000,0.000000,,0,
38,348,joe rodon|leeds,Joe Rodon,Leeds,DEF,0.939000,88.000000,0.939000,83.200000,33.000000,2772,100.000000
38,343,pascal struijk|leeds,Pascal Struijk,Leeds,DEF,0.200000,10.000000,0.727000,64.400000,33.000000,2845,75.000000
38,346,sam byram|leeds,Sam Byram,Leeds,DEF,0.000000,6.000000,0.000000,6.000000,1.000000,7,
38,345,sebastiaan bornauw|leeds,Sebastiaan Bornauw,Leeds,DEF,0.050000,10.000000,0.400000,30.800000,10.000000,338,30.000000
38,691,dominic calvert lewin|leeds,Dominic Calvert-Lewin,Leeds,FWD,0.980000,88.000000,0.848000,75.900000,33.000000,2563,100.000000
38,741,harry gray|leeds,Harry Gray,Leeds,FWD,0.000000,0.000000,0.000000,0.000000,0.000000,0,0.000000
38,362,jo l piroe|leeds,Joël Piroe,Leeds,FWD,0.000000,0.000000,0.143000,13.400000,14.000000,216,0.000000
38,365,lukas nmecha|leeds,Lukas Nmecha,Leeds,FWD,0.050000,20.000000,0.310000,29.200000,29.000000,945,70.000000
38,364,mateo joseph fern ndez regatillo|leeds,Mateo Joseph Fernández-Regatillo,Leeds,FWD,0.000000,0.000000,0.000000,0.000000,,0,0.000000
38,363,patrick bamford|leeds,Patrick Bamford,Leeds,FWD,0.000000,0.000000,0.000000,0.000000,0.000000,0,0.000000
38,340,alex cairns|leeds,Alex Cairns,Leeds,GK,0.000000,0.000000,0.000000,0.000000,0.000000,0,
38,339,illan meslier|leeds,Illan Meslier,Leeds,GK,0.000000,0.000000,0.000000,0.000000,0.000000,0,
38,341,karl darlow|leeds,Karl Darlow,Leeds,GK,1.000000,90.000000,1.000000,90.000000,20.000000,1800,100.000000
38,665,lucas estella perri|leeds,Lucas Estella Perri,Leeds,GK,0.000000,0.000000,1.000000,90.000000,16.000000,1440,0.000000
38,660,anton stach|leeds,Anton Stach,Leeds,MID,0.980000,85.000000,0.964000,81.600000,28.000000,2296,100.000000
38,350,brenden aaronson|leeds,Brenden Aaronson,Leeds,MID,0.800000,63.700000,0.800000,63.700000,35.000000,2300,100.000000
38,359,charlie crew|leeds,Charlie Crew,Leeds,MID,0.000000,0.000000,0.000000,0.000000,,0,0.000000
38,353,daniel james|leeds,Daniel James,Leeds,MID,0.050000,15.000000,0.294000,24.600000,17.000000,468,33.000000
38,361,darko gyabi|leeds,Darko Gyabi,Leeds,MID,0.000000,0.000000,0.000000,0.000000,,0,0.000000
38,354,ethan ampadu|leeds,Ethan Ampadu,Leeds,MID,1.000000,89.100000,1.000000,89.100000,33.000000,2939,100.000000
38,168,facundo buonanotte|leeds,Facundo Buonanotte,Leeds,MID,0.000000,0.000000,0.000000,0.000000,3.000000,69,0.000000
38,356,ilia gruev|leeds,Ilia Gruev,Leeds,MID,0.000000,0.000000,0.000000,0.000000,23.000000,1318,0.000000
38,352,jack harrison|leeds,Jack Harrison,Leeds,MID,0.000000,0.000000,0.000000,0.000000,11.000000,262,0.000000
38,360,joe gelhardt|leeds,Joe Gelhardt,Leeds,MID,0.000000,0.000000,0.000000,0.000000,,0,0.000000
38,357,largie ramazani|leeds,Largie Ramazani,Leeds,MID,0.000000,0.000000,0.000000,0.000000,,0,0.000000
38,698,noah okafor|leeds,Noah Okafor,Leeds,MID,0.000000,0.000000,0.000000,0.000000,28.000000,1553,0.000000
38,838,rhys chadwick|leeds,Rhys Chadwick,Leeds,MID,0.000000,0.000000,0.000000,0.000000,,0,
38,787,sam chambers|leeds,Sam Chambers,Leeds,MID,0.000000,0.000000,0.000000,0.000000,,0,
38,355,sam greenwood|leeds,Sam Greenwood,Leeds,MID,0.000000,0.000000,0.000000,0.000000,,0,0.000000
38,493,sean longstaff|leeds,Sean Longstaff,Leeds,MID,0.050000,5.000000,0.455000,40.600000,22.000000,973,75.000000
38,358,tanaka ao|leeds,Tanaka Ao,Leeds,MID,0.800000,80.000000,0.462000,41.400000,26.000000,1171,100.000000
38,351,wilfried gnonto|leeds,Wilfried Gnonto,Leeds,MID,0.200000,15.000000,0.190000,19.700000,21.000000,470,75.000000
38,378,amara nallo|liverpool,Amara Nallo,Liverpool,DEF,0.000000,0.000000,0.000000,0.000000,0.000000,0,0.000000
38,372,andrew robertson|liverpool,Andrew Robertson,Liverpool,DEF,0.150000,15.000000,0.435000,43.100000,23.000000,1083,90.000000
38,380,calvin ramsay|liverpool,Calvin Ramsay,Liverpool,DEF,0.000000,0.000000,0.000000,0.000000,0.000000,0,0.000000
38,375,conor bradley|liverpool,Conor Bradley,Liverpool,DEF,0.000000,0.000000,0.000000,0.000000,15.000000,928,0.000000
38,692,giovanni leoni|liverpool,Giovanni Leoni,Liverpool,DEF,0.000000,0.000000,0.000000,0.000000,,0,0.000000
38,374,ibrahima konat|liverpool,Ibrahima Konaté,Liverpool,DEF,1.000000,85.600000,1.000000,85.600000,34.000000,2912,100.000000
38,370,jeremie frimpong|liverpool,Jeremie Frimpong,Liverpool,DEF,0.600000,60.000000,0.600000,47.800000,20.000000,1016,100.000000
38,376,joe gomez|liverpool,Joe Gomez,Liverpool,DEF,0.000000,5.000000,0.316000,24.900000,19.000000,528,20.000000
38,377,konstantinos tsimikas|liverpool,Konstantinos Tsimikas,Liverpool,DEF,0.000000,0.000000,0.000000,0.000000,,0,0.000000
38,371,milos kerkez|liverpool,Milos Kerkez,Liverpool,DEF,0.812000,75.000000,0.812000,65.400000,32.000000,2154,100.000000
38,379,rhys williams|liverpool,Rhys Williams,Liverpool,DEF,0.000000,0.000000,0.000000,0.000000,0.000000,0,0.000000
38,832,talla ndiaye|liverpool,Talla Ndiaye,Liverpool,DEF,0.000000,0.000000,0.000000,0.000000,,0,0.000000
38,373,virgil van dijk|liverpool,Virgil van Dijk,Liverpool,DEF,1.000000,90.000000,1.000000,90.000000,36.000000,3240,100.000000
38,760,wellity lucky|liverpool,Wellity Lucky,Liverpool,DEF,0.000000,0.000000,0.000000,0.000000,,0,0.000000
38,499,alexander isak|liverpool,Alexander Isak,Liverpool,FWD,0.500000,60.000000,0.571000,46.400000,14.000000,694,100.000000
38,397,darwin n ez ribeiro|liverpool,Darwin Núñez Ribeiro,Liverpool,FWD,0.000000,0.000000,0.000000,0.000000,0.000000,0,0.000000
38,661,hugo ekitik|liverpool,Hugo Ekitiké,Liverpool,FWD,0.000000,0.000000,0.000000,0.000000,28.000000,1797,0.000000
38,398,jayden danns|liverpool,Jayden Danns,Liverpool,FWD,0.000000,0.000000,0.000000,0.000000,0.000000,0,0.000000
38,830,will wright|liverpool,Will Wright,Liverpool,FWD,0.000000,0.000000,0.000000,0.000000,,0,0.000000
38,366,alisson becker|liverpool,Alisson Becker,Liverpool,GK,0.500000,45.000000,0.500000,45.000000,25.000000,2250,50.000000
38,369,freddie woodman|liverpool,Freddie Woodman,Liverpool,GK,0.667000,67.100000,0.667000,67.100000,3.000000,212,0.000000
38,367,giorgi mamardashvili|liverpool,Giorgi Mamardashvili,Liverpool,GK,1.000000,86.300000,1.000000,86.300000,9.000000,777,100.000000
38,368,rmin p csi|liverpool,Ármin Pécsi,Liverpool,GK,0.000000,0.000000,0.000000,0.000000,0.000000,0,0.000000
38,386,alexis mac allister|liverpool,Alexis Mac Allister,Liverpool,MID,0.829000,68.900000,0.829000,68.900000,35.000000,2474,100.000000
38,384,cody gakpo|liverpool,Cody Gakpo,Liverpool,MID,0.882000,74.300000,0.882000,74.300000,34.000000,2573,100.000000
38,388,curtis jones|liverpool,Curtis Jones,Liverpool,MID,0.500000,50.400000,0.500000,50.400000,32.000000,1743,100.000000
38,387,dominik szoboszlai|liverpool,Dominik Szoboszlai,Liverpool,MID,1.000000,89.800000,1.000000,89.800000,34.000000,3052,100.000000
38,392,endo wataru|liverpool,Endo Wataru,Liverpool,MID,0.000000,0.000000,0.000000,0.000000,8.000000,170,0.000000
38,385,federico chiesa|liverpool,Federico Chiesa,Liverpool,MID,0.040000,10.000000,0.040000,10.000000,25.000000,293,100.000000
38,382,florian wirtz|liverpool,Florian Wirtz,Liverpool,MID,0.871000,73.800000,0.871000,73.800000,31.000000,2333,100.000000
38,394,james mcconnell|liverpool,James McConnell,Liverpool,MID,0.000000,0.000000,0.000000,0.000000,,0,0.000000
38,746,kieran morrison|liverpool,Kieran Morrison,Liverpool,MID,0.000000,0.000000,0.000000,0.000000,,0,
38,383,luis d az marulanda|liverpool,Luis Díaz Marulanda,Liverpool,MID,0.000000,0.000000,0.000000,0.000000,,0,0.000000
38,381,mohamed salah|liverpool,Mohamed Salah,Liverpool,MID,0.000000,0.000000,0.440000,40.400000,25.000000,2055,0.000000
38,686,rio ngumoha|liverpool,Rio Ngumoha,Liverpool,MID,0.050000,15.000000,0.176000,19.800000,17.000000,385,50.000000
38,390,ryan gravenberch|liverpool,Ryan Gravenberch,Liverpool,MID,0.941000,82.900000,0.941000,82.900000,34.000000,2844,100.000000
38,393,stefan baj eti maquieira|liverpool,Stefan Bajčetić Maquieira,Liverpool,MID,0.000000,0.000000,0.000000,0.000000,0.000000,0,0.000000
38,396,trey nyoni|liverpool,Trey Nyoni,Liverpool,MID,0.000000,2.400000,0.000000,2.400000,5.000000,14,
38,395,tyler morton|liverpool,Tyler Morton,Liverpool,MID,0.000000,0.000000,0.000000,0.000000,,0,0.000000
38,406,abdukodir khusanov|manchester city,Abdukodir Khusanov,Man City,DEF,0.800000,75.000000,0.684000,62.500000,19.000000,1247,100.000000
38,409,john stones|manchester city,John Stones,Man City,DEF,0.000000,0.000000,0.571000,46.900000,7.000000,351,0.000000
38,403,jo ko gvardiol|manchester city,Joško Gvardiol,Man City,DEF,0.000000,0.000000,0.703000,60.400000,16.000000,1301,0.000000
38,404,manuel akanji|manchester city,Manuel Akanji,Man City,DEF,0.000000,0.000000,0.000000,0.000000,0.000000,0,0.000000
38,260,marc gu hi|manchester city,Marc Guéhi,Man City,DEF,1.000000,90.000000,1.000000,90.000000,33.000000,2970,100.000000
38,407,matheus nunes|manchester city,Matheus Nunes,Man City,DEF,0.938000,84.000000,0.938000,84.000000,32.000000,2714,100.000000
38,794,max alleyne|manchester city,Max Alleyne,Man City,DEF,0.000000,0.000000,1.000000,67.500000,2.000000,135,0.000000
38,405,nathan ak|manchester city,Nathan Aké,Man City,DEF,0.200000,15.000000,0.312000,32.400000,16.000000,578,75.000000
38,411,nico o reilly|manchester city,Nico O'Reilly,Man City,DEF,0.900000,75.600000,0.848000,75.600000,33.000000,2553,100.000000
38,402,rayan a t nouri|manchester city,Rayan Aït-Nouri,Man City,DEF,0.500000,60.000000,0.733000,55.600000,15.000000,868,100.000000
38,410,rico lewis|manchester city,Rico Lewis,Man City,DEF,0.000000,0.000000,0.300000,27.800000,10.000000,311,0.000000
38,408,r ben dos santos gato alves dias|manchester city,Rúben dos Santos Gato Alves Dias,Man City,DEF,0.000000,0.000000,0.920000,81.000000,25.000000,2049,0.000000
38,740,stephen mfuni|manchester city,Stephen Mfuni,Man City,DEF,0.000000,0.000000,0.000000,0.000000,,0,0.000000
38,412,vitor de oliveira nunes dos reis|manchester city,Vitor de Oliveira Nunes dos Reis,Man City,DEF,0.000000,0.000000,0.000000,0.000000,,0,0.000000
38,430,erling haaland|manchester city,Erling Haaland,Man City,FWD,1.000000,88.000000,0.971000,83.800000,34.000000,2863,100.000000
38,399,ederson santana de moraes|manchester city,Ederson Santana de Moraes,Man City,GK,0.000000,0.000000,0.000000,0.000000,0.000000,0,0.000000
38,736,gianluigi donnarumma|manchester city,Gianluigi Donnarumma,Man City,GK,1.000000,90.000000,1.000000,90.000000,32.000000,2880,100.000000
38,182,james trafford|manchester city,James Trafford,Man City,GK,0.000000,0.000000,1.000000,90.000000,3.000000,270,0.000000
38,401,marcus bettinelli|manchester city,Marcus Bettinelli,Man City,GK,0.000000,0.000000,0.000000,0.000000,0.000000,0,100.000000
38,82,antoine semenyo|manchester city,Antoine Semenyo,Man City,MID,0.900000,85.000000,1.000000,88.200000,34.000000,2998,100.000000
38,416,bernardo mota veiga de carvalho e silva|manchester city,Bernardo Mota Veiga de Carvalho e Silva,Man City,MID,0.886000,75.200000,0.886000,75.200000,35.000000,2678,100.000000
38,763,charlie gray|manchester city,Charlie Gray,Man City,MID,0.000000,0.000000,0.000000,0.000000,,0,
38,425,claudio echeverri|manchester city,Claudio Echeverri,Man City,MID,0.000000,0.000000,0.000000,0.000000,,0,0.000000
38,739,divine mukasa|manchester city,Divine Mukasa,Man City,MID,0.000000,0.000000,0.000000,0.000000,2.000000,25,0.000000
38,418,j r my doku|manchester city,Jérémy Doku,Man City,MID,0.900000,75.000000,0.667000,58.200000,27.000000,1653,100.000000
38,429,kalvin phillips|manchester city,Kalvin Phillips,Man City,MID,0.000000,0.000000,0.000000,0.000000,0.000000,0,0.000000
38,422,mateo kova i|manchester city,Mateo Kovačić,Man City,MID,0.000000,0.000000,0.000000,7.900000,3.000000,28,0.000000
38,423,nico gonz lez iglesias|manchester city,Nico González Iglesias,Man City,MID,0.150000,15.000000,0.667000,58.200000,24.000000,1471,33.000000
38,413,omar marmoush|manchester city,Omar Marmoush,Man City,MID,0.050000,25.000000,0.368000,28.500000,19.000000,599,50.000000
38,414,phil foden|manchester city,Phil Foden,Man City,MID,0.150000,15.000000,0.700000,59.600000,30.000000,1873,50.000000
38,417,rayan cherki|manchester city,Rayan Cherki,Man City,MID,0.800000,65.000000,0.633000,53.400000,30.000000,1695,100.000000
38,764,reigan heskey|manchester city,Reigan Heskey,Man City,MID,0.000000,0.000000,0.000000,0.000000,,0,
38,421,rodrigo rodri hernandez cascante|manchester city,Rodrigo 'Rodri' Hernandez Cascante,Man City,MID,0.000000,0.000000,0.600000,51.700000,20.000000,1420,0.000000
38,742,ryan mcaidoo|manchester city,Ryan McAidoo,Man City,MID,0.000000,0.000000,0.000000,0.000000,,0,
38,428,sverre nypan|manchester city,Sverre Nypan,Man City,MID,0.000000,0.000000,0.000000,0.000000,,0,100.000000
38,415,s vio moreira de oliveira|manchester city,Sávio Moreira de Oliveira,Man City,MID,0.050000,5.000000,0.238000,25.400000,21.000000,603,15.000000
38,427,tijjani reijnders|manchester city,Tijjani Reijnders,Man City,MID,0.100000,15.000000,0.667000,54.400000,27.000000,1547,33.000000
38,420,i lkay g ndo an|manchester city,İlkay Gündoğan,Man City,MID,0.000000,0.000000,0.000000,0.000000,0.000000,0,0.000000
38,447,ayden heaven|manchester united,Ayden Heaven,Man Utd,DEF,0.100000,10.000000,0.647000,51.300000,17.000000,920,20.000000
38,439,diego le n blanco|manchester united,Diego León Blanco,Man Utd,DEF,0.000000,0.000000,0.000000,0.000000,0.000000,0,
38,440,diogo dalot teixeira|manchester united,Diogo Dalot Teixeira,Man Utd,DEF,0.848000,80.000000,0.848000,74.600000,33.000000,2519,100.000000
38,788,godwill kukonki|manchester united,Godwill Kukonki,Man Utd,DEF,0.000000,0.000000,0.000000,0.000000,,0,
38,445,harry amass|manchester united,Harry Amass,Man Utd,DEF,0.000000,0.000000,0.000000,0.000000,0.000000,0,0.000000
38,442,harry maguire|manchester united,Harry Maguire,Man Utd,DEF,0.810000,80.000000,0.810000,68.000000,21.000000,1469,100.000000
38,444,leny yoro|manchester united,Leny Yoro,Man Utd,DEF,0.100000,10.000000,0.581000,51.800000,31.000000,1714,30.000000
38,437,lisandro mart nez|manchester united,Lisandro Martínez,Man Utd,DEF,0.750000,80.000000,0.688000,62.500000,16.000000,1049,100.000000
38,443,luke shaw|manchester united,Luke Shaw,Man Utd,DEF,1.000000,84.700000,1.000000,84.700000,36.000000,3049,100.000000
38,436,matthijs de ligt|manchester united,Matthijs de Ligt,Man Utd,DEF,0.000000,0.000000,0.000000,0.000000,13.000000,1170,0.000000
38,438,noussair mazraoui|manchester united,Noussair Mazraoui,Man Utd,DEF,0.526000,60.000000,0.526000,44.200000,19.000000,904,100.000000
38,441,patrick dorgu|manchester united,Patrick Dorgu,Man Utd,DEF,0.100000,15.000000,0.583000,53.500000,24.000000,1369,75.000000
38,446,tyler fredricson|manchester united,Tyler Fredricson,Man Utd,DEF,0.000000,1.700000,0.000000,1.700000,1.000000,2,0.000000
38,448,tyrell malacia|manchester united,Tyrell Malacia,Man Utd,DEF,0.000000,3.000000,0.000000,3.000000,2.000000,7,0.000000
38,681,benjamin sesko|manchester united,Benjamin Sesko,Man Utd,FWD,0.500000,60.000000,0.425000,38.100000,30.000000,1630,100.000000
38,467,chido obi|manchester united,Chido Obi,Man Utd,FWD,0.000000,0.000000,0.000000,0.000000,0.000000,0,
38,468,ethan wheatley|manchester united,Ethan Wheatley,Man Utd,FWD,0.000000,0.000000,0.000000,0.000000,0.000000,0,0.000000
38,466,joshua zirkzee|manchester united,Joshua Zirkzee,Man Utd,FWD,0.227000,23.300000,0.227000,23.300000,22.000000,581,100.000000
38,465,rasmus h jlund|manchester united,Rasmus Højlund,Man Utd,FWD,0.000000,0.000000,0.000000,0.000000,0.000000,0,0.000000
38,431,altay bay nd r|manchester united,Altay Bayındır,Man Utd,GK,0.000000,0.000000,1.000000,90.000000,6.000000,540,0.000000
38,432,andr onana|manchester united,André Onana,Man Utd,GK,0.000000,0.000000,0.000000,0.000000,0.000000,0,0.000000
38,435,dermot mee|manchester united,Dermot Mee,Man Utd,GK,0.000000,0.000000,0.000000,0.000000,0.000000,0,
38,433,elyh harrison|manchester united,Elyh Harrison,Man Utd,GK,0.000000,0.000000,0.000000,0.000000,,0,0.000000
38,733,senne lammens|manchester united,Senne Lammens,Man Utd,GK,1.000000,90.000000,1.000000,90.000000,30.000000,2700,100.000000
38,434,tom heaton|manchester united,Tom Heaton,Man Utd,GK,0.000000,0.000000,0.000000,0.000000,0.000000,0,
38,452,amad diallo|manchester united,Amad Diallo,Man Utd,MID,0.350000,25.000000,0.833000,70.200000,30.000000,2159,100.000000
38,454,antony dos santos|manchester united,Antony dos Santos,Man Utd,MID,0.000000,0.000000,0.000000,0.000000,0.000000,0,0.000000
38,769,bendito mantato|manchester united,Bendito Mantato,Man Utd,MID,0.000000,12.800000,0.000000,12.800000,1.000000,15,0.000000
38,449,bruno borges fernandes|manchester united,Bruno Borges Fernandes,Man Utd,MID,1.000000,88.000000,1.000000,87.400000,33.000000,2885,100.000000
38,119,bryan mbeumo|manchester united,Bryan Mbeumo,Man Utd,MID,0.900000,78.600000,0.935000,78.600000,31.000000,2459,100.000000
38,457,carlos henrique casimiro|manchester united,Carlos Henrique Casimiro,Man Utd,MID,0.970000,80.000000,0.970000,75.300000,33.000000,2495,100.000000
38,462,jack fletcher|manchester united,Jack Fletcher,Man Utd,MID,0.000000,30.300000,0.000000,30.300000,3.000000,107,
38,464,jack moorhouse|manchester united,Jack Moorhouse,Man Utd,MID,0.000000,0.000000,0.000000,0.000000,,0,0.000000
38,461,jayce fitzgerald|manchester united,Jayce Fitzgerald,Man Utd,MID,0.000000,0.000000,0.000000,0.000000,,0,
38,827,jim thwaites|manchester united,Jim Thwaites,Man Utd,MID,0.000000,0.000000,0.000000,0.000000,,0,
38,458,kobbie mainoo|manchester united,Kobbie Mainoo,Man Utd,MID,0.800000,75.000000,0.538000,52.700000,26.000000,1473,100.000000
38,459,manuel ugarte ribeiro|manchester united,Manuel Ugarte Ribeiro,Man Utd,MID,0.050000,15.000000,0.273000,27.000000,22.000000,876,20.000000
38,451,marcus rashford|manchester united,Marcus Rashford,Man Utd,MID,0.000000,0.000000,0.000000,0.000000,,0,0.000000
38,455,mason mount|manchester united,Mason Mount,Man Utd,MID,0.100000,5.000000,0.524000,41.000000,21.000000,928,10.000000
38,450,matheus santos carneiro da cunha|manchester united,Matheus Santos Carneiro da Cunha,Man Utd,MID,0.900000,85.000000,0.875000,74.000000,32.000000,2414,100.000000
38,755,shea lacey|manchester united,Shea Lacey,Man Utd,MID,0.000000,5.100000,0.000000,5.100000,2.000000,12,100.000000
38,463,s kou kon|manchester united,Sékou Koné,Man Utd,MID,0.000000,0.000000,0.000000,0.000000,0.000000,0,0.000000
38,460,toby collyer|manchester united,Toby Collyer,Man Utd,MID,0.000000,0.000000,0.000000,0.000000,,0,0.000000
38,771,tyler fletcher|manchester united,Tyler Fletcher,Man Utd,MID,0.000000,0.800000,0.000000,0.800000,1.000000,1,
38,481,alex murphy|newcastle united,Alex Murphy,Newcastle,DEF,0.000000,0.800000,0.000000,0.800000,1.000000,1,
38,476,dan burn|newcastle united,Dan Burn,Newcastle,DEF,0.889000,76.400000,0.889000,76.400000,27.000000,2097,100.000000
38,479,emil krafth|newcastle united,Emil Krafth,Newcastle,DEF,0.000000,0.000000,0.000000,0.000000,1.000000,45,0.000000
38,474,fabian sch r|newcastle united,Fabian Schär,Newcastle,DEF,0.000000,0.000000,0.000000,0.000000,16.000000,1089,0.000000
38,482,harrison ashby|newcastle united,Harrison Ashby,Newcastle,DEF,0.000000,0.000000,0.000000,0.000000,0.000000,0,0.000000
38,480,jamaal lascelles|newcastle united,Jamaal Lascelles,Newcastle,DEF,0.000000,0.000000,0.000000,0.000000,2.000000,19,0.000000
38,478,kieran trippier|newcastle united,Kieran Trippier,Newcastle,DEF,0.050000,5.000000,0.850000,73.400000,20.000000,1502,20.000000
38,765,leo shahar|newcastle united,Leo Shahar,Newcastle,DEF,0.000000,0.000000,0.000000,0.000000,,0,
38,473,lewis hall|newcastle united,Lewis Hall,Newcastle,DEF,0.786000,69.000000,0.786000,69.000000,28.000000,1996,100.000000
38,684,malick thiaw|newcastle united,Malick Thiaw,Newcastle,DEF,0.939000,85.000000,0.939000,83.600000,33.000000,2783,100.000000
38,484,matt targett|newcastle united,Matt Targett,Newcastle,DEF,0.000000,0.000000,0.000000,0.000000,0.000000,0,0.000000
38,483,miodrag piva|newcastle united,Miodrag Pivaš,Newcastle,DEF,0.000000,0.000000,0.000000,0.000000,0.000000,0,
38,475,sven botman|newcastle united,Sven Botman,Newcastle,DEF,0.826000,70.000000,0.826000,70.000000,23.000000,1654,100.000000
38,477,tino livramento|newcastle united,Tino Livramento,Newcastle,DEF,0.000000,0.000000,0.000000,0.000000,17.000000,1326,0.000000
38,714,nick woltemade|newcastle united,Nick Woltemade,Newcastle,FWD,0.710000,60.000000,0.710000,53.800000,31.000000,1745,100.000000
38,501,sean neave|newcastle united,Sean Neave,Newcastle,FWD,0.000000,0.000000,0.000000,0.000000,0.000000,0,
38,500,william osula|newcastle united,William Osula,Newcastle,FWD,0.800000,65.000000,0.273000,26.600000,22.000000,656,100.000000
38,135,yoane wissa|newcastle united,Yoane Wissa,Newcastle,FWD,0.100000,25.000000,0.235000,25.400000,17.000000,488,30.000000
38,674,aaron ramsdale|newcastle united,Aaron Ramsdale,Newcastle,GK,0.000000,0.000000,0.917000,82.500000,12.000000,1003,0.000000
38,753,john ruddy|newcastle united,John Ruddy,Newcastle,GK,0.000000,0.000000,0.000000,0.000000,,0,
38,471,mark gillespie|newcastle united,Mark Gillespie,Newcastle,GK,0.000000,0.000000,0.000000,0.000000,0.000000,0,
38,469,nick pope|newcastle united,Nick Pope,Newcastle,GK,1.000000,89.400000,1.000000,89.400000,25.000000,2236,100.000000
38,472,odysseas vlachodimos|newcastle united,Odysseas Vlachodimos,Newcastle,GK,0.000000,0.000000,0.000000,0.000000,,0,0.000000
38,486,anthony elanga|newcastle united,Anthony Elanga,Newcastle,MID,0.467000,60.000000,0.467000,39.000000,30.000000,1273,100.000000
38,485,anthony gordon|newcastle united,Anthony Gordon,Newcastle,MID,0.000000,0.000000,0.923000,68.400000,26.000000,1798,0.000000
38,492,anto ito cordero campillo|newcastle united,Antoñito Cordero Campillo,Newcastle,MID,0.000000,0.000000,0.000000,0.000000,,0,0.000000
38,488,bruno guimar es rodriguez moura|newcastle united,Bruno Guimarães Rodriguez Moura,Newcastle,MID,0.926000,84.300000,0.926000,84.300000,27.000000,2301,100.000000
38,496,garang kuol|newcastle united,Garang Kuol,Newcastle,MID,0.000000,0.000000,0.000000,0.000000,,0,0.000000
38,487,harvey barnes|newcastle united,Harvey Barnes,Newcastle,MID,0.514000,60.000000,0.514000,48.500000,35.000000,1832,100.000000
38,495,isaac hayden|newcastle united,Isaac Hayden,Newcastle,MID,0.000000,0.000000,0.000000,0.000000,,0,0.000000
38,489,jacob murphy|newcastle united,Jacob Murphy,Newcastle,MID,0.581000,30.000000,0.581000,46.700000,31.000000,1546,100.000000
38,52,jacob ramsey|newcastle united,Jacob Ramsey,Newcastle,MID,0.500000,30.000000,0.500000,44.900000,26.000000,1261,100.000000
38,498,joe white|newcastle united,Joe White,Newcastle,MID,0.000000,0.000000,0.000000,0.000000,,0,0.000000
38,494,joe willock|newcastle united,Joe Willock,Newcastle,MID,0.050000,10.000000,0.409000,35.000000,22.000000,845,100.000000
38,490,joelinton c ssio apolin rio de lira|newcastle united,Joelinton Cássio Apolinário de Lira,Newcastle,MID,0.000000,0.000000,0.852000,70.600000,27.000000,1950,0.000000
38,497,lewis miley|newcastle united,Lewis Miley,Newcastle,MID,0.000000,0.000000,0.000000,0.000000,23.000000,1493,0.000000
38,772,sam alabi|newcastle united,Sam Alabi,Newcastle,MID,0.000000,0.000000,0.000000,0.000000,,0,
38,491,sandro tonali|newcastle united,Sandro Tonali,Newcastle,MID,0.882000,85.000000,0.882000,71.700000,34.000000,2482,100.000000
38,689,seung soo park|newcastle united,Seung-Soo Park,Newcastle,MID,0.000000,0.000000,0.000000,0.000000,0.000000,0,
38,509,david mota veiga teixeira do carmo|nottingham forest,David Mota Veiga Teixeira do Carmo,Nott'm Forest,DEF,0.000000,0.000000,0.000000,0.000000,,0,0.000000
38,511,felipe rodrigues da silva|nottingham forest,Felipe Rodrigues da Silva,Nott'm Forest,DEF,0.800000,80.000000,0.632000,57.700000,19.000000,1160,100.000000
38,510,jair paula da cunha filho|nottingham forest,Jair Paula da Cunha Filho,Nott'm Forest,DEF,0.800000,80.000000,0.714000,61.000000,7.000000,446,100.000000
38,814,luca netz|nottingham forest,Luca Netz,Nott'm Forest,DEF,0.800000,80.000000,0.400000,44.200000,5.000000,243,100.000000
38,729,luis eduardo soares da silva|nottingham forest,Luis Eduardo Soares da Silva,Nott'm Forest,DEF,0.000000,0.000000,0.000000,0.000000,,0,0.000000
38,506,murillo costa dos santos|nottingham forest,Murillo Costa dos Santos,Nott'm Forest,DEF,0.000000,0.000000,0.500000,42.600000,25.000000,2130,0.000000
38,508,neco williams|nottingham forest,Neco Williams,Nott'm Forest,DEF,0.971000,86.000000,0.971000,86.000000,35.000000,3023,100.000000
38,716,nicol savona|nottingham forest,Nicolò Savona,Nott'm Forest,DEF,0.000000,0.000000,0.000000,0.000000,14.000000,1025,0.000000
38,505,nikola milenkovi|nottingham forest,Nikola Milenković,Nott'm Forest,DEF,0.972000,88.400000,0.972000,88.400000,36.000000,3195,100.000000
38,507,ola aina|nottingham forest,Ola Aina,Nott'm Forest,DEF,0.000000,0.000000,0.500000,44.100000,18.000000,1587,0.000000
38,12,oleksandr zinchenko|nottingham forest,Oleksandr Zinchenko,Nott'm Forest,DEF,0.000000,0.000000,0.000000,0.000000,5.000000,352,0.000000
38,512,omar richards|nottingham forest,Omar Richards,Nott'm Forest,DEF,0.000000,0.000000,0.000000,0.000000,,0,0.000000
38,514,willy boly|nottingham forest,Willy Boly,Nott'm Forest,DEF,0.000000,0.000000,0.000000,0.000000,0.000000,0,0.000000
38,513,zach abbott|nottingham forest,Zach Abbott,Nott'm Forest,DEF,0.333000,26.100000,0.333000,26.100000,3.000000,165,50.000000
38,696,arnaud kalimuendo|nottingham forest,Arnaud Kalimuendo,Nott'm Forest,FWD,0.000000,0.000000,0.000000,0.000000,9.000000,89,0.000000
38,525,chris wood|nottingham forest,Chris Wood,Nott'm Forest,FWD,0.900000,75.000000,0.692000,56.200000,13.000000,766,100.000000
38,526,igor jesus maciel da cruz|nottingham forest,Igor Jesus Maciel da Cruz,Nott'm Forest,FWD,0.800000,65.000000,0.743000,58.200000,35.000000,2120,100.000000
38,805,lorenzo lucca|nottingham forest,Lorenzo Lucca,Nott'm Forest,FWD,0.000000,15.000000,0.250000,28.000000,4.000000,126,30.000000
38,527,taiwo awoniyi|nottingham forest,Taiwo Awoniyi,Nott'm Forest,FWD,0.100000,15.000000,0.200000,25.300000,15.000000,432,75.000000
38,675,angus gunn|nottingham forest,Angus Gunn,Nott'm Forest,GK,0.000000,0.000000,0.000000,38.200000,1.000000,45,0.000000
38,503,carlos miguel dos santos pereira|nottingham forest,Carlos Miguel dos Santos Pereira,Nott'm Forest,GK,0.000000,0.000000,0.000000,0.000000,0.000000,0,0.000000
38,715,john victor maciel furtado|nottingham forest,John Victor Maciel Furtado,Nott'm Forest,GK,0.000000,0.000000,0.000000,0.000000,5.000000,437,0.000000
38,504,matt turner|nottingham forest,Matt Turner,Nott'm Forest,GK,0.000000,0.000000,0.000000,0.000000,0.000000,0,0.000000
38,502,matz sels|nottingham forest,Matz Sels,Nott'm Forest,GK,1.000000,90.000000,0.966000,85.300000,29.000000,2487,100.000000
38,400,stefan ortega moreno|nottingham forest,Stefan Ortega Moreno,Nott'm Forest,GK,0.000000,0.000000,1.000000,90.000000,3.000000,270,0.000000
38,835,archie whitehall|nottingham forest,Archie Whitehall,Nott'm Forest,MID,0.000000,0.000000,0.000000,0.000000,,0,
38,516,callum hudson odoi|nottingham forest,Callum Hudson-Odoi,Nott'm Forest,MID,0.000000,0.000000,0.000000,0.000000,30.000000,1838,0.000000
38,669,dan ndoye|nottingham forest,Dan Ndoye,Nott'm Forest,MID,0.000000,0.000000,0.292000,22.800000,24.000000,1167,0.000000
38,734,dilane bakwa|nottingham forest,Dilane Bakwa,Nott'm Forest,MID,0.462000,37.400000,0.462000,37.400000,13.000000,529,100.000000
38,517,elliot anderson|nottingham forest,Elliot Anderson,Nott'm Forest,MID,0.972000,87.900000,0.972000,87.900000,36.000000,3178,100.000000
38,523,eric da silva moreira|nottingham forest,Eric da Silva Moreira,Nott'm Forest,MID,0.000000,0.000000,0.000000,0.000000,0.000000,0,100.000000
38,521,ibrahim sangar|nottingham forest,Ibrahim Sangaré,Nott'm Forest,MID,0.000000,0.000000,0.462000,37.800000,26.000000,1989,0.000000
38,426,james mcatee|nottingham forest,James McAtee,Nott'm Forest,MID,0.167000,15.000000,0.167000,19.700000,12.000000,270,50.000000
38,836,jimmy sinclair|nottingham forest,Jimmy Sinclair,Nott'm Forest,MID,0.000000,0.000000,0.000000,0.000000,,0,
38,518,jo o pedro ferreira da silva|nottingham forest,João Pedro Ferreira da Silva,Nott'm Forest,MID,0.000000,0.000000,0.000000,0.000000,1.000000,11,0.000000
38,520,lewis o brien|nottingham forest,Lewis O'Brien,Nott'm Forest,MID,0.000000,0.000000,0.000000,0.000000,,0,0.000000
38,524,marko stameni|nottingham forest,Marko Stamenić,Nott'm Forest,MID,0.000000,0.000000,0.000000,0.000000,,0,0.000000
38,515,morgan gibbs white|nottingham forest,Morgan Gibbs-White,Nott'm Forest,MID,0.000000,0.000000,0.471000,41.400000,35.000000,2921,0.000000
38,519,nicol s dom nguez|nottingham forest,Nicolás Domínguez,Nott'm Forest,MID,0.800000,75.000000,0.640000,40.600000,25.000000,1074,100.000000
38,693,omari hutchinson|nottingham forest,Omari Hutchinson,Nott'm Forest,MID,0.517000,15.000000,0.517000,48.900000,29.000000,1530,75.000000
38,522,ryan yates|nottingham forest,Ryan Yates,Nott'm Forest,MID,0.095000,23.700000,0.095000,23.700000,21.000000,577,50.000000
38,576,ashley phillips|tottenham,Ashley Phillips,Spurs,DEF,0.000000,0.000000,0.000000,0.000000,,0,0.000000
38,571,ben davies|tottenham,Ben Davies,Spurs,DEF,0.000000,0.000000,0.000000,0.000000,3.000000,136,0.000000
38,569,cristian romero|tottenham,Cristian Romero,Spurs,DEF,0.000000,0.000000,0.000000,0.000000,23.000000,1869,0.000000
38,574,destiny udogie|tottenham,Destiny Udogie,Spurs,DEF,0.800000,75.000000,0.667000,62.200000,18.000000,1178,100.000000
38,573,djed spence|tottenham,Djed Spence,Spurs,DEF,0.200000,15.000000,0.786000,67.000000,28.000000,1938,100.000000
38,750,james rowswell|tottenham,James Rowswell,Spurs,DEF,0.000000,0.800000,0.000000,0.800000,1.000000,1,
38,804,jo o victor de souza menezes|tottenham,João Victor de Souza Menezes,Spurs,DEF,0.500000,32.800000,0.500000,32.800000,4.000000,142,
38,745,jun ai byfield|tottenham,Jun'ai Byfield,Spurs,DEF,0.000000,0.800000,0.000000,0.800000,1.000000,1,
38,570,kevin danso|tottenham,Kevin Danso,Spurs,DEF,0.900000,85.000000,0.682000,56.700000,22.000000,1309,100.000000
38,578,luka vu kovi|tottenham,Luka Vušković,Spurs,DEF,0.000000,0.000000,0.000000,0.000000,0.000000,0,0.000000
38,575,micky van de ven|tottenham,Micky van de Ven,Spurs,DEF,1.000000,86.700000,1.000000,86.700000,33.000000,2861,100.000000
38,568,pedro porro sauceda|tottenham,Pedro Porro Sauceda,Spurs,DEF,0.938000,80.900000,0.938000,80.900000,32.000000,2613,100.000000
38,572,radu dr gu in|tottenham,Radu Drăgușin,Spurs,DEF,0.000000,5.000000,0.556000,53.300000,9.000000,514,20.000000
38,577,takai k ta|tottenham,Takai Kōta,Spurs,DEF,0.000000,0.000000,0.000000,0.000000,,0,0.000000
38,599,dane scarlett|tottenham,Dane Scarlett,Spurs,FWD,0.000000,0.000000,0.000000,0.000000,2.000000,7,0.000000
38,596,dominic solanke mitchell|tottenham,Dominic Solanke-Mitchell,Spurs,FWD,0.000000,0.000000,0.183000,16.000000,15.000000,997,0.000000
38,818,james wilson|tottenham,James Wilson,Spurs,FWD,0.000000,0.000000,0.000000,0.000000,,0,
38,726,randal kolo muani|tottenham,Randal Kolo Muani,Spurs,FWD,0.714000,60.000000,0.714000,53.700000,28.000000,1570,100.000000
38,597,richarlison de andrade|tottenham,Richarlison de Andrade,Spurs,FWD,0.900000,80.000000,0.600000,56.100000,30.000000,1792,100.000000
38,598,will lankshear|tottenham,Will Lankshear,Spurs,FWD,0.000000,0.000000,0.000000,0.000000,,0,0.000000
38,567,anton n kinsk|tottenham,Antonín Kinský,Spurs,GK,1.000000,90.000000,1.000000,90.000000,5.000000,450,100.000000
38,566,brandon austin|tottenham,Brandon Austin,Spurs,GK,0.000000,0.000000,0.000000,0.000000,0.000000,0,0.000000
38,565,guglielmo vicario|tottenham,Guglielmo Vicario,Spurs,GK,0.000000,0.000000,0.000000,0.000000,31.000000,2790,0.000000
38,591,archie gray|tottenham,Archie Gray,Spurs,MID,0.500000,61.500000,0.783000,61.500000,23.000000,1463,75.000000
38,590,bryan gil salvatierra|tottenham,Bryan Gil Salvatierra,Spurs,MID,0.000000,0.000000,0.000000,0.000000,,0,0.000000
38,595,callum olusesi|tottenham,Callum Olusesi,Spurs,MID,0.000000,11.900000,0.000000,11.900000,1.000000,14,
38,796,conor gallagher|tottenham,Conor Gallagher,Spurs,MID,0.857000,70.700000,0.857000,70.700000,14.000000,1012,100.000000
38,583,dejan kulusevski|tottenham,Dejan Kulusevski,Spurs,MID,0.000000,0.000000,0.000000,0.000000,,0,0.000000
38,581,james maddison|tottenham,James Maddison,Spurs,MID,0.000000,5.000000,0.000000,4.200000,1.000000,5,100.000000
38,673,jo o maria lobo alves palhares costa palhinha gon alves|tottenham,João Maria Lobo Alves Palhares Costa Palhinha Gonçalves,Spurs,MID,0.677000,62.400000,0.677000,62.400000,31.000000,2034,100.000000
38,586,lucas bergvall|tottenham,Lucas Bergvall,Spurs,MID,0.478000,30.000000,0.478000,38.300000,23.000000,955,100.000000
38,790,luc williams barnett|tottenham,Lucá Williams-Barnett,Spurs,MID,0.000000,0.000000,0.000000,0.000000,,0,
38,589,manor solomon|tottenham,Manor Solomon,Spurs,MID,0.000000,0.000000,0.000000,0.000000,,0,0.000000
38,584,mathys tel|tottenham,Mathys Tel,Spurs,MID,0.750000,60.000000,0.379000,36.700000,29.000000,1172,100.000000
38,592,mikey moore|tottenham,Mikey Moore,Spurs,MID,0.000000,0.000000,0.000000,0.000000,,0,0.000000
38,582,mohammed kudus|tottenham,Mohammed Kudus,Spurs,MID,0.000000,0.000000,0.000000,0.000000,19.000000,1535,0.000000
38,593,pape matar sarr|tottenham,Pape Matar Sarr,Spurs,MID,0.000000,52.400000,0.542000,52.400000,24.000000,1350,100.000000
38,811,rio kyerematen|tottenham,Rio Kyerematen,Spurs,MID,0.000000,0.000000,0.000000,0.000000,,0,
38,585,rodrigo bentancur|tottenham,Rodrigo Bentancur,Spurs,MID,0.875000,75.000000,0.875000,69.900000,24.000000,1709,100.000000
38,579,son heung min|tottenham,Son Heung-min,Spurs,MID,0.000000,0.000000,0.000000,0.000000,0.000000,0,0.000000
38,588,wilson odobert|tottenham,Wilson Odobert,Spurs,MID,0.000000,0.000000,0.000000,0.000000,24.000000,972,0.000000
38,717,xavi simons|tottenham,Xavi Simons,Spurs,MID,0.000000,0.000000,0.000000,0.000000,28.000000,1747,0.000000
38,594,yang min hyeok|tottenham,Yang Min-hyeok,Spurs,MID,0.000000,0.000000,0.000000,0.000000,,0,0.000000
38,751,yusuf akhamrich|tottenham,Yusuf Akhamrich,Spurs,MID,0.000000,0.000000,0.000000,0.000000,,0,0.000000
38,587,yves bissouma|tottenham,Yves Bissouma,Spurs,MID,0.000000,5.000000,0.636000,51.600000,11.000000,600,20.000000
38,533,aji alese|sunderland,Aji Alese,Sunderland,DEF,0.000000,0.000000,0.000000,0.000000,,0,0.000000
38,678,arthur masuaku|sunderland,Arthur Masuaku,Sunderland,DEF,0.000000,0.000000,0.000000,0.000000,3.000000,125,0.000000
38,531,daniel ballard|sunderland,Daniel Ballard,Sunderland,DEF,0.000000,0.000000,0.000000,0.000000,29.000000,2144,0.000000
38,535,dennis cirkin|sunderland,Dennis Cirkin,Sunderland,DEF,0.375000,36.100000,0.375000,36.100000,8.000000,319,100.000000
38,774,jenson jones|sunderland,Jenson Jones,Sunderland,DEF,0.000000,0.000000,0.000000,0.000000,,0,
38,542,jenson seelt|sunderland,Jenson Seelt,Sunderland,DEF,0.000000,0.000000,0.000000,0.000000,2.000000,133,0.000000
38,534,joe anderson|sunderland,Joe Anderson,Sunderland,DEF,0.000000,0.000000,0.000000,0.000000,0.000000,0,0.000000
38,536,leo fuhr hjelde|sunderland,Leo Fuhr Hjelde,Sunderland,DEF,0.000000,0.000000,0.000000,0.000000,,0,0.000000
38,539,luke o nien|sunderland,Luke O'Nien,Sunderland,DEF,0.400000,37.100000,0.400000,37.100000,10.000000,408,100.000000
38,724,lutsharel geertruida|sunderland,Lutsharel Geertruida,Sunderland,DEF,0.577000,54.100000,0.577000,54.100000,26.000000,1501,
38,537,niall huggins|sunderland,Niall Huggins,Sunderland,DEF,0.000000,0.000000,0.000000,0.000000,0.000000,0,0.000000
38,694,nordi mukiele|sunderland,Nordi Mukiele,Sunderland,DEF,1.000000,86.800000,1.000000,86.800000,30.000000,2604,100.000000
38,683,omar alderete|sunderland,Omar Alderete,Sunderland,DEF,0.969000,86.300000,0.969000,86.300000,32.000000,2775,100.000000
38,541,reinildo mandava|sunderland,Reinildo Mandava,Sunderland,DEF,0.913000,76.600000,0.913000,76.600000,23.000000,1786,100.000000
38,540,timoth e pemb l|sunderland,Timothée Pembélé,Sunderland,DEF,0.000000,0.000000,0.000000,0.000000,0.000000,0,0.000000
38,532,trai hume|sunderland,Trai Hume,Sunderland,DEF,0.889000,78.700000,0.889000,78.700000,36.000000,2883,
38,538,zak johnson|sunderland,Zak Johnson,Sunderland,DEF,0.000000,0.000000,0.000000,0.000000,0.000000,0,0.000000
38,562,ahmed abdullahi|sunderland,Ahmed Abdullahi,Sunderland,FWD,0.000000,0.000000,0.000000,0.000000,0.000000,0,
38,730,brian brobbey|sunderland,Brian Brobbey,Sunderland,FWD,0.690000,58.700000,0.690000,58.700000,29.000000,1784,100.000000
38,561,eliezer mayenda dossou|sunderland,Eliezer Mayenda Dossou,Sunderland,FWD,0.400000,34.200000,0.400000,34.200000,20.000000,751,40.000000
38,563,lu s hemir silva semedo|sunderland,Luís Hemir Silva Semedo,Sunderland,FWD,0.000000,0.000000,0.000000,0.000000,0.000000,0,0.000000
38,564,nazarii rusyn|sunderland,Nazarii Rusyn,Sunderland,FWD,0.000000,0.000000,0.000000,0.000000,0.000000,0,0.000000
38,560,wilson isidor|sunderland,Wilson Isidor,Sunderland,FWD,0.367000,33.400000,0.367000,33.400000,30.000000,1106,100.000000
38,528,anthony patterson|sunderland,Anthony Patterson,Sunderland,GK,0.000000,0.000000,0.000000,0.000000,0.000000,0,0.000000
38,530,blondy nna noukeu|sunderland,Blondy Nna Noukeu,Sunderland,GK,0.000000,0.000000,0.000000,0.000000,0.000000,0,0.000000
38,812,melker ellborg|sunderland,Melker Ellborg,Sunderland,GK,0.000000,0.000000,1.000000,90.000000,3.000000,270,0.000000
38,670,robin roefs|sunderland,Robin Roefs,Sunderland,GK,1.000000,90.000000,1.000000,90.000000,33.000000,2970,100.000000
38,529,simon moore|sunderland,Simon Moore,Sunderland,GK,0.000000,0.000000,0.000000,0.000000,0.000000,0,0.000000
38,554,abdoullah ba|sunderland,Abdoullah Ba,Sunderland,MID,0.000000,0.000000,0.000000,0.000000,0.000000,0,
38,555,alan browne|sunderland,Alan Browne,Sunderland,MID,0.000000,0.000000,0.000000,0.000000,,0,0.000000
38,735,bertrand traor|sunderland,Bertrand Traoré,Sunderland,MID,0.750000,50.900000,0.750000,50.900000,12.000000,634,100.000000
38,553,chemsdine talbi|sunderland,Chemsdine Talbi,Sunderland,MID,0.593000,53.000000,0.593000,53.000000,27.000000,1523,100.000000
38,551,chris rigg|sunderland,Chris Rigg,Sunderland,MID,0.688000,44.300000,0.688000,44.300000,16.000000,744,
38,549,dan neil|sunderland,Dan Neil,Sunderland,MID,0.000000,0.000000,0.000000,0.000000,3.000000,13,0.000000
38,800,djiamgone jocelin ta bi|sunderland,Djiamgone Jocelin Ta Bi,Sunderland,MID,1.000000,38.000000,1.000000,38.000000,1.000000,38,100.000000
38,547,enzo le f e|sunderland,Enzo Le Fée,Sunderland,MID,0.912000,79.800000,0.912000,79.800000,34.000000,2750,100.000000
38,668,granit xhaka|sunderland,Granit Xhaka,Sunderland,MID,0.938000,84.200000,0.938000,84.200000,32.000000,2721,100.000000
38,544,habib diarra|sunderland,Habib Diarra,Sunderland,MID,0.833000,73.700000,0.833000,73.700000,18.000000,1361,100.000000
38,557,harrison jones|sunderland,Harrison Jones,Sunderland,MID,0.000000,0.000000,0.000000,0.000000,0.000000,0,
38,550,ian poveda ocampo|sunderland,Ian Poveda-Ocampo,Sunderland,MID,0.000000,0.000000,0.000000,0.000000,,0,
38,821,jack whittaker|sunderland,Jack Whittaker,Sunderland,MID,0.000000,0.000000,0.000000,0.000000,,0,
38,558,jay matete|sunderland,Jay Matete,Sunderland,MID,0.000000,0.000000,0.000000,0.000000,0.000000,0,0.000000
38,822,jaydon jones|sunderland,Jaydon Jones,Sunderland,MID,0.000000,0.000000,0.000000,0.000000,,0,
38,546,milan aleksi|sunderland,Milan Aleksić,Sunderland,MID,0.000000,0.000000,0.000000,0.000000,,0,100.000000
38,559,nectarios triantis|sunderland,Nectarios Triantis,Sunderland,MID,0.000000,0.000000,0.000000,0.000000,,0,0.000000
38,813,nilson angulo|sunderland,Nilson Angulo,Sunderland,MID,0.000000,0.000000,0.500000,40.900000,6.000000,265,0.000000
38,552,noah sadiki|sunderland,Noah Sadiki,Sunderland,MID,1.000000,87.900000,1.000000,87.900000,31.000000,2725,100.000000
38,545,patrick roberts|sunderland,Patrick Roberts,Sunderland,MID,0.000000,0.000000,0.000000,0.000000,1.000000,27,0.000000
38,556,pierre ekwah elimby|sunderland,Pierre Ekwah Elimby,Sunderland,MID,0.000000,0.000000,0.000000,0.000000,,0,0.000000
38,548,romaine mundle|sunderland,Romaine Mundle,Sunderland,MID,0.000000,0.000000,0.000000,0.000000,14.000000,399,0.000000
38,543,simon adingra|sunderland,Simon Adingra,Sunderland,MID,0.000000,0.000000,0.000000,0.000000,14.000000,649,0.000000
38,775,tymur tutierov|sunderland,Tymur Tutierov,Sunderland,MID,0.000000,0.000000,0.000000,0.000000,,0,0.000000
38,610,aaron wan bissaka|west ham,Aaron Wan-Bissaka,West Ham,DEF,0.917000,83.000000,0.917000,83.000000,24.000000,2018,100.000000
38,752,airidas golambeckis|west ham,Airidas Golambeckis,West Ham,DEF,0.000000,0.000000,0.000000,0.000000,,0,
38,815,axel disasi|west ham,Axel Disasi,West Ham,DEF,1.000000,89.500000,1.000000,89.500000,12.000000,1074,100.000000
38,603,el hadji malick diouf|west ham,El Hadji Malick Diouf,West Ham,DEF,0.933000,83.400000,0.933000,83.400000,30.000000,2526,100.000000
38,604,emerson palmieri dos santos|west ham,Emerson Palmieri dos Santos,West Ham,DEF,0.000000,0.000000,0.000000,0.000000,,0,0.000000
38,747,ezra mayers|west ham,Ezra Mayers,West Ham,DEF,0.000000,16.000000,0.000000,16.000000,6.000000,113,
38,609,jean clair todibo|west ham,Jean-Clair Todibo,West Ham,DEF,0.955000,80.900000,0.955000,80.900000,22.000000,1792,100.000000
38,611,kaelan casey|west ham,Kaelan Casey,West Ham,DEF,0.000000,0.000000,0.000000,0.000000,0.000000,0,0.000000
38,606,konstantinos mavropanos|west ham,Konstantinos Mavropanos,West Ham,DEF,0.862000,79.400000,0.862000,79.400000,29.000000,2352,100.000000
38,659,kyle walker peters|west ham,Kyle Walker-Peters,West Ham,DEF,0.100000,15.000000,0.636000,55.400000,22.000000,1288,50.000000
38,605,maximilian kilman|west ham,Maximilian Kilman,West Ham,DEF,0.810000,72.100000,0.810000,72.100000,21.000000,1559,100.000000
38,607,nayef aguerd|west ham,Nayef Aguerd,West Ham,DEF,0.000000,0.000000,0.000000,0.000000,2.000000,180,0.000000
38,608,ollie scarles|west ham,Ollie Scarles,West Ham,DEF,0.000000,0.000000,0.692000,48.100000,13.000000,656,0.000000
38,626,callum marshall|west ham,Callum Marshall,West Ham,FWD,0.000000,0.000000,0.000000,0.000000,2.000000,58,0.000000
38,671,callum wilson|west ham,Callum Wilson,West Ham,FWD,0.333000,33.000000,0.333000,33.000000,30.000000,1099,100.000000
38,624,jarrod bowen|west ham,Jarrod Bowen,West Ham,FWD,1.000000,89.600000,1.000000,89.600000,36.000000,3226,100.000000
38,625,niclas f llkrug|west ham,Niclas Füllkrug,West Ham,FWD,0.000000,0.000000,0.000000,0.000000,8.000000,407,0.000000
38,785,pablo felipe pereira de jesus|west ham,Pablo Felipe Pereira de Jesus,West Ham,FWD,0.750000,60.000000,0.750000,59.900000,12.000000,747,100.000000
38,791,valent n castellanos|west ham,Valentín Castellanos,West Ham,FWD,1.000000,77.100000,1.000000,77.100000,16.000000,1233,100.000000
38,600,alphonse areola|west ham,Alphonse Areola,West Ham,GK,0.000000,0.000000,1.000000,90.000000,20.000000,1800,0.000000
38,825,finlay herrick|west ham,Finlay Herrick,West Ham,GK,0.000000,0.000000,0.000000,0.000000,,0,0.000000
38,602,kriszti n hegyi|west ham,Krisztián Hegyi,West Ham,GK,0.000000,0.000000,0.000000,0.000000,0.000000,0,0.000000
38,738,lukasz fabianski|west ham,Lukasz Fabianski,West Ham,GK,0.000000,0.000000,0.000000,0.000000,,0,100.000000
38,679,mads hermansen|west ham,Mads Hermansen,West Ham,GK,1.000000,90.000000,1.000000,90.000000,16.000000,1440,100.000000
38,601,wes foderingham|west ham,Wes Foderingham,West Ham,GK,0.000000,0.000000,0.000000,0.000000,0.000000,0,0.000000
38,326,adama traor diarra|west ham,Adama Traoré Diarra,West Ham,MID,0.031000,10.100000,0.031000,10.100000,24.000000,376,75.000000
38,621,andy irving|west ham,Andy Irving,West Ham,MID,0.000000,0.000000,0.000000,0.000000,7.000000,156,0.000000
38,615,crysencio summerville|west ham,Crysencio Summerville,West Ham,MID,0.931000,78.100000,0.931000,78.100000,29.000000,2290,100.000000
38,616,edson lvarez vel zquez|west ham,Edson Álvarez Velázquez,West Ham,MID,0.000000,0.000000,0.000000,0.000000,,0,0.000000
38,623,freddie potts|west ham,Freddie Potts,West Ham,MID,0.000000,9.000000,0.545000,49.200000,22.000000,1162,50.000000
38,620,george earthy|west ham,George Earthy,West Ham,MID,0.000000,0.000000,0.000000,0.000000,1.000000,8,0.000000
38,618,guido rodr guez|west ham,Guido Rodríguez,West Ham,MID,0.000000,0.000000,0.000000,0.000000,6.000000,175,0.000000
38,802,keiber lamadrid|west ham,Keiber Lamadrid,West Ham,MID,0.000000,0.000000,0.000000,0.000000,,0,
38,622,lewis orford|west ham,Lewis Orford,West Ham,MID,0.000000,0.000000,0.000000,0.000000,0.000000,0,0.000000
38,612,lucas tolentino coelho de lima|west ham,Lucas Tolentino Coelho de Lima,West Ham,MID,0.000000,0.000000,0.000000,0.000000,18.000000,1513,0.000000
38,619,luis guilherme lira dos santos|west ham,Luis Guilherme Lira dos Santos,West Ham,MID,0.000000,0.000000,0.000000,0.000000,5.000000,121,0.000000
38,708,mateus gon alo espanha fernandes|west ham,Mateus Gonçalo Espanha Fernandes,West Ham,MID,0.971000,83.100000,0.971000,83.100000,34.000000,2837,100.000000
38,617,maxwel cornet|west ham,Maxwel Cornet,West Ham,MID,0.000000,0.000000,0.000000,0.000000,,0,0.000000
38,758,mohamadou kant|west ham,Mohamadou Kanté,West Ham,MID,0.000000,3.600000,0.000000,3.600000,9.000000,38,
38,718,soungoutou magassa|west ham,Soungoutou Magassa,West Ham,MID,0.500000,40.800000,0.500000,40.800000,22.000000,971,
38,613,tom sou ek|west ham,Tomáš Souček,West Ham,MID,0.667000,58.700000,0.667000,58.700000,33.000000,2038,100.000000
38,641,alfie pond|wolverhampton wanderers,Alfie Pond,Wolves,DEF,0.000000,0.000000,0.000000,0.000000,0.000000,0,0.000000
38,639,bastien meupiyou menadjou|wolverhampton wanderers,Bastien Meupiyou Menadjou,Wolves,DEF,0.000000,0.000000,0.000000,0.000000,,0,0.000000
38,682,david m ller wolfe|wolverhampton wanderers,David Møller Wolfe,Wolves,DEF,0.100000,15.000000,0.450000,40.600000,20.000000,885,100.000000
38,631,emmanuel agbadou|wolverhampton wanderers,Emmanuel Agbadou,Wolves,DEF,0.000000,0.000000,0.000000,0.000000,14.000000,1100,0.000000
38,633,hugo bueno l pez|wolverhampton wanderers,Hugo Bueno López,Wolves,DEF,0.788000,68.600000,0.788000,68.600000,33.000000,2338,100.000000
38,695,jackson tchatchoua|wolverhampton wanderers,Jackson Tchatchoua,Wolves,DEF,0.613000,55.700000,0.613000,55.700000,31.000000,1834,
38,638,ki jana hoever|wolverhampton wanderers,Ki-Jana Hoever,Wolves,DEF,0.000000,0.000000,0.000000,0.000000,8.000000,423,0.000000
38,709,ladislav krejc|wolverhampton wanderers,Ladislav Krejcí,Wolves,DEF,0.962000,84.200000,0.962000,84.200000,26.000000,2201,100.000000
38,632,matt doherty|wolverhampton wanderers,Matt Doherty,Wolves,DEF,1.000000,71.500000,1.000000,71.500000,11.000000,786,100.000000
38,640,pedro cardoso de lima|wolverhampton wanderers,Pedro Cardoso de Lima,Wolves,DEF,0.429000,31.900000,0.429000,31.900000,7.000000,244,100.000000
38,635,rodrigo martins gomes|wolverhampton wanderers,Rodrigo Martins Gomes,Wolves,DEF,0.350000,35.600000,0.350000,35.600000,20.000000,789,100.000000
38,766,saheed olagunju|wolverhampton wanderers,Saheed Olagunju,Wolves,DEF,0.000000,0.000000,0.000000,0.000000,,0,
38,636,santiago ignacio bueno|wolverhampton wanderers,Santiago Ignacio Bueno,Wolves,DEF,0.963000,87.400000,0.963000,87.400000,27.000000,2372,100.000000
38,637,toti gomes|wolverhampton wanderers,Toti Gomes,Wolves,DEF,0.944000,77.100000,0.944000,77.100000,18.000000,1399,100.000000
38,634,yerson mosquera valdelamar|wolverhampton wanderers,Yerson Mosquera Valdelamar,Wolves,DEF,0.880000,76.900000,0.880000,76.900000,25.000000,1957,100.000000
38,817,adam armstrong|wolverhampton wanderers,Adam Armstrong,Wolves,FWD,1.000000,83.100000,1.000000,83.100000,12.000000,997,
38,655,f bio soares silva|wolverhampton wanderers,Fábio Soares Silva,Wolves,FWD,0.000000,0.000000,0.000000,0.000000,0.000000,0,0.000000
38,657,leon chiwome|wolverhampton wanderers,Leon Chiwome,Wolves,FWD,0.000000,0.000000,0.000000,0.000000,,0,100.000000
38,749,mateus man|wolverhampton wanderers,Mateus Mané,Wolves,FWD,0.680000,61.200000,0.680000,61.200000,25.000000,1607,
38,658,nathan fraser|wolverhampton wanderers,Nathan Fraser,Wolves,FWD,0.000000,0.000000,0.000000,0.000000,0.000000,0,
38,656,sa a kalajd i|wolverhampton wanderers,Saša Kalajdžić,Wolves,FWD,0.000000,0.000000,0.000000,0.000000,1.000000,14,0.000000
38,720,tolu arokodare|wolverhampton wanderers,Tolu Arokodare,Wolves,FWD,0.419000,40.000000,0.419000,40.000000,31.000000,1360,
38,828,alfie brooks|wolverhampton wanderers,Alfie Brooks,Wolves,GK,0.000000,0.000000,0.000000,0.000000,,0,
38,629,daniel bentley|wolverhampton wanderers,Daniel Bentley,Wolves,GK,0.000000,0.000000,1.000000,90.000000,3.000000,270,0.000000
38,831,josh gracey|wolverhampton wanderers,Josh Gracey,Wolves,GK,0.000000,0.000000,0.000000,0.000000,,0,
38,628,jos malheiro de s|wolverhampton wanderers,José Malheiro de Sá,Wolves,GK,1.000000,90.000000,0.500000,45.000000,21.000000,1890,90.000000
38,627,sam johnstone|wolverhampton wanderers,Sam Johnstone,Wolves,GK,0.000000,0.000000,0.000000,0.000000,12.000000,1080,0.000000
38,643,andr trindade da costa neto|wolverhampton wanderers,André Trindade da Costa Neto,Wolves,MID,0.848000,76.400000,0.848000,76.400000,33.000000,2580,100.000000
38,816,angel gomes|wolverhampton wanderers,Angel Gomes,Wolves,MID,0.545000,33.200000,0.545000,33.200000,11.000000,392,100.000000
38,649,boubacar traor|wolverhampton wanderers,Boubacar Traoré,Wolves,MID,0.000000,0.000000,0.000000,0.000000,,0,0.000000
38,652,enso gonz lez medina|wolverhampton wanderers,Enso González Medina,Wolves,MID,0.000000,0.000000,0.000000,0.000000,0.000000,0,
38,778,ethan sutherland|wolverhampton wanderers,Ethan Sutherland,Wolves,MID,0.000000,0.000000,0.000000,0.000000,,0,
38,645,fer l pez gonz lez|wolverhampton wanderers,Fer López González,Wolves,MID,0.000000,0.000000,0.000000,0.000000,9.000000,228,0.000000
38,647,gon alo manuel ganchinho guedes|wolverhampton wanderers,Gonçalo Manuel Ganchinho Guedes,Wolves,MID,0.000000,0.000000,0.000000,0.000000,,0,0.000000
38,642,hwang hee chan|wolverhampton wanderers,Hwang Hee-chan,Wolves,MID,0.667000,50.300000,0.667000,50.300000,24.000000,1271,100.000000
38,644,jean ricner bellegarde|wolverhampton wanderers,Jean-Ricner Bellegarde,Wolves,MID,0.600000,46.200000,0.600000,46.200000,25.000000,1228,100.000000
38,809,jerome abbey|wolverhampton wanderers,Jerome Abbey,Wolves,MID,0.000000,0.000000,0.000000,0.000000,,0,
38,663,jhon arias|wolverhampton wanderers,Jhon Arias,Wolves,MID,0.000000,0.000000,0.000000,0.000000,23.000000,1117,0.000000
38,653,joe hodge|wolverhampton wanderers,Joe Hodge,Wolves,MID,0.000000,0.000000,0.000000,0.000000,,0,0.000000
38,646,jo o victor gomes da silva|wolverhampton wanderers,João Victor Gomes da Silva,Wolves,MID,0.912000,79.500000,0.912000,79.500000,34.000000,2739,100.000000
38,767,luke rawlings|wolverhampton wanderers,Luke Rawlings,Wolves,MID,0.000000,0.000000,0.000000,0.000000,,0,
38,648,marshall munetsi|wolverhampton wanderers,Marshall Munetsi,Wolves,MID,0.000000,0.000000,0.000000,0.000000,13.000000,872,0.000000
38,650,tawanda chirewa|wolverhampton wanderers,Tawanda Chirewa,Wolves,MID,0.000000,0.000000,0.000000,0.000000,2.000000,25,0.000000
38,777,temple ojinnaka|wolverhampton wanderers,Temple Ojinnaka,Wolves,MID,0.000000,0.000000,0.000000,0.000000,,0,0.000000
38,651,tom edozie|wolverhampton wanderers,Tom Edozie,Wolves,MID,0.000000,3.400000,0.000000,3.400000,3.000000,12,
