understat_player_id,player,understat_games,understat_minutes,understat_goals,xG,understat_assists,xA,understat_shots,understat_key_passes,yellow_cards,red_cards,position,team,npg,npxG,xGChain,xGBuildup,understat_league,understat_season,team_key,player_key,understat_xG90,understat_npxG90,understat_xA90,understat_shots90,understat_chances_created90,understat_key_passes90,understat_xG_per_shot,understat_npxG_per_shot,understat_xA_per_chance,understat_xA_per_key_pass,understat_xGChain90,understat_xGBuildup90
8260,Erling Haaland,33,2799,25,26.345500,7,4.856390,118,22,2,0,F S,Manchester City,22,23.300824,29.881682,5.163549,EPL,2025,manchester city,erling haaland|manchester city,0.847122,0.749223,0.156154,3.794212,0.707395,0.707395,0.223267,0.197465,0.220745,0.220745,0.960826,0.166031
13222,Thiago,35,3022,22,23.823847,1,3.395268,79,22,7,0,F S,Brentford,14,16.973328,21.628347,4.783232,EPL,2025,brentford,thiago|brentford,0.709512,0.505493,0.101117,2.352747,0.655195,0.655195,0.301568,0.214852,0.154330,0.154330,0.644127,0.142452
8272,João Pedro,33,2518,15,15.004754,5,3.983570,68,29,4,0,F M S,Chelsea,15,15.004754,18.591745,4.778921,EPL,2025,chelsea,joao pedro|chelsea,0.536310,0.536310,0.142383,2.430500,1.036537,1.036537,0.220658,0.220658,0.137364,0.137364,0.664518,0.170811
11363,Antoine Semenyo,33,2921,15,12.003271,4,3.664996,78,35,7,0,F M,"Bournemouth,Manchester City",14,10.480933,19.220359,7.121950,EPL,2025,bournemouth manchester city,antoine semenyo|bournemouth manchester city,0.369837,0.322932,0.112924,2.403287,1.078398,1.078398,0.153888,0.134371,0.104714,0.104714,0.592206,0.219437
7254,Viktor Gyokeres,33,2147,14,13.452341,1,2.287122,52,18,5,0,F S,Arsenal,11,11.168834,13.995712,3.197642,EPL,2025,arsenal,viktor gyokeres|arsenal,0.563908,0.468186,0.095874,2.179786,0.754541,0.754541,0.258699,0.214785,0.127062,0.127062,0.586686,0.134042
501,Danny Welbeck,34,2081,13,12.371073,1,2.262530,52,20,5,0,F S,Brighton,12,10.087567,13.640384,3.761846,EPL,2025,brighton,danny welbeck|brighton,0.535030,0.436272,0.097851,2.248919,0.864969,0.864969,0.237905,0.193992,0.113127,0.113127,0.589925,0.162694
6857,Morgan Gibbs-White,35,2962,13,9.894120,4,4.402889,75,45,1,0,F M S,Nottingham Forest,12,9.132951,15.326274,5.229967,EPL,2025,nottingham forest,morgan gibbs white|nottingham forest,0.300632,0.277504,0.133781,2.278866,1.367319,1.367319,0.131922,0.121773,0.097842,0.097842,0.465687,0.158912
5555,Dominic Calvert-Lewin,32,2481,12,16.582975,1,1.477412,68,17,2,0,F S,Leeds,9,13.538336,16.339212,2.475214,EPL,2025,leeds,dominic calvert lewin|leeds,0.601559,0.491113,0.053594,2.466747,0.616687,0.616687,0.243867,0.199093,0.086907,0.086907,0.592716,0.089790
11504,Eli Junior Kroupi,30,1467,12,8.438253,0,1.777412,43,21,5,0,F M S,Bournemouth,10,6.915915,10.168271,4.017285,EPL,2025,bournemouth,eli junior kroupi|bournemouth,0.517684,0.424289,0.109044,2.638037,1.288344,1.288344,0.196238,0.160835,0.084639,0.084639,0.623820,0.246459
8865,Ollie Watkins,34,2638,11,14.860475,2,2.778456,71,22,3,0,F S,Aston Villa,11,14.860475,19.185004,3.627887,EPL,2025,aston villa,ollie watkins|aston villa,0.506991,0.506991,0.094792,2.422290,0.750569,0.750569,0.209302,0.209302,0.126293,0.126293,0.654530,0.123772
8995,Hugo Ekitike,28,1835,11,11.932188,4,2.491306,65,21,0,0,F S,Liverpool,11,11.932188,16.322999,4.886437,EPL,2025,liverpool,hugo ekitike|liverpool,0.585230,0.585230,0.122189,3.188011,1.029973,1.029973,0.183572,0.183572,0.118634,0.118634,0.800583,0.239662
11974,Benjamin Sesko,30,1636,11,12.504128,1,0.597738,61,9,2,0,F S,Manchester United,11,12.504128,14.227154,1.629516,EPL,2025,manchester united,benjamin sesko|manchester united,0.687880,0.687880,0.032883,3.355746,0.495110,0.495110,0.204986,0.204986,0.066415,0.066415,0.782667,0.089643
5596,Harry Wilson,33,2662,10,5.613232,6,5.326889,73,34,7,0,M S,Fulham,10,5.613232,10.289306,3.511679,EPL,2025,fulham,harry wilson|fulham,0.189779,0.189779,0.180098,2.468069,1.149512,1.149512,0.076894,0.076894,0.156673,0.156673,0.347873,0.118727
5735,Jean-Philippe Mateta,28,2106,10,14.742169,0,1.193714,60,8,2,0,F S,Crystal Palace,6,11.697494,13.512130,2.026281,EPL,2025,crystal palace,jean philippe mateta|crystal palace,0.630007,0.499893,0.051013,2.564103,0.341880,0.341880,0.245703,0.194958,0.149214,0.149214,0.577441,0.086593
6026,Richarlison,29,1668,10,8.010482,4,2.864982,52,16,5,0,F M S,Tottenham,10,8.010482,9.109166,2.007898,EPL,2025,tottenham,richarlison|tottenham,0.432220,0.432220,0.154585,2.805755,0.863309,0.863309,0.154048,0.154048,0.179061,0.179061,0.491502,0.108340
2248,Casemiro,33,2567,9,6.368297,2,3.005024,49,34,8,1,M S,Manchester United,9,6.368297,14.675639,10.547921,EPL,2025,manchester united,casemiro|manchester united,0.223275,0.223275,0.105357,1.717959,1.192053,1.192053,0.129965,0.129965,0.088383,0.088383,0.514534,0.369814
4105,Raúl Jiménez,34,2183,9,11.883376,3,1.944131,70,25,5,0,F S,Fulham,5,8.838701,10.397177,1.457744,EPL,2025,fulham,raul jimenez|fulham,0.489924,0.364399,0.080152,2.885937,1.030692,1.030692,0.169763,0.126267,0.077765,0.077765,0.428651,0.060099
6552,Bryan Mbeumo,30,2504,9,10.053196,3,4.765220,65,44,4,0,F M S,Manchester United,9,10.053196,18.687376,6.000714,EPL,2025,manchester united,bryan mbeumo|manchester united,0.361337,0.361337,0.171274,2.336262,1.581470,1.581470,0.154665,0.154665,0.108300,0.108300,0.671671,0.215681
7080,Matheus Cunha,31,2335,9,6.052487,2,2.657673,81,28,3,0,F M S,Manchester United,9,6.052487,14.522355,8.106868,EPL,2025,manchester united,matheus cunha|manchester united,0.233286,0.233286,0.102437,3.122056,1.079229,1.079229,0.074722,0.074722,0.094917,0.094917,0.559748,0.312470
8327,Bruno Guimarães,26,2216,9,5.922834,5,3.841181,35,42,5,0,M S,Newcastle United,7,4.400497,12.582091,8.350474,EPL,2025,newcastle united,bruno guimaraes|newcastle united,0.240548,0.178721,0.156005,1.421480,1.705776,1.705776,0.169224,0.125728,0.091457,0.091457,0.511006,0.339144
8497,Cole Palmer,23,1737,9,9.762309,1,2.045577,58,23,4,0,F M S,Chelsea,4,5.195296,14.969635,9.087575,EPL,2025,chelsea,cole palmer|chelsea,0.505819,0.269186,0.105988,3.005181,1.191710,1.191710,0.168316,0.089574,0.088938,0.088938,0.775629,0.470859
12412,Morgan Rogers,35,3121,9,6.988692,5,6.546443,81,43,7,0,F M,Aston Villa,9,6.988692,16.079197,6.104742,EPL,2025,aston villa,morgan rogers|aston villa,0.201532,0.201532,0.188779,2.335790,1.239987,1.239987,0.086280,0.086280,0.152243,0.152243,0.463674,0.176042
13729,Zian Flemming,26,1533,9,8.447325,0,0.648264,45,9,3,0,F S,Burnley,7,6.924987,6.520412,1.398689,EPL,2025,burnley,zian flemming|burnley,0.495929,0.406555,0.038059,2.641879,0.528376,0.528376,0.187718,0.153889,0.072029,0.072029,0.382803,0.082115
1228,Bruno Fernandes,32,2812,8,11.389133,19,15.792690,77,121,5,0,M,Manchester United,4,6.822119,22.691520,10.151398,EPL,2025,manchester united,bruno fernandes|manchester united,0.364517,0.218347,0.505456,2.464438,3.872688,3.872688,0.147911,0.088599,0.130518,0.130518,0.726258,0.324902
1776,Jarrod Bowen,35,3146,8,7.944624,10,7.466969,74,41,4,0,F M,West Ham,7,7.183455,13.018944,3.284483,EPL,2025,west ham,jarrod bowen|west ham,0.227278,0.205503,0.213613,2.116974,1.172918,1.172918,0.107360,0.097074,0.182121,0.182121,0.372443,0.093962
9739,Kiernan Dewsbury-Hall,28,2380,8,3.860382,4,5.842250,36,32,6,0,M S,Everton,8,3.860382,12.358229,6.795769,EPL,2025,everton,kiernan dewsbury hall|everton,0.145981,0.145981,0.220925,1.361345,1.210084,1.210084,0.107233,0.107233,0.182570,0.182570,0.467328,0.256983
9983,Beto,34,1404,8,9.851595,1,1.004186,40,12,3,0,F S,Everton,8,9.851595,10.940335,0.870828,EPL,2025,everton,beto|everton,0.631513,0.631513,0.064371,2.564103,0.769231,0.769231,0.246290,0.246290,0.083682,0.083682,0.701304,0.055822
11356,Enzo Fernández,33,2879,8,11.523516,3,8.159640,68,64,8,0,M S,Chelsea,6,10.001178,26.279563,15.555267,EPL,2025,chelsea,enzo fernandez|chelsea,0.360235,0.312645,0.255077,2.125738,2.000695,2.000695,0.169463,0.147076,0.127494,0.127494,0.821522,0.486271
11966,Noah Okafor,28,1592,8,6.296697,1,2.259315,35,19,3,0,F M S,Leeds,8,6.296697,10.915966,3.821857,EPL,2025,leeds,noah okafor|leeds,0.355969,0.355969,0.127725,1.978643,1.074121,1.074121,0.179906,0.179906,0.118911,0.118911,0.617109,0.216060
12916,Thierno Barry,35,1799,8,9.130182,0,0.941283,37,10,3,0,F S,Everton,8,9.130182,10.159723,2.125545,EPL,2025,everton,thierno barry|everton,0.456763,0.456763,0.047090,1.851028,0.500278,0.500278,0.246762,0.246762,0.094128,0.094128,0.508269,0.106336
1250,Mohamed Salah,25,2073,7,8.550152,6,5.804408,63,48,1,0,F M S,Liverpool,6,7.788983,15.912465,5.676424,EPL,2025,liverpool,mohamed salah|liverpool,0.371208,0.338161,0.252000,2.735166,2.083936,2.083936,0.135717,0.123635,0.120925,0.120925,0.690845,0.246444
5675,Ismaila Sarr,24,1922,7,9.164095,1,2.067878,39,17,2,0,F M S,Crystal Palace,5,7.641757,10.405141,2.527164,EPL,2025,crystal palace,ismaila sarr|crystal palace,0.429120,0.357835,0.096831,1.826223,0.796046,0.796046,0.234977,0.195942,0.121640,0.121640,0.487233,0.118338
6055,Phil Foden,29,1851,7,6.099662,3,4.843069,52,45,4,0,F M S,Manchester City,7,6.099662,18.326010,10.668530,EPL,2025,manchester city,phil foden|manchester city,0.296580,0.296580,0.235481,2.528363,2.188006,2.188006,0.117301,0.117301,0.107624,0.107624,0.891054,0.518729
7322,Bukayo Saka,29,2066,7,8.496265,4,7.850638,66,58,1,0,F M S,Arsenal,6,7.735096,18.813225,7.911285,EPL,2025,arsenal,bukayo saka|arsenal,0.370118,0.336960,0.341993,2.875121,2.526621,2.526621,0.128731,0.117198,0.135356,0.135356,0.819550,0.344635
8117,Nick Woltemade,30,1729,7,7.789635,3,2.149509,31,15,0,0,F M S,Newcastle United,6,7.028466,7.568099,2.063639,EPL,2025,newcastle united,nick woltemade|newcastle united,0.405476,0.365854,0.111889,1.613650,0.780798,0.780798,0.251279,0.226725,0.143301,0.143301,0.393944,0.107419
8706,Eberechi Eze,30,1771,7,4.147191,2,2.570621,56,15,1,0,F M S,"Arsenal,Crystal Palace",7,4.147191,9.531455,3.858038,EPL,2025,arsenal crystal palace,eberechi eze|arsenal crystal palace,0.210755,0.210755,0.130636,2.845850,0.762281,0.762281,0.074057,0.074057,0.171375,0.171375,0.484377,0.196061
9156,Kevin Schade,32,2578,7,10.608132,3,4.565257,51,29,6,1,F M S,Brentford,7,9.846964,16.150639,3.947028,EPL,2025,brentford,kevin schade|brentford,0.370338,0.343765,0.159377,1.780450,1.012413,1.012413,0.208003,0.193078,0.157423,0.157423,0.563831,0.137794
10746,Jaidon Anthony,34,2507,7,4.963413,2,4.263075,50,35,4,0,F M S,Burnley,7,4.963413,10.960038,5.048046,EPL,2025,burnley,jaidon anthony|burnley,0.178184,0.178184,0.153042,1.794974,1.256482,1.256482,0.099268,0.099268,0.121802,0.121802,0.393460,0.181222
11296,Cody Gakpo,33,2513,7,8.941126,5,6.346131,83,49,3,0,F M S,Liverpool,7,8.941126,16.994698,5.074873,EPL,2025,liverpool,cody gakpo|liverpool,0.320215,0.320215,0.227279,2.972543,1.754875,1.754875,0.107724,0.107724,0.129513,0.129513,0.608644,0.181750
468,Callum Wilson,29,1095,6,6.855249,1,0.517014,33,7,1,0,F M S,West Ham,6,6.855249,5.511049,0.479218,EPL,2025,west ham,callum wilson|west ham,0.563445,0.563445,0.042494,2.712329,0.575342,0.575342,0.207735,0.207735,0.073859,0.073859,0.452963,0.039388
2203,Emiliano Buendía,33,1587,6,3.578765,2,2.700331,45,25,6,0,M S,Aston Villa,6,3.578765,7.733982,3.280589,EPL,2025,aston villa,emiliano buendia|aston villa,0.202955,0.202955,0.153138,2.551985,1.417769,1.417769,0.079528,0.079528,0.108013,0.108013,0.438600,0.186045
6544,Lukas Nmecha,28,933,6,7.401368,1,0.911572,28,7,0,0,F S,Leeds,4,5.117861,5.136210,1.097790,EPL,2025,leeds,lukas nmecha|leeds,0.713958,0.493684,0.087933,2.700965,0.675241,0.675241,0.264335,0.182781,0.130225,0.130225,0.495454,0.105896
6681,Harvey Barnes,34,1803,6,7.465073,0,2.474042,53,19,1,0,F M S,Newcastle United,6,7.465073,11.137777,3.647134,EPL,2025,newcastle united,harvey barnes|newcastle united,0.372633,0.372633,0.123496,2.645591,0.948419,0.948419,0.140850,0.140850,0.130213,0.130213,0.555962,0.182053
8150,Anthony Gordon,26,1888,6,8.756198,2,3.714878,48,26,3,1,F M S,Newcastle United,3,6.472691,10.976929,4.042659,EPL,2025,newcastle united,anthony gordon|newcastle united,0.417403,0.308550,0.177086,2.288136,1.239407,1.239407,0.182421,0.134848,0.142880,0.142880,0.523265,0.192711
9307,Iliman Ndiaye,29,2535,6,5.540578,3,4.008607,38,28,2,0,M,Everton,4,4.018241,13.152770,5.571345,EPL,2025,everton,iliman ndiaye|everton,0.196707,0.142659,0.142317,1.349112,0.994083,0.994083,0.145805,0.105743,0.143165,0.143165,0.466962,0.197799
9788,Dominik Szoboszlai,33,2966,6,4.198988,5,6.700394,64,65,8,1,D F M,Liverpool,6,3.437820,19.094379,13.961776,EPL,2025,liverpool,dominik szoboszlai|liverpool,0.127414,0.104317,0.203316,1.942009,1.972353,1.972353,0.065609,0.053716,0.103083,0.103083,0.579398,0.423655
9789,Brian Brobbey,28,1709,6,5.209387,1,1.281063,28,12,6,0,F S,Sunderland,6,5.209387,6.783354,0.962229,EPL,2025,sunderland,brian brobbey|sunderland,0.274339,0.274339,0.067464,1.474547,0.631949,0.631949,0.186050,0.186050,0.106755,0.106755,0.357228,0.050673
10741,Marcus Tavernier,31,2514,6,8.827485,4,4.574723,64,41,5,0,M S,Bournemouth,4,7.305147,15.402457,7.122165,EPL,2025,bournemouth,marcus tavernier|bournemouth,0.316020,0.261521,0.163773,2.291169,1.467780,1.467780,0.137929,0.114143,0.111579,0.111579,0.551401,0.254970
12963,Evanilson,33,2601,6,11.042036,1,2.965213,67,29,2,0,F S,Bournemouth,6,11.042036,14.994517,3.422037,EPL,2025,bournemouth,evanilson|bournemouth,0.382077,0.382077,0.102603,2.318339,1.003460,1.003460,0.164807,0.164807,0.102249,0.102249,0.518841,0.118410
13778,Igor Jesus,34,2119,6,6.777499,4,2.164148,62,13,1,0,F S,Nottingham Forest,5,6.016330,7.784796,1.554784,EPL,2025,nottingham forest,igor jesus|nottingham forest,0.287860,0.255531,0.091918,2.633318,0.552147,0.552147,0.109314,0.097038,0.166473,0.166473,0.330643,0.066036
6382,Pedro Neto,32,2509,5,4.987000,4,7.599482,44,49,2,1,F M S,Chelsea,5,4.987000,17.721467,8.471150,EPL,2025,chelsea,pedro neto|chelsea,0.178888,0.178888,0.272600,1.578318,1.757672,1.757672,0.113341,0.113341,0.155091,0.155091,0.635684,0.303867
7148,Wilson Isidor,30,1106,5,5.168097,0,0.000000,40,0,2,0,F S,Sunderland,5,5.168097,5.580873,0.674849,EPL,2025,sunderland,wilson isidor|sunderland,0.420550,0.420550,0.000000,3.254973,0.000000,0.000000,0.129202,0.129202,0.000000,0.000000,0.454140,0.054915
7526,Martín Zubimendi,35,2906,5,2.944297,1,1.012182,27,18,4,0,M S,Arsenal,5,2.944297,12.923082,10.697733,EPL,2025,arsenal,martin zubimendi|arsenal,0.091186,0.091186,0.031348,0.836201,0.557467,0.557467,0.109048,0.109048,0.056232,0.056232,0.400233,0.331313
7698,Leandro Trossard,29,1846,5,5.995191,6,4.681731,48,34,1,0,F M S,Arsenal,5,5.995191,12.895609,4.639970,EPL,2025,arsenal,leandro trossard|arsenal,0.292290,0.292290,0.228253,2.340195,1.657638,1.657638,0.124900,0.124900,0.137698,0.137698,0.628713,0.226217
8288,Tomas Soucek,32,1960,5,4.906358,0,0.762852,22,10,2,1,M S,West Ham,5,4.906358,6.440304,4.027027,EPL,2025,west ham,tomas soucek|west ham,0.225292,0.225292,0.035029,1.010204,0.459184,0.459184,0.223016,0.223016,0.076285,0.076285,0.295728,0.184915
8397,Florian Wirtz,31,2391,5,6.957760,3,5.384265,48,60,1,0,F M S,Liverpool,5,6.957760,19.934254,10.631832,EPL,2025,liverpool,florian wirtz|liverpool,0.261898,0.261898,0.202670,1.806775,2.258469,2.258469,0.144953,0.144953,0.089738,0.089738,0.750348,0.400194
9492,Crysencio Summerville,28,2239,5,5.458573,1,2.822388,51,25,5,0,F M S,West Ham,5,5.458573,9.786035,3.137956,EPL,2025,west ham,crysencio summerville|west ham,0.219416,0.219416,0.113450,2.050022,1.004913,1.004913,0.107031,0.107031,0.112896,0.112896,0.393364,0.126135
9556,William Osula,21,545,5,3.325809,0,0.386994,16,5,0,0,F S,Newcastle United,5,3.325809,3.507603,0.314830,EPL,2025,newcastle united,william osula|newcastle united,0.549216,0.549216,0.063907,2.642202,0.825688,0.825688,0.207863,0.207863,0.077399,0.077399,0.579237,0.051990
9662,Dango Ouattara,29,2104,5,7.523568,3,5.272317,48,25,5,0,F M S,Brentford,5,7.523568,11.555178,2.398934,EPL,2025,brentford,dango ouattara|brentford,0.321826,0.321826,0.225527,2.053232,1.069392,1.069392,0.156741,0.156741,0.210893,0.210893,0.494280,0.102616
9910,Anton Stach,27,2229,5,2.871057,3,5.901143,53,59,3,0,M S,Leeds,5,2.871057,10.019271,6.145540,EPL,2025,leeds,anton stach|leeds,0.115924,0.115924,0.238270,2.139973,2.382234,2.382234,0.054171,0.054171,0.100019,0.100019,0.404547,0.248138
11592,Nico O&#039;Reilly,32,2466,5,6.218861,3,3.799533,39,22,4,0,D M S,Manchester City,5,6.218861,20.101982,14.214650,EPL,2025,manchester city,nico o 039 reilly|manchester city,0.226966,0.226966,0.138669,1.423358,0.802920,0.802920,0.159458,0.159458,0.172706,0.172706,0.733649,0.518783
11965,Tijjani Reijnders,26,1500,5,4.472427,2,3.073294,41,18,2,0,M S,Manchester City,5,4.472427,12.348646,6.628960,EPL,2025,manchester city,tijjani reijnders|manchester city,0.268346,0.268346,0.184398,2.460000,1.080000,1.080000,0.109084,0.109084,0.170739,0.170739,0.740919,0.397738
13364,Diego Gómez,30,2100,5,5.593416,1,2.092446,36,20,9,0,F M S,Brighton,5,5.593416,13.458114,6.886253,EPL,2025,brighton,diego gomez|brighton,0.239718,0.239718,0.089676,1.542857,0.857143,0.857143,0.155373,0.155373,0.104622,0.104622,0.576776,0.295125
500,Alex Iwobi,27,2312,4,1.895935,3,3.442239,31,39,3,0,M,Fulham,4,1.895935,9.326261,5.978313,EPL,2025,fulham,alex iwobi|fulham,0.073804,0.073804,0.133997,1.206747,1.518166,1.518166,0.061159,0.061159,0.088263,0.088263,0.363046,0.232720
833,Virgil van Dijk,35,3150,4,3.995348,0,0.278767,25,10,4,0,D,Liverpool,4,3.995348,11.120712,10.129550,EPL,2025,liverpool,virgil van dijk|liverpool,0.114153,0.114153,0.007965,0.714286,0.285714,0.285714,0.159814,0.159814,0.027877,0.027877,0.317735,0.289416
5304,Mikel Merino,21,977,4,4.551519,3,2.290140,21,12,1,0,F M S,Arsenal,4,4.551519,7.044047,3.153644,EPL,2025,arsenal,mikel merino|arsenal,0.419280,0.419280,0.210965,1.934493,1.105425,1.105425,0.216739,0.216739,0.190845,0.190845,0.648889,0.290510
5553,Declan Rice,34,2931,4,3.720961,5,7.835066,40,61,3,0,D M S,Arsenal,4,3.720961,17.545888,12.011849,EPL,2025,arsenal,declan rice|arsenal,0.114257,0.114257,0.240585,1.228250,1.873081,1.873081,0.093024,0.093024,0.128444,0.128444,0.538768,0.368839
7218,Cristian Romero,23,1878,4,1.838163,1,1.816947,17,12,9,2,D S,Tottenham,4,1.838163,6.113503,4.283095,EPL,2025,tottenham,cristian romero|tottenham,0.088091,0.088091,0.087074,0.814696,0.575080,0.575080,0.108127,0.108127,0.151412,0.151412,0.292979,0.205260
7365,Lucas Paquetá,18,1544,4,2.440835,1,3.011969,23,23,5,1,F M,West Ham,2,0.918498,4.265646,1.528657,EPL,2025,west ham,lucas paqueta|west ham,0.142277,0.053539,0.175568,1.340674,1.340674,1.340674,0.106123,0.039935,0.130955,0.130955,0.248645,0.089106
7723,John McGinn,27,2042,4,2.537251,3,4.118720,22,35,4,0,M S,Aston Villa,4,2.537251,9.599429,5.726876,EPL,2025,aston villa,john mcginn|aston villa,0.111828,0.111828,0.181530,0.969638,1.542605,1.542605,0.115330,0.115330,0.117678,0.117678,0.423089,0.252409
7814,Taiwo Awoniyi,14,323,4,3.975382,1,1.179077,12,4,1,0,F S,Nottingham Forest,4,3.975382,4.305035,0.603038,EPL,2025,nottingham forest,taiwo awoniyi|nottingham forest,1.107691,1.107691,0.328535,3.343653,1.114551,1.114551,0.331282,0.331282,0.294769,0.294769,1.199545,0.168029
8094,Mathis Cherki,29,1658,4,4.368279,11,10.157638,50,56,1,0,F M S,Manchester City,4,4.368279,19.563340,10.683062,EPL,2025,manchester city,mathis cherki|manchester city,0.237120,0.237120,0.551380,2.714113,3.039807,3.039807,0.087366,0.087366,0.181386,0.181386,1.061942,0.579901
8378,Malick Thiaw,32,2698,4,5.898031,0,0.826871,28,6,4,0,D S,Newcastle United,4,5.898031,7.906775,7.403309,EPL,2025,newcastle united,malick thiaw|newcastle united,0.196747,0.196747,0.027583,0.934025,0.200148,0.200148,0.210644,0.210644,0.137812,0.137812,0.263755,0.246960
8651,Enzo Le Fée,33,2683,4,4.522547,5,5.103647,29,44,5,0,F M S,Sunderland,1,1.477909,9.368420,6.453289,EPL,2025,sunderland,enzo le fee|sunderland,0.151707,0.049576,0.171199,0.972792,1.475960,1.475960,0.155950,0.050962,0.115992,0.115992,0.314259,0.216473
8859,Mikkel Damsgaard,30,1920,4,2.927513,4,6.193975,29,38,0,0,M S,Brentford,4,2.927513,11.820186,6.107028,EPL,2025,brentford,mikkel damsgaard|brentford,0.137227,0.137227,0.290343,1.359375,1.781250,1.781250,0.100949,0.100949,0.162999,0.162999,0.554071,0.286267
8981,Jéremy Doku,26,1573,4,3.535430,5,6.431452,31,50,0,0,F M S,Manchester City,4,3.535430,16.360735,8.455873,EPL,2025,manchester city,jeremy doku|manchester city,0.202281,0.202281,0.367979,1.773681,2.860776,2.860776,0.114046,0.114046,0.128629,0.128629,0.936088,0.483807
9749,Donyell Malen,21,600,4,4.738937,1,0.369382,26,7,0,0,F M S,Aston Villa,4,4.738937,6.387580,1.917096,EPL,2025,aston villa,donyell malen|aston villa,0.710840,0.710840,0.055407,3.900000,1.050000,1.050000,0.182267,0.182267,0.052769,0.052769,0.958137,0.287564
10050,Micky van de Ven,32,2779,4,2.423758,1,1.014290,15,5,8,1,D,Tottenham,4,2.423758,5.367988,5.059051,EPL,2025,tottenham,micky van de ven|tottenham,0.078495,0.078495,0.032849,0.485786,0.161929,0.161929,0.161584,0.161584,0.202858,0.202858,0.173846,0.163841
10697,Ryan Gravenberch,33,2763,4,1.385039,3,2.150969,34,25,5,0,M S,Liverpool,4,1.385039,12.681176,10.556968,EPL,2025,liverpool,ryan gravenberch|liverpool,0.045115,0.045115,0.070064,1.107492,0.814332,0.814332,0.040736,0.040736,0.086039,0.086039,0.413068,0.343875
10715,João Palhinha,30,1930,4,2.162019,2,0.640561,26,6,6,0,D M S,Tottenham,4,2.162019,4.156338,2.864032,EPL,2025,tottenham,joao palhinha|tottenham,0.100820,0.100820,0.029871,1.212435,0.279793,0.279793,0.083155,0.083155,0.106760,0.106760,0.193819,0.133556
10751,Brenden Aaronson,34,2300,4,5.612445,5,5.275733,42,31,2,0,F M S,Leeds,4,5.612445,12.924558,3.426864,EPL,2025,leeds,brenden aaronson|leeds,0.219617,0.219617,0.206442,1.643478,1.213043,1.213043,0.133630,0.133630,0.170185,0.170185,0.505744,0.134095
10948,Valentín Castellanos,15,1205,4,4.958443,0,0.747509,36,12,5,0,F,West Ham,4,4.958443,5.154150,1.129978,EPL,2025,west ham,valentin castellanos|west ham,0.370340,0.370340,0.055831,2.688797,0.896266,0.896266,0.137735,0.137735,0.062292,0.062292,0.384957,0.084397
11070,Jørgen Strand Larsen,32,2112,4,6.010421,1,0.686562,38,10,4,0,F S,"Crystal Palace,Wolverhampton Wanderers",3,4.488083,6.247256,2.154543,EPL,2025,crystal palace wolverhampton wanderers,jrgen strand larsen|crystal palace wolverhampton wanderers,0.256126,0.191254,0.029257,1.619318,0.426136,0.426136,0.158169,0.118107,0.068656,0.068656,0.266218,0.091813
12408,Daniel Muñoz,25,2106,4,2.840193,2,3.841661,23,20,7,0,D,Crystal Palace,4,2.840193,8.932058,3.458979,EPL,2025,crystal palace,daniel munoz|crystal palace,0.121376,0.121376,0.164174,0.982906,0.854701,0.854701,0.123487,0.123487,0.192083,0.192083,0.381712,0.147820
13717,Chemsdine Talbi,26,1449,4,2.279897,1,0.600380,24,12,0,0,F M S,Sunderland,4,2.279897,2.817700,0.822733,EPL,2025,sunderland,chemsdine talbi|sunderland,0.141609,0.141609,0.037291,1.490683,0.745342,0.745342,0.094996,0.094996,0.050032,0.050032,0.175012,0.051101
14395,Rayan,12,897,4,2.396971,2,2.678764,23,12,1,0,M S,Bournemouth,4,2.396971,5.508813,2.179952,EPL,2025,bournemouth,rayan|bournemouth,0.240499,0.240499,0.268772,2.307692,1.204013,1.204013,0.104216,0.104216,0.223230,0.223230,0.552724,0.218724
1653,Michael Keane,30,2316,3,3.373893,0,0.097674,22,1,1,1,D S,Everton,3,3.373893,4.471713,3.473318,EPL,2025,everton,michael keane|everton,0.131110,0.131110,0.003796,0.854922,0.038860,0.038860,0.153359,0.153359,0.097674,0.097674,0.173771,0.134973
1679,Dominic Solanke,15,989,3,3.586364,0,0.597649,20,6,1,0,F S,Tottenham,3,3.586364,4.704603,1.690896,EPL,2025,tottenham,dominic solanke|tottenham,0.326363,0.326363,0.054387,1.820020,0.546006,0.546006,0.179318,0.179318,0.099608,0.099608,0.428124,0.153873
4456,Chris Wood,12,761,3,2.747793,0,0.226254,20,4,0,0,F S,Nottingham Forest,3,2.747793,2.964317,0.372960,EPL,2025,nottingham forest,chris wood|nottingham forest,0.324969,0.324969,0.026758,2.365309,0.473062,0.473062,0.137390,0.137390,0.056564,0.056564,0.350576,0.044108
5232,Alexander Isak,13,695,3,3.245308,1,0.846110,17,2,0,0,F S,Liverpool,3,3.245308,4.252965,0.980131,EPL,2025,liverpool,alexander isak|liverpool,0.420256,0.420256,0.109568,2.201439,0.258993,0.258993,0.190900,0.190900,0.423055,0.423055,0.550744,0.126923
5613,Gabriel,29,2527,3,4.405178,4,2.725030,24,7,4,0,D S,Arsenal,3,4.405178,7.979388,7.395266,EPL,2025,arsenal,gabriel|arsenal,0.156892,0.156892,0.097053,0.854769,0.249307,0.249307,0.183549,0.183549,0.389290,0.389290,0.284189,0.263385
5659,Nordi Mukiele,29,2523,3,2.626852,3,2.607155,21,21,5,0,D,Sunderland,3,2.626852,7.723082,5.746865,EPL,2025,sunderland,nordi mukiele|sunderland,0.093705,0.093705,0.093002,0.749108,0.749108,0.749108,0.125088,0.125088,0.124150,0.124150,0.275496,0.205001
6063,Jacob Murphy,30,1504,3,3.087759,2,4.662523,40,22,2,0,F M S,Newcastle United,3,3.087759,7.999343,2.457824,EPL,2025,newcastle united,jacob murphy|newcastle united,0.184773,0.184773,0.279007,2.393617,1.316489,1.316489,0.077194,0.077194,0.211933,0.211933,0.478684,0.147077
6456,Callum Hudson-Odoi,30,1857,3,2.951688,4,3.933809,30,44,0,0,M S,Nottingham Forest,3,2.951688,11.127740,5.728920,EPL,2025,nottingham forest,callum hudson odoi|nottingham forest,0.143054,0.143054,0.190653,1.453958,2.132472,2.132472,0.098390,0.098390,0.089405,0.089405,0.539309,0.277654
6615,Trevoh Chalobah,32,2744,3,1.841483,0,0.630576,16,5,3,1,D S,Chelsea,3,1.841483,14.679485,14.547812,EPL,2025,chelsea,trevoh chalobah|chelsea,0.060399,0.060399,0.020682,0.524781,0.163994,0.163994,0.115093,0.115093,0.126115,0.126115,0.481470,0.477151
6722,Konstantinos Mavropanos,28,2248,3,2.747845,0,0.410381,21,3,2,0,D S,West Ham,3,2.747845,3.519017,3.198014,EPL,2025,west ham,konstantinos mavropanos|west ham,0.110012,0.110012,0.016430,0.840747,0.120107,0.120107,0.130850,0.130850,0.136794,0.136794,0.140886,0.128034
6837,Ryan Sessegnon,27,1830,3,2.048294,1,2.228433,16,14,0,0,D M S,Fulham,3,2.048294,8.259380,5.088317,EPL,2025,fulham,ryan sessegnon|fulham,0.100736,0.100736,0.109595,0.786885,0.688525,0.688525,0.128018,0.128018,0.159174,0.159174,0.406199,0.250245
6937,Georginio Rutter,29,1734,3,2.692471,3,4.473128,39,24,2,0,F M S,Brighton,3,2.692471,10.491896,4.214053,EPL,2025,brighton,georginio rutter|brighton,0.139748,0.139748,0.232169,2.024221,1.245675,1.245675,0.069038,0.069038,0.186380,0.186380,0.544562,0.218722
7166,Mathias Jensen,33,2015,3,1.531498,1,5.043432,27,29,3,0,M S,Brentford,3,1.531498,9.500531,6.370136,EPL,2025,brentford,mathias jensen|brentford,0.068404,0.068404,0.225265,1.205955,1.295285,1.295285,0.056722,0.056722,0.173911,0.173911,0.424341,0.284522
7208,Samuel Chukwueze,21,976,3,2.333334,4,2.817156,25,23,0,0,M S,Fulham,3,2.333334,6.530023,2.296266,EPL,2025,fulham,samuel chukwueze|fulham,0.215164,0.215164,0.259779,2.305328,2.120902,2.120902,0.093333,0.093333,0.122485,0.122485,0.602154,0.211746
7230,Emile Smith-Rowe,34,1720,3,4.087407,0,1.417598,33,18,1,0,M S,Fulham,3,4.087407,8.020228,3.749872,EPL,2025,fulham,emile smith rowe|fulham,0.213876,0.213876,0.074177,1.726744,0.941860,0.941860,0.123861,0.123861,0.078755,0.078755,0.419663,0.196214
7498,Lyle Foster,25,1357,3,3.592185,2,1.145956,20,10,4,0,F M S,Burnley,3,3.592185,5.975080,2.130239,EPL,2025,burnley,lyle foster|burnley,0.238244,0.238244,0.076003,1.326455,0.663228,0.663228,0.179609,0.179609,0.114596,0.114596,0.396284,0.141283
7603,Marc Guehi,32,2880,3,4.552870,3,2.726592,30,18,6,0,D,"Crystal Palace,Manchester City",3,4.552870,15.654751,13.486805,EPL,2025,crystal palace manchester city,marc guehi|crystal palace manchester city,0.142277,0.142277,0.085206,0.937500,0.562500,0.562500,0.151762,0.151762,0.151477,0.151477,0.489211,0.421463
7768,Mason Mount,20,846,3,1.713440,0,1.376462,18,14,1,0,M S,Manchester United,3,1.713440,4.904605,2.931130,EPL,2025,manchester united,mason mount|manchester united,0.182281,0.182281,0.146432,1.914894,1.489362,1.489362,0.095191,0.095191,0.098319,0.098319,0.521767,0.311822
8211,Amine Adli,29,1018,3,3.574474,1,1.277920,20,17,2,0,M S,Bournemouth,3,3.574474,6.135133,2.169084,EPL,2025,bournemouth,amine adli|bournemouth,0.316014,0.316014,0.112979,1.768173,1.502947,1.502947,0.178724,0.178724,0.075172,0.075172,0.542399,0.191766
8864,Matthew Cash,32,2826,3,1.199598,3,3.047525,29,28,8,0,D,Aston Villa,3,1.199598,9.479757,7.297956,EPL,2025,aston villa,matthew cash|aston villa,0.038204,0.038204,0.097055,0.923567,0.891720,0.891720,0.041365,0.041365,0.108840,0.108840,0.301903,0.232419
8875,Tolu Arokodare,30,1328,3,6.615730,1,1.159658,43,11,1,0,F S,Wolverhampton Wanderers,3,5.854561,4.524244,1.033083,EPL,2025,wolverhampton wanderers,tolu arokodare|wolverhampton wanderers,0.448355,0.396770,0.078591,2.914157,0.745482,0.745482,0.153854,0.136153,0.105423,0.105423,0.306613,0.070013
9154,Elliot Anderson,35,3080,3,3.032549,2,3.572027,40,50,7,0,M S,Nottingham Forest,2,2.271381,14.990476,11.151552,EPL,2025,nottingham forest,elliot anderson|nottingham forest,0.088613,0.066372,0.104377,1.168831,1.461039,1.461039,0.075814,0.056785,0.071441,0.071441,0.438033,0.325857
9451,Chimuanya Ugochukwu,32,2167,3,2.525606,1,0.399788,20,8,1,1,M S,Burnley,3,2.525606,6.943945,4.732733,EPL,2025,burnley,chimuanya ugochukwu|burnley,0.104894,0.104894,0.016604,0.830641,0.332257,0.332257,0.126280,0.126280,0.049974,0.049974,0.288396,0.196560
9453,Moisés Caicedo,30,2543,3,1.445541,1,2.066012,26,13,10,1,M S,Chelsea,3,1.445541,15.923191,14.206218,EPL,2025,chelsea,moises caicedo|chelsea,0.051160,0.051160,0.073119,0.920173,0.460087,0.460087,0.055598,0.055598,0.158924,0.158924,0.563542,0.502776
9780,Mathys Tel,28,1068,3,2.290319,1,2.485449,29,23,1,0,F M S,Tottenham,3,2.290319,5.277609,2.232785,EPL,2025,tottenham,mathys tel|tottenham,0.193004,0.193004,0.209448,2.443820,1.938202,1.938202,0.078977,0.078977,0.108063,0.108063,0.444742,0.188156
10806,Kaoru Mitoma,24,1664,3,4.198082,1,3.543160,29,30,4,0,F M S,Brighton,3,4.198082,10.069221,3.992145,EPL,2025,brighton,kaoru mitoma|brighton,0.227060,0.227060,0.191637,1.568510,1.622596,1.622596,0.144761,0.144761,0.118105,0.118105,0.544609,0.215921
10807,Jan Paul van Hecke,33,2944,3,2.794034,3,0.998375,22,11,9,0,D,Brighton,3,2.794034,12.896477,12.014951,EPL,2025,brighton,jan paul van hecke|brighton,0.085415,0.085415,0.030521,0.672554,0.336277,0.336277,0.127002,0.127002,0.090761,0.090761,0.394254,0.367305
10809,Keane Lewis-Potter,33,1679,3,3.138921,3,2.648325,28,18,1,0,D F M S,Brentford,3,3.138921,7.018507,2.483263,EPL,2025,brentford,keane lewis potter|brentford,0.168257,0.168257,0.141959,1.500893,0.964860,0.964860,0.112104,0.112104,0.147129,0.147129,0.376215,0.133111
10945,Santiago Bueno,26,2279,3,1.360746,1,0.838731,9,9,4,0,D S,Wolverhampton Wanderers,3,1.360746,4.205571,3.858143,EPL,2025,wolverhampton wanderers,santiago bueno|wolverhampton wanderers,0.053737,0.053737,0.033122,0.355419,0.355419,0.355419,0.151194,0.151194,0.093192,0.093192,0.166082,0.152362
11269,Jack Hinshelwood,24,1524,3,4.048499,3,2.076473,32,13,0,0,D M S,Brighton,3,4.048499,9.736584,4.879046,EPL,2025,brighton,jack hinshelwood|brighton,0.239085,0.239085,0.122626,1.889764,0.767717,0.767717,0.126516,0.126516,0.159729,0.159729,0.574995,0.288133
11385,Yasin Ayari,27,1898,3,2.117944,3,1.400800,41,15,1,0,M S,Brighton,3,2.117944,7.775305,5.351267,EPL,2025,brighton,yasin ayari|brighton,0.100429,0.100429,0.066424,1.944152,0.711275,0.711275,0.051657,0.051657,0.093387,0.093387,0.368692,0.253748
11707,Jurriën Timber,30,2475,3,4.030841,5,2.589142,25,28,5,0,D S,Arsenal,3,4.030841,11.438589,8.659395,EPL,2025,arsenal,jurrien timber|arsenal,0.146576,0.146576,0.094151,0.909091,1.018182,1.018182,0.161234,0.161234,0.092469,0.092469,0.415949,0.314887
11944,Patrick Dorgu,23,1338,3,2.117278,3,2.645840,21,24,5,0,D M S,Manchester United,3,2.117278,5.796908,1.712141,EPL,2025,manchester united,patrick dorgu|manchester united,0.142418,0.142418,0.177971,1.412556,1.614350,1.614350,0.100823,0.100823,0.110243,0.110243,0.389927,0.115166
12149,Alex Scott,35,2735,3,3.500135,1,2.858655,44,25,4,0,M S,Bournemouth,3,3.500135,14.200296,9.978934,EPL,2025,bournemouth,alex scott|bournemouth,0.115178,0.115178,0.094069,1.447898,0.822669,0.822669,0.079549,0.079549,0.114346,0.114346,0.467286,0.328374
12756,Rodrigo Gomes,19,750,3,1.821107,0,0.151314,17,3,0,0,D F M S,Wolverhampton Wanderers,3,1.821107,2.478565,0.573037,EPL,2025,wolverhampton wanderers,rodrigo gomes|wolverhampton wanderers,0.218533,0.218533,0.018158,2.040000,0.360000,0.360000,0.107124,0.107124,0.050438,0.050438,0.297428,0.068764
12948,Mateus Fernandes,33,2774,3,1.106885,3,2.978307,23,32,6,0,M S,West Ham,3,1.106885,8.028248,5.549511,EPL,2025,west ham,mateus fernandes|west ham,0.035912,0.035912,0.096629,0.746215,1.038212,1.038212,0.048125,0.048125,0.093072,0.093072,0.260469,0.180049
87,Joelinton,26,1868,2,2.128082,1,1.791677,29,15,9,0,M S,Newcastle United,2,2.128082,9.512156,6.864027,EPL,2025,newcastle united,joelinton|newcastle united,0.102531,0.102531,0.086323,1.397216,0.722698,0.722698,0.073382,0.073382,0.119445,0.119445,0.458294,0.330708
592,Ross Barkley,18,605,2,1.183331,0,1.396548,13,8,1,0,M S,Aston Villa,2,1.183331,4.093336,3.086106,EPL,2025,aston villa,ross barkley|aston villa,0.176033,0.176033,0.207751,1.933884,1.190083,1.190083,0.091025,0.091025,0.174568,0.174568,0.608926,0.459090
668,Idrissa Gueye,25,2120,2,1.914211,3,1.693691,29,13,1,1,M,Everton,2,1.914211,9.138687,6.896285,EPL,2025,everton,idrissa gueye|everton,0.081264,0.081264,0.071902,1.231132,0.551887,0.551887,0.066007,0.066007,0.130284,0.130284,0.387963,0.292767
675,Jack Grealish,20,1645,2,3.084939,6,4.558331,26,38,2,1,F M S,Everton,2,3.084939,9.290637,3.292468,EPL,2025,everton,jack grealish|everton,0.168781,0.168781,0.249392,1.422492,2.079027,2.079027,0.118651,0.118651,0.119956,0.119956,0.508302,0.180135
702,Tammy Abraham,12,253,2,2.048465,0,0.129206,9,4,0,0,F S,Aston Villa,2,2.048465,2.102263,0.055445,EPL,2025,aston villa,tammy abraham|aston villa,0.728703,0.728703,0.045963,3.201581,1.422925,1.422925,0.227607,0.227607,0.032302,0.032302,0.747840,0.019723
1018,Josh Cullen,18,1533,2,1.014227,2,1.816863,11,13,2,0,M,Burnley,2,1.014227,6.162753,4.625554,EPL,2025,burnley,josh cullen|burnley,0.059544,0.059544,0.106665,0.645793,0.763209,0.763209,0.092202,0.092202,0.139759,0.139759,0.361805,0.271559
1433,Federico Chiesa,24,214,2,1.578618,1,1.472037,15,3,3,0,M S,Liverpool,2,1.578618,3.654870,0.686032,EPL,2025,liverpool,federico chiesa|liverpool,0.663905,0.663905,0.619081,6.308411,1.261682,1.261682,0.105241,0.105241,0.490679,0.490679,1.537095,0.288518
3635,Bernardo Silva,34,2628,2,2.537995,4,5.211380,24,45,8,0,M S,Manchester City,2,2.537995,23.120738,17.494468,EPL,2025,manchester city,bernardo silva|manchester city,0.086918,0.086918,0.178472,0.821918,1.541096,1.541096,0.105750,0.105750,0.115808,0.115808,0.791806,0.599126
5543,Gabriel Jesus,13,317,2,2.716235,0,0.169743,15,2,2,0,F S,Arsenal,2,2.716235,2.545883,0.750428,EPL,2025,arsenal,gabriel jesus|arsenal,0.771171,0.771171,0.048192,4.258675,0.567823,0.567823,0.181082,0.181082,0.084871,0.084871,0.722806,0.213055
5722,Ibrahim Sangare,26,2023,2,1.570395,2,1.449191,16,12,5,0,M S,Nottingham Forest,2,1.570395,7.245243,5.112352,EPL,2025,nottingham forest,ibrahim sangare|nottingham forest,0.069864,0.069864,0.064472,0.711814,0.533861,0.533861,0.098150,0.098150,0.120766,0.120766,0.322329,0.227440
6377,Joe Rodon,32,2684,2,1.616388,0,0.333505,17,6,2,0,D S,Leeds,2,1.616388,6.093097,5.778317,EPL,2025,leeds,joe rodon|leeds,0.054201,0.054201,0.011183,0.570045,0.201192,0.201192,0.095082,0.095082,0.055584,0.055584,0.204314,0.193759
6482,Eddie Nketiah,12,396,2,1.942965,0,0.960513,15,7,2,0,M S,Crystal Palace,2,1.942965,2.895992,0.148794,EPL,2025,crystal palace,eddie nketiah|crystal palace,0.441583,0.441583,0.218298,3.409091,1.590909,1.590909,0.129531,0.129531,0.137216,0.137216,0.658180,0.033817
6963,Justin Kluivert,18,909,2,2.203129,0,2.294822,16,22,4,0,M S,Bournemouth,2,2.203129,5.177911,2.274018,EPL,2025,bournemouth,justin kluivert|bournemouth,0.218132,0.218132,0.227210,1.584158,2.178218,2.178218,0.137696,0.137696,0.104310,0.104310,0.512664,0.225150
7078,Sean Longstaff,21,969,2,0.757473,2,2.768225,14,25,2,0,M S,Leeds,2,0.757473,3.084423,1.729473,EPL,2025,leeds,sean longstaff|leeds,0.070354,0.070354,0.257111,1.300310,2.321981,2.321981,0.054105,0.054105,0.110729,0.110729,0.286479,0.160632
7352,Tyler Adams,22,1577,2,0.911278,2,0.655911,9,6,7,0,M S,Bournemouth,2,0.911278,5.135867,4.725614,EPL,2025,bournemouth,tyler adams|bournemouth,0.052007,0.052007,0.037433,0.513633,0.342422,0.342422,0.101253,0.101253,0.109319,0.109319,0.293106,0.269693
7438,James Garner,35,3147,2,2.012896,7,5.713780,42,49,10,0,D M,Everton,2,2.012896,9.894019,7.022888,EPL,2025,everton,james garner|everton,0.057566,0.057566,0.163406,1.201144,1.401335,1.401335,0.047926,0.047926,0.116608,0.116608,0.282956,0.200845
7753,James Justin,26,1625,2,2.462794,1,1.645898,21,11,4,0,D M S,Leeds,2,2.462794,3.904313,2.233582,EPL,2025,leeds,james justin|leeds,0.136401,0.136401,0.091157,1.163077,0.609231,0.609231,0.117276,0.117276,0.149627,0.149627,0.216239,0.123706
8044,Joshua Zirkzee,21,485,2,3.408206,1,1.168785,21,10,2,0,F M S,Manchester United,2,3.408206,6.115532,2.493458,EPL,2025,manchester united,joshua zirkzee|manchester united,0.632451,0.632451,0.216888,3.896907,1.855670,1.855670,0.162296,0.162296,0.116878,0.116878,1.134841,0.462704
8067,Reece James,27,1867,2,1.210566,4,3.993342,21,27,4,0,D M S,Chelsea,2,1.210566,11.446375,9.686947,EPL,2025,chelsea,reece james|chelsea,0.058356,0.058356,0.192502,1.012319,1.301553,1.301553,0.057646,0.057646,0.147902,0.147902,0.551780,0.466966
8127,Amad Diallo Traore,29,2085,2,5.458027,2,4.175271,49,38,2,0,D M S,Manchester United,2,5.458027,16.394729,8.538301,EPL,2025,manchester united,amad diallo traore|manchester united,0.235598,0.235598,0.180228,2.115108,1.640288,1.640288,0.111388,0.111388,0.109876,0.109876,0.707686,0.368560
8204,Neco Williams,34,2933,2,1.760385,3,4.311467,42,34,6,1,D S,Nottingham Forest,2,1.760385,11.079623,7.984133,EPL,2025,nottingham forest,neco williams|nottingham forest,0.054018,0.054018,0.132299,1.288783,1.043300,1.043300,0.041914,0.041914,0.126808,0.126808,0.339982,0.244996
8379,Alexis Mac Allister,34,2413,2,3.554517,4,2.668141,46,29,5,0,M S,Liverpool,2,3.554517,12.508251,7.869856,EPL,2025,liverpool,alexis mac allister|liverpool,0.132576,0.132576,0.099516,1.715707,1.081641,1.081641,0.077272,0.077272,0.092005,0.092005,0.466532,0.293530
8700,Xavi Simons,28,1768,2,2.716291,5,4.650560,42,34,5,1,F M S,Tottenham,2,2.716291,9.529861,5.203196,EPL,2025,tottenham,xavi simons|tottenham,0.138273,0.138273,0.236737,2.138009,1.730769,1.730769,0.064674,0.064674,0.136781,0.136781,0.485117,0.264869
8845,Hee-Chan Hwang,23,1206,2,2.467228,1,1.046208,16,10,3,0,F M S,Wolverhampton Wanderers,1,1.706059,3.620478,1.108350,EPL,2025,wolverhampton wanderers,hee chan hwang|wolverhampton wanderers,0.184122,0.127318,0.078075,1.194030,0.746269,0.746269,0.154202,0.106629,0.104621,0.104621,0.270185,0.082713
8941,Jacob Ramsey,25,1214,2,1.156459,1,0.888908,15,19,3,1,M S,Newcastle United,2,1.156459,4.369325,3.537470,EPL,2025,newcastle united,jacob ramsey|newcastle united,0.085734,0.085734,0.065899,1.112026,1.408567,1.408567,0.077097,0.077097,0.046785,0.046785,0.323920,0.262251
8961,Rúben Dias,25,2052,2,0.437062,0,0.409356,10,6,3,0,D S,Manchester City,2,0.437062,14.391337,13.953823,EPL,2025,manchester city,ruben dias|manchester city,0.019169,0.019169,0.017954,0.438596,0.263158,0.263158,0.043706,0.043706,0.068226,0.068226,0.631199,0.612010
9017,Malo Gusto,32,2128,2,1.941821,3,3.350519,12,26,3,1,D M S,Chelsea,2,1.941821,15.318660,12.534095,EPL,2025,chelsea,malo gusto|chelsea,0.082126,0.082126,0.141704,0.507519,1.099624,1.099624,0.161818,0.161818,0.128866,0.128866,0.647876,0.530107
9021,Pape Sarr,24,1315,2,1.925492,3,1.453306,16,8,2,0,M S,Tottenham,2,1.925492,5.930503,4.705666,EPL,2025,tottenham,pape sarr|tottenham,0.131783,0.131783,0.099466,1.095057,0.547529,0.547529,0.120343,0.120343,0.181663,0.181663,0.405890,0.322061
9024,Yeremi Pino,31,1983,2,4.130130,1,7.648964,41,44,4,0,F M S,Crystal Palace,2,4.130130,12.370698,4.075987,EPL,2025,crystal palace,yeremi pino|crystal palace,0.187449,0.187449,0.347154,1.860817,1.996974,1.996974,0.100735,0.100735,0.173840,0.173840,0.561454,0.184992
9667,Amadou Onana,24,1779,2,2.772524,0,0.503930,19,7,3,0,M S,Aston Villa,2,2.772524,6.815284,5.313166,EPL,2025,aston villa,amadou onana|aston villa,0.140263,0.140263,0.025494,0.961214,0.354132,0.354132,0.145922,0.145922,0.071990,0.071990,0.344787,0.268794
9767,Habib Diarra,18,1378,2,3.109183,1,0.288665,24,5,5,0,M S,Sunderland,1,2.348014,3.728058,1.527346,EPL,2025,sunderland,habib diarra|sunderland,0.203067,0.153354,0.018853,1.567489,0.326560,0.326560,0.129549,0.097834,0.057733,0.057733,0.243487,0.099754
9790,Josko Gvardiol,16,1307,2,1.818313,2,0.437605,16,4,2,0,D S,Manchester City,2,1.818313,10.002344,9.454284,EPL,2025,manchester city,josko gvardiol|manchester city,0.125209,0.125209,0.030133,1.101760,0.275440,0.275440,0.113645,0.113645,0.109401,0.109401,0.688761,0.651022
9977,Loum Tchaouna,26,1009,2,1.143574,0,0.740109,18,8,2,0,F M S,Burnley,2,1.143574,3.488016,1.823402,EPL,2025,burnley,loum tchaouna|burnley,0.102004,0.102004,0.066016,1.605550,0.713578,0.713578,0.063532,0.063532,0.092514,0.092514,0.311121,0.162642
10184,Archie Gray,23,1494,2,1.588540,2,1.658423,11,8,5,0,D M S,Tottenham,2,1.588540,3.570210,2.168478,EPL,2025,tottenham,archie gray|tottenham,0.095695,0.095695,0.099905,0.662651,0.481928,0.481928,0.144413,0.144413,0.207303,0.207303,0.215073,0.130631
10744,Ryan Christie,25,902,2,1.790736,0,1.602272,25,10,3,0,M S,Bournemouth,2,1.790736,7.674736,4.515200,EPL,2025,bournemouth,ryan christie|bournemouth,0.178677,0.178677,0.159872,2.494457,0.997783,0.997783,0.071629,0.071629,0.160227,0.160227,0.765772,0.450519
10760,Brennan Johnson,31,1513,2,2.593419,1,1.105634,23,16,6,0,D F M S,"Crystal Palace,Tottenham",2,2.593419,4.580487,1.361191,EPL,2025,crystal palace tottenham,brennan johnson|crystal palace tottenham,0.154268,0.154268,0.065768,1.368143,0.951751,0.951751,0.112757,0.112757,0.069102,0.069102,0.272468,0.080970
11709,Milos Kerkez,31,2087,2,1.326235,1,1.795427,8,25,4,0,D S,Liverpool,2,1.326235,8.818075,6.255707,EPL,2025,liverpool,milos kerkez|liverpool,0.057193,0.057193,0.077426,0.344993,1.078103,1.078103,0.165779,0.165779,0.071817,0.071817,0.380272,0.269772
12027,Mohammed Kudus,19,1577,2,2.362327,5,2.574139,26,21,3,0,F M,Tottenham,2,2.362327,4.962611,1.406512,EPL,2025,tottenham,mohammed kudus|tottenham,0.134819,0.134819,0.146907,1.483830,1.198478,1.198478,0.090859,0.090859,0.122578,0.122578,0.283218,0.080270
12721,Ladislav Krejcí,26,2219,2,1.662640,1,0.856349,19,8,3,1,D M S,Wolverhampton Wanderers,2,1.662640,4.148911,2.591717,EPL,2025,wolverhampton wanderers,ladislav krejci|wolverhampton wanderers,0.067435,0.067435,0.034732,0.770617,0.324470,0.324470,0.087507,0.087507,0.107044,0.107044,0.168275,0.105117
12758,Mats Wieffer,25,1832,2,1.927432,3,2.869023,18,19,8,0,D S,Brighton,2,1.927432,10.283977,8.267712,EPL,2025,brighton,mats wieffer|brighton,0.094688,0.094688,0.140945,0.884279,0.933406,0.933406,0.107080,0.107080,0.151001,0.151001,0.505217,0.406165
12759,Yankuba Minteh,31,2189,2,4.372587,4,5.565298,40,40,3,0,M S,Brighton,2,4.372587,14.590434,7.409089,EPL,2025,brighton,yankuba minteh|brighton,0.179777,0.179777,0.228815,1.644587,1.644587,1.644587,0.109315,0.109315,0.139132,0.139132,0.599881,0.304622
12905,Nicolò Savona,14,1036,2,1.235481,0,0.594458,5,6,2,0,D S,Nottingham Forest,2,1.235481,3.006469,1.537250,EPL,2025,nottingham forest,nicolo savona|nottingham forest,0.107329,0.107329,0.051642,0.434363,0.521236,0.521236,0.247096,0.247096,0.099076,0.099076,0.261180,0.133545
13484,Mateus Mané,24,1536,2,1.573123,1,1.656597,34,20,0,0,M S,Wolverhampton Wanderers,2,1.573123,3.958517,1.946524,EPL,2025,wolverhampton wanderers,mateus mane|wolverhampton wanderers,0.092175,0.092175,0.097066,1.992188,1.171875,1.171875,0.046268,0.046268,0.082830,0.082830,0.231944,0.114054
13692,Rio Ngumoha,16,281,2,1.048848,0,1.991896,11,12,0,0,M S,Liverpool,2,1.048848,4.058332,1.046272,EPL,2025,liverpool,rio ngumoha|liverpool,0.335930,0.335930,0.637974,3.523132,3.843416,3.843416,0.095350,0.095350,0.165991,0.165991,1.299822,0.335105
13711,Maxim De Cuyper,27,1184,2,1.589963,1,2.955114,11,21,2,0,D M S,Brighton,2,1.589963,4.949993,2.812047,EPL,2025,brighton,maxim de cuyper|brighton,0.120859,0.120859,0.224629,0.836149,1.596284,1.596284,0.144542,0.144542,0.140720,0.140720,0.376266,0.213754
13715,Dan Ballard,29,2143,2,3.695436,0,1.580586,25,14,4,1,D S,Sunderland,2,3.695436,4.752503,2.608859,EPL,2025,sunderland,dan ballard|sunderland,0.155198,0.155198,0.066380,1.049930,0.587961,0.587961,0.147817,0.147817,0.112899,0.112899,0.199592,0.109565
13718,Eliezer Mayenda,19,739,2,2.010893,0,0.742530,13,4,0,0,F M S,Sunderland,2,2.010893,2.483596,0.488240,EPL,2025,sunderland,eliezer mayenda|sunderland,0.244899,0.244899,0.090430,1.583221,0.487145,0.487145,0.154684,0.154684,0.185633,0.185633,0.302468,0.059461
13775,Estêvão,22,854,2,3.874036,2,2.816307,28,16,4,0,F M S,Chelsea,2,3.874036,9.267625,3.582291,EPL,2025,chelsea,estevao|chelsea,0.408271,0.408271,0.296801,2.950820,1.686183,1.686183,0.138358,0.138358,0.176019,0.176019,0.976682,0.377525
13834,Ao Tanaka,25,1099,2,2.140748,0,1.357727,16,18,1,0,M S,Leeds,2,2.140748,6.665307,4.230053,EPL,2025,leeds,ao tanaka|leeds,0.175311,0.175311,0.111188,1.310282,1.474067,1.474067,0.133797,0.133797,0.075429,0.075429,0.545839,0.346410
14118,Charalampos Kostoulas,18,273,2,2.070523,1,1.023242,17,7,2,0,F S,Brighton,2,2.070523,3.101862,0.419028,EPL,2025,brighton,charalampos kostoulas|brighton,0.682590,0.682590,0.337332,5.604396,2.307692,2.307692,0.121795,0.121795,0.146177,0.146177,1.022592,0.138141
204,Granit Xhaka,31,2626,1,0.791152,6,3.630850,20,33,7,0,M S,Sunderland,1,0.791152,8.236953,6.779166,EPL,2025,sunderland,granit xhaka|sunderland,0.027115,0.027115,0.124439,0.685453,1.130998,1.130998,0.039558,0.039558,0.110026,0.110026,0.282302,0.232340
239,Pascal Groß,16,1365,1,0.904825,3,2.950805,13,34,2,0,M S,Brighton,1,0.904825,8.666867,7.303001,EPL,2025,brighton,pascal gro|brighton,0.059659,0.059659,0.194559,0.857143,2.241758,2.241758,0.069602,0.069602,0.086788,0.086788,0.571442,0.481517
489,James Milner,19,711,1,0.979426,1,0.654930,8,8,2,0,M S,Brighton,0,0.218257,3.918824,3.733045,EPL,2025,brighton,james milner|brighton,0.123978,0.027627,0.082903,1.012658,1.012658,1.012658,0.122428,0.027282,0.081866,0.081866,0.496054,0.472537
605,Jordan Henderson,29,1840,1,0.551373,3,3.294499,6,18,4,0,M S,Brentford,1,0.551373,7.589787,4.931587,EPL,2025,brentford,jordan henderson|brentford,0.026969,0.026969,0.161144,0.293478,0.880435,0.880435,0.091895,0.091895,0.183028,0.183028,0.371240,0.241219
660,Ben Davies,3,137,1,0.798258,0,0.024738,2,1,1,0,D S,Tottenham,1,0.798258,0.024738,0.024738,EPL,2025,tottenham,ben davies|tottenham,0.524403,0.524403,0.016251,1.313869,0.656934,0.656934,0.399129,0.399129,0.024738,0.024738,0.016251,0.016251
695,Bertrand Traoré,12,675,1,0.624808,0,0.988775,12,8,1,0,F M S,Sunderland,1,0.624808,2.016920,1.230126,EPL,2025,sunderland,bertrand traore|sunderland,0.083308,0.083308,0.131837,1.600000,1.066667,1.066667,0.052067,0.052067,0.123597,0.123597,0.268923,0.164017
885,Kyle Walker-Peters,22,1275,1,1.188245,0,0.356993,5,6,2,0,D S,West Ham,1,1.188245,4.904916,3.597522,EPL,2025,west ham,kyle walker peters|west ham,0.083876,0.083876,0.025199,0.352941,0.423529,0.423529,0.237649,0.237649,0.059499,0.059499,0.346229,0.253943
910,Harrison Reed,7,79,1,0.086594,0,0.402922,2,3,0,0,M S,Fulham,1,0.086594,0.404060,0.269334,EPL,2025,fulham,harrison reed|fulham,0.098652,0.098652,0.459025,2.278481,3.417722,3.417722,0.043297,0.043297,0.134307,0.134307,0.460321,0.306836
934,Axel Tuanzebe,11,939,1,0.558268,0,0.000000,2,0,1,0,D,Burnley,1,0.558268,2.415058,1.856790,EPL,2025,burnley,axel tuanzebe|burnley,0.053508,0.053508,0.000000,0.191693,0.000000,0.000000,0.279134,0.279134,0.000000,0.000000,0.231475,0.177967
1537,Sasa Lukic,24,1551,1,2.267085,2,1.862062,16,25,8,0,M S,Fulham,1,2.267085,5.946542,3.150431,EPL,2025,fulham,sasa lukic|fulham,0.131552,0.131552,0.108050,0.928433,1.450677,1.450677,0.141693,0.141693,0.074482,0.074482,0.345060,0.182810
1665,James Tarkowski,34,3060,1,2.482552,2,1.510412,16,16,7,0,D,Everton,1,2.482552,5.483145,4.788688,EPL,2025,everton,james tarkowski|everton,0.073016,0.073016,0.044424,0.470588,0.470588,0.470588,0.155159,0.155159,0.094401,0.094401,0.161269,0.140844
1687,Harry Maguire,20,1396,1,1.150668,2,0.609074,13,3,3,1,D S,Manchester United,1,1.150668,3.954036,3.954036,EPL,2025,manchester united,harry maguire|manchester united,0.074183,0.074183,0.039267,0.838109,0.193410,0.193410,0.088513,0.088513,0.203025,0.203025,0.254916,0.254916
1688,Andrew Robertson,23,1074,1,1.024343,0,1.394720,9,18,0,0,D S,Liverpool,1,1.024343,5.784680,4.428896,EPL,2025,liverpool,andrew robertson|liverpool,0.085839,0.085839,0.116876,0.754190,1.508380,1.508380,0.113816,0.113816,0.077484,0.077484,0.484750,0.371137
2496,Rodri,20,1410,1,0.970579,0,2.236537,13,24,2,0,M S,Manchester City,1,0.970579,11.745608,10.521655,EPL,2025,manchester city,rodri|manchester city,0.061952,0.061952,0.142758,0.829787,1.531915,1.531915,0.074660,0.074660,0.093189,0.093189,0.749720,0.671595
2517,Martin Odegaard,22,1237,1,1.121526,5,4.810631,21,36,0,0,M S,Arsenal,1,1.121526,11.183125,7.135636,EPL,2025,arsenal,martin odegaard|arsenal,0.081598,0.081598,0.350005,1.527890,2.619240,2.619240,0.053406,0.053406,0.133629,0.133629,0.813647,0.519165
4419,Adam Armstrong,11,920,1,1.711611,2,1.501315,16,6,3,0,F M,Wolverhampton Wanderers,1,1.711611,2.518166,0.716375,EPL,2025,wolverhampton wanderers,adam armstrong|wolverhampton wanderers,0.167440,0.167440,0.146868,1.565217,0.586957,0.586957,0.106976,0.106976,0.250219,0.250219,0.246342,0.070080
5220,Kai Havertz,9,446,1,3.595817,2,0.226731,12,5,0,0,F M S,Arsenal,1,3.595817,2.333754,0.440111,EPL,2025,arsenal,kai havertz|arsenal,0.725613,0.725613,0.045753,2.421525,1.008969,1.008969,0.299651,0.299651,0.045346,0.045346,0.470937,0.088812
5743,Randal Kolo Muani,27,1532,1,2.685016,1,1.380043,19,18,3,0,F M S,Tottenham,1,2.685016,3.778899,0.789693,EPL,2025,tottenham,randal kolo muani|tottenham,0.157736,0.157736,0.081073,1.116188,1.057441,1.057441,0.141317,0.141317,0.076669,0.076669,0.221998,0.046392
5786,Yoane Wissa,16,454,1,3.238183,0,0.134803,13,2,2,0,F S,Newcastle United,1,3.238183,4.264537,1.251059,EPL,2025,newcastle united,yoane wissa|newcastle united,0.641930,0.641930,0.026723,2.577093,0.396476,0.396476,0.249091,0.249091,0.067402,0.067402,0.845393,0.248007
5789,Boubacar Kamara,18,1434,1,1.052157,3,0.729023,7,15,5,0,M S,Aston Villa,1,1.052157,5.697953,4.270242,EPL,2025,aston villa,boubacar kamara|aston villa,0.066035,0.066035,0.045755,0.439331,0.941423,0.941423,0.150308,0.150308,0.048602,0.048602,0.357612,0.268007
5973,Kenny Tete,22,1805,1,0.728774,0,0.949054,16,11,2,0,D S,Fulham,1,0.728774,3.944375,3.157592,EPL,2025,fulham,kenny tete|fulham,0.036338,0.036338,0.047321,0.797784,0.548476,0.548476,0.045548,0.045548,0.086278,0.086278,0.196672,0.157442
6108,Rodrigo Bentancur,23,1670,1,0.792245,1,0.760450,11,9,7,0,M S,Tottenham,1,0.792245,4.139206,3.762971,EPL,2025,tottenham,rodrigo bentancur|tottenham,0.042696,0.042696,0.040982,0.592814,0.485030,0.485030,0.072022,0.072022,0.084494,0.084494,0.223071,0.202795
6122,Douglas Luiz,18,852,1,0.656344,0,1.822942,10,19,3,0,M S,"Aston Villa,Nottingham Forest",1,0.656344,3.886526,2.672725,EPL,2025,aston villa nottingham forest,douglas luiz|aston villa nottingham forest,0.069332,0.069332,0.192564,1.056338,2.007042,2.007042,0.065634,0.065634,0.095944,0.095944,0.410548,0.282330
6219,Enes Ünal,19,140,1,2.177907,0,0.000000,13,0,1,0,S,Bournemouth,1,2.177907,2.281302,0.390324,EPL,2025,bournemouth,enes unal|bournemouth,1.400083,1.400083,0.000000,8.357143,0.000000,0.000000,0.167531,0.167531,0.000000,0.000000,1.466551,0.250922
6326,Ibrahima Konaté,33,2875,1,1.843844,0,0.698463,10,7,6,0,D,Liverpool,1,1.843844,10.275080,9.956656,EPL,2025,liverpool,ibrahima konate|liverpool,0.057720,0.057720,0.021865,0.313043,0.219130,0.219130,0.184384,0.184384,0.099780,0.099780,0.321655,0.311687
6369,Ethan Ampadu,32,2860,1,1.946106,1,1.138023,26,18,9,0,M,Leeds,1,1.946106,11.054800,9.917027,EPL,2025,leeds,ethan ampadu|leeds,0.061241,0.061241,0.035812,0.818182,0.566434,0.566434,0.074850,0.074850,0.063224,0.063224,0.347878,0.312074
6807,Jaka Bijol,22,1643,1,0.718483,2,1.051660,15,6,3,0,D S,Leeds,1,0.718483,5.388949,4.401867,EPL,2025,leeds,jaka bijol|leeds,0.039357,0.039357,0.057608,0.821668,0.328667,0.328667,0.047899,0.047899,0.175277,0.175277,0.295195,0.241125
6820,David Brooks,29,1183,1,5.919800,3,4.153277,46,24,7,0,M S,Bournemouth,1,5.919800,11.531486,2.622920,EPL,2025,bournemouth,david brooks|bournemouth,0.450365,0.450365,0.315972,3.499577,1.825866,1.825866,0.128691,0.128691,0.173053,0.173053,0.877290,0.199546
6835,Tom Cairney,22,639,1,0.640647,0,0.443785,13,7,3,0,M S,Fulham,1,0.640647,3.282950,2.593097,EPL,2025,fulham,tom cairney|fulham,0.090232,0.090232,0.062505,1.830986,0.985915,0.985915,0.049281,0.049281,0.063398,0.063398,0.462387,0.365225
6888,William Saliba,29,2429,1,1.577759,0,1.306028,5,10,1,0,D S,Arsenal,1,1.577759,10.304050,9.788665,EPL,2025,arsenal,william saliba|arsenal,0.058460,0.058460,0.048391,0.185261,0.370523,0.370523,0.315552,0.315552,0.130603,0.130603,0.381789,0.362692
6912,Pedro Porro,31,2545,1,1.286519,2,3.502356,28,44,8,0,D M S,Tottenham,1,1.286519,9.143772,7.707127,EPL,2025,tottenham,pedro porro|tottenham,0.045496,0.045496,0.123855,0.990177,1.555992,1.555992,0.045947,0.045947,0.079599,0.079599,0.323355,0.272551
7134,Marc Cucurella,31,2444,1,1.849075,4,4.501467,19,38,6,1,D M S,Chelsea,1,1.849075,14.617608,11.539155,EPL,2025,chelsea,marc cucurella|chelsea,0.068092,0.068092,0.165766,0.699673,1.399345,1.399345,0.097320,0.097320,0.118460,0.118460,0.538292,0.424928
7281,Diogo Dalot,33,2524,1,2.086164,3,3.399838,23,28,5,0,D S,Manchester United,1,2.086164,12.519560,9.331838,EPL,2025,manchester united,diogo dalot|manchester united,0.074388,0.074388,0.121230,0.820127,0.998415,0.998415,0.090703,0.090703,0.121423,0.121423,0.446419,0.332752
7382,Dan Burn,26,2014,1,0.921491,2,0.362887,10,6,9,1,D S,Newcastle United,1,0.921491,4.209004,3.957530,EPL,2025,newcastle united,dan burn|newcastle united,0.041179,0.041179,0.016216,0.446872,0.268123,0.268123,0.092149,0.092149,0.060481,0.060481,0.188089,0.176851
7752,Gabriel Martinelli,28,934,1,4.891278,3,1.979818,28,11,3,0,F M S,Arsenal,1,4.891278,8.616854,3.170825,EPL,2025,arsenal,gabriel martinelli|arsenal,0.471322,0.471322,0.190775,2.698073,1.059957,1.059957,0.174689,0.174689,0.179983,0.179983,0.830318,0.305540
7762,Jean-Ricner Bellegarde,24,1239,1,0.869807,1,0.938353,21,11,5,0,F M S,Wolverhampton Wanderers,1,0.869807,4.545631,3.124546,EPL,2025,wolverhampton wanderers,jean ricner bellegarde|wolverhampton wanderers,0.063182,0.063182,0.068161,1.525424,0.799031,0.799031,0.041419,0.041419,0.085305,0.085305,0.330191,0.226965
7902,Matthijs de Ligt,13,1170,1,1.323372,0,0.428176,11,3,0,0,D,Manchester United,1,1.323372,2.831902,2.388786,EPL,2025,manchester united,matthijs de ligt|manchester united,0.101798,0.101798,0.032937,0.846154,0.230769,0.230769,0.120307,0.120307,0.142725,0.142725,0.217839,0.183753
7908,Marshall Munetsi,13,863,1,1.838998,1,0.380854,14,3,2,0,F M S,Wolverhampton Wanderers,1,1.838998,3.097170,1.000556,EPL,2025,wolverhampton wanderers,marshall munetsi|wolverhampton wanderers,0.191784,0.191784,0.039718,1.460023,0.312862,0.312862,0.131357,0.131357,0.126951,0.126951,0.322996,0.104345
8006,Evann Guessand,19,894,1,1.854268,2,1.237734,11,5,0,0,M S,"Aston Villa,Crystal Palace",1,1.854268,3.721525,1.244725,EPL,2025,aston villa crystal palace,evann guessand|aston villa crystal palace,0.186671,0.186671,0.124604,1.107383,0.503356,0.503356,0.168570,0.168570,0.247547,0.247547,0.374650,0.125308
8129,Riccardo Calafiori,23,1583,1,3.066181,2,0.472915,29,6,5,0,D S,Arsenal,1,3.066181,7.166337,5.910947,EPL,2025,arsenal,riccardo calafiori|arsenal,0.174325,0.174325,0.026887,1.648768,0.341124,0.341124,0.105730,0.105730,0.078819,0.078819,0.407435,0.336061
8214,Tyrick Mitchell,34,2947,1,1.443796,2,3.002669,14,28,5,0,D S,Crystal Palace,1,1.443796,10.580425,7.534700,EPL,2025,crystal palace,tyrick mitchell|crystal palace,0.044093,0.044093,0.091700,0.427553,0.855107,0.855107,0.103128,0.103128,0.107238,0.107238,0.323121,0.230106
8252,Nicolás Domínguez,24,1070,1,0.757648,1,1.248473,16,10,2,0,M S,Nottingham Forest,1,0.757648,4.346340,3.211119,EPL,2025,nottingham forest,nicolas dominguez|nottingham forest,0.063727,0.063727,0.105012,1.345794,0.841121,0.841121,0.047353,0.047353,0.124847,0.124847,0.365580,0.270094
8384,Armando Broja,24,822,1,2.516518,1,0.609756,16,5,0,0,F S,Burnley,1,2.516518,2.685843,1.025808,EPL,2025,burnley,armando broja|burnley,0.275531,0.275531,0.066762,1.751825,0.547445,0.547445,0.157282,0.157282,0.121951,0.121951,0.294070,0.112315
8393,Omar Marmoush,18,574,1,2.893133,3,1.474620,25,11,2,0,F M S,Manchester City,1,2.893133,4.455868,0.457484,EPL,2025,manchester city,omar marmoush|manchester city,0.453627,0.453627,0.231212,3.919861,1.724739,1.724739,0.115725,0.115725,0.134056,0.134056,0.698655,0.071731
8430,Chris Richards,30,2614,1,1.431902,0,0.487534,11,9,3,0,D S,Crystal Palace,1,1.431902,6.963990,6.657308,EPL,2025,crystal palace,chris richards|crystal palace,0.049300,0.049300,0.016786,0.378730,0.309870,0.309870,0.130173,0.130173,0.054170,0.054170,0.239770,0.229211
8476,Jarrad Branthwaite,10,682,1,0.309962,0,0.373226,6,3,1,0,D S,Everton,1,0.309962,1.287902,1.127037,EPL,2025,everton,jarrad branthwaite|everton,0.040904,0.040904,0.049253,0.791789,0.395894,0.395894,0.051660,0.051660,0.124409,0.124409,0.169958,0.148729
8635,Sven Botman,22,1572,1,1.510028,0,1.483218,14,6,2,0,D S,Newcastle United,1,1.510028,5.046451,4.747930,EPL,2025,newcastle united,sven botman|newcastle united,0.086452,0.086452,0.084917,0.801527,0.343511,0.343511,0.107859,0.107859,0.247203,0.247203,0.288919,0.271828
8640,Adrien Truffert,35,3121,1,1.392533,3,3.602077,14,26,4,0,D,Bournemouth,1,1.392533,12.697786,8.726122,EPL,2025,bournemouth,adrien truffert|bournemouth,0.040156,0.040156,0.103873,0.403717,0.749760,0.749760,0.099467,0.099467,0.138541,0.138541,0.366165,0.251634
8662,Dan Ndoye,24,1184,1,1.172408,1,1.552885,15,14,1,0,F M S,Nottingham Forest,1,1.172408,4.023802,1.812747,EPL,2025,nottingham forest,dan ndoye|nottingham forest,0.089119,0.089119,0.118040,1.140203,1.064189,1.064189,0.078161,0.078161,0.110920,0.110920,0.305863,0.137793
8780,Joël Veltman,22,928,1,0.952081,0,0.252019,3,4,5,0,D S,Brighton,1,0.952081,2.436355,2.294565,EPL,2025,brighton,joel veltman|brighton,0.092335,0.092335,0.024441,0.290948,0.387931,0.387931,0.317360,0.317360,0.063005,0.063005,0.236284,0.222533
8853,Maxence Lacroix,32,2849,1,2.927456,2,1.226332,23,6,4,1,D,Crystal Palace,1,2.927456,10.111103,9.348021,EPL,2025,crystal palace,maxence lacroix|crystal palace,0.092478,0.092478,0.038740,0.726571,0.189540,0.189540,0.127281,0.127281,0.204389,0.204389,0.319410,0.295304
8868,Liam Delap,26,972,1,4.952542,0,0.169255,35,3,3,0,F S,Chelsea,1,4.952542,7.322529,3.284810,EPL,2025,chelsea,liam delap|chelsea,0.458569,0.458569,0.015672,3.240741,0.277778,0.277778,0.141501,0.141501,0.056418,0.056418,0.678012,0.304149
8986,Omar Alderete,31,2696,1,1.530054,1,0.607457,23,9,6,0,D S,Sunderland,1,1.530054,4.456301,3.679881,EPL,2025,sunderland,omar alderete|sunderland,0.051077,0.051077,0.020279,0.767804,0.300445,0.300445,0.066524,0.066524,0.067495,0.067495,0.148764,0.122845
9040,Conor Gallagher,13,962,1,1.071142,1,0.796319,7,11,2,0,M S,Tottenham,1,1.071142,3.624208,2.480526,EPL,2025,tottenham,conor gallagher|tottenham,0.100211,0.100211,0.074500,0.654886,1.029106,1.029106,0.153020,0.153020,0.072393,0.072393,0.339063,0.232066
9205,Jayden Bogle,33,2742,1,1.868973,2,3.484445,17,20,6,0,D M S,Leeds,1,1.868973,10.919060,6.328801,EPL,2025,leeds,jayden bogle|leeds,0.061345,0.061345,0.114369,0.557987,0.656455,0.656455,0.109940,0.109940,0.174222,0.174222,0.358394,0.207729
9501,Fabio Carvalho,6,97,1,0.689568,0,0.000000,2,0,0,0,M S,Brentford,1,0.689568,0.689568,0.000000,EPL,2025,brentford,fabio carvalho|brentford,0.639806,0.639806,0.000000,1.855670,0.000000,0.000000,0.344784,0.344784,0.000000,0.000000,0.639806,0.000000
9558,Hannibal Mejbri,24,1031,1,0.464654,3,1.986705,15,14,8,0,M S,Burnley,1,0.464654,4.425507,2.970085,EPL,2025,burnley,hannibal mejbri|burnley,0.040561,0.040561,0.173427,1.309408,1.222114,1.222114,0.030977,0.030977,0.141908,0.141908,0.386320,0.259270
9680,Vitaly Janelt,22,1237,1,0.749859,4,3.589390,12,19,7,0,M S,Brentford,1,0.749859,5.500425,2.943716,EPL,2025,brentford,vitaly janelt|brentford,0.054557,0.054557,0.261152,0.873080,1.382377,1.382377,0.062488,0.062488,0.188915,0.188915,0.400193,0.214175
9733,Nathan Collins,32,2696,1,2.825896,2,1.867340,19,8,6,0,D S,Brentford,1,2.825896,8.619795,7.748010,EPL,2025,brentford,nathan collins|brentford,0.094336,0.094336,0.062337,0.634273,0.267062,0.267062,0.148731,0.148731,0.233417,0.233417,0.287753,0.258650
9802,Nico González,24,1486,1,0.532387,0,0.861109,13,10,6,0,M S,Manchester City,1,0.532387,14.360877,13.765992,EPL,2025,manchester city,nico gonzalez|manchester city,0.032244,0.032244,0.052153,0.787349,0.605653,0.605653,0.040953,0.040953,0.086111,0.086111,0.869770,0.833741
9911,Piero Hincapié,23,1680,1,0.397272,2,2.127407,2,13,2,0,D S,Arsenal,1,0.397272,7.262185,5.681191,EPL,2025,arsenal,piero hincapie|arsenal,0.021282,0.021282,0.113968,0.107143,0.696429,0.696429,0.198636,0.198636,0.163647,0.163647,0.389046,0.304350
10140,Hugo Bueno,32,2297,1,0.840764,2,3.613905,15,37,3,0,D M S,Wolverhampton Wanderers,1,0.840764,5.418243,2.929297,EPL,2025,wolverhampton wanderers,hugo bueno|wolverhampton wanderers,0.032942,0.032942,0.141598,0.587723,1.449717,1.449717,0.056051,0.056051,0.097673,0.097673,0.212295,0.114774
10216,Lewis Hall,27,1894,1,1.122553,1,2.490535,22,22,3,0,D S,Newcastle United,1,1.122553,8.070697,6.845045,EPL,2025,newcastle united,lewis hall|newcastle united,0.053342,0.053342,0.118346,1.045407,1.045407,1.045407,0.051025,0.051025,0.113206,0.113206,0.383507,0.325266
10348,Omari Hutchinson,28,1487,1,2.086394,4,3.593664,24,26,1,0,M S,Nottingham Forest,1,2.086394,8.884817,4.719874,EPL,2025,nottingham forest,omari hutchinson|nottingham forest,0.126278,0.126278,0.217505,1.452589,1.573638,1.573638,0.086933,0.086933,0.138218,0.138218,0.537749,0.285668
10552,Alejandro Garnacho,23,1284,1,4.111796,4,4.218964,33,29,2,0,F M S,Chelsea,1,4.111796,12.953486,6.525954,EPL,2025,chelsea,alejandro garnacho|chelsea,0.288210,0.288210,0.295722,2.313084,2.032710,2.032710,0.124600,0.124600,0.145482,0.145482,0.907955,0.457427
10717,Rodrigo Muniz,18,763,1,3.435866,1,0.961486,25,8,1,0,F S,Fulham,1,3.435866,3.681056,1.129951,EPL,2025,fulham,rodrigo muniz|fulham,0.405279,0.405279,0.113413,2.948886,0.943644,0.943644,0.137435,0.137435,0.120186,0.120186,0.434201,0.133284
10770,Soungoutou Magassa,22,976,1,0.619304,0,0.746385,7,5,4,0,M S,West Ham,1,0.619304,2.418649,1.531560,EPL,2025,west ham,soungoutou magassa|west ham,0.057108,0.057108,0.068826,0.645492,0.461066,0.461066,0.088472,0.088472,0.149277,0.149277,0.223031,0.141230
11000,Matheus Nunes,31,2627,1,0.675473,5,3.000893,7,25,4,0,D S,Manchester City,1,0.675473,21.185262,19.397880,EPL,2025,manchester city,matheus nunes|manchester city,0.023141,0.023141,0.102809,0.239817,0.856490,0.856490,0.096496,0.096496,0.120036,0.120036,0.725799,0.664564
11174,Kobbie Mainoo,25,1353,1,0.264349,2,1.056064,10,18,1,0,M S,Manchester United,1,0.264349,7.270054,6.754634,EPL,2025,manchester united,kobbie mainoo|manchester united,0.017584,0.017584,0.070248,0.665188,1.197339,1.197339,0.026435,0.026435,0.058670,0.058670,0.483596,0.449310
11281,Michael Kayode,34,3011,1,1.169111,1,3.114044,9,32,7,0,D,Brentford,1,1.169111,11.246135,7.839269,EPL,2025,brentford,michael kayode|brentford,0.034945,0.034945,0.093080,0.269014,0.956493,0.956493,0.129901,0.129901,0.097314,0.097314,0.336151,0.234319
11310,Brajan Gruda,18,716,1,1.772459,1,1.215459,16,16,2,0,M S,Brighton,1,1.772459,5.479942,2.844237,EPL,2025,brighton,brajan gruda|brighton,0.222795,0.222795,0.152781,2.011173,2.011173,2.011173,0.110779,0.110779,0.075966,0.075966,0.688819,0.357516
11357,Noni Madueke,24,1152,1,1.792378,1,3.115550,21,19,0,0,F M S,Arsenal,1,1.792378,5.493344,3.082424,EPL,2025,arsenal,noni madueke|arsenal,0.140030,0.140030,0.243402,1.640625,1.484375,1.484375,0.085351,0.085351,0.163976,0.163976,0.429168,0.240814
11384,João Gomes,33,2665,1,1.246257,1,1.441766,18,16,10,0,M S,Wolverhampton Wanderers,1,1.246257,5.792729,4.669901,EPL,2025,wolverhampton wanderers,joao gomes|wolverhampton wanderers,0.042087,0.042087,0.048690,0.607880,0.540338,0.540338,0.069236,0.069236,0.090110,0.090110,0.195627,0.157708
11386,Lewis Miley,23,1470,1,1.376009,4,2.321293,12,15,0,0,D M S,Newcastle United,1,1.376009,7.045768,5.918217,EPL,2025,newcastle united,lewis miley|newcastle united,0.084245,0.084245,0.142120,0.734694,0.918367,0.918367,0.114667,0.114667,0.154753,0.154753,0.431374,0.362340
11710,Simon Adingra,14,665,1,0.335604,0,0.732371,6,7,2,0,F M S,Sunderland,1,0.335604,1.975445,1.053218,EPL,2025,sunderland,simon adingra|sunderland,0.045420,0.045420,0.099118,0.812030,0.947368,0.947368,0.055934,0.055934,0.104624,0.104624,0.267353,0.142541
11728,Calvin Bassey,27,2253,1,1.190936,0,0.329467,11,7,5,0,D S,Fulham,1,1.190936,5.738952,5.501728,EPL,2025,fulham,calvin bassey|fulham,0.047574,0.047574,0.013161,0.439414,0.279627,0.279627,0.108267,0.108267,0.047067,0.047067,0.229252,0.219776
11772,Yehor Yarmolyuk,35,2508,1,1.375293,2,1.257388,16,14,7,0,M S,Brentford,1,1.375293,9.143594,7.774872,EPL,2025,brentford,yehor yarmolyuk|brentford,0.049353,0.049353,0.045122,0.574163,0.502392,0.502392,0.085956,0.085956,0.089813,0.089813,0.328119,0.279003
11936,Lorenzo Lucca,3,117,1,1.128156,0,0.036645,3,1,0,0,F S,Nottingham Forest,1,1.128156,1.188479,0.060323,EPL,2025,nottingham forest,lorenzo lucca|nottingham forest,0.867812,0.867812,0.028188,2.307692,0.769231,0.769231,0.376052,0.376052,0.036645,0.036645,0.914214,0.046402
12014,Jake O&#039;Brien,34,2899,1,0.725309,1,0.667672,11,15,4,1,D S,Everton,1,0.725309,5.739100,4.907931,EPL,2025,everton,jake o 039 brien|everton,0.022517,0.022517,0.020728,0.341497,0.465678,0.465678,0.065937,0.065937,0.044511,0.044511,0.178171,0.152368
12123,Murillo,25,2132,1,0.595710,0,0.299396,11,8,5,0,D,Nottingham Forest,1,0.595710,6.358569,6.049852,EPL,2025,nottingham forest,murillo|nottingham forest,0.025147,0.025147,0.012639,0.464353,0.337711,0.337711,0.054155,0.054155,0.037425,0.037425,0.268420,0.255388
12168,Alejandro Jiménez,31,2354,1,1.210428,0,1.702882,21,15,10,0,D M S,Bournemouth,1,1.210428,7.322334,4.869594,EPL,2025,bournemouth,alejandro jimenez|bournemouth,0.046278,0.046278,0.065106,0.802889,0.573492,0.573492,0.057639,0.057639,0.113525,0.113525,0.279953,0.186178
12410,Joshua King,29,1267,1,3.657898,2,0.939350,24,13,3,0,F M S,Fulham,1,3.657898,5.806363,2.386074,EPL,2025,fulham,joshua king|fulham,0.259835,0.259835,0.066726,1.704815,0.923441,0.923441,0.152412,0.152412,0.072258,0.072258,0.412449,0.169492
12535,Josh Acheampong,15,580,1,0.653926,0,0.137967,3,2,1,0,D S,Chelsea,1,0.653926,2.104891,2.033213,EPL,2025,chelsea,josh acheampong|chelsea,0.101471,0.101471,0.021409,0.465517,0.310345,0.310345,0.217975,0.217975,0.068983,0.068983,0.326621,0.315499
12912,Lucas Bergvall,22,950,1,1.376855,3,0.291629,11,5,2,0,M S,Tottenham,1,1.376855,3.162443,1.638275,EPL,2025,tottenham,lucas bergvall|tottenham,0.130439,0.130439,0.027628,1.042105,0.473684,0.473684,0.125169,0.125169,0.058326,0.058326,0.299600,0.155205
13022,André,32,2493,1,0.494529,0,1.171548,14,17,10,0,M S,Wolverhampton Wanderers,1,0.494529,5.764213,5.091222,EPL,2025,wolverhampton wanderers,andre|wolverhampton wanderers,0.017853,0.017853,0.042294,0.505415,0.613718,0.613718,0.035324,0.035324,0.068915,0.068915,0.208094,0.183799
13038,Justin Devenny,20,672,1,2.245275,0,0.332479,13,7,0,0,D F M S,Crystal Palace,0,1.484107,2.907811,1.360154,EPL,2025,crystal palace,justin devenny|crystal palace,0.300707,0.198764,0.044528,1.741071,0.937500,0.937500,0.172713,0.114162,0.047497,0.047497,0.389439,0.182164
13066,Ferdi Kadioglu,34,2875,1,1.955253,0,1.253511,26,19,6,0,D M S,Brighton,1,1.955253,12.723632,10.459787,EPL,2025,brighton,ferdi kadioglu|brighton,0.061208,0.061208,0.039240,0.813913,0.594783,0.594783,0.075202,0.075202,0.065974,0.065974,0.398305,0.327437
13206,Matt O&#039;Riley,6,195,1,1.139721,0,0.149599,4,4,0,0,M S,Brighton,0,0.378552,0.530577,0.113959,EPL,2025,brighton,matt o 039 riley|brighton,0.526025,0.174716,0.069046,1.846154,1.846154,1.846154,0.284930,0.094638,0.037400,0.037400,0.244882,0.052597
13220,Tom Edozie,3,6,1,0.137961,0,0.000000,2,0,0,0,S,Wolverhampton Wanderers,1,0.137961,0.137961,0.000000,EPL,2025,wolverhampton wanderers,tom edozie|wolverhampton wanderers,2.069414,2.069414,0.000000,30.000000,0.000000,0.000000,0.068980,0.068980,0.000000,0.000000,2.069414,0.000000
13713,Trai Hume,35,2798,1,2.579853,1,1.582069,31,19,9,0,D M S,Sunderland,1,2.579853,6.757758,3.301785,EPL,2025,sunderland,trai hume|sunderland,0.082983,0.082983,0.050889,0.997141,0.611151,0.611151,0.083221,0.083221,0.083267,0.083267,0.217369,0.106205
13719,Chris Rigg,16,769,1,0.800101,0,0.696938,12,8,1,0,M S,Sunderland,1,0.800101,1.661689,0.418181,EPL,2025,sunderland,chris rigg|sunderland,0.093640,0.093640,0.081566,1.404421,0.936281,0.936281,0.066675,0.066675,0.087117,0.087117,0.194476,0.048942
13726,Oliver Sonne,7,149,1,0.375303,0,0.026918,3,1,0,0,D S,Burnley,1,0.375303,0.507987,0.197378,EPL,2025,burnley,oliver sonne|burnley,0.226693,0.226693,0.016259,1.812081,0.604027,0.604027,0.125101,0.125101,0.026918,0.026918,0.306838,0.119222
13728,Josh Laurent,31,1695,1,1.043675,0,0.735511,15,12,7,1,D M S,Burnley,1,1.043675,3.054351,1.571964,EPL,2025,burnley,josh laurent|burnley,0.055416,0.055416,0.039054,0.796460,0.637168,0.637168,0.069578,0.069578,0.061293,0.061293,0.162178,0.083467
13730,Marcus Edwards,22,1049,1,2.254167,3,2.214564,22,18,0,0,F M S,Burnley,1,2.254167,5.678509,2.743596,EPL,2025,burnley,marcus edwards|burnley,0.193398,0.193398,0.190001,1.887512,1.544328,1.544328,0.102462,0.102462,0.123031,0.123031,0.487193,0.235390
13741,Jhon Arias,23,1140,1,3.293147,0,0.896227,16,11,1,0,F M S,Wolverhampton Wanderers,1,3.293147,4.877626,1.345094,EPL,2025,wolverhampton wanderers,jhon arias|wolverhampton wanderers,0.259985,0.259985,0.070755,1.263158,0.868421,0.868421,0.205822,0.205822,0.081475,0.081475,0.385076,0.106192
13872,Max Dowman,5,77,1,0.669045,0,0.167970,6,3,0,0,S,Arsenal,1,0.669045,0.779290,0.109657,EPL,2025,arsenal,max dowman|arsenal,0.782000,0.782000,0.196329,7.012987,3.506494,3.506494,0.111507,0.111507,0.055990,0.055990,0.910859,0.128171
14028,Stefanos Tzimas,9,111,1,0.625007,1,0.384320,4,6,0,0,F S,Brighton,1,0.625007,0.807426,0.009938,EPL,2025,brighton,stefanos tzimas|brighton,0.506762,0.506762,0.311611,3.243243,4.864865,4.864865,0.156252,0.156252,0.064053,0.064053,0.654670,0.008058
14030,Kevin,23,876,1,1.229806,1,1.205335,22,13,1,0,M S,Fulham,1,1.229806,4.520283,2.660886,EPL,2025,fulham,kevin|fulham,0.126350,0.126350,0.123836,2.260274,1.335616,1.335616,0.055900,0.055900,0.092718,0.092718,0.464413,0.273379
76,Fabian Schär,16,1096,0,0.963182,0,0.162678,17,4,1,0,D S,Newcastle United,0,0.963182,3.192900,3.059699,EPL,2025,newcastle united,fabian schar|newcastle united,0.079093,0.079093,0.013359,1.395985,0.328467,0.328467,0.056658,0.056658,0.040670,0.040670,0.262191,0.251253
181,Bernd Leno,35,3150,0,0.000000,0,0.000000,0,0,3,0,GK,Fulham,0,0.000000,4.376497,4.376497,EPL,2025,fulham,bernd leno|fulham,0.000000,0.000000,0.000000,0.000000,0.000000,0.000000,0.000000,0.000000,0.000000,0.000000,0.125043,0.125043
579,Nathan Aké,15,479,0,0.196746,0,0.690872,4,5,1,0,D S,Manchester City,0,0.196746,2.865237,2.375601,EPL,2025,manchester city,nathan ake|manchester city,0.036967,0.036967,0.129809,0.751566,0.939457,0.939457,0.049186,0.049186,0.138174,0.138174,0.538354,0.446355
585,Seamus Coleman,3,11,0,0.000000,0,0.000000,0,0,0,0,D S,Everton,0,0.000000,0.000000,0.000000,EPL,2025,everton,seamus coleman|everton,0.000000,0.000000,0.000000,0.000000,0.000000,0.000000,0.000000,0.000000,0.000000,0.000000,0.000000,0.000000
586,John Stones,7,356,0,0.000000,0,0.062763,0,1,0,0,D S,Manchester City,0,0.000000,2.076419,2.013656,EPL,2025,manchester city,john stones|manchester city,0.000000,0.000000,0.015867,0.000000,0.252809,0.252809,0.000000,0.000000,0.062763,0.062763,0.524937,0.509070
603,Nathaniel Clyne,8,515,0,0.270165,1,0.674500,3,3,1,0,D S,Crystal Palace,0,0.270165,1.109274,0.839109,EPL,2025,crystal palace,nathaniel clyne|crystal palace,0.047213,0.047213,0.117874,0.524272,0.524272,0.524272,0.090055,0.090055,0.224833,0.224833,0.193854,0.146640
638,Kyle Walker,33,2831,0,0.093041,2,1.651510,4,12,9,0,D M S,Burnley,0,0.093041,8.192456,8.024716,EPL,2025,burnley,kyle walker|burnley,0.002958,0.002958,0.052503,0.127164,0.381491,0.381491,0.023260,0.023260,0.137626,0.137626,0.260445,0.255113
652,Kieran Trippier,19,1517,0,0.095899,1,1.778492,2,27,3,0,D S,Newcastle United,0,0.095899,4.623884,4.205591,EPL,2025,newcastle united,kieran trippier|newcastle united,0.005689,0.005689,0.105514,0.118655,1.601846,1.601846,0.047950,0.047950,0.065870,0.065870,0.274324,0.249508
725,Ola Aina,18,1595,0,0.409604,0,0.341342,12,9,3,0,D,Nottingham Forest,0,0.409604,3.950665,3.527306,EPL,2025,nottingham forest,ola aina|nottingham forest,0.023112,0.023112,0.019261,0.677116,0.507837,0.507837,0.034134,0.034134,0.037927,0.037927,0.222922,0.199033
741,Jordan Pickford,35,3150,0,0.000000,0,0.233372,0,2,4,0,GK,Everton,0,0.000000,2.571549,2.489432,EPL,2025,everton,jordan pickford|everton,0.000000,0.000000,0.006668,0.000000,0.057143,0.057143,0.000000,0.000000,0.116686,0.116686,0.073473,0.071127
766,Jamaal Lascelles,2,8,0,0.078303,0,0.000000,1,0,0,0,S,Newcastle United,0,0.078303,0.000000,0.000000,EPL,2025,newcastle united,jamaal lascelles|newcastle united,0.880904,0.880904,0.000000,11.250000,0.000000,0.000000,0.078303,0.078303,0.000000,0.000000,0.000000,0.000000
780,Karl Darlow,19,1710,0,0.000000,0,0.000000,0,0,1,0,GK,Leeds,0,0.000000,1.436355,1.436355,EPL,2025,leeds,karl darlow|leeds,0.000000,0.000000,0.000000,0.000000,0.000000,0.000000,0.000000,0.000000,0.000000,0.000000,0.075598,0.075598
825,Adam Smith,19,809,0,0.000000,1,0.484125,0,5,3,0,D S,Bournemouth,0,0.000000,3.423723,2.949551,EPL,2025,bournemouth,adam smith|bournemouth,0.000000,0.000000,0.053858,0.000000,0.556242,0.556242,0.000000,0.000000,0.096825,0.096825,0.380884,0.328133
843,James Ward-Prowse,15,1066,0,0.181043,1,3.085048,5,22,1,0,M S,"Burnley,West Ham",0,0.181043,3.028962,2.876942,EPL,2025,burnley west ham,james ward prowse|burnley west ham,0.015285,0.015285,0.260464,0.422139,1.857411,1.857411,0.036209,0.036209,0.140229,0.140229,0.255729,0.242894
852,Freddie Woodman,3,210,0,0.000000,0,0.000000,0,0,0,0,GK S,Liverpool,0,0.000000,0.641143,0.641143,EPL,2025,liverpool,freddie woodman|liverpool,0.000000,0.000000,0.000000,0.000000,0.000000,0.000000,0.000000,0.000000,0.000000,0.000000,0.274776,0.274776
900,Adama Traoré,24,326,0,0.688352,0,0.414689,7,3,1,0,M S,"Fulham,West Ham",0,0.688352,1.769631,0.703641,EPL,2025,fulham west ham,adama traore|fulham west ham,0.190036,0.190036,0.114485,1.932515,0.828221,0.828221,0.098336,0.098336,0.138230,0.138230,0.488548,0.194257
902,Sam Byram,1,4,0,0.000000,0,0.000000,0,0,0,0,S,Leeds,0,0.000000,0.000000,0.000000,EPL,2025,leeds,sam byram|leeds,0.000000,0.000000,0.000000,0.000000,0.000000,0.000000,0.000000,0.000000,0.000000,0.000000,0.000000,0.000000
925,Patrick Roberts,1,23,0,0.068016,0,0.000000,1,0,0,0,S,Sunderland,0,0.068016,0.109399,0.041383,EPL,2025,sunderland,patrick roberts|sunderland,0.266151,0.266151,0.000000,3.913043,0.000000,0.000000,0.068016,0.068016,0.000000,0.000000,0.428084,0.161933
978,Sam Johnstone,12,1080,0,0.000000,0,0.000000,0,0,0,0,GK,Wolverhampton Wanderers,0,0.000000,0.318839,0.318839,EPL,2025,wolverhampton wanderers,sam johnstone|wolverhampton wanderers,0.000000,0.000000,0.000000,0.000000,0.000000,0.000000,0.000000,0.000000,0.000000,0.000000,0.026570,0.026570
987,Joseph Gomez,18,495,0,0.143907,2,1.249166,2,5,2,0,D S,Liverpool,0,0.143907,4.206878,3.021059,EPL,2025,liverpool,joseph gomez|liverpool,0.026165,0.026165,0.227121,0.363636,0.909091,0.909091,0.071954,0.071954,0.249833,0.249833,0.764887,0.549283
1006,Luke Shaw,35,3004,0,0.501863,1,1.493661,8,15,8,0,D,Manchester United,0,0.501863,10.318512,9.567690,EPL,2025,manchester united,luke shaw|manchester united,0.015036,0.015036,0.044750,0.239680,0.449401,0.449401,0.062733,0.062733,0.099577,0.099577,0.309143,0.286648
1024,Tyrone Mings,15,1134,0,1.492117,0,0.709315,9,5,0,0,D S,Aston Villa,0,1.492117,3.500428,3.188519,EPL,2025,aston villa,tyrone mings|aston villa,0.118422,0.118422,0.056295,0.714286,0.396825,0.396825,0.165791,0.165791,0.141863,0.141863,0.277812,0.253057
1116,Gianluigi Donnarumma,31,2790,0,0.000000,0,0.000000,0,0,7,0,GK,Manchester City,0,0.000000,6.554271,6.554271,EPL,2025,manchester city,gianluigi donnarumma|manchester city,0.000000,0.000000,0.000000,0.000000,0.000000,0.000000,0.000000,0.000000,0.000000,0.000000,0.211428,0.211428
1257,Alisson,25,2250,0,0.000000,0,0.000000,0,0,1,0,GK,Liverpool,0,0.000000,3.937007,3.937007,EPL,2025,liverpool,alisson|liverpool,0.000000,0.000000,0.000000,0.000000,0.000000,0.000000,0.000000,0.000000,0.000000,0.000000,0.157480,0.157480
1545,Emil Krafth,1,51,0,0.000000,0,0.000000,0,0,0,0,D,Newcastle United,0,0.000000,0.020876,0.020876,EPL,2025,newcastle united,emil krafth|newcastle united,0.000000,0.000000,0.000000,0.000000,0.000000,0.000000,0.000000,0.000000,0.000000,0.000000,0.036840,0.036840
1760,Arthur Masuaku,3,132,0,0.078423,0,0.058063,1,1,1,0,D S,Sunderland,0,0.078423,0.155446,0.097383,EPL,2025,sunderland,arthur masuaku|sunderland,0.053471,0.053471,0.039589,0.681818,0.681818,0.681818,0.078423,0.078423,0.058063,0.058063,0.105986,0.066397
1789,Lewis Cook,15,839,0,0.059646,1,0.346930,3,11,1,1,D M S,Bournemouth,0,0.059646,2.538990,2.386724,EPL,2025,bournemouth,lewis cook|bournemouth,0.006398,0.006398,0.037215,0.321812,1.179976,1.179976,0.019882,0.019882,0.031539,0.031539,0.272359,0.256025
1823,Lucas Digne,29,1754,0,0.659450,5,2.777941,13,24,3,0,D S,Aston Villa,0,0.659450,5.254388,3.866382,EPL,2025,aston villa,lucas digne|aston villa,0.033837,0.033837,0.142540,0.667047,1.231471,1.231471,0.050727,0.050727,0.115748,0.115748,0.269609,0.198389
2182,Jefferson Lerma,27,1492,0,2.186967,2,1.730223,18,12,6,0,D M S,Crystal Palace,0,2.186967,7.034887,5.537246,EPL,2025,crystal palace,jefferson lerma|crystal palace,0.131922,0.131922,0.104370,1.085791,0.723861,0.723861,0.121498,0.121498,0.144185,0.144185,0.424356,0.334016
2254,Mateo Kovacic,3,23,0,0.032164,1,0.375976,1,3,0,0,S,Manchester City,0,0.032164,0.914695,0.557606,EPL,2025,manchester city,mateo kovacic|manchester city,0.125859,0.125859,1.471210,3.913043,11.739130,11.739130,0.032164,0.032164,0.125325,0.125325,3.579240,2.181935
2310,Alphonse Areola,20,1800,0,0.000000,1,0.022145,0,1,0,0,GK,West Ham,0,0.000000,0.430795,0.430795,EPL,2025,west ham,alphonse areola|west ham,0.000000,0.000000,0.001107,0.000000,0.050000,0.050000,0.000000,0.000000,0.022145,0.022145,0.021540,0.021540
2958,Oleksandr Zinchenko,5,347,0,0.076707,0,0.450784,4,5,0,0,D S,Nottingham Forest,0,0.076707,1.777435,1.637348,EPL,2025,nottingham forest,oleksandr zinchenko|nottingham forest,0.019895,0.019895,0.116918,1.037464,1.296830,1.296830,0.019177,0.019177,0.090157,0.090157,0.461006,0.424672
3203,Issa Diop,10,593,0,0.046434,0,0.000000,1,0,2,0,D S,Fulham,0,0.046434,0.940679,0.940679,EPL,2025,fulham,issa diop|fulham,0.007047,0.007047,0.000000,0.151771,0.000000,0.000000,0.046434,0.046434,0.000000,0.000000,0.142767,0.142767
3645,Olivier Boscagli,12,801,0,0.020715,1,0.147583,1,3,2,0,D S,Brighton,0,0.020715,3.546016,3.508576,EPL,2025,brighton,olivier boscagli|brighton,0.002328,0.002328,0.016582,0.112360,0.337079,0.337079,0.020715,0.020715,0.049194,0.049194,0.398429,0.394222
3697,Odsonne Edouard,1,1,0,0.000000,0,0.000000,0,0,0,0,S,Crystal Palace,0,0.000000,0.000000,0.000000,EPL,2025,crystal palace,odsonne edouard|crystal palace,0.000000,0.000000,0.000000,0.000000,0.000000,0.000000,0.000000,0.000000,0.000000,0.000000,0.000000,0.000000
4401,Emiliano Martinez,30,2657,0,0.000000,0,0.062870,0,1,2,0,GK,Aston Villa,0,0.000000,3.885043,3.822173,EPL,2025,aston villa,emiliano martinez|aston villa,0.000000,0.000000,0.002130,0.000000,0.033873,0.033873,0.000000,0.000000,0.062870,0.062870,0.131597,0.129468
4422,Ashley Barnes,6,24,0,0.115388,0,0.000000,1,0,0,0,S,Burnley,0,0.115388,0.115388,0.000000,EPL,2025,burnley,ashley barnes|burnley,0.432706,0.432706,0.000000,3.750000,0.000000,0.000000,0.115388,0.115388,0.000000,0.000000,0.432706,0.000000
5221,Leon Bailey,11,345,0,0.321949,1,1.020943,6,10,1,0,M S,Aston Villa,0,0.321949,1.132676,0.534439,EPL,2025,aston villa,leon bailey|aston villa,0.083987,0.083987,0.266333,1.565217,2.608696,2.608696,0.053658,0.053658,0.102094,0.102094,0.295481,0.139419
5261,Kevin Danso,21,1219,0,0.340297,0,0.104362,6,1,7,0,D S,Tottenham,0,0.340297,1.427905,1.427905,EPL,2025,tottenham,kevin danso|tottenham,0.025124,0.025124,0.007705,0.442986,0.073831,0.073831,0.056716,0.056716,0.104362,0.104362,0.105424,0.105424
5355,Jacob Bruun Larsen,25,995,0,1.387632,1,1.282696,16,11,0,0,F M S,Burnley,0,1.387632,4.362961,2.226932,EPL,2025,burnley,jacob bruun larsen|burnley,0.125514,0.125514,0.116023,1.447236,0.994975,0.994975,0.086727,0.086727,0.116609,0.116609,0.394640,0.201431
5544,Angus Gunn,1,38,0,0.000000,0,0.000000,0,0,0,0,S,Nottingham Forest,0,0.000000,0.013105,0.013105,EPL,2025,nottingham forest,angus gunn|nottingham forest,0.000000,0.000000,0.000000,0.000000,0.000000,0.000000,0.000000,0.000000,0.000000,0.000000,0.031039,0.031039
5552,Nick Pope,24,2152,0,0.131487,0,0.000000,1,0,2,0,GK,Newcastle United,0,0.131487,1.912013,1.912013,EPL,2025,newcastle united,nick pope|newcastle united,0.005499,0.005499,0.000000,0.041822,0.000000,0.000000,0.131487,0.131487,0.000000,0.000000,0.079963,0.079963
5584,Aaron Wan-Bissaka,23,1937,0,0.000000,2,1.067410,0,17,4,0,D M S,West Ham,0,0.000000,2.882322,2.140574,EPL,2025,west ham,aaron wan bissaka|west ham,0.000000,0.000000,0.049596,0.000000,0.789881,0.789881,0.000000,0.000000,0.062789,0.062789,0.133923,0.099459
5590,Tosin Adarabioyo,16,791,0,0.072417,0,0.415976,2,1,2,0,D S,Chelsea,0,0.072417,3.179009,3.179009,EPL,2025,chelsea,tosin adarabioyo|chelsea,0.008240,0.008240,0.047330,0.227560,0.113780,0.113780,0.036209,0.036209,0.415976,0.415976,0.361708,0.361708
5595,Daniel James,16,393,0,0.721886,0,0.448430,11,8,0,0,F S,Leeds,0,0.721886,1.432104,0.298251,EPL,2025,leeds,daniel james|leeds,0.165317,0.165317,0.102694,2.519084,1.832061,1.832061,0.065626,0.065626,0.056054,0.056054,0.327963,0.068302
5598,Angel Gomes,10,398,0,0.171942,0,0.155938,5,4,1,0,M S,Wolverhampton Wanderers,0,0.171942,1.489168,1.337877,EPL,2025,wolverhampton wanderers,angel gomes|wolverhampton wanderers,0.038881,0.038881,0.035262,1.130653,0.904523,0.904523,0.034388,0.034388,0.038985,0.038985,0.336746,0.302535
5603,Aaron Ramsdale,12,998,0,0.000000,0,0.071001,0,1,2,0,GK S,Newcastle United,0,0.000000,2.482473,2.411472,EPL,2025,newcastle united,aaron ramsdale|newcastle united,0.000000,0.000000,0.006403,0.000000,0.090180,0.090180,0.000000,0.000000,0.071001,0.071001,0.223870,0.217467
5609,Yves Bissouma,11,619,0,0.212382,0,0.000000,5,0,4,0,M S,Tottenham,0,0.212382,1.075252,0.932939,EPL,2025,tottenham,yves bissouma|tottenham,0.030879,0.030879,0.000000,0.726979,0.000000,0.000000,0.042476,0.042476,0.000000,0.000000,0.156337,0.135645
5652,Walter Benítez,1,90,0,0.000000,0,0.000000,0,0,0,0,GK,Crystal Palace,0,0.000000,0.000000,0.000000,EPL,2025,crystal palace,walter benitez|crystal palace,0.000000,0.000000,0.000000,0.000000,0.000000,0.000000,0.000000,0.000000,0.000000,0.000000,0.000000,0.000000
5956,Youri Tielemans,22,1667,0,1.702294,4,2.771390,19,29,0,0,M S,Aston Villa,0,1.702294,8.701240,6.469222,EPL,2025,aston villa,youri tielemans|aston villa,0.091905,0.091905,0.149625,1.025795,1.565687,1.565687,0.089594,0.089594,0.095565,0.095565,0.469773,0.349268
6048,Lewis Dunk,30,2561,0,0.906294,0,0.526742,19,6,10,0,D S,Brighton,0,0.906294,11.455693,11.368314,EPL,2025,brighton,lewis dunk|brighton,0.031849,0.031849,0.018511,0.667708,0.210855,0.210855,0.047700,0.047700,0.087790,0.087790,0.402582,0.399511
6049,Solly March,1,2,0,0.000000,0,0.000000,0,0,0,0,S,Brighton,0,0.000000,0.000000,0.000000,EPL,2025,brighton,solly march|brighton,0.000000,0.000000,0.000000,0.000000,0.000000,0.000000,0.000000,0.000000,0.000000,0.000000,0.000000,0.000000
6080,Victor Lindelöf,14,736,0,0.156128,1,0.598100,3,2,0,0,D S,Aston Villa,0,0.156128,2.430206,2.413491,EPL,2025,aston villa,victor lindelof|aston villa,0.019092,0.019092,0.073137,0.366848,0.244565,0.244565,0.052043,0.052043,0.299050,0.299050,0.297172,0.295128
6098,Niclas Füllkrug,8,416,0,0.983000,0,0.449096,9,7,0,0,F S,West Ham,0,0.983000,0.909273,0.122930,EPL,2025,west ham,niclas fullkrug|west ham,0.212668,0.212668,0.097160,1.947115,1.514423,1.514423,0.109222,0.109222,0.064157,0.064157,0.196718,0.026595
6104,Will Hughes,29,1417,0,1.281251,0,1.772325,17,19,7,0,M S,Crystal Palace,0,1.281251,6.367847,4.755730,EPL,2025,crystal palace,will hughes|crystal palace,0.081378,0.081378,0.112568,1.079746,1.206775,1.206775,0.075368,0.075368,0.093280,0.093280,0.404450,0.302058
6145,Daichi Kamada,24,1680,0,1.267370,0,1.870254,16,17,2,0,M S,Crystal Palace,0,1.267370,7.517051,5.747586,EPL,2025,crystal palace,daichi kamada|crystal palace,0.067895,0.067895,0.100192,0.857143,0.910714,0.910714,0.079211,0.079211,0.110015,0.110015,0.402699,0.307906
6157,Timothy Castagne,27,1579,0,1.268464,0,1.111694,12,14,4,0,D M S,Fulham,0,1.268464,5.376017,4.367816,EPL,2025,fulham,timothy castagne|fulham,0.072300,0.072300,0.063364,0.683977,0.797973,0.797973,0.105705,0.105705,0.079407,0.079407,0.306423,0.248957
6174,Nikola Milenkovic,35,3090,0,0.478016,0,0.123053,14,1,6,0,D S,Nottingham Forest,0,0.478016,7.547648,7.507759,EPL,2025,nottingham forest,nikola milenkovic|nottingham forest,0.013923,0.013923,0.003584,0.407767,0.029126,0.029126,0.034144,0.034144,0.123053,0.123053,0.219834,0.218673
6221,Pau Torres,19,1575,0,0.671729,0,0.006894,7,1,1,0,D S,Aston Villa,0,0.671729,4.429343,4.355118,EPL,2025,aston villa,pau torres|aston villa,0.038385,0.038385,0.000394,0.400000,0.057143,0.057143,0.095961,0.095961,0.006894,0.006894,0.253105,0.248864
6314,Joachim Andersen,32,2831,0,1.563703,1,0.580916,15,6,7,0,D,Fulham,0,1.563703,9.259830,8.927884,EPL,2025,fulham,joachim andersen|fulham,0.049712,0.049712,0.018468,0.476863,0.190745,0.190745,0.104247,0.104247,0.096819,0.096819,0.294378,0.283825
6345,Jadon Sancho,22,859,0,0.768872,2,2.052017,10,21,0,0,M S,Aston Villa,0,0.768872,5.133644,3.183871,EPL,2025,aston villa,jadon sancho|aston villa,0.080557,0.080557,0.214996,1.047730,2.200233,2.200233,0.076887,0.076887,0.097715,0.097715,0.537867,0.333584
6492,Reiss Nelson,9,103,0,0.900736,1,0.059022,5,2,0,0,S,Brentford,0,0.900736,1.503885,1.038023,EPL,2025,brentford,reiss nelson|brentford,0.787051,0.787051,0.051573,4.368932,1.747573,1.747573,0.180147,0.180147,0.029511,0.029511,1.314074,0.907010
6532,Martin Dubravka,35,3150,0,0.000000,0,0.000000,0,0,1,0,GK,Burnley,0,0.000000,2.838488,2.838488,EPL,2025,burnley,martin dubravka|burnley,0.000000,0.000000,0.000000,0.000000,0.000000,0.000000,0.000000,0.000000,0.000000,0.000000,0.081100,0.081100
6630,Joe Willock,22,855,0,1.234297,1,1.331970,14,11,3,0,M S,Newcastle United,0,1.234297,3.937643,2.590945,EPL,2025,newcastle united,joe willock|newcastle united,0.129926,0.129926,0.140207,1.473684,1.157895,1.157895,0.088164,0.088164,0.121088,0.121088,0.414489,0.272731
6665,Curtis Jones,31,1640,0,1.707155,2,2.727968,19,20,2,0,D M S,Liverpool,0,1.707155,9.457107,6.710580,EPL,2025,liverpool,curtis jones|liverpool,0.093685,0.093685,0.149706,1.042683,1.097561,1.097561,0.089850,0.089850,0.136398,0.136398,0.518988,0.368264
6674,Rayan Ait Nouri,15,881,0,0.444973,2,1.504745,8,10,2,0,D S,Manchester City,0,0.444973,6.996272,6.434507,EPL,2025,manchester city,rayan ait nouri|manchester city,0.045457,0.045457,0.153720,0.817253,1.021566,1.021566,0.055622,0.055622,0.150474,0.150474,0.714716,0.657328
6756,Dwight McNeil,21,1183,0,1.463274,1,1.739088,24,15,1,0,F M S,Everton,0,1.463274,4.599633,2.507861,EPL,2025,everton,dwight mcneil|everton,0.111323,0.111323,0.132306,1.825866,1.141167,1.141167,0.060970,0.060970,0.115939,0.115939,0.349930,0.190792
6816,Jean-Clair Todibo,21,1712,0,0.656011,1,0.379962,2,5,4,1,D S,West Ham,0,0.656011,1.641977,1.416962,EPL,2025,west ham,jean clair todibo|west ham,0.034487,0.034487,0.019975,0.105140,0.262850,0.262850,0.328006,0.328006,0.075992,0.075992,0.086319,0.074490
6852,Matt Doherty,11,822,0,0.082268,0,0.172796,3,3,4,0,D,Wolverhampton Wanderers,0,0.082268,0.300990,0.128194,EPL,2025,wolverhampton wanderers,matt doherty|wolverhampton wanderers,0.009007,0.009007,0.018919,0.328467,0.328467,0.328467,0.027423,0.027423,0.057599,0.057599,0.032955,0.014036
6885,Axel Disasi,11,990,0,1.080717,0,0.023905,5,1,1,0,D,West Ham,0,1.080717,2.383429,2.081070,EPL,2025,west ham,axel disasi|west ham,0.098247,0.098247,0.002173,0.454545,0.090909,0.090909,0.216143,0.216143,0.023905,0.023905,0.216675,0.189188
6903,Matz Sels,28,2402,0,0.000000,0,0.000000,0,0,2,0,GK S,Nottingham Forest,0,0.000000,2.185629,2.185629,EPL,2025,nottingham forest,matz sels|nottingham forest,0.000000,0.000000,0.000000,0.000000,0.000000,0.000000,0.000000,0.000000,0.000000,0.000000,0.081893,0.081893
6935,Naif Aguerd,2,180,0,0.088578,0,0.000000,2,0,0,0,D,West Ham,0,0.088578,0.138155,0.138155,EPL,2025,west ham,naif aguerd|west ham,0.044289,0.044289,0.000000,1.000000,0.000000,0.000000,0.044289,0.044289,0.000000,0.000000,0.069077,0.069077
6986,Hamed Junior Traore,1,13,0,0.000000,1,0.095590,0,1,0,0,S,Bournemouth,0,0.000000,0.095590,0.000000,EPL,2025,bournemouth,hamed junior traore|bournemouth,0.000000,0.000000,0.661778,0.000000,6.923077,6.923077,0.000000,0.000000,0.095590,0.095590,0.661778,0.000000
7075,Borna Sosa,7,88,0,0.039045,0,0.076266,1,2,1,0,S,Crystal Palace,0,0.039045,0.484361,0.388489,EPL,2025,crystal palace,borna sosa|crystal palace,0.039932,0.039932,0.077999,1.022727,2.045455,2.045455,0.039045,0.039045,0.038133,0.038133,0.495369,0.397319
7083,Christian Nørgaard,6,44,0,0.048742,0,0.000000,1,0,0,0,S,Arsenal,0,0.048742,0.534565,0.485823,EPL,2025,arsenal,christian nrgaard|arsenal,0.099699,0.099699,0.000000,2.045455,0.000000,0.000000,0.048742,0.048742,0.000000,0.000000,1.093428,0.993729
7240,Benoit Badiashile Mukinayi,8,478,0,0.000000,0,0.000000,0,0,2,0,D S,Chelsea,0,0.000000,1.045810,1.045810,EPL,2025,chelsea,benoit badiashile mukinayi|chelsea,0.000000,0.000000,0.000000,0.000000,0.000000,0.000000,0.000000,0.000000,0.000000,0.000000,0.196910,0.196910
7268,Bafode Diakite,18,1276,0,0.013868,0,0.084566,1,2,1,0,D S,Bournemouth,0,0.013868,3.926533,3.877728,EPL,2025,bournemouth,bafode diakite|bournemouth,0.000978,0.000978,0.005965,0.070533,0.141066,0.141066,0.013868,0.013868,0.042283,0.042283,0.276950,0.273507
7298,Ben White,11,676,0,0.282924,1,1.557781,5,8,0,0,D S,Arsenal,0,0.282924,4.191802,2.894026,EPL,2025,arsenal,ben white|arsenal,0.037667,0.037667,0.207397,0.665680,1.065089,1.065089,0.056585,0.056585,0.194723,0.194723,0.558080,0.385299
7332,Max Kilman,21,1552,0,1.167112,0,0.207708,7,4,4,0,D S,West Ham,0,1.167112,1.233876,1.128088,EPL,2025,west ham,max kilman|west ham,0.067680,0.067680,0.012045,0.405928,0.231959,0.231959,0.166730,0.166730,0.051927,0.051927,0.071552,0.065417
7432,Reinildo,22,1704,0,0.170005,1,0.295891,4,6,7,1,D S,Sunderland,0,0.170005,2.938232,2.696691,EPL,2025,sunderland,reinildo|sunderland,0.008979,0.008979,0.015628,0.211268,0.316901,0.316901,0.042501,0.042501,0.049315,0.049315,0.155188,0.142431
7546,Harvey Elliott,5,110,0,0.289575,0,0.093849,5,1,0,0,M S,"Aston Villa,Liverpool",0,0.289575,0.738034,0.412538,EPL,2025,aston villa liverpool,harvey elliott|aston villa liverpool,0.236925,0.236925,0.076785,4.090909,0.818182,0.818182,0.057915,0.057915,0.093849,0.093849,0.603846,0.337531
7589,Wesley Fofana,22,1508,0,0.540172,1,0.658528,8,3,5,1,D S,Chelsea,0,0.540172,7.746617,7.716002,EPL,2025,chelsea,wesley fofana|chelsea,0.032238,0.032238,0.039302,0.477454,0.179045,0.179045,0.067522,0.067522,0.219509,0.219509,0.462331,0.460504
7702,Dean Henderson,33,2970,0,0.000000,0,0.015476,0,1,4,0,GK,Crystal Palace,0,0.000000,3.528336,3.528336,EPL,2025,crystal palace,dean henderson|crystal palace,0.000000,0.000000,0.000469,0.000000,0.030303,0.030303,0.000000,0.000000,0.015476,0.015476,0.106919,0.106919
7726,Ezri Konsa Ngoyo,32,2856,0,1.074051,0,0.601487,11,5,0,1,D,Aston Villa,0,1.074051,9.039545,8.517018,EPL,2025,aston villa,ezri konsa ngoyo|aston villa,0.033846,0.033846,0.018954,0.346639,0.157563,0.157563,0.097641,0.097641,0.120297,0.120297,0.284860,0.268393
7791,Sebastiaan Bornauw,9,316,0,0.000000,0,0.000000,0,0,1,0,D S,Leeds,0,0.000000,0.397739,0.397739,EPL,2025,leeds,sebastiaan bornauw|leeds,0.000000,0.000000,0.000000,0.000000,0.000000,0.000000,0.000000,0.000000,0.000000,0.000000,0.113280,0.113280
7904,Caoimhin Kelleher,34,3060,0,0.000000,0,0.106401,0,2,1,0,GK,Brentford,0,0.000000,5.235898,5.129497,EPL,2025,brentford,caoimhin kelleher|brentford,0.000000,0.000000,0.003129,0.000000,0.058824,0.058824,0.000000,0.000000,0.053201,0.053201,0.153997,0.150868
7943,Igor Julio,4,94,0,0.000000,0,0.018099,0,1,0,0,D S,West Ham,0,0.000000,0.069897,0.069897,EPL,2025,west ham,igor julio|west ham,0.000000,0.000000,0.017329,0.000000,0.957447,0.957447,0.000000,0.000000,0.018099,0.018099,0.066922,0.066922
7958,Sandro Tonali,33,2440,0,1.364109,2,3.527416,34,30,4,0,M S,Newcastle United,0,1.364109,10.054176,7.975573,EPL,2025,newcastle united,sandro tonali|newcastle united,0.050315,0.050315,0.130110,1.254098,1.106557,1.106557,0.040121,0.040121,0.117581,0.117581,0.370851,0.294181
8000,Ilia Gruev,23,1310,0,0.733761,3,1.493600,7,11,3,0,M S,Leeds,0,0.733761,3.584418,2.230387,EPL,2025,leeds,ilia gruev|leeds,0.050411,0.050411,0.102614,0.480916,0.755725,0.755725,0.104823,0.104823,0.135782,0.135782,0.246258,0.153233
8056,Arnaud Kalimuendo Muinga,9,75,0,0.251088,0,0.011349,4,1,0,0,S,Nottingham Forest,0,0.251088,0.313189,0.062101,EPL,2025,nottingham forest,arnaud kalimuendo muinga|nottingham forest,0.301306,0.301306,0.013619,4.800000,1.200000,1.200000,0.062772,0.062772,0.011349,0.011349,0.375827,0.074521
8267,Guido Rodríguez,6,159,0,0.024249,0,0.000000,1,0,1,0,M S,West Ham,0,0.024249,0.322450,0.298201,EPL,2025,west ham,guido rodriguez|west ham,0.013726,0.013726,0.000000,0.566038,0.000000,0.000000,0.024249,0.024249,0.000000,0.000000,0.182519,0.168793
8285,Sander Berge,33,2795,0,1.123559,1,1.746176,12,18,5,0,M S,Fulham,0,1.123559,9.906341,8.359798,EPL,2025,fulham,sander berge|fulham,0.036179,0.036179,0.056227,0.386404,0.579606,0.579606,0.093630,0.093630,0.097010,0.097010,0.318988,0.269188
8351,Ki-Jana Hoever,8,437,0,0.009232,0,0.338771,1,5,0,0,D S,Wolverhampton Wanderers,0,0.009232,1.378377,1.030374,EPL,2025,wolverhampton wanderers,ki jana hoever|wolverhampton wanderers,0.001901,0.001901,0.069770,0.205950,1.029748,1.029748,0.009232,0.009232,0.067754,0.067754,0.283876,0.212205
8401,Luca Netz,4,155,0,0.000000,0,0.000000,0,0,0,0,D S,Nottingham Forest,0,0.000000,2.662043,2.662043,EPL,2025,nottingham forest,luca netz|nottingham forest,0.000000,0.000000,0.000000,0.000000,0.000000,0.000000,0.000000,0.000000,0.000000,0.000000,1.545702,1.545702
8489,Jorge Cuenca,14,948,0,0.050821,0,0.515875,1,3,5,0,D S,Fulham,0,0.050821,2.244138,2.244138,EPL,2025,fulham,jorge cuenca|fulham,0.004825,0.004825,0.048976,0.094937,0.284810,0.284810,0.050821,0.050821,0.171958,0.171958,0.213051,0.213051
8537,Dennis Cirkin,8,312,0,0.066358,0,0.000000,1,0,2,0,D S,Sunderland,0,0.066358,0.602578,0.536220,EPL,2025,sunderland,dennis cirkin|sunderland,0.019142,0.019142,0.000000,0.288462,0.000000,0.000000,0.066358,0.066358,0.000000,0.000000,0.173821,0.154679
8717,Pascal Struijk,32,2791,0,2.926282,1,1.093722,30,12,5,0,D S,Leeds,0,2.926282,6.291707,5.394120,EPL,2025,leeds,pascal struijk|leeds,0.094362,0.094362,0.035269,0.967395,0.386958,0.386958,0.097543,0.097543,0.091144,0.091144,0.202886,0.173942
8720,Jack Harrison,11,232,0,0.433868,0,0.338028,6,1,0,0,F S,Leeds,0,0.433868,1.066375,0.329056,EPL,2025,leeds,jack harrison|leeds,0.168311,0.168311,0.131132,2.327586,0.387931,0.387931,0.072311,0.072311,0.338028,0.338028,0.413680,0.127651
8786,Stefan Ortega Moreno,3,270,0,0.000000,0,0.000000,0,0,0,0,GK,Nottingham Forest,0,0.000000,0.129231,0.129231,EPL,2025,nottingham forest,stefan ortega moreno|nottingham forest,0.000000,0.000000,0.000000,0.000000,0.000000,0.000000,0.000000,0.000000,0.000000,0.000000,0.043077,0.043077
8808,Wataru Endo,8,162,0,0.061961,1,0.138905,1,1,1,0,D S,Liverpool,0,0.061961,0.960018,0.759152,EPL,2025,liverpool,wataru endo|liverpool,0.034423,0.034423,0.077169,0.555556,0.555556,0.555556,0.061961,0.061961,0.138905,0.138905,0.533344,0.421751
8812,Sasa Kalajdzic,1,11,0,0.000000,0,0.000000,0,0,0,0,S,Wolverhampton Wanderers,0,0.000000,0.000000,0.000000,EPL,2025,wolverhampton wanderers,sasa kalajdzic|wolverhampton wanderers,0.000000,0.000000,0.000000,0.000000,0.000000,0.000000,0.000000,0.000000,0.000000,0.000000,0.000000,0.000000
8831,Iyenoma Destiny Udogie,17,1094,0,0.171999,1,1.122002,3,12,3,0,D S,Tottenham,0,0.171999,5.013402,4.115779,EPL,2025,tottenham,iyenoma destiny udogie|tottenham,0.014150,0.014150,0.092304,0.246801,0.987203,0.987203,0.057333,0.057333,0.093500,0.093500,0.412437,0.338592
8858,Guglielmo Vicario,31,2790,0,0.000000,0,0.071865,0,1,1,0,GK,Tottenham,0,0.000000,3.511238,3.439373,EPL,2025,tottenham,guglielmo vicario|tottenham,0.000000,0.000000,0.002318,0.000000,0.032258,0.032258,0.000000,0.000000,0.071865,0.071865,0.113266,0.110948
8920,Dilane Bakwa,12,471,0,0.682750,2,1.194488,8,10,1,0,M S,Nottingham Forest,0,0.682750,2.297750,1.147789,EPL,2025,nottingham forest,dilane bakwa|nottingham forest,0.130462,0.130462,0.228246,1.528662,1.910828,1.910828,0.085344,0.085344,0.119449,0.119449,0.439061,0.219323
8940,Antonee Robinson,19,1214,0,0.155127,0,0.918051,3,18,3,0,D S,Fulham,0,0.155127,3.971825,3.418498,EPL,2025,fulham,antonee robinson|fulham,0.011500,0.011500,0.068060,0.222405,1.334432,1.334432,0.051709,0.051709,0.051003,0.051003,0.294452,0.253431
8942,Aaron Hickey,19,578,0,0.534723,0,0.603842,5,1,1,0,D S,Brentford,0,0.534723,2.583484,2.135821,EPL,2025,brentford,aaron hickey|brentford,0.083261,0.083261,0.094024,0.778547,0.155709,0.155709,0.106945,0.106945,0.603842,0.603842,0.402273,0.332567
8969,Florentino Luís,28,1886,0,0.961666,2,0.485620,10,10,6,0,M S,Burnley,0,0.961666,4.163376,3.475888,EPL,2025,burnley,florentino luis|burnley,0.045891,0.045891,0.023174,0.477200,0.477200,0.477200,0.096167,0.096167,0.048562,0.048562,0.198676,0.165870
9077,James Trafford,3,270,0,0.000000,0,0.000000,0,0,0,0,GK,Manchester City,0,0.000000,1.418110,1.418110,EPL,2025,manchester city,james trafford|manchester city,0.000000,0.000000,0.000000,0.000000,0.000000,0.000000,0.000000,0.000000,0.000000,0.000000,0.472703,0.472703
9098,Robert Sánchez,33,2874,0,0.000000,1,0.884849,0,5,4,1,GK,Chelsea,0,0.000000,9.886632,9.001783,EPL,2025,chelsea,robert sanchez|chelsea,0.000000,0.000000,0.027709,0.000000,0.156576,0.156576,0.000000,0.000000,0.176970,0.176970,0.309602,0.281893
9105,Radu Dragusin,9,512,0,0.207761,0,0.000000,4,0,0,0,D S,Tottenham,0,0.207761,0.811807,0.811807,EPL,2025,tottenham,radu dragusin|tottenham,0.036520,0.036520,0.000000,0.703125,0.000000,0.000000,0.051940,0.051940,0.000000,0.000000,0.142700,0.142700
9272,Filip Jorgensen,4,275,0,0.000000,0,0.000000,0,0,0,0,GK S,Chelsea,0,0.000000,1.312999,1.312999,EPL,2025,chelsea,filip jorgensen|chelsea,0.000000,0.000000,0.000000,0.000000,0.000000,0.000000,0.000000,0.000000,0.000000,0.000000,0.429709,0.429709
9328,Jeremie Frimpong,19,924,0,0.425214,1,2.353353,9,14,1,0,D M S,Liverpool,0,0.425214,5.298547,3.834328,EPL,2025,liverpool,jeremie frimpong|liverpool,0.041417,0.041417,0.229223,0.876623,1.363636,1.363636,0.047246,0.047246,0.168097,0.168097,0.516092,0.373474
9332,Dane Scarlett,2,4,0,0.000000,0,0.000000,0,0,0,0,S,Tottenham,0,0.000000,0.050613,0.050613,EPL,2025,tottenham,dane scarlett|tottenham,0.000000,0.000000,0.000000,0.000000,0.000000,0.000000,0.000000,0.000000,0.000000,0.000000,1.138793,1.138793
9487,Maxime Estève,32,2772,0,0.451608,0,0.702104,10,6,1,0,D,Burnley,0,0.451608,4.027327,3.878912,EPL,2025,burnley,maxime esteve|burnley,0.014663,0.014663,0.022796,0.324675,0.194805,0.194805,0.045161,0.045161,0.117017,0.117017,0.130757,0.125939
9512,Valentino Livramento,17,1323,0,0.152286,1,0.616282,3,10,1,0,D S,Newcastle United,0,0.152286,6.227931,5.611849,EPL,2025,newcastle united,valentino livramento|newcastle united,0.010360,0.010360,0.041924,0.204082,0.680272,0.680272,0.050762,0.050762,0.061628,0.061628,0.423669,0.381758
9524,Anthony Elanga,30,1268,0,1.330418,1,1.749521,16,15,0,0,F M S,Newcastle United,0,1.330418,4.059074,1.736416,EPL,2025,newcastle united,anthony elanga|newcastle united,0.094430,0.094430,0.124177,1.135647,1.064669,1.064669,0.083151,0.083151,0.116635,0.116635,0.288105,0.123247
9554,Tim Iroegbunam,26,1241,0,0.438191,2,1.836278,11,7,8,0,M S,Everton,0,0.438191,3.435615,1.938400,EPL,2025,everton,tim iroegbunam|everton,0.031779,0.031779,0.133171,0.797744,0.507655,0.507655,0.039836,0.039836,0.262325,0.262325,0.249158,0.140577
9614,Marco Bizot,6,493,0,0.000000,0,0.000000,0,0,1,0,GK S,Aston Villa,0,0.000000,1.029810,1.029810,EPL,2025,aston villa,marco bizot|aston villa,0.000000,0.000000,0.000000,0.000000,0.000000,0.000000,0.000000,0.000000,0.000000,0.000000,0.187998,0.187998
9676,David Raya,35,3150,0,0.000000,0,0.149394,0,3,1,0,GK,Arsenal,0,0.000000,6.163207,6.072216,EPL,2025,arsenal,david raya|arsenal,0.000000,0.000000,0.004268,0.000000,0.085714,0.085714,0.000000,0.000000,0.049798,0.049798,0.176092,0.173492
9677,Kristoffer Ajer,25,1633,0,1.053915,1,0.904286,10,5,3,0,D S,Brentford,0,1.053915,5.491811,3.873572,EPL,2025,brentford,kristoffer ajer|brentford,0.058085,0.058085,0.049838,0.551133,0.275566,0.275566,0.105391,0.105391,0.180857,0.180857,0.302672,0.213485
9678,Ethan Pinnock,4,330,0,0.009195,0,0.000000,1,0,1,0,D,Brentford,0,0.009195,0.109052,0.109052,EPL,2025,brentford,ethan pinnock|brentford,0.002508,0.002508,0.000000,0.272727,0.000000,0.000000,0.009195,0.009195,0.000000,0.000000,0.029741,0.029741
9679,Rico Henry,25,1315,0,0.145659,1,0.316172,5,4,2,0,D S,Brentford,0,0.145659,2.418498,2.231708,EPL,2025,brentford,rico henry|brentford,0.009969,0.009969,0.021639,0.342205,0.273764,0.273764,0.029132,0.029132,0.079043,0.079043,0.165525,0.152740
9681,Frank Onyeka,6,68,0,0.000000,1,0.370604,0,1,0,0,S,Brentford,0,0.000000,0.370604,0.370604,EPL,2025,brentford,frank onyeka|brentford,0.000000,0.000000,0.490505,0.000000,1.323529,1.323529,0.000000,0.000000,0.370604,0.370604,0.490505,0.490505
9693,Giorgi Mamardashvili,8,690,0,0.000000,0,0.000000,0,0,0,0,GK,Liverpool,0,0.000000,2.286320,2.286320,EPL,2025,liverpool,giorgi mamardashvili|liverpool,0.000000,0.000000,0.000000,0.000000,0.000000,0.000000,0.000000,0.000000,0.000000,0.000000,0.298216,0.298216
9740,José Sá,21,1890,0,0.000000,0,0.083125,0,1,2,0,GK,Wolverhampton Wanderers,0,0.000000,0.704557,0.621432,EPL,2025,wolverhampton wanderers,jose sa|wolverhampton wanderers,0.000000,0.000000,0.003958,0.000000,0.047619,0.047619,0.000000,0.000000,0.083125,0.083125,0.033550,0.029592
9944,Gabriel Gudmundsson,32,2657,0,0.877729,0,3.101393,18,21,4,1,D M S,Leeds,0,0.877729,6.765582,4.271107,EPL,2025,leeds,gabriel gudmundsson|leeds,0.029731,0.029731,0.105053,0.609710,0.711329,0.711329,0.048763,0.048763,0.147685,0.147685,0.229169,0.144674
9958,Yerson Mosquera,24,1884,0,2.302174,0,1.202757,25,11,11,0,D S,Wolverhampton Wanderers,0,2.302174,5.545528,3.451471,EPL,2025,wolverhampton wanderers,yerson mosquera|wolverhampton wanderers,0.109976,0.109976,0.057457,1.194268,0.525478,0.525478,0.092087,0.092087,0.109342,0.109342,0.264914,0.164879
10004,Romeo Lavia,12,366,0,0.276713,0,0.415314,3,1,0,0,M S,Chelsea,0,0.276713,3.299999,3.252035,EPL,2025,chelsea,romeo lavia|chelsea,0.068044,0.068044,0.102126,0.737705,0.245902,0.245902,0.092238,0.092238,0.415314,0.415314,0.811475,0.799681
10024,Cristhian Mosquera,17,755,0,0.085854,0,0.164624,1,3,3,0,D S,Arsenal,0,0.085854,3.578519,3.488348,EPL,2025,arsenal,cristhian mosquera|arsenal,0.010234,0.010234,0.019624,0.119205,0.357616,0.357616,0.085854,0.085854,0.054875,0.054875,0.426578,0.415830
10025,Lamare Bogarde,26,928,0,0.000000,0,0.041152,0,2,5,0,D M S,Aston Villa,0,0.000000,1.957054,1.915902,EPL,2025,aston villa,lamare bogarde|aston villa,0.000000,0.000000,0.003991,0.000000,0.193966,0.193966,0.000000,0.000000,0.020576,0.020576,0.189801,0.185809
10120,Conor Bradley,15,962,0,0.219829,1,1.193711,6,4,5,0,D S,Liverpool,0,0.219829,3.412436,2.405482,EPL,2025,liverpool,conor bradley|liverpool,0.020566,0.020566,0.111678,0.561331,0.374220,0.374220,0.036638,0.036638,0.298428,0.298428,0.319251,0.225045
10126,James McAtee,11,245,0,0.159421,0,0.402589,3,4,1,0,M S,Nottingham Forest,0,0.159421,0.885970,0.483381,EPL,2025,nottingham forest,james mcatee|nottingham forest,0.058563,0.058563,0.147890,1.102041,1.469388,1.469388,0.053140,0.053140,0.100647,0.100647,0.325458,0.177569
10169,Diego Coppola,5,192,0,0.000000,0,0.000000,0,0,2,0,D S,Brighton,0,0.000000,0.486099,0.486099,EPL,2025,brighton,diego coppola|brighton,0.000000,0.000000,0.000000,0.000000,0.000000,0.000000,0.000000,0.000000,0.000000,0.000000,0.227859,0.227859
10205,Myles Peart-Harris,1,1,0,0.000000,0,0.000000,0,0,0,0,S,Brentford,0,0.000000,0.000000,0.000000,EPL,2025,brentford,myles peart harris|brentford,0.000000,0.000000,0.000000,0.000000,0.000000,0.000000,0.000000,0.000000,0.000000,0.000000,0.000000,0.000000
10291,Vitalii Mykolenko,30,2693,0,0.277459,1,1.027124,9,19,5,0,D,Everton,0,0.277459,6.736586,5.769071,EPL,2025,everton,vitalii mykolenko|everton,0.009273,0.009273,0.034326,0.300780,0.634980,0.634980,0.030829,0.030829,0.054059,0.054059,0.225137,0.192802
10292,Nathan Patterson,7,241,0,0.170197,0,0.000000,1,0,0,0,D S,Everton,0,0.170197,0.738438,0.568241,EPL,2025,everton,nathan patterson|everton,0.063559,0.063559,0.000000,0.373444,0.000000,0.000000,0.170197,0.170197,0.000000,0.000000,0.275765,0.212206
10293,Toti,17,1333,0,0.950140,0,0.158585,5,6,2,1,D S,Wolverhampton Wanderers,0,0.950140,2.158498,1.972410,EPL,2025,wolverhampton wanderers,toti|wolverhampton wanderers,0.064150,0.064150,0.010707,0.337584,0.405101,0.405101,0.190028,0.190028,0.026431,0.026431,0.145735,0.133171
10405,Josh Dasilva,1,1,0,0.000000,0,0.000000,0,0,0,0,S,Brentford,0,0.000000,0.000000,0.000000,EPL,2025,brentford,josh dasilva|brentford,0.000000,0.000000,0.000000,0.000000,0.000000,0.000000,0.000000,0.000000,0.000000,0.000000,0.000000,0.000000
10527,Carlos Baleba,28,1504,0,0.426439,0,0.677634,17,6,5,0,M S,Brighton,0,0.426439,5.190614,4.224250,EPL,2025,brighton,carlos baleba|brighton,0.025518,0.025518,0.040550,1.017287,0.359043,0.359043,0.025085,0.025085,0.112939,0.112939,0.310609,0.252781
10542,Jamie Bynoe-Gittens,16,455,0,0.892473,2,0.978217,10,9,0,0,M S,Chelsea,0,0.892473,2.936161,1.309894,EPL,2025,chelsea,jamie bynoe gittens|chelsea,0.176533,0.176533,0.193494,1.978022,1.780220,1.780220,0.089247,0.089247,0.108691,0.108691,0.580779,0.259100
10564,Leny Yoro,31,1723,0,1.247398,0,0.219745,9,4,1,0,D S,Manchester United,0,1.247398,4.670362,4.498528,EPL,2025,manchester united,leny yoro|manchester united,0.065157,0.065157,0.011478,0.470110,0.208938,0.208938,0.138600,0.138600,0.054936,0.054936,0.243954,0.234978
10586,Tyler Dibling,14,337,0,0.137781,0,0.213204,4,4,2,0,M S,Everton,0,0.137781,0.864497,0.634522,EPL,2025,everton,tyler dibling|everton,0.036796,0.036796,0.056939,1.068249,1.068249,1.068249,0.034445,0.034445,0.053301,0.053301,0.230875,0.169457
10696,Noussair Mazraoui,18,823,0,0.196806,0,0.076195,5,2,3,0,D S,Manchester United,0,0.196806,4.475306,4.332693,EPL,2025,manchester united,noussair mazraoui|manchester united,0.021522,0.021522,0.008332,0.546780,0.218712,0.218712,0.039361,0.039361,0.038097,0.038097,0.489402,0.473806
10721,Sepp van den Berg,30,2664,0,3.257721,1,1.595028,22,6,2,0,D S,Brentford,0,3.257721,7.571765,5.863093,EPL,2025,brentford,sepp van den berg|brentford,0.110058,0.110058,0.053886,0.743243,0.202703,0.202703,0.148078,0.148078,0.265838,0.265838,0.255803,0.198077
10747,James Hill,26,1830,0,0.839532,3,1.264971,11,11,3,0,D S,Bournemouth,0,0.839532,6.483314,6.121700,EPL,2025,bournemouth,james hill|bournemouth,0.041288,0.041288,0.062212,0.540984,0.540984,0.540984,0.076321,0.076321,0.114997,0.114997,0.318852,0.301067
10756,Joe Worrall,11,478,0,0.038100,0,0.000000,1,0,0,0,D S,Burnley,0,0.038100,0.544579,0.506479,EPL,2025,burnley,joe worrall|burnley,0.007174,0.007174,0.000000,0.188285,0.000000,0.000000,0.038100,0.038100,0.000000,0.000000,0.102536,0.095362
10764,Djed Spence,27,1956,0,1.105150,0,1.860314,12,10,4,0,D S,Tottenham,0,1.105150,5.666774,3.065219,EPL,2025,tottenham,djed spence|tottenham,0.050850,0.050850,0.085597,0.552147,0.460123,0.460123,0.092096,0.092096,0.186031,0.186031,0.260741,0.141038
10802,Lisandro Martínez,15,947,0,0.053902,0,0.436116,4,4,0,1,D S,Manchester United,0,0.053902,5.157813,5.064822,EPL,2025,manchester united,lisandro martinez|manchester united,0.005123,0.005123,0.041447,0.380148,0.380148,0.380148,0.013476,0.013476,0.109029,0.109029,0.490183,0.481345
10803,Tyrell Malacia,2,2,0,0.000000,0,0.000000,0,0,0,0,S,Manchester United,0,0.000000,0.052254,0.052254,EPL,2025,manchester united,tyrell malacia|manchester united,0.000000,0.000000,0.000000,0.000000,0.000000,0.000000,0.000000,0.000000,0.000000,0.000000,2.351440,2.351440
10805,Levi Colwill,1,30,0,0.000000,0,0.000000,0,0,0,0,S,Chelsea,0,0.000000,0.238702,0.238702,EPL,2025,chelsea,levi colwill|chelsea,0.000000,0.000000,0.000000,0.000000,0.000000,0.000000,0.000000,0.000000,0.000000,0.000000,0.716106,0.716106
10822,Wilson Odobert,24,946,0,2.460178,2,1.952423,21,20,0,0,F M S,Tottenham,0,2.460178,5.968222,2.883420,EPL,2025,tottenham,wilson odobert|tottenham,0.234055,0.234055,0.185749,1.997886,1.902748,1.902748,0.117151,0.117151,0.097621,0.097621,0.567801,0.274321
10847,Rico Lewis,10,299,0,0.073785,1,1.494528,2,6,1,0,D S,Manchester City,0,0.073785,2.649072,1.244985,EPL,2025,manchester city,rico lewis|manchester city,0.022210,0.022210,0.449858,0.602007,1.806020,1.806020,0.036893,0.036893,0.249088,0.249088,0.797379,0.374745
10856,Emmanuel Agbadou,14,1093,0,0.446764,0,0.171767,10,4,1,1,D S,Wolverhampton Wanderers,0,0.446764,1.655350,1.543709,EPL,2025,wolverhampton wanderers,emmanuel agbadou|wolverhampton wanderers,0.036788,0.036788,0.014144,0.823422,0.329369,0.329369,0.044676,0.044676,0.042942,0.042942,0.136305,0.127112
10864,Marcos Senesi,34,3028,0,1.850692,5,4.026685,16,24,8,0,D,Bournemouth,0,1.850692,12.330227,8.970682,EPL,2025,bournemouth,marcos senesi|bournemouth,0.055007,0.055007,0.119683,0.475561,0.713342,0.713342,0.115668,0.115668,0.167779,0.167779,0.366486,0.266632
11003,Ryan Yates,20,487,0,0.378027,2,0.187161,5,4,2,0,M S,Nottingham Forest,0,0.378027,2.394975,2.083927,EPL,2025,nottingham forest,ryan yates|nottingham forest,0.069861,0.069861,0.034588,0.924025,0.739220,0.739220,0.075605,0.075605,0.046790,0.046790,0.442603,0.385120
11033,Kaden Rodney,1,1,0,0.000000,0,0.000000,0,0,0,0,S,Crystal Palace,0,0.000000,0.000000,0.000000,EPL,2025,crystal palace,kaden rodney|crystal palace,0.000000,0.000000,0.000000,0.000000,0.000000,0.000000,0.000000,0.000000,0.000000,0.000000,0.000000,0.000000
11132,Ethan Nwaneri,6,154,0,0.329211,0,0.048408,6,1,0,0,S,Arsenal,0,0.329211,1.166223,0.984738,EPL,2025,arsenal,ethan nwaneri|arsenal,0.192396,0.192396,0.028290,3.506494,0.584416,0.584416,0.054869,0.054869,0.048408,0.048408,0.681559,0.575496
11155,Wilfried Gnonto,20,421,0,0.405165,1,1.227243,9,7,3,0,F S,Leeds,0,0.405165,2.827012,1.236627,EPL,2025,leeds,wilfried gnonto|leeds,0.086615,0.086615,0.262356,1.923990,1.496437,1.496437,0.045018,0.045018,0.175320,0.175320,0.604349,0.264362
11167,Chadi Riad,7,394,0,0.135915,1,0.427692,2,1,2,0,D S,Crystal Palace,0,0.135915,0.787385,0.787385,EPL,2025,crystal palace,chadi riad|crystal palace,0.031047,0.031047,0.097696,0.456853,0.228426,0.228426,0.067958,0.067958,0.427692,0.427692,0.179859,0.179859
11231,Ben Doak,7,53,0,0.085158,1,0.457162,1,1,0,0,S,Bournemouth,0,0.085158,1.412803,0.870482,EPL,2025,bournemouth,ben doak|bournemouth,0.144609,0.144609,0.776313,1.698113,1.698113,1.698113,0.085158,0.085158,0.457162,0.457162,2.399099,1.478177
11243,Bashir Humphreys,18,1489,0,0.526135,0,0.864425,9,9,6,0,D S,Burnley,0,0.526135,3.137233,2.733248,EPL,2025,burnley,bashir humphreys|burnley,0.031801,0.031801,0.052249,0.543989,0.543989,0.543989,0.058459,0.058459,0.096047,0.096047,0.189625,0.165206
11253,Mamadou Sarr,2,91,0,0.569463,0,0.000000,1,0,0,0,D S,Chelsea,0,0.569463,0.230509,0.230509,EPL,2025,chelsea,mamadou sarr|chelsea,0.563206,0.563206,0.000000,0.989011,0.000000,0.000000,0.569463,0.569463,0.000000,0.000000,0.227976,0.227976
11297,Carlos Alcaraz,18,679,0,0.929498,1,1.213849,18,9,4,0,M S,Everton,0,0.929498,2.604524,1.345920,EPL,2025,everton,carlos alcaraz|everton,0.123203,0.123203,0.160893,2.385862,1.192931,1.192931,0.051639,0.051639,0.134872,0.134872,0.345224,0.178399
11331,Merlin Röhl,13,412,0,0.460480,0,0.255705,8,5,0,0,M S,Everton,0,0.460480,1.016081,0.392738,EPL,2025,everton,merlin rohl|everton,0.100590,0.100590,0.055858,1.747573,1.092233,1.092233,0.057560,0.057560,0.051141,0.051141,0.221959,0.085792
11361,Daniel Bentley,2,180,0,0.000000,0,0.000000,0,0,0,0,GK,Wolverhampton Wanderers,0,0.000000,0.149706,0.149706,EPL,2025,wolverhampton wanderers,daniel bentley|wolverhampton wanderers,0.000000,0.000000,0.000000,0.000000,0.000000,0.000000,0.000000,0.000000,0.000000,0.000000,0.074853,0.074853
11362,Facundo Buonanotte,3,67,0,0.044330,0,0.168981,1,2,1,0,M S,"Chelsea,Leeds",0,0.044330,0.264216,0.219887,EPL,2025,chelsea leeds,facundo buonanotte|chelsea leeds,0.059547,0.059547,0.226989,1.343284,2.686567,2.686567,0.044330,0.044330,0.084490,0.084490,0.354918,0.295370
11461,Romaine Mundle,14,370,0,0.673394,0,0.017135,7,1,1,0,M S,Sunderland,0,0.673394,1.284483,0.611088,EPL,2025,sunderland,romaine mundle|sunderland,0.163799,0.163799,0.004168,1.702703,0.243243,0.243243,0.096199,0.096199,0.017135,0.017135,0.312442,0.148643
11633,Marc Guiu,10,250,0,2.507104,1,0.758733,13,3,1,0,F S,"Chelsea,Sunderland",0,2.507104,3.278473,0.122579,EPL,2025,chelsea sunderland,marc guiu|chelsea sunderland,0.902557,0.902557,0.273144,4.680000,1.080000,1.080000,0.192854,0.192854,0.252911,0.252911,1.180250,0.044129
11701,Zeki Amdouni,1,13,0,0.061040,0,0.000000,1,0,0,0,S,Burnley,0,0.061040,0.073531,0.012491,EPL,2025,burnley,zeki amdouni|burnley,0.422585,0.422585,0.000000,6.923077,0.000000,0.000000,0.061040,0.061040,0.000000,0.000000,0.509059,0.086474
11704,Hjalmar Ekdal,19,1545,0,0.608212,0,0.168145,6,4,0,0,D S,Burnley,0,0.608212,2.711660,2.586941,EPL,2025,burnley,hjalmar ekdal|burnley,0.035430,0.035430,0.009795,0.349515,0.233010,0.233010,0.101369,0.101369,0.042036,0.042036,0.157961,0.150696
11711,Bart Verbruggen,35,3150,0,0.000000,0,0.076464,0,1,3,0,GK,Brighton,0,0.000000,7.286165,7.286165,EPL,2025,brighton,bart verbruggen|brighton,0.000000,0.000000,0.002185,0.000000,0.028571,0.028571,0.000000,0.000000,0.076464,0.076464,0.208176,0.208176
11735,Sávio,20,579,0,2.543070,1,0.609888,14,6,2,0,M S,Manchester City,0,2.543070,4.374839,2.267731,EPL,2025,manchester city,savio|manchester city,0.395296,0.395296,0.094801,2.176166,0.932642,0.932642,0.181648,0.181648,0.101648,0.101648,0.680027,0.352497
11763,Abduqodir Khusanov,19,1241,0,0.641085,0,0.571538,5,6,2,0,D S,Manchester City,0,0.641085,6.084423,5.608813,EPL,2025,manchester city,abduqodir khusanov|manchester city,0.046493,0.046493,0.041449,0.362611,0.435133,0.435133,0.128217,0.128217,0.095256,0.095256,0.441255,0.406763
11766,Manuel Ugarte,22,850,0,0.837919,0,0.128795,13,3,1,0,M S,Manchester United,0,0.837919,3.852709,3.154600,EPL,2025,manchester united,manuel ugarte|manchester united,0.088721,0.088721,0.013637,1.376471,0.317647,0.317647,0.064455,0.064455,0.042932,0.042932,0.407934,0.334016
11807,Ian Maatsen,27,1418,0,1.227790,1,2.457539,18,22,2,0,D S,Aston Villa,0,1.227790,4.861146,3.601577,EPL,2025,aston villa,ian maatsen|aston villa,0.077927,0.077927,0.155979,1.142454,1.396333,1.396333,0.068211,0.068211,0.111706,0.111706,0.308535,0.228591
11808,Andrey Santos,25,1063,0,1.945376,0,0.688378,10,8,4,0,M S,Chelsea,0,1.945376,5.338930,4.019088,EPL,2025,chelsea,andrey santos|chelsea,0.164707,0.164707,0.058282,0.846660,0.677328,0.677328,0.194538,0.194538,0.086047,0.086047,0.452026,0.340280
11824,Lucas Pires,17,1121,0,0.476205,0,1.330384,11,17,0,1,D S,Burnley,0,0.476205,3.136640,2.177902,EPL,2025,burnley,lucas pires|burnley,0.038232,0.038232,0.106810,0.883140,1.364853,1.364853,0.043291,0.043291,0.078258,0.078258,0.251827,0.174854
11903,Oscar Bobb,20,865,0,1.251427,1,1.533518,10,17,1,0,F M S,"Fulham,Manchester City",0,1.251427,4.817738,3.143045,EPL,2025,fulham manchester city,oscar bobb|fulham manchester city,0.130206,0.130206,0.159557,1.040462,1.768786,1.768786,0.125143,0.125143,0.090207,0.090207,0.501268,0.327022
12032,Djordje Petrovic,35,3150,0,0.000000,0,0.000000,0,0,3,0,GK,Bournemouth,0,0.000000,2.422647,2.422647,EPL,2025,bournemouth,djordje petrovic|bournemouth,0.000000,0.000000,0.000000,0.000000,0.000000,0.000000,0.000000,0.000000,0.000000,0.000000,0.069218,0.069218
12054,Altay Bayindir,6,540,0,0.000000,0,0.293917,0,1,0,0,GK,Manchester United,0,0.000000,1.048909,0.754992,EPL,2025,manchester united,altay bayindir|manchester united,0.000000,0.000000,0.048986,0.000000,0.166667,0.166667,0.000000,0.000000,0.293917,0.293917,0.174818,0.125832
12094,Mike Trésor,6,25,0,0.000000,0,0.000000,0,0,0,0,S,Burnley,0,0.000000,0.027223,0.027223,EPL,2025,burnley,mike tresor|burnley,0.000000,0.000000,0.000000,0.000000,0.000000,0.000000,0.000000,0.000000,0.000000,0.000000,0.098003,0.098003
12113,Jackson Tchatchoua,31,1822,0,0.105505,1,2.242957,3,21,3,0,D S,Wolverhampton Wanderers,0,0.105505,6.032644,4.169984,EPL,2025,wolverhampton wanderers,jackson tchatchoua|wolverhampton wanderers,0.005212,0.005212,0.110794,0.148189,1.037322,1.037322,0.035168,0.035168,0.106807,0.106807,0.297990,0.205982
12199,Alex Murphy,1,1,0,0.000000,0,0.000000,0,0,0,0,S,Newcastle United,0,0.000000,0.000000,0.000000,EPL,2025,newcastle united,alex murphy|newcastle united,0.000000,0.000000,0.000000,0.000000,0.000000,0.000000,0.000000,0.000000,0.000000,0.000000,0.000000,0.000000
12203,Treymaurice Nyoni,5,9,0,0.478839,0,0.049417,1,1,0,0,S,Liverpool,0,0.478839,0.641521,0.113265,EPL,2025,liverpool,treymaurice nyoni|liverpool,4.788392,4.788392,0.494166,10.000000,10.000000,10.000000,0.478839,0.478839,0.049417,0.049417,6.415212,1.132655
12234,Tawanda Chirewa,2,20,0,0.000000,0,0.000000,0,0,0,0,S,Wolverhampton Wanderers,0,0.000000,0.000000,0.000000,EPL,2025,wolverhampton wanderers,tawanda chirewa|wolverhampton wanderers,0.000000,0.000000,0.000000,0.000000,0.000000,0.000000,0.000000,0.000000,0.000000,0.000000,0.000000,0.000000
12272,Myles Lewis-Skelly,17,471,0,0.125694,0,0.178531,2,4,3,0,D M S,Arsenal,0,0.125694,1.324037,1.165149,EPL,2025,arsenal,myles lewis skelly|arsenal,0.024018,0.024018,0.034114,0.382166,0.764331,0.764331,0.062847,0.062847,0.044633,0.044633,0.253001,0.222640
12358,Oliver Scarles,13,665,0,0.238750,0,0.976179,3,5,2,0,D S,West Ham,0,0.238750,1.589766,0.679121,EPL,2025,west ham,oliver scarles|west ham,0.032312,0.032312,0.132114,0.406015,0.676692,0.676692,0.079583,0.079583,0.195236,0.195236,0.215156,0.091911
12359,Callum Marshall,2,44,0,0.228934,0,0.000000,1,0,0,0,S,West Ham,0,0.228934,0.000000,0.000000,EPL,2025,west ham,callum marshall|west ham,0.468275,0.468275,0.000000,2.045455,0.000000,0.000000,0.228934,0.228934,0.000000,0.000000,0.000000,0.000000
12369,Lucas Perri,16,1440,0,0.000000,0,0.000000,0,0,2,0,GK,Leeds,0,0.000000,2.474491,2.474491,EPL,2025,leeds,lucas perri|leeds,0.000000,0.000000,0.000000,0.000000,0.000000,0.000000,0.000000,0.000000,0.000000,0.000000,0.154656,0.154656
12409,Adam Wharton,30,2370,0,0.982645,5,6.033686,26,36,4,1,M S,Crystal Palace,0,0.982645,12.491724,8.818951,EPL,2025,crystal palace,adam wharton|crystal palace,0.037316,0.037316,0.229127,0.987342,1.367089,1.367089,0.037794,0.037794,0.167602,0.167602,0.474369,0.334897
12474,George Earthy,1,7,0,0.000000,0,0.000000,0,0,0,0,S,West Ham,0,0.000000,0.000000,0.000000,EPL,2025,west ham,george earthy|west ham,0.000000,0.000000,0.000000,0.000000,0.000000,0.000000,0.000000,0.000000,0.000000,0.000000,0.000000,0.000000
12573,Tyrique George,12,282,0,0.795804,0,0.490583,9,1,2,0,M S,"Chelsea,Everton",0,0.795804,0.751486,0.412390,EPL,2025,chelsea everton,tyrique george|chelsea everton,0.253980,0.253980,0.156569,2.872340,0.319149,0.319149,0.088423,0.088423,0.490583,0.490583,0.239836,0.131614
12595,Hákon Valdimarsson,1,90,0,0.000000,0,0.000000,0,0,0,0,GK,Brentford,0,0.000000,0.212669,0.212669,EPL,2025,brentford,hakon valdimarsson|brentford,0.000000,0.000000,0.000000,0.000000,0.000000,0.000000,0.000000,0.000000,0.000000,0.000000,0.212669,0.212669
12726,Christantus Uche,14,109,0,0.779783,0,0.000000,6,0,0,0,S,Crystal Palace,0,0.779783,0.753231,0.033557,EPL,2025,crystal palace,christantus uche|crystal palace,0.643858,0.643858,0.000000,4.954128,0.000000,0.000000,0.129964,0.129964,0.000000,0.000000,0.621934,0.027708
12757,Harrison Armstrong,12,497,0,0.439105,0,0.121389,5,4,0,0,M S,Everton,0,0.439105,1.563368,1.305894,EPL,2025,everton,harrison armstrong|everton,0.079516,0.079516,0.021982,0.905433,0.724346,0.724346,0.087821,0.087821,0.030347,0.030347,0.283105,0.236480
12766,Jota Silva,1,7,0,0.000000,0,0.000000,0,0,0,0,S,Nottingham Forest,0,0.000000,0.000000,0.000000,EPL,2025,nottingham forest,jota silva|nottingham forest,0.000000,0.000000,0.000000,0.000000,0.000000,0.000000,0.000000,0.000000,0.000000,0.000000,0.000000,0.000000
12774,Andy Irving,7,178,0,0.000000,0,0.202118,0,3,0,0,M S,West Ham,0,0.000000,0.173659,0.138507,EPL,2025,west ham,andy irving|west ham,0.000000,0.000000,0.102195,0.000000,1.516854,1.516854,0.000000,0.000000,0.067373,0.067373,0.087805,0.070032
12910,Mads Hermansen,15,1350,0,0.000000,0,0.023978,0,1,0,0,GK,West Ham,0,0.000000,1.647467,1.623489,EPL,2025,west ham,mads hermansen|west ham,0.000000,0.000000,0.001599,0.000000,0.066667,0.066667,0.000000,0.000000,0.023978,0.023978,0.109831,0.108233
13026,Luis Guilherme,5,118,0,0.039350,0,0.051797,1,1,0,0,F S,West Ham,0,0.039350,0.091148,0.000000,EPL,2025,west ham,luis guilherme|west ham,0.030013,0.030013,0.039506,0.762712,0.762712,0.762712,0.039350,0.039350,0.051797,0.051797,0.069519,0.000000
13064,Lutsharel Geertruida,25,1389,0,0.687256,0,0.757615,8,7,1,0,D M S,Sunderland,0,0.687256,3.527360,2.352868,EPL,2025,sunderland,lutsharel geertruida|sunderland,0.044531,0.044531,0.049090,0.518359,0.453564,0.453564,0.085907,0.085907,0.108231,0.108231,0.228555,0.152454
13068,Morato,18,1063,0,1.401794,0,0.013815,4,1,5,0,D S,Nottingham Forest,0,1.401794,3.676930,3.125728,EPL,2025,nottingham forest,morato|nottingham forest,0.118684,0.118684,0.001170,0.338664,0.084666,0.084666,0.350448,0.350448,0.013815,0.013815,0.311311,0.264643
13080,Ayden Heaven,17,923,0,0.215053,1,0.365471,3,2,2,0,D S,Manchester United,0,0.215053,4.165300,3.711046,EPL,2025,manchester united,ayden heaven|manchester united,0.020969,0.020969,0.035636,0.292524,0.195016,0.195016,0.071684,0.071684,0.182735,0.182735,0.406151,0.361857
13091,Jaydee Canvot,17,1064,0,1.211951,0,0.061883,5,2,3,0,D S,Crystal Palace,0,1.211951,2.873126,2.862973,EPL,2025,crystal palace,jaydee canvot|crystal palace,0.102515,0.102515,0.005234,0.422932,0.169173,0.169173,0.242390,0.242390,0.030941,0.030941,0.243028,0.242169
13094,Dário Essugo,2,23,0,0.000000,0,0.000000,0,0,1,0,S,Chelsea,0,0.000000,0.431633,0.431633,EPL,2025,chelsea,dario essugo|chelsea,0.000000,0.000000,0.000000,0.000000,0.000000,0.000000,0.000000,0.000000,0.000000,0.000000,1.689000,1.689000
13150,Jack Fletcher,3,97,0,0.037386,0,0.114876,1,2,0,0,S,Manchester United,0,0.037386,0.262770,0.147894,EPL,2025,manchester united,jack fletcher|manchester united,0.034688,0.034688,0.106586,0.927835,1.855670,1.855670,0.037386,0.037386,0.057438,0.057438,0.243807,0.137221
13156,Pedro Lima,6,184,0,0.051186,0,0.216634,2,3,0,0,D S,Wolverhampton Wanderers,0,0.051186,0.384412,0.203535,EPL,2025,wolverhampton wanderers,pedro lima|wolverhampton wanderers,0.025037,0.025037,0.105963,0.978261,1.467391,1.467391,0.025593,0.025593,0.072211,0.072211,0.188027,0.099555
13200,Fernando López,9,211,0,0.218155,1,0.511996,5,3,1,0,M S,Wolverhampton Wanderers,0,0.218155,0.844035,0.229097,EPL,2025,wolverhampton wanderers,fernando lopez|wolverhampton wanderers,0.093052,0.093052,0.218387,2.132701,1.279621,1.279621,0.043631,0.043631,0.170665,0.170665,0.360015,0.097719
13224,Callum Olusesi,1,12,0,0.000000,0,0.000000,0,0,0,0,S,Tottenham,0,0.000000,0.000000,0.000000,EPL,2025,tottenham,callum olusesi|tottenham,0.000000,0.000000,0.000000,0.000000,0.000000,0.000000,0.000000,0.000000,0.000000,0.000000,0.000000,0.000000
13242,Ben Winterburn,1,3,0,0.000000,0,0.000000,0,0,0,0,S,Bournemouth,0,0.000000,0.000000,0.000000,EPL,2025,bournemouth,ben winterburn|bournemouth,0.000000,0.000000,0.000000,0.000000,0.000000,0.000000,0.000000,0.000000,0.000000,0.000000,0.000000,0.000000
13247,Ezra Mayers,6,96,0,0.109894,0,0.116340,1,2,0,0,S,West Ham,0,0.109894,0.391191,0.164956,EPL,2025,west ham,ezra mayers|west ham,0.103026,0.103026,0.109069,0.937500,1.875000,1.875000,0.109894,0.109894,0.058170,0.058170,0.366742,0.154647
13262,Jonah Kusi-Asare,6,27,0,0.000000,0,0.081978,0,1,1,0,S,Fulham,0,0.000000,0.081978,0.000000,EPL,2025,fulham,jonah kusi asare|fulham,0.000000,0.000000,0.273260,0.000000,3.333333,3.333333,0.000000,0.000000,0.081978,0.081978,0.273260,0.000000
13298,Max Alleyne,2,138,0,0.381382,0,0.032163,2,1,0,0,D,Manchester City,0,0.381382,0.367558,0.367558,EPL,2025,manchester city,max alleyne|manchester city,0.248727,0.248727,0.020976,1.304348,0.652174,0.652174,0.190691,0.190691,0.032163,0.032163,0.239712,0.239712
13306,Zach Abbott,3,166,0,0.000000,0,0.000000,0,0,0,0,D S,Nottingham Forest,0,0.000000,0.079994,0.079994,EPL,2025,nottingham forest,zach abbott|nottingham forest,0.000000,0.000000,0.000000,0.000000,0.000000,0.000000,0.000000,0.000000,0.000000,0.000000,0.043370,0.043370
13310,Jamaldeen Jimoh,1,5,0,0.000000,0,0.000000,0,0,0,0,S,Aston Villa,0,0.000000,0.343357,0.343357,EPL,2025,aston villa,jamaldeen jimoh|aston villa,0.000000,0.000000,0.000000,0.000000,0.000000,0.000000,0.000000,0.000000,0.000000,0.000000,6.180419,6.180419
13348,Antonín Kinsky,4,360,0,0.000000,0,0.000000,0,0,0,0,GK,Tottenham,0,0.000000,0.032647,0.032647,EPL,2025,tottenham,antonin kinsky|tottenham,0.000000,0.000000,0.000000,0.000000,0.000000,0.000000,0.000000,0.000000,0.000000,0.000000,0.008162,0.008162
13387,Romain Esse,4,29,0,0.000000,0,0.000000,0,0,0,0,S,Crystal Palace,0,0.000000,0.000000,0.000000,EPL,2025,crystal palace,romain esse|crystal palace,0.000000,0.000000,0.000000,0.000000,0.000000,0.000000,0.000000,0.000000,0.000000,0.000000,0.000000,0.000000
13392,Andrés García,5,33,0,0.000000,0,0.000000,0,0,0,0,S,Aston Villa,0,0.000000,0.436218,0.436218,EPL,2025,aston villa,andres garcia|aston villa,0.000000,0.000000,0.000000,0.000000,0.000000,0.000000,0.000000,0.000000,0.000000,0.000000,1.189684,1.189684
13399,Joe Knight,1,1,0,0.000000,0,0.000000,0,0,0,0,S,Brighton,0,0.000000,0.000000,0.000000,EPL,2025,brighton,joe knight|brighton,0.000000,0.000000,0.000000,0.000000,0.000000,0.000000,0.000000,0.000000,0.000000,0.000000,0.000000,0.000000
13467,Tyler Fredricson,1,1,0,0.000000,0,0.000000,0,0,0,0,S,Manchester United,0,0.000000,0.000000,0.000000,EPL,2025,manchester united,tyler fredricson|manchester united,0.000000,0.000000,0.000000,0.000000,0.000000,0.000000,0.000000,0.000000,0.000000,0.000000,0.000000,0.000000
13474,Julio Soler,3,27,0,0.000000,0,0.000000,0,0,0,0,S,Bournemouth,0,0.000000,0.064386,0.064386,EPL,2025,bournemouth,julio soler|bournemouth,0.000000,0.000000,0.000000,0.000000,0.000000,0.000000,0.000000,0.000000,0.000000,0.000000,0.214621,0.214621
13584,Harry Howell,3,91,0,0.000000,0,0.000000,0,0,0,0,M S,Brighton,0,0.000000,0.000000,0.000000,EPL,2025,brighton,harry howell|brighton,0.000000,0.000000,0.000000,0.000000,0.000000,0.000000,0.000000,0.000000,0.000000,0.000000,0.000000,0.000000
13712,Robin Roefs,32,2880,0,0.000000,0,0.705344,0,4,4,0,GK,Sunderland,0,0.000000,3.051714,2.346370,EPL,2025,sunderland,robin roefs|sunderland,0.000000,0.000000,0.022042,0.000000,0.125000,0.125000,0.000000,0.000000,0.176336,0.176336,0.095366,0.073324
13714,Jenson Seelt,2,135,0,0.000000,0,0.000000,0,0,0,0,D S,Sunderland,0,0.000000,0.304608,0.304608,EPL,2025,sunderland,jenson seelt|sunderland,0.000000,0.000000,0.000000,0.000000,0.000000,0.000000,0.000000,0.000000,0.000000,0.000000,0.203072,0.203072
13716,Noah Sadiki,30,2654,0,1.027347,1,0.839258,17,17,8,0,M,Sunderland,0,1.027347,6.857406,5.462615,EPL,2025,sunderland,noah sadiki|sunderland,0.034838,0.034838,0.028460,0.576488,0.576488,0.576488,0.060432,0.060432,0.049368,0.049368,0.232542,0.185243
13720,Dan Neil,3,13,0,0.000000,0,0.000000,0,0,0,0,S,Sunderland,0,0.000000,0.000000,0.000000,EPL,2025,sunderland,dan neil|sunderland,0.000000,0.000000,0.000000,0.000000,0.000000,0.000000,0.000000,0.000000,0.000000,0.000000,0.000000,0.000000
13723,El Hadji Malick Diouf,29,2441,0,0.540361,5,2.956868,17,24,5,0,D M S,West Ham,0,0.540361,6.024249,4.363792,EPL,2025,west ham,el hadji malick diouf|west ham,0.019923,0.019923,0.109020,0.626792,0.884883,0.884883,0.031786,0.031786,0.123203,0.123203,0.222115,0.160894
13724,Freddie Potts,22,1152,0,0.212633,1,1.207510,3,8,1,0,M S,West Ham,0,0.212633,3.164694,2.264736,EPL,2025,west ham,freddie potts|west ham,0.016612,0.016612,0.094337,0.234375,0.625000,0.625000,0.070878,0.070878,0.150939,0.150939,0.247242,0.176932
13727,Quilindschy Hartman,21,1843,0,0.377466,5,2.790129,9,20,1,0,D,Burnley,0,0.377466,5.235487,4.075552,EPL,2025,burnley,quilindschy hartman|burnley,0.018433,0.018433,0.136252,0.439501,0.976668,0.976668,0.041941,0.041941,0.139506,0.139506,0.255667,0.199023
13740,David Møller Wolfe,19,843,0,0.082558,2,1.231274,3,7,1,0,D S,Wolverhampton Wanderers,0,0.082558,1.695741,1.202796,EPL,2025,wolverhampton wanderers,david mller wolfe|wolverhampton wanderers,0.008814,0.008814,0.131453,0.320285,0.747331,0.747331,0.027519,0.027519,0.175896,0.175896,0.181040,0.128412
13776,Jorrel Hato,19,895,0,0.338309,0,0.670073,4,7,5,0,D S,Chelsea,0,0.338309,5.642789,5.287518,EPL,2025,chelsea,jorrel hato|chelsea,0.034020,0.034020,0.067382,0.402235,0.703911,0.703911,0.084577,0.084577,0.095725,0.095725,0.567431,0.531706
13779,Jair,6,374,0,0.138159,0,0.000000,2,0,0,0,D S,Nottingham Forest,0,0.138159,0.413006,0.274847,EPL,2025,nottingham forest,jair|nottingham forest,0.033247,0.033247,0.000000,0.481283,0.000000,0.000000,0.069079,0.069079,0.000000,0.000000,0.099386,0.066140
13780,Antoni Milambo,1,50,0,0.000000,0,0.000000,0,0,0,0,M,Brentford,0,0.000000,0.043761,0.043761,EPL,2025,brentford,antoni milambo|brentford,0.000000,0.000000,0.000000,0.000000,0.000000,0.000000,0.000000,0.000000,0.000000,0.000000,0.078770,0.078770
13835,Joël Piroe,14,191,0,0.971299,0,0.085806,11,1,0,0,F S,Leeds,0,0.971299,1.119105,0.216936,EPL,2025,leeds,joel piroe|leeds,0.457680,0.457680,0.040432,5.183246,0.471204,0.471204,0.088300,0.088300,0.085806,0.085806,0.527327,0.102221
13870,Bradley Burrowes,1,12,0,0.000000,0,0.000000,0,0,0,0,S,Aston Villa,0,0.000000,0.000000,0.000000,EPL,2025,aston villa,bradley burrowes|aston villa,0.000000,0.000000,0.000000,0.000000,0.000000,0.000000,0.000000,0.000000,0.000000,0.000000,0.000000,0.000000
14017,John Victor,5,440,0,0.000000,0,0.000000,0,0,1,0,GK,Nottingham Forest,0,0.000000,0.847547,0.847547,EPL,2025,nottingham forest,john victor|nottingham forest,0.000000,0.000000,0.000000,0.000000,0.000000,0.000000,0.000000,0.000000,0.000000,0.000000,0.173362,0.173362
14027,Veljko Milosavljevic,7,363,0,0.357437,0,0.067010,1,1,0,0,D S,Bournemouth,0,0.357437,0.457518,0.390507,EPL,2025,bournemouth,veljko milosavljevic|bournemouth,0.088621,0.088621,0.016614,0.247934,0.247934,0.247934,0.357437,0.357437,0.067010,0.067010,0.113434,0.096820
14029,Tom Watson,6,44,0,0.024705,0,0.000000,1,0,1,0,S,Brighton,0,0.024705,0.024705,0.000000,EPL,2025,brighton,tom watson|brighton,0.050533,0.050533,0.000000,2.045455,0.000000,0.000000,0.024705,0.024705,0.000000,0.000000,0.050533,0.000000
14055,Divine Mukasa,2,21,0,0.000000,0,0.211732,0,2,0,0,S,Manchester City,0,0.000000,0.721672,0.509941,EPL,2025,manchester city,divine mukasa|manchester city,0.000000,0.000000,0.907421,0.000000,8.571429,8.571429,0.000000,0.000000,0.105866,0.105866,3.092882,2.185461
14056,Senne Lammens,29,2610,0,0.000000,0,0.000000,0,0,0,0,GK,Manchester United,0,0.000000,3.045337,3.045337,EPL,2025,manchester united,senne lammens|manchester united,0.000000,0.000000,0.000000,0.000000,0.000000,0.000000,0.000000,0.000000,0.000000,0.000000,0.105012,0.105012
14099,Luke O&#039;Nien,10,398,0,0.035037,0,0.000000,1,0,1,1,D S,Sunderland,0,0.035037,0.969460,0.934423,EPL,2025,sunderland,luke o 039 nien|sunderland,0.007923,0.007923,0.000000,0.226131,0.000000,0.000000,0.035037,0.035037,0.000000,0.000000,0.219225,0.211302
14127,Nehemiah Oriola,1,1,0,0.000000,0,0.000000,0,0,0,0,S,Brighton,0,0.000000,0.000000,0.000000,EPL,2025,brighton,nehemiah oriola|brighton,0.000000,0.000000,0.000000,0.000000,0.000000,0.000000,0.000000,0.000000,0.000000,0.000000,0.000000,0.000000
14134,Jun&#039;ai Byfield,1,1,0,0.000000,0,0.000000,0,0,0,0,S,Tottenham,0,0.000000,0.000000,0.000000,EPL,2025,tottenham,jun 039 ai byfield|tottenham,0.000000,0.000000,0.000000,0.000000,0.000000,0.000000,0.000000,0.000000,0.000000,0.000000,0.000000,0.000000
14176,James Rowswell,1,1,0,0.000000,0,0.000000,0,0,0,0,S,Tottenham,0,0.000000,0.000000,0.000000,EPL,2025,tottenham,james rowswell|tottenham,0.000000,0.000000,0.000000,0.000000,0.000000,0.000000,0.000000,0.000000,0.000000,0.000000,0.000000,0.000000
14193,George Hemmings,2,19,0,0.019388,0,0.000000,1,0,0,0,S,Aston Villa,0,0.019388,0.381660,0.362272,EPL,2025,aston villa,george hemmings|aston villa,0.091839,0.091839,0.000000,4.736842,0.000000,0.000000,0.019388,0.019388,0.000000,0.000000,1.807865,1.716026
14198,Shea Lacey,2,6,0,0.059301,0,0.000000,3,0,0,0,S,Manchester United,0,0.059301,0.109353,0.050052,EPL,2025,manchester united,shea lacey|manchester united,0.889515,0.889515,0.000000,45.000000,0.000000,0.000000,0.019767,0.019767,0.000000,0.000000,1.640298,0.750782
14217,Romelle Donovan,4,23,0,0.104704,0,0.032034,3,1,0,0,S,Brentford,0,0.104704,0.104704,0.000000,EPL,2025,brentford,romelle donovan|brentford,0.409710,0.409710,0.125349,11.739130,3.913043,3.913043,0.034901,0.034901,0.032034,0.032034,0.409710,0.000000
14219,Mohamadou Kanté,9,22,0,0.103074,0,0.109894,2,1,1,0,S,West Ham,0,0.103074,0.321953,0.108984,EPL,2025,west ham,mohamadou kante|west ham,0.421668,0.421668,0.449567,8.181818,4.090909,4.090909,0.051537,0.051537,0.109894,0.109894,1.317080,0.445845
14263,Joél Drakes-Thomas,2,2,0,0.000000,0,0.000000,0,0,0,0,S,Crystal Palace,0,0.000000,0.375393,0.375393,EPL,2025,crystal palace,joel drakes thomas|crystal palace,0.000000,0.000000,0.000000,0.000000,0.000000,0.000000,0.000000,0.000000,0.000000,0.000000,16.892681,16.892681
14266,Bendito Mantato,1,14,0,0.000000,0,0.036478,0,1,0,0,S,Manchester United,0,0.000000,0.123796,0.123796,EPL,2025,manchester united,bendito mantato|manchester united,0.000000,0.000000,0.234502,0.000000,6.428571,6.428571,0.000000,0.000000,0.036478,0.036478,0.795834,0.795834
14272,Tyler Fletcher,1,1,0,0.000000,0,0.000000,0,0,0,0,S,Manchester United,0,0.000000,0.000000,0.000000,EPL,2025,manchester united,tyler fletcher|manchester united,0.000000,0.000000,0.000000,0.000000,0.000000,0.000000,0.000000,0.000000,0.000000,0.000000,0.000000,0.000000
14281,Jaydon Banel,1,7,0,0.000000,0,0.000000,0,0,0,0,S,Burnley,0,0.000000,0.000000,0.000000,EPL,2025,burnley,jaydon banel|burnley,0.000000,0.000000,0.000000,0.000000,0.000000,0.000000,0.000000,0.000000,0.000000,0.000000,0.000000,0.000000
14290,Pablo,11,752,0,0.962019,1,0.606962,10,9,0,0,F M S,West Ham,0,0.962019,2.352559,0.796996,EPL,2025,west ham,pablo|west ham,0.115135,0.115135,0.072642,1.196809,1.077128,1.077128,0.096202,0.096202,0.067440,0.067440,0.281556,0.095385
14356,Kaye Furo,1,1,0,0.000000,0,0.000000,0,0,0,0,S,Brentford,0,0.000000,0.000000,0.000000,EPL,2025,brentford,kaye furo|brentford,0.000000,0.000000,0.000000,0.000000,0.000000,0.000000,0.000000,0.000000,0.000000,0.000000,0.000000,0.000000
14374,Alex Tóth,7,74,0,0.099591,0,0.250354,1,3,1,0,M S,Bournemouth,0,0.099591,1.121324,0.771378,EPL,2025,bournemouth,alex toth|bournemouth,0.121125,0.121125,0.304485,1.216216,3.648649,3.648649,0.099591,0.099591,0.083451,0.083451,1.363773,0.938163
14410,Souza,4,136,0,0.011545,0,0.202362,1,3,1,0,D M S,Tottenham,0,0.011545,0.558005,0.374483,EPL,2025,tottenham,souza|tottenham,0.007640,0.007640,0.133916,0.661765,1.985294,1.985294,0.011545,0.011545,0.067454,0.067454,0.369268,0.247820
14424,Nilson Angulo,5,261,0,0.558088,0,0.035429,3,2,0,0,M S,Sunderland,0,0.558088,0.482319,0.115217,EPL,2025,sunderland,nilson angulo|sunderland,0.192444,0.192444,0.012217,1.034483,0.689655,0.689655,0.186029,0.186029,0.017715,0.017715,0.166317,0.039730
14425,Melker Ellborg,3,270,0,0.000000,0,0.000000,0,0,0,0,GK,Sunderland,0,0.000000,0.101297,0.101297,EPL,2025,sunderland,melker ellborg|sunderland,0.000000,0.000000,0.000000,0.000000,0.000000,0.000000,0.000000,0.000000,0.000000,0.000000,0.033766,0.033766
14446,Alysson Edward,3,34,0,0.052795,0,0.000000,1,0,0,0,S,Aston Villa,0,0.052795,0.103941,0.051145,EPL,2025,aston villa,alysson edward|aston villa,0.139753,0.139753,0.000000,2.647059,0.000000,0.000000,0.052795,0.052795,0.000000,0.000000,0.275137,0.135385
14460,Djiamgone Jocelin Ta Bi,1,38,0,0.000000,0,0.000000,0,0,0,0,M,Sunderland,0,0.000000,0.000000,0.000000,EPL,2025,sunderland,djiamgone jocelin ta bi|sunderland,0.000000,0.000000,0.000000,0.000000,0.000000,0.000000,0.000000,0.000000,0.000000,0.000000,0.000000,0.000000
14584,Jesse Derry,1,53,0,0.100143,0,0.000000,2,0,0,0,M,Chelsea,0,0.100143,0.197227,0.097084,EPL,2025,chelsea,jesse derry|chelsea,0.170054,0.170054,0.000000,3.396226,0.000000,0.000000,0.050072,0.050072,0.000000,0.000000,0.334914,0.164860
